nohup: ignoring input
🔧 Parser running with datasets: ['main_dataset', 'extra-3', 'custom', 'extra-1', 'extra-4']
Loaded 247 partition rules from partition.csv

Success! Extracted 2555 images into parsed_dataset_catalog.json
Processing custom/data/train/eduardo/IMG_20260619_143225870.jpg...

image 1/1 /home/admin/Documents/FEUP-CV/proj/task2/../datasets/custom/data/train/eduardo/IMG_20260619_143225870.jpg: 640x512 1 pool_table, 30.0ms
Speed: 5.4ms preprocess, 30.0ms inference, 14.2ms postprocess per image at shape (1, 3, 640, 512)
Processing custom/data/train/eduardo/IMG_20260619_143233733.jpg...

image 1/1 /home/admin/Documents/FEUP-CV/proj/task2/../datasets/custom/data/train/eduardo/IMG_20260619_143233733.jpg: 640x512 1 pool_table, 4.8ms
Speed: 3.9ms preprocess, 4.8ms inference, 1.5ms postprocess per image at shape (1, 3, 640, 512)
Processing custom/data/train/eduardo/IMG_20260619_143318505.jpg...

image 1/1 /home/admin/Documents/FEUP-CV/proj/task2/../datasets/custom/data/train/eduardo/IMG_20260619_143318505.jpg: 640x512 1 pool_table, 5.0ms
Speed: 4.4ms preprocess, 5.0ms inference, 1.5ms postprocess per image at shape (1, 3, 640, 512)
Processing custom/data/train/eduardo/IMG_20260619_143324523.jpg...

image 1/1 /home/admin/Documents/FEUP-CV/proj/task2/../datasets/custom/data/train/eduardo/IMG_20260619_143324523.jpg: 640x512 2 pool_tables, 7.0ms
Speed: 2.9ms preprocess, 7.0ms inference, 12.1ms postprocess per image at shape (1, 3, 640, 512)
Processing custom/data/train/eduardo/IMG_20260619_143357045.jpg...

image 1/1 /home/admin/Documents/FEUP-CV/proj/task2/../datasets/custom/data/train/eduardo/IMG_20260619_143357045.jpg: 640x512 1 pool_table, 7.4ms
Speed: 2.5ms preprocess, 7.4ms inference, 4.1ms postprocess per image at shape (1, 3, 640, 512)
Processing custom/data/train/eduardo/IMG_20260619_143407418.jpg...

image 1/1 /home/admin/Documents/FEUP-CV/proj/task2/../datasets/custom/data/train/eduardo/IMG_20260619_143407418.jpg: 640x512 2 pool_tables, 7.3ms
Speed: 4.0ms preprocess, 7.3ms inference, 12.1ms postprocess per image at shape (1, 3, 640, 512)
Processing custom/data/train/eduardo/IMG_20260619_143439465.jpg...

image 1/1 /home/admin/Documents/FEUP-CV/proj/task2/../datasets/custom/data/train/eduardo/IMG_20260619_143439465.jpg: 640x512 1 pool_table, 7.2ms
Speed: 2.6ms preprocess, 7.2ms inference, 12.2ms postprocess per image at shape (1, 3, 640, 512)
Processing custom/data/train/eduardo/IMG_20260619_143448130.jpg...

image 1/1 /home/admin/Documents/FEUP-CV/proj/task2/../datasets/custom/data/train/eduardo/IMG_20260619_143448130.jpg: 640x512 1 pool_table, 7.3ms
Speed: 2.5ms preprocess, 7.3ms inference, 12.2ms postprocess per image at shape (1, 3, 640, 512)
Processing custom/data/train/eduardo/IMG_20260619_143703795.jpg...

image 1/1 /home/admin/Documents/FEUP-CV/proj/task2/../datasets/custom/data/train/eduardo/IMG_20260619_143703795.jpg: 640x512 1 pool_table, 7.2ms
Speed: 3.8ms preprocess, 7.2ms inference, 12.2ms postprocess per image at shape (1, 3, 640, 512)
Processing custom/data/train/eduardo/IMG_20260619_143709840.jpg...

image 1/1 /home/admin/Documents/FEUP-CV/proj/task2/../datasets/custom/data/train/eduardo/IMG_20260619_143709840.jpg: 640x512 1 pool_table, 7.1ms
Speed: 2.7ms preprocess, 7.1ms inference, 8.7ms postprocess per image at shape (1, 3, 640, 512)
Processing custom/data/train/eduardo/IMG_20260619_143753918.jpg...

image 1/1 /home/admin/Documents/FEUP-CV/proj/task2/../datasets/custom/data/train/eduardo/IMG_20260619_143753918.jpg: 640x512 1 pool_table, 7.1ms
Speed: 4.0ms preprocess, 7.1ms inference, 6.7ms postprocess per image at shape (1, 3, 640, 512)
Processing custom/data/train/eduardo/IMG_20260619_143812908.jpg...

image 1/1 /home/admin/Documents/FEUP-CV/proj/task2/../datasets/custom/data/train/eduardo/IMG_20260619_143812908.jpg: 640x512 1 pool_table, 7.3ms
Speed: 2.9ms preprocess, 7.3ms inference, 12.3ms postprocess per image at shape (1, 3, 640, 512)
Processing custom/data/train/eduardo/IMG_20260619_144130575.jpg...

image 1/1 /home/admin/Documents/FEUP-CV/proj/task2/../datasets/custom/data/train/eduardo/IMG_20260619_144130575.jpg: 640x512 1 pool_table, 7.5ms
Speed: 3.6ms preprocess, 7.5ms inference, 12.3ms postprocess per image at shape (1, 3, 640, 512)
Processing custom/data/train/eduardo/IMG_20260619_144140417.jpg...

image 1/1 /home/admin/Documents/FEUP-CV/proj/task2/../datasets/custom/data/train/eduardo/IMG_20260619_144140417.jpg: 640x512 2 pool_tables, 7.5ms
Speed: 3.8ms preprocess, 7.5ms inference, 12.4ms postprocess per image at shape (1, 3, 640, 512)
Processing custom/data/train/eduardo/IMG_20260619_144217657.jpg...

image 1/1 /home/admin/Documents/FEUP-CV/proj/task2/../datasets/custom/data/train/eduardo/IMG_20260619_144217657.jpg: 640x512 1 pool_table, 7.5ms
Speed: 2.6ms preprocess, 7.5ms inference, 12.4ms postprocess per image at shape (1, 3, 640, 512)
Processing custom/data/train/eduardo/IMG_20260619_144227731.jpg...

image 1/1 /home/admin/Documents/FEUP-CV/proj/task2/../datasets/custom/data/train/eduardo/IMG_20260619_144227731.jpg: 640x512 1 pool_table, 7.5ms
Speed: 4.3ms preprocess, 7.5ms inference, 12.4ms postprocess per image at shape (1, 3, 640, 512)
Processing custom/data/train/eduardo/IMG_20260619_144344679.jpg...

image 1/1 /home/admin/Documents/FEUP-CV/proj/task2/../datasets/custom/data/train/eduardo/IMG_20260619_144344679.jpg: 640x512 1 pool_table, 7.7ms
Speed: 3.5ms preprocess, 7.7ms inference, 12.5ms postprocess per image at shape (1, 3, 640, 512)
Processing custom/data/train/eduardo/IMG_20260619_144351780.jpg...

image 1/1 /home/admin/Documents/FEUP-CV/proj/task2/../datasets/custom/data/train/eduardo/IMG_20260619_144351780.jpg: 640x512 2 pool_tables, 7.8ms
Speed: 2.7ms preprocess, 7.8ms inference, 12.5ms postprocess per image at shape (1, 3, 640, 512)
Processing custom/data/train/eduardo/IMG_20260619_144454102.jpg...

image 1/1 /home/admin/Documents/FEUP-CV/proj/task2/../datasets/custom/data/train/eduardo/IMG_20260619_144454102.jpg: 640x512 1 pool_table, 7.6ms
Speed: 2.3ms preprocess, 7.6ms inference, 12.5ms postprocess per image at shape (1, 3, 640, 512)
Processing custom/data/train/eduardo/IMG_20260619_144503990.jpg...

image 1/1 /home/admin/Documents/FEUP-CV/proj/task2/../datasets/custom/data/train/eduardo/IMG_20260619_144503990.jpg: 640x512 1 pool_table, 7.3ms
Speed: 3.8ms preprocess, 7.3ms inference, 12.1ms postprocess per image at shape (1, 3, 640, 512)
Processing custom/data/train/eduardo/IMG_20260619_144624618.jpg...

image 1/1 /home/admin/Documents/FEUP-CV/proj/task2/../datasets/custom/data/train/eduardo/IMG_20260619_144624618.jpg: 640x512 1 pool_table, 7.3ms
Speed: 3.8ms preprocess, 7.3ms inference, 12.2ms postprocess per image at shape (1, 3, 640, 512)
Processing custom/data/train/eduardo/IMG_20260619_144636577.jpg...

image 1/1 /home/admin/Documents/FEUP-CV/proj/task2/../datasets/custom/data/train/eduardo/IMG_20260619_144636577.jpg: 640x512 1 pool_table, 7.2ms
Speed: 3.4ms preprocess, 7.2ms inference, 12.1ms postprocess per image at shape (1, 3, 640, 512)
Processing custom/data/train/eduardo/IMG_20260619_144725661.jpg...

image 1/1 /home/admin/Documents/FEUP-CV/proj/task2/../datasets/custom/data/train/eduardo/IMG_20260619_144725661.jpg: 640x512 1 pool_table, 7.2ms
Speed: 4.6ms preprocess, 7.2ms inference, 5.4ms postprocess per image at shape (1, 3, 640, 512)
Processing custom/data/train/eduardo/IMG_20260619_144744178.jpg...

image 1/1 /home/admin/Documents/FEUP-CV/proj/task2/../datasets/custom/data/train/eduardo/IMG_20260619_144744178.jpg: 640x512 1 pool_table, 7.1ms
Speed: 3.4ms preprocess, 7.1ms inference, 12.1ms postprocess per image at shape (1, 3, 640, 512)
Processing custom/data/train/eduardo/IMG_20260619_144954562.jpg...

image 1/1 /home/admin/Documents/FEUP-CV/proj/task2/../datasets/custom/data/train/eduardo/IMG_20260619_144954562.jpg: 640x512 2 pool_tables, 7.0ms
Speed: 2.8ms preprocess, 7.0ms inference, 12.1ms postprocess per image at shape (1, 3, 640, 512)
Processing custom/data/train/eduardo/IMG_20260619_145001666.jpg...

image 1/1 /home/admin/Documents/FEUP-CV/proj/task2/../datasets/custom/data/train/eduardo/IMG_20260619_145001666.jpg: 640x512 1 pool_table, 7.2ms
Speed: 3.4ms preprocess, 7.2ms inference, 12.1ms postprocess per image at shape (1, 3, 640, 512)
Processing custom/data/train/eduardo/IMG_20260619_145105301.jpg...

image 1/1 /home/admin/Documents/FEUP-CV/proj/task2/../datasets/custom/data/train/eduardo/IMG_20260619_145105301.jpg: 640x512 1 pool_table, 7.3ms
Speed: 2.8ms preprocess, 7.3ms inference, 3.8ms postprocess per image at shape (1, 3, 640, 512)
Processing custom/data/train/eduardo/IMG_20260619_145111354.jpg...

image 1/1 /home/admin/Documents/FEUP-CV/proj/task2/../datasets/custom/data/train/eduardo/IMG_20260619_145111354.jpg: 640x512 2 pool_tables, 7.3ms
Speed: 3.0ms preprocess, 7.3ms inference, 8.6ms postprocess per image at shape (1, 3, 640, 512)
Processing custom/data/train/eduardo/IMG_20260619_145229583.jpg...

image 1/1 /home/admin/Documents/FEUP-CV/proj/task2/../datasets/custom/data/train/eduardo/IMG_20260619_145229583.jpg: 640x512 1 pool_table, 7.0ms
Speed: 3.2ms preprocess, 7.0ms inference, 12.0ms postprocess per image at shape (1, 3, 640, 512)
Processing custom/data/train/eduardo/IMG_20260619_145235701.jpg...

image 1/1 /home/admin/Documents/FEUP-CV/proj/task2/../datasets/custom/data/train/eduardo/IMG_20260619_145235701.jpg: 640x512 4 pool_tables, 7.3ms
Speed: 2.8ms preprocess, 7.3ms inference, 12.2ms postprocess per image at shape (1, 3, 640, 512)
Processing custom/data/train/eduardo/IMG_20260619_145706453.jpg...

image 1/1 /home/admin/Documents/FEUP-CV/proj/task2/../datasets/custom/data/train/eduardo/IMG_20260619_145706453.jpg: 640x512 1 pool_table, 7.2ms
Speed: 3.4ms preprocess, 7.2ms inference, 3.3ms postprocess per image at shape (1, 3, 640, 512)
Processing custom/data/train/eduardo/IMG_20260619_145716351.jpg...

image 1/1 /home/admin/Documents/FEUP-CV/proj/task2/../datasets/custom/data/train/eduardo/IMG_20260619_145716351.jpg: 640x512 1 pool_table, 7.1ms
Speed: 3.7ms preprocess, 7.1ms inference, 12.1ms postprocess per image at shape (1, 3, 640, 512)
Processing custom/data/train/eduardo/IMG_20260619_145825584.jpg...

image 1/1 /home/admin/Documents/FEUP-CV/proj/task2/../datasets/custom/data/train/eduardo/IMG_20260619_145825584.jpg: 512x640 1 pool_table, 30.8ms
Speed: 2.7ms preprocess, 30.8ms inference, 2.1ms postprocess per image at shape (1, 3, 512, 640)
Processing custom/data/train/eduardo/IMG_20260619_145836800.jpg...

image 1/1 /home/admin/Documents/FEUP-CV/proj/task2/../datasets/custom/data/train/eduardo/IMG_20260619_145836800.jpg: 640x512 1 pool_table, 14.5ms
Speed: 3.5ms preprocess, 14.5ms inference, 12.0ms postprocess per image at shape (1, 3, 640, 512)
Processing custom/data/train/eduardo/IMG_20260619_150015659.jpg...

image 1/1 /home/admin/Documents/FEUP-CV/proj/task2/../datasets/custom/data/train/eduardo/IMG_20260619_150015659.jpg: 640x512 2 pool_tables, 4.9ms
Speed: 3.0ms preprocess, 4.9ms inference, 1.5ms postprocess per image at shape (1, 3, 640, 512)
Processing custom/data/train/eduardo/IMG_20260619_150022341.jpg...

image 1/1 /home/admin/Documents/FEUP-CV/proj/task2/../datasets/custom/data/train/eduardo/IMG_20260619_150022341.jpg: 640x512 1 pool_table, 7.4ms
Speed: 4.0ms preprocess, 7.4ms inference, 6.0ms postprocess per image at shape (1, 3, 640, 512)
Processing custom/data/train/eduardo/IMG_20260619_150224080.jpg...

image 1/1 /home/admin/Documents/FEUP-CV/proj/task2/../datasets/custom/data/train/eduardo/IMG_20260619_150224080.jpg: 640x512 1 pool_table, 7.1ms
Speed: 4.3ms preprocess, 7.1ms inference, 12.1ms postprocess per image at shape (1, 3, 640, 512)
Processing custom/data/train/eduardo/IMG_20260619_150240395.jpg...

image 1/1 /home/admin/Documents/FEUP-CV/proj/task2/../datasets/custom/data/train/eduardo/IMG_20260619_150240395.jpg: 640x512 2 pool_tables, 7.5ms
Speed: 4.0ms preprocess, 7.5ms inference, 12.3ms postprocess per image at shape (1, 3, 640, 512)
Processing custom/data/train/eduardo/IMG_20260619_150305532.jpg...

image 1/1 /home/admin/Documents/FEUP-CV/proj/task2/../datasets/custom/data/train/eduardo/IMG_20260619_150305532.jpg: 640x512 1 pool_table, 7.5ms
Speed: 3.1ms preprocess, 7.5ms inference, 12.3ms postprocess per image at shape (1, 3, 640, 512)
Processing custom/data/train/eduardo/IMG_20260619_150312439.jpg...

image 1/1 /home/admin/Documents/FEUP-CV/proj/task2/../datasets/custom/data/train/eduardo/IMG_20260619_150312439.jpg: 640x512 2 pool_tables, 7.4ms
Speed: 2.2ms preprocess, 7.4ms inference, 12.4ms postprocess per image at shape (1, 3, 640, 512)
Processing custom/data/train/eduardo/IMG_20260619_150450171.jpg...

image 1/1 /home/admin/Documents/FEUP-CV/proj/task2/../datasets/custom/data/train/eduardo/IMG_20260619_150450171.jpg: 640x512 1 pool_table, 7.5ms
Speed: 3.7ms preprocess, 7.5ms inference, 12.4ms postprocess per image at shape (1, 3, 640, 512)
Processing custom/data/train/eduardo/IMG_20260619_150456601.jpg...

image 1/1 /home/admin/Documents/FEUP-CV/proj/task2/../datasets/custom/data/train/eduardo/IMG_20260619_150456601.jpg: 640x512 1 pool_table, 7.5ms
Speed: 3.5ms preprocess, 7.5ms inference, 12.3ms postprocess per image at shape (1, 3, 640, 512)
Processing custom/data/train/eduardo/IMG_20260619_150518711.jpg...

image 1/1 /home/admin/Documents/FEUP-CV/proj/task2/../datasets/custom/data/train/eduardo/IMG_20260619_150518711.jpg: 640x512 1 pool_table, 7.5ms
Speed: 3.9ms preprocess, 7.5ms inference, 12.4ms postprocess per image at shape (1, 3, 640, 512)
Processing custom/data/train/eduardo/IMG_20260619_150523189.jpg...

image 1/1 /home/admin/Documents/FEUP-CV/proj/task2/../datasets/custom/data/train/eduardo/IMG_20260619_150523189.jpg: 640x512 1 pool_table, 7.8ms
Speed: 3.0ms preprocess, 7.8ms inference, 12.5ms postprocess per image at shape (1, 3, 640, 512)
Processing custom/data/train/eduardo/IMG_20260619_150720513.jpg...

image 1/1 /home/admin/Documents/FEUP-CV/proj/task2/../datasets/custom/data/train/eduardo/IMG_20260619_150720513.jpg: 640x512 1 pool_table, 7.2ms
Speed: 3.7ms preprocess, 7.2ms inference, 12.2ms postprocess per image at shape (1, 3, 640, 512)
Processing custom/data/train/eduardo/IMG_20260619_150723231.jpg...

image 1/1 /home/admin/Documents/FEUP-CV/proj/task2/../datasets/custom/data/train/eduardo/IMG_20260619_150723231.jpg: 640x512 1 pool_table, 7.2ms
Speed: 4.1ms preprocess, 7.2ms inference, 12.2ms postprocess per image at shape (1, 3, 640, 512)
Processing custom/data/train/eduardo/IMG_20260619_150757811.jpg...

image 1/1 /home/admin/Documents/FEUP-CV/proj/task2/../datasets/custom/data/train/eduardo/IMG_20260619_150757811.jpg: 640x512 1 pool_table, 7.1ms
Speed: 4.6ms preprocess, 7.1ms inference, 12.2ms postprocess per image at shape (1, 3, 640, 512)
Processing custom/data/train/eduardo/IMG_20260619_150802825.jpg...

image 1/1 /home/admin/Documents/FEUP-CV/proj/task2/../datasets/custom/data/train/eduardo/IMG_20260619_150802825.jpg: 640x512 1 pool_table, 4.7ms
Speed: 3.6ms preprocess, 4.7ms inference, 1.5ms postprocess per image at shape (1, 3, 640, 512)
Processing custom/data/train/eduardo/IMG_20260619_151046445.jpg...

image 1/1 /home/admin/Documents/FEUP-CV/proj/task2/../datasets/custom/data/train/eduardo/IMG_20260619_151046445.jpg: 640x512 1 pool_table, 7.2ms
Speed: 2.6ms preprocess, 7.2ms inference, 12.1ms postprocess per image at shape (1, 3, 640, 512)
Processing custom/data/train/eduardo/IMG_20260619_151050834.jpg...

image 1/1 /home/admin/Documents/FEUP-CV/proj/task2/../datasets/custom/data/train/eduardo/IMG_20260619_151050834.jpg: 640x512 1 pool_table, 7.3ms
Speed: 3.0ms preprocess, 7.3ms inference, 12.2ms postprocess per image at shape (1, 3, 640, 512)
Processing custom/data/train/eduardo/IMG_20260619_151237316.jpg...

image 1/1 /home/admin/Documents/FEUP-CV/proj/task2/../datasets/custom/data/train/eduardo/IMG_20260619_151237316.jpg: 640x512 1 pool_table, 4.7ms
Speed: 3.6ms preprocess, 4.7ms inference, 1.6ms postprocess per image at shape (1, 3, 640, 512)
Processing custom/data/train/eduardo/IMG_20260619_151249155.jpg...

image 1/1 /home/admin/Documents/FEUP-CV/proj/task2/../datasets/custom/data/train/eduardo/IMG_20260619_151249155.jpg: 640x512 1 pool_table, 7.3ms
Speed: 3.7ms preprocess, 7.3ms inference, 12.2ms postprocess per image at shape (1, 3, 640, 512)
Processing custom/data/train/eduardo/IMG_20260619_151552148.jpg...

image 1/1 /home/admin/Documents/FEUP-CV/proj/task2/../datasets/custom/data/train/eduardo/IMG_20260619_151552148.jpg: 512x640 1 pool_table, 14.3ms
Speed: 3.7ms preprocess, 14.3ms inference, 12.1ms postprocess per image at shape (1, 3, 512, 640)
Processing custom/data/train/eduardo/IMG_20260619_151606038.jpg...

image 1/1 /home/admin/Documents/FEUP-CV/proj/task2/../datasets/custom/data/train/eduardo/IMG_20260619_151606038.jpg: 640x512 1 pool_table, 14.6ms
Speed: 4.3ms preprocess, 14.6ms inference, 12.2ms postprocess per image at shape (1, 3, 640, 512)
Processing custom/data/train/eduardo/IMG_20260619_151913084.jpg...

image 1/1 /home/admin/Documents/FEUP-CV/proj/task2/../datasets/custom/data/train/eduardo/IMG_20260619_151913084.jpg: 640x512 1 pool_table, 7.3ms
Speed: 3.3ms preprocess, 7.3ms inference, 12.2ms postprocess per image at shape (1, 3, 640, 512)
Processing custom/data/train/eduardo/IMG_20260619_151919768.jpg...

image 1/1 /home/admin/Documents/FEUP-CV/proj/task2/../datasets/custom/data/train/eduardo/IMG_20260619_151919768.jpg: 640x512 3 pool_tables, 7.0ms
Speed: 3.2ms preprocess, 7.0ms inference, 8.2ms postprocess per image at shape (1, 3, 640, 512)
Processing custom/data/train/eduardo/IMG_20260619_152311032.jpg...

image 1/1 /home/admin/Documents/FEUP-CV/proj/task2/../datasets/custom/data/train/eduardo/IMG_20260619_152311032.jpg: 640x512 1 pool_table, 7.0ms
Speed: 4.0ms preprocess, 7.0ms inference, 12.1ms postprocess per image at shape (1, 3, 640, 512)
Processing custom/data/train/eduardo/IMG_20260619_152318652.jpg...

image 1/1 /home/admin/Documents/FEUP-CV/proj/task2/../datasets/custom/data/train/eduardo/IMG_20260619_152318652.jpg: 640x512 2 pool_tables, 7.1ms
Speed: 3.4ms preprocess, 7.1ms inference, 12.1ms postprocess per image at shape (1, 3, 640, 512)
Processing custom/data/train/eduardo/IMG_20260619_153654321.jpg...

image 1/1 /home/admin/Documents/FEUP-CV/proj/task2/../datasets/custom/data/train/eduardo/IMG_20260619_153654321.jpg: 640x512 1 pool_table, 7.2ms
Speed: 3.2ms preprocess, 7.2ms inference, 12.2ms postprocess per image at shape (1, 3, 640, 512)
Processing custom/data/train/eduardo/IMG_20260619_153700695.jpg...

image 1/1 /home/admin/Documents/FEUP-CV/proj/task2/../datasets/custom/data/train/eduardo/IMG_20260619_153700695.jpg: 640x512 1 pool_table, 7.4ms
Speed: 3.5ms preprocess, 7.4ms inference, 12.3ms postprocess per image at shape (1, 3, 640, 512)
Processing custom/data/train/eduardo/IMG_20260619_153857889.jpg...

image 1/1 /home/admin/Documents/FEUP-CV/proj/task2/../datasets/custom/data/train/eduardo/IMG_20260619_153857889.jpg: 640x512 2 pool_tables, 7.5ms
Speed: 2.7ms preprocess, 7.5ms inference, 12.3ms postprocess per image at shape (1, 3, 640, 512)
Processing custom/data/train/eduardo/IMG_20260619_153902142.jpg...

image 1/1 /home/admin/Documents/FEUP-CV/proj/task2/../datasets/custom/data/train/eduardo/IMG_20260619_153902142.jpg: 640x512 1 pool_table, 7.4ms
Speed: 2.7ms preprocess, 7.4ms inference, 12.4ms postprocess per image at shape (1, 3, 640, 512)
Processing custom/data/train/eduardo/IMG_20260619_154329904.jpg...

image 1/1 /home/admin/Documents/FEUP-CV/proj/task2/../datasets/custom/data/train/eduardo/IMG_20260619_154329904.jpg: 640x512 1 pool_table, 7.6ms
Speed: 3.2ms preprocess, 7.6ms inference, 12.4ms postprocess per image at shape (1, 3, 640, 512)
Processing custom/data/train/eduardo/IMG_20260619_154340126.jpg...

image 1/1 /home/admin/Documents/FEUP-CV/proj/task2/../datasets/custom/data/train/eduardo/IMG_20260619_154340126.jpg: 640x512 1 pool_table, 7.4ms
Speed: 3.4ms preprocess, 7.4ms inference, 12.3ms postprocess per image at shape (1, 3, 640, 512)
Processing custom/data/train/eduardo/IMG_20260619_161338793.jpg...

image 1/1 /home/admin/Documents/FEUP-CV/proj/task2/../datasets/custom/data/train/eduardo/IMG_20260619_161338793.jpg: 640x512 1 pool_table, 7.5ms
Speed: 4.4ms preprocess, 7.5ms inference, 12.3ms postprocess per image at shape (1, 3, 640, 512)
Processing custom/data/train/eduardo/IMG_20260619_161343941.jpg...

image 1/1 /home/admin/Documents/FEUP-CV/proj/task2/../datasets/custom/data/train/eduardo/IMG_20260619_161343941.jpg: 640x512 1 pool_table, 7.5ms
Speed: 4.4ms preprocess, 7.5ms inference, 6.1ms postprocess per image at shape (1, 3, 640, 512)
Processing custom/data/train/eduardo/IMG_20260619_161409041.jpg...

image 1/1 /home/admin/Documents/FEUP-CV/proj/task2/../datasets/custom/data/train/eduardo/IMG_20260619_161409041.jpg: 640x512 1 pool_table, 7.2ms
Speed: 3.2ms preprocess, 7.2ms inference, 12.2ms postprocess per image at shape (1, 3, 640, 512)
Processing custom/data/train/eduardo/IMG_20260619_161417183.jpg...

image 1/1 /home/admin/Documents/FEUP-CV/proj/task2/../datasets/custom/data/train/eduardo/IMG_20260619_161417183.jpg: 640x512 1 pool_table, 7.1ms
Speed: 2.4ms preprocess, 7.1ms inference, 12.2ms postprocess per image at shape (1, 3, 640, 512)
Processing custom/data/train/eduardo/IMG_20260619_161451324.jpg...

image 1/1 /home/admin/Documents/FEUP-CV/proj/task2/../datasets/custom/data/train/eduardo/IMG_20260619_161451324.jpg: 640x512 1 pool_table, 7.1ms
Speed: 2.8ms preprocess, 7.1ms inference, 12.1ms postprocess per image at shape (1, 3, 640, 512)
Processing custom/data/train/eduardo/IMG_20260619_161457115.jpg...

image 1/1 /home/admin/Documents/FEUP-CV/proj/task2/../datasets/custom/data/train/eduardo/IMG_20260619_161457115.jpg: 640x512 1 pool_table, 7.1ms
Speed: 2.4ms preprocess, 7.1ms inference, 5.0ms postprocess per image at shape (1, 3, 640, 512)
Processing custom/data/train/eduardo/IMG_20260619_161505657.jpg...

image 1/1 /home/admin/Documents/FEUP-CV/proj/task2/../datasets/custom/data/train/eduardo/IMG_20260619_161505657.jpg: 512x640 1 pool_table, 14.5ms
Speed: 3.5ms preprocess, 14.5ms inference, 12.2ms postprocess per image at shape (1, 3, 512, 640)
Processing custom/data/train/eduardo/IMG_20260619_161519729.jpg...

image 1/1 /home/admin/Documents/FEUP-CV/proj/task2/../datasets/custom/data/train/eduardo/IMG_20260619_161519729.jpg: 640x512 2 pool_tables, 14.3ms
Speed: 3.7ms preprocess, 14.3ms inference, 12.1ms postprocess per image at shape (1, 3, 640, 512)
Processing custom/data/train/eduardo/IMG_20260619_161607706.jpg...

image 1/1 /home/admin/Documents/FEUP-CV/proj/task2/../datasets/custom/data/train/eduardo/IMG_20260619_161607706.jpg: 640x512 1 pool_table, 7.1ms
Speed: 2.5ms preprocess, 7.1ms inference, 12.1ms postprocess per image at shape (1, 3, 640, 512)
Processing custom/data/train/eduardo/IMG_20260619_161612416.jpg...

image 1/1 /home/admin/Documents/FEUP-CV/proj/task2/../datasets/custom/data/train/eduardo/IMG_20260619_161612416.jpg: 640x512 1 pool_table, 7.2ms
Speed: 2.5ms preprocess, 7.2ms inference, 12.1ms postprocess per image at shape (1, 3, 640, 512)
Processing custom/data/train/eduardo/IMG_20260619_161619105.jpg...

image 1/1 /home/admin/Documents/FEUP-CV/proj/task2/../datasets/custom/data/train/eduardo/IMG_20260619_161619105.jpg: 640x512 1 pool_table, 7.3ms
Speed: 3.2ms preprocess, 7.3ms inference, 6.4ms postprocess per image at shape (1, 3, 640, 512)
Processing custom/data/train/eduardo/IMG_20260619_161656706.jpg...

image 1/1 /home/admin/Documents/FEUP-CV/proj/task2/../datasets/custom/data/train/eduardo/IMG_20260619_161656706.jpg: 640x512 1 pool_table, 6.7ms
Speed: 2.9ms preprocess, 6.7ms inference, 1.6ms postprocess per image at shape (1, 3, 640, 512)
Processing custom/data/train/eduardo/IMG_20260619_161718695.jpg...

image 1/1 /home/admin/Documents/FEUP-CV/proj/task2/../datasets/custom/data/train/eduardo/IMG_20260619_161718695.jpg: 640x512 2 pool_tables, 7.1ms
Speed: 2.8ms preprocess, 7.1ms inference, 10.5ms postprocess per image at shape (1, 3, 640, 512)
Processing custom/data/train/eduardo/IMG_20260619_161731058.jpg...

image 1/1 /home/admin/Documents/FEUP-CV/proj/task2/../datasets/custom/data/train/eduardo/IMG_20260619_161731058.jpg: 640x512 1 pool_table, 5.5ms
Speed: 2.8ms preprocess, 5.5ms inference, 1.4ms postprocess per image at shape (1, 3, 640, 512)
Processing custom/data/train/eduardo/IMG_20260619_161835777.jpg...

image 1/1 /home/admin/Documents/FEUP-CV/proj/task2/../datasets/custom/data/train/eduardo/IMG_20260619_161835777.jpg: 640x512 1 pool_table, 6.3ms
Speed: 2.7ms preprocess, 6.3ms inference, 1.4ms postprocess per image at shape (1, 3, 640, 512)
Processing custom/data/train/eduardo/IMG_20260619_161840054.jpg...

image 1/1 /home/admin/Documents/FEUP-CV/proj/task2/../datasets/custom/data/train/eduardo/IMG_20260619_161840054.jpg: 640x512 1 pool_table, 7.2ms
Speed: 4.2ms preprocess, 7.2ms inference, 2.8ms postprocess per image at shape (1, 3, 640, 512)
Processing custom/data/train/eduardo/IMG_20260619_161932851.jpg...

image 1/1 /home/admin/Documents/FEUP-CV/proj/task2/../datasets/custom/data/train/eduardo/IMG_20260619_161932851.jpg: 640x512 1 pool_table, 7.1ms
Speed: 3.4ms preprocess, 7.1ms inference, 12.1ms postprocess per image at shape (1, 3, 640, 512)
Processing custom/data/train/eduardo/IMG_20260619_161937458.jpg...

image 1/1 /home/admin/Documents/FEUP-CV/proj/task2/../datasets/custom/data/train/eduardo/IMG_20260619_161937458.jpg: 640x512 1 pool_table, 7.1ms
Speed: 2.6ms preprocess, 7.1ms inference, 12.2ms postprocess per image at shape (1, 3, 640, 512)
Processing custom/data/train/eduardo/IMG_20260619_162006174.jpg...

image 1/1 /home/admin/Documents/FEUP-CV/proj/task2/../datasets/custom/data/train/eduardo/IMG_20260619_162006174.jpg: 640x512 1 pool_table, 7.4ms
Speed: 4.6ms preprocess, 7.4ms inference, 12.3ms postprocess per image at shape (1, 3, 640, 512)
Processing custom/data/train/eduardo/IMG_20260619_162027635.jpg...

image 1/1 /home/admin/Documents/FEUP-CV/proj/task2/../datasets/custom/data/train/eduardo/IMG_20260619_162027635.jpg: 640x512 1 pool_table, 7.5ms
Speed: 3.5ms preprocess, 7.5ms inference, 12.4ms postprocess per image at shape (1, 3, 640, 512)
Processing custom/data/train/eduardo/IMG_20260619_162102130.jpg...

image 1/1 /home/admin/Documents/FEUP-CV/proj/task2/../datasets/custom/data/train/eduardo/IMG_20260619_162102130.jpg: 640x512 1 pool_table, 7.5ms
Speed: 3.8ms preprocess, 7.5ms inference, 12.4ms postprocess per image at shape (1, 3, 640, 512)
Processing custom/data/train/eduardo/IMG_20260619_162113165.jpg...

image 1/1 /home/admin/Documents/FEUP-CV/proj/task2/../datasets/custom/data/train/eduardo/IMG_20260619_162113165.jpg: 640x512 1 pool_table, 7.4ms
Speed: 3.1ms preprocess, 7.4ms inference, 12.2ms postprocess per image at shape (1, 3, 640, 512)
Processing custom/data/train/eduardo/IMG_20260619_162132872.jpg...

image 1/1 /home/admin/Documents/FEUP-CV/proj/task2/../datasets/custom/data/train/eduardo/IMG_20260619_162132872.jpg: 640x512 1 pool_table, 7.4ms
Speed: 3.0ms preprocess, 7.4ms inference, 12.3ms postprocess per image at shape (1, 3, 640, 512)
Processing custom/data/train/eduardo/IMG_20260619_162143999.jpg...

image 1/1 /home/admin/Documents/FEUP-CV/proj/task2/../datasets/custom/data/train/eduardo/IMG_20260619_162143999.jpg: 640x512 1 pool_table, 7.5ms
Speed: 2.5ms preprocess, 7.5ms inference, 12.4ms postprocess per image at shape (1, 3, 640, 512)
Processing custom/data/train/eduardo/IMG_20260619_162259809.jpg...

image 1/1 /home/admin/Documents/FEUP-CV/proj/task2/../datasets/custom/data/train/eduardo/IMG_20260619_162259809.jpg: 640x512 1 pool_table, 7.9ms
Speed: 3.0ms preprocess, 7.9ms inference, 12.4ms postprocess per image at shape (1, 3, 640, 512)
Processing custom/data/train/eduardo/IMG_20260619_162317321.jpg...

image 1/1 /home/admin/Documents/FEUP-CV/proj/task2/../datasets/custom/data/train/eduardo/IMG_20260619_162317321.jpg: 640x512 1 pool_table, 5.4ms
Speed: 3.0ms preprocess, 5.4ms inference, 1.7ms postprocess per image at shape (1, 3, 640, 512)
Processing custom/data/train/eduardo/IMG_20260619_162331075.jpg...

image 1/1 /home/admin/Documents/FEUP-CV/proj/task2/../datasets/custom/data/train/eduardo/IMG_20260619_162331075.jpg: 640x512 2 pool_tables, 7.3ms
Speed: 2.3ms preprocess, 7.3ms inference, 12.2ms postprocess per image at shape (1, 3, 640, 512)
Processing custom/data/train/eduardo/IMG_20260619_162354295.jpg...

image 1/1 /home/admin/Documents/FEUP-CV/proj/task2/../datasets/custom/data/train/eduardo/IMG_20260619_162354295.jpg: 640x512 1 pool_table, 6.9ms
Speed: 2.6ms preprocess, 6.9ms inference, 1.5ms postprocess per image at shape (1, 3, 640, 512)
Processing custom/data/train/eduardo/IMG_20260619_162440076.jpg...

image 1/1 /home/admin/Documents/FEUP-CV/proj/task2/../datasets/custom/data/train/eduardo/IMG_20260619_162440076.jpg: 640x512 1 pool_table, 7.3ms
Speed: 4.4ms preprocess, 7.3ms inference, 3.5ms postprocess per image at shape (1, 3, 640, 512)
Processing custom/data/train/eduardo/IMG_20260619_162449648.jpg...

image 1/1 /home/admin/Documents/FEUP-CV/proj/task2/../datasets/custom/data/train/eduardo/IMG_20260619_162449648.jpg: 640x512 1 pool_table, 7.2ms
Speed: 3.9ms preprocess, 7.2ms inference, 12.1ms postprocess per image at shape (1, 3, 640, 512)
Processing custom/data/train/eduardo/IMG_20260619_162501520.jpg...

image 1/1 /home/admin/Documents/FEUP-CV/proj/task2/../datasets/custom/data/train/eduardo/IMG_20260619_162501520.jpg: 640x512 1 pool_table, 7.1ms
Speed: 3.7ms preprocess, 7.1ms inference, 12.2ms postprocess per image at shape (1, 3, 640, 512)
Processing custom/data/train/eduardo/IMG_20260619_162511473.jpg...

image 1/1 /home/admin/Documents/FEUP-CV/proj/task2/../datasets/custom/data/train/eduardo/IMG_20260619_162511473.jpg: 640x512 1 pool_table, 7.2ms
Speed: 3.1ms preprocess, 7.2ms inference, 3.2ms postprocess per image at shape (1, 3, 640, 512)
Processing custom/data/train/eduardo/IMG_20260619_163225764.jpg...

image 1/1 /home/admin/Documents/FEUP-CV/proj/task2/../datasets/custom/data/train/eduardo/IMG_20260619_163225764.jpg: 640x512 1 pool_table, 7.3ms
Speed: 4.1ms preprocess, 7.3ms inference, 12.2ms postprocess per image at shape (1, 3, 640, 512)
Processing custom/data/train/eduardo/IMG_20260619_163235788.jpg...

image 1/1 /home/admin/Documents/FEUP-CV/proj/task2/../datasets/custom/data/train/eduardo/IMG_20260619_163235788.jpg: 640x512 1 pool_table, 7.1ms
Speed: 3.7ms preprocess, 7.1ms inference, 1.5ms postprocess per image at shape (1, 3, 640, 512)
Processing custom/data/train/eduardo/IMG_20260619_163240822.jpg...

image 1/1 /home/admin/Documents/FEUP-CV/proj/task2/../datasets/custom/data/train/eduardo/IMG_20260619_163240822.jpg: 640x512 2 pool_tables, 7.0ms
Speed: 3.7ms preprocess, 7.0ms inference, 12.1ms postprocess per image at shape (1, 3, 640, 512)
Processing custom/data/train/eduardo/IMG_20260619_163301424.jpg...

image 1/1 /home/admin/Documents/FEUP-CV/proj/task2/../datasets/custom/data/train/eduardo/IMG_20260619_163301424.jpg: 640x512 1 pool_table, 7.1ms
Speed: 2.6ms preprocess, 7.1ms inference, 12.1ms postprocess per image at shape (1, 3, 640, 512)
Processing custom/data/train/marinho/PXL_20260619_133038654.jpg...

image 1/1 /home/admin/Documents/FEUP-CV/proj/task2/../datasets/custom/data/train/marinho/PXL_20260619_133038654.jpg: 384x640 1 pool_table, 31.3ms
Speed: 2.7ms preprocess, 31.3ms inference, 8.6ms postprocess per image at shape (1, 3, 384, 640)
Processing custom/data/train/marinho/PXL_20260619_133217169.jpg...

image 1/1 /home/admin/Documents/FEUP-CV/proj/task2/../datasets/custom/data/train/marinho/PXL_20260619_133217169.jpg: 640x384 2 pool_tables, 30.8ms
Speed: 2.4ms preprocess, 30.8ms inference, 12.1ms postprocess per image at shape (1, 3, 640, 384)
Processing custom/data/train/marinho/PXL_20260619_133329216.jpg...

image 1/1 /home/admin/Documents/FEUP-CV/proj/task2/../datasets/custom/data/train/marinho/PXL_20260619_133329216.jpg: 640x384 1 pool_table, 7.3ms
Speed: 4.1ms preprocess, 7.3ms inference, 12.1ms postprocess per image at shape (1, 3, 640, 384)
Processing custom/data/train/marinho/PXL_20260619_133337325.jpg...

image 1/1 /home/admin/Documents/FEUP-CV/proj/task2/../datasets/custom/data/train/marinho/PXL_20260619_133337325.jpg: 384x640 1 pool_table, 6.3ms
Speed: 3.2ms preprocess, 6.3ms inference, 1.4ms postprocess per image at shape (1, 3, 384, 640)
Processing custom/data/train/marinho/PXL_20260619_133359865.jpg...

image 1/1 /home/admin/Documents/FEUP-CV/proj/task2/../datasets/custom/data/train/marinho/PXL_20260619_133359865.jpg: 640x384 1 pool_table, 5.4ms
Speed: 3.5ms preprocess, 5.4ms inference, 1.6ms postprocess per image at shape (1, 3, 640, 384)
Processing custom/data/train/marinho/PXL_20260619_133414275.jpg...

image 1/1 /home/admin/Documents/FEUP-CV/proj/task2/../datasets/custom/data/train/marinho/PXL_20260619_133414275.jpg: 384x640 1 pool_table, 10.8ms
Speed: 3.8ms preprocess, 10.8ms inference, 1.4ms postprocess per image at shape (1, 3, 384, 640)
Processing custom/data/train/marinho/PXL_20260619_133446079.jpg...

image 1/1 /home/admin/Documents/FEUP-CV/proj/task2/../datasets/custom/data/train/marinho/PXL_20260619_133446079.jpg: 640x384 3 pool_tables, 14.6ms
Speed: 2.8ms preprocess, 14.6ms inference, 12.2ms postprocess per image at shape (1, 3, 640, 384)
Processing custom/data/train/marinho/PXL_20260619_133512366.jpg...

image 1/1 /home/admin/Documents/FEUP-CV/proj/task2/../datasets/custom/data/train/marinho/PXL_20260619_133512366.jpg: 384x640 1 pool_table, 14.5ms
Speed: 3.5ms preprocess, 14.5ms inference, 7.7ms postprocess per image at shape (1, 3, 384, 640)
Processing custom/data/train/marinho/PXL_20260619_133715617.jpg...

image 1/1 /home/admin/Documents/FEUP-CV/proj/task2/../datasets/custom/data/train/marinho/PXL_20260619_133715617.jpg: 640x384 1 pool_table, 5.1ms
Speed: 3.7ms preprocess, 5.1ms inference, 1.5ms postprocess per image at shape (1, 3, 640, 384)
Processing custom/data/train/marinho/PXL_20260619_133725151.jpg...

image 1/1 /home/admin/Documents/FEUP-CV/proj/task2/../datasets/custom/data/train/marinho/PXL_20260619_133725151.jpg: 640x384 1 pool_table, 7.1ms
Speed: 3.3ms preprocess, 7.1ms inference, 12.1ms postprocess per image at shape (1, 3, 640, 384)
Processing custom/data/train/marinho/PXL_20260619_133814854.jpg...

image 1/1 /home/admin/Documents/FEUP-CV/proj/task2/../datasets/custom/data/train/marinho/PXL_20260619_133814854.jpg: 640x384 1 pool_table, 7.3ms
Speed: 2.4ms preprocess, 7.3ms inference, 12.2ms postprocess per image at shape (1, 3, 640, 384)
Processing custom/data/train/marinho/PXL_20260619_133824446.jpg...

image 1/1 /home/admin/Documents/FEUP-CV/proj/task2/../datasets/custom/data/train/marinho/PXL_20260619_133824446.jpg: 640x384 1 pool_table, 7.5ms
Speed: 3.1ms preprocess, 7.5ms inference, 12.4ms postprocess per image at shape (1, 3, 640, 384)
Processing custom/data/train/marinho/PXL_20260619_134130878.jpg...

image 1/1 /home/admin/Documents/FEUP-CV/proj/task2/../datasets/custom/data/train/marinho/PXL_20260619_134130878.jpg: 640x384 1 pool_table, 7.4ms
Speed: 3.5ms preprocess, 7.4ms inference, 12.3ms postprocess per image at shape (1, 3, 640, 384)
Processing custom/data/train/marinho/PXL_20260619_134138675.jpg...

image 1/1 /home/admin/Documents/FEUP-CV/proj/task2/../datasets/custom/data/train/marinho/PXL_20260619_134138675.jpg: 384x640 1 pool_table, 14.9ms
Speed: 3.5ms preprocess, 14.9ms inference, 12.4ms postprocess per image at shape (1, 3, 384, 640)
Processing custom/data/train/marinho/PXL_20260619_134222954.jpg...

image 1/1 /home/admin/Documents/FEUP-CV/proj/task2/../datasets/custom/data/train/marinho/PXL_20260619_134222954.jpg: 640x384 1 pool_table, 14.9ms
Speed: 3.8ms preprocess, 14.9ms inference, 12.3ms postprocess per image at shape (1, 3, 640, 384)
Processing custom/data/train/marinho/PXL_20260619_134237436.jpg...

image 1/1 /home/admin/Documents/FEUP-CV/proj/task2/../datasets/custom/data/train/marinho/PXL_20260619_134237436.jpg: 640x384 1 pool_table, 7.4ms
Speed: 2.9ms preprocess, 7.4ms inference, 12.3ms postprocess per image at shape (1, 3, 640, 384)
Processing custom/data/train/marinho/PXL_20260619_134349574.jpg...

image 1/1 /home/admin/Documents/FEUP-CV/proj/task2/../datasets/custom/data/train/marinho/PXL_20260619_134349574.jpg: 640x384 1 pool_table, 7.5ms
Speed: 3.0ms preprocess, 7.5ms inference, 12.4ms postprocess per image at shape (1, 3, 640, 384)
Processing custom/data/train/marinho/PXL_20260619_134403931.jpg...

image 1/1 /home/admin/Documents/FEUP-CV/proj/task2/../datasets/custom/data/train/marinho/PXL_20260619_134403931.jpg: 384x640 1 pool_table, 14.9ms
Speed: 3.9ms preprocess, 14.9ms inference, 12.4ms postprocess per image at shape (1, 3, 384, 640)
Processing custom/data/train/marinho/PXL_20260619_134454480.jpg...

image 1/1 /home/admin/Documents/FEUP-CV/proj/task2/../datasets/custom/data/train/marinho/PXL_20260619_134454480.jpg: 640x384 1 pool_table, 14.9ms
Speed: 2.5ms preprocess, 14.9ms inference, 12.3ms postprocess per image at shape (1, 3, 640, 384)
Processing custom/data/train/marinho/PXL_20260619_134505013.jpg...

image 1/1 /home/admin/Documents/FEUP-CV/proj/task2/../datasets/custom/data/train/marinho/PXL_20260619_134505013.jpg: 384x640 1 pool_table, 14.9ms
Speed: 2.3ms preprocess, 14.9ms inference, 12.4ms postprocess per image at shape (1, 3, 384, 640)
Processing custom/data/train/marinho/PXL_20260619_134620758.jpg...

image 1/1 /home/admin/Documents/FEUP-CV/proj/task2/../datasets/custom/data/train/marinho/PXL_20260619_134620758.jpg: 640x384 1 pool_table, 14.8ms
Speed: 3.2ms preprocess, 14.8ms inference, 12.3ms postprocess per image at shape (1, 3, 640, 384)
Processing custom/data/train/marinho/PXL_20260619_134632925.jpg...

image 1/1 /home/admin/Documents/FEUP-CV/proj/task2/../datasets/custom/data/train/marinho/PXL_20260619_134632925.jpg: 640x384 1 pool_table, 7.5ms
Speed: 2.9ms preprocess, 7.5ms inference, 12.3ms postprocess per image at shape (1, 3, 640, 384)
Processing custom/data/train/marinho/PXL_20260619_134726711.jpg...

image 1/1 /home/admin/Documents/FEUP-CV/proj/task2/../datasets/custom/data/train/marinho/PXL_20260619_134726711.jpg: 384x640 1 pool_table, 14.9ms
Speed: 2.8ms preprocess, 14.9ms inference, 8.3ms postprocess per image at shape (1, 3, 384, 640)
Processing custom/data/train/marinho/PXL_20260619_134753702.jpg...

image 1/1 /home/admin/Documents/FEUP-CV/proj/task2/../datasets/custom/data/train/marinho/PXL_20260619_134753702.jpg: 640x384 1 pool_table, 14.5ms
Speed: 3.7ms preprocess, 14.5ms inference, 9.1ms postprocess per image at shape (1, 3, 640, 384)
Processing custom/data/train/marinho/PXL_20260619_134955424.jpg...

image 1/1 /home/admin/Documents/FEUP-CV/proj/task2/../datasets/custom/data/train/marinho/PXL_20260619_134955424.jpg: 640x384 1 pool_table, 7.1ms
Speed: 3.6ms preprocess, 7.1ms inference, 12.0ms postprocess per image at shape (1, 3, 640, 384)
Processing custom/data/train/marinho/PXL_20260619_135004975.jpg...

image 1/1 /home/admin/Documents/FEUP-CV/proj/task2/../datasets/custom/data/train/marinho/PXL_20260619_135004975.jpg: 640x384 1 pool_table, 7.3ms
Speed: 3.8ms preprocess, 7.3ms inference, 12.2ms postprocess per image at shape (1, 3, 640, 384)
Processing custom/data/train/marinho/PXL_20260619_135058940.jpg...

image 1/1 /home/admin/Documents/FEUP-CV/proj/task2/../datasets/custom/data/train/marinho/PXL_20260619_135058940.jpg: 640x384 1 pool_table, 7.1ms
Speed: 2.8ms preprocess, 7.1ms inference, 12.2ms postprocess per image at shape (1, 3, 640, 384)
Processing custom/data/train/marinho/PXL_20260619_135110047.jpg...

image 1/1 /home/admin/Documents/FEUP-CV/proj/task2/../datasets/custom/data/train/marinho/PXL_20260619_135110047.jpg: 384x640 1 pool_table, 14.6ms
Speed: 3.9ms preprocess, 14.6ms inference, 12.1ms postprocess per image at shape (1, 3, 384, 640)
Processing custom/data/train/marinho/PXL_20260619_135243141.jpg...

image 1/1 /home/admin/Documents/FEUP-CV/proj/task2/../datasets/custom/data/train/marinho/PXL_20260619_135243141.jpg: 640x384 1 pool_table, 9.1ms
Speed: 2.5ms preprocess, 9.1ms inference, 1.4ms postprocess per image at shape (1, 3, 640, 384)
Processing custom/data/train/marinho/PXL_20260619_135256606.jpg...

image 1/1 /home/admin/Documents/FEUP-CV/proj/task2/../datasets/custom/data/train/marinho/PXL_20260619_135256606.jpg: 384x640 1 pool_table, 8.4ms
Speed: 2.4ms preprocess, 8.4ms inference, 1.5ms postprocess per image at shape (1, 3, 384, 640)
Processing custom/data/train/marinho/PXL_20260619_135716951.jpg...

image 1/1 /home/admin/Documents/FEUP-CV/proj/task2/../datasets/custom/data/train/marinho/PXL_20260619_135716951.jpg: 640x384 1 pool_table, 14.5ms
Speed: 2.4ms preprocess, 14.5ms inference, 3.6ms postprocess per image at shape (1, 3, 640, 384)
Processing custom/data/train/marinho/PXL_20260619_135725812.jpg...

image 1/1 /home/admin/Documents/FEUP-CV/proj/task2/../datasets/custom/data/train/marinho/PXL_20260619_135725812.jpg: 384x640 1 pool_table, 14.3ms
Speed: 1.9ms preprocess, 14.3ms inference, 12.2ms postprocess per image at shape (1, 3, 384, 640)
Processing custom/data/train/marinho/PXL_20260619_135829586.jpg...

image 1/1 /home/admin/Documents/FEUP-CV/proj/task2/../datasets/custom/data/train/marinho/PXL_20260619_135829586.jpg: 640x384 1 pool_table, 12.5ms
Speed: 2.7ms preprocess, 12.5ms inference, 1.5ms postprocess per image at shape (1, 3, 640, 384)
Processing custom/data/train/marinho/PXL_20260619_135852415.jpg...

image 1/1 /home/admin/Documents/FEUP-CV/proj/task2/../datasets/custom/data/train/marinho/PXL_20260619_135852415.jpg: 384x640 1 pool_table, 14.4ms
Speed: 2.9ms preprocess, 14.4ms inference, 12.0ms postprocess per image at shape (1, 3, 384, 640)
Processing custom/data/train/marinho/PXL_20260619_140018754.jpg...

image 1/1 /home/admin/Documents/FEUP-CV/proj/task2/../datasets/custom/data/train/marinho/PXL_20260619_140018754.jpg: 640x384 1 pool_table, 14.4ms
Speed: 3.6ms preprocess, 14.4ms inference, 3.6ms postprocess per image at shape (1, 3, 640, 384)
Processing custom/data/train/marinho/PXL_20260619_140045666.jpg...

image 1/1 /home/admin/Documents/FEUP-CV/proj/task2/../datasets/custom/data/train/marinho/PXL_20260619_140045666.jpg: 384x640 1 pool_table, 14.4ms
Speed: 3.7ms preprocess, 14.4ms inference, 12.2ms postprocess per image at shape (1, 3, 384, 640)
Processing custom/data/train/marinho/PXL_20260619_140224140.jpg...

image 1/1 /home/admin/Documents/FEUP-CV/proj/task2/../datasets/custom/data/train/marinho/PXL_20260619_140224140.jpg: 640x384 1 pool_table, 7.1ms
Speed: 3.0ms preprocess, 7.1ms inference, 1.5ms postprocess per image at shape (1, 3, 640, 384)
Processing custom/data/train/marinho/PXL_20260619_140231023.jpg...

image 1/1 /home/admin/Documents/FEUP-CV/proj/task2/../datasets/custom/data/train/marinho/PXL_20260619_140231023.jpg: 640x384 1 pool_table, 7.3ms
Speed: 3.6ms preprocess, 7.3ms inference, 12.2ms postprocess per image at shape (1, 3, 640, 384)
Processing custom/data/train/marinho/PXL_20260619_140310163.jpg...

image 1/1 /home/admin/Documents/FEUP-CV/proj/task2/../datasets/custom/data/train/marinho/PXL_20260619_140310163.jpg: 384x640 1 pool_table, 14.3ms
Speed: 2.1ms preprocess, 14.3ms inference, 8.6ms postprocess per image at shape (1, 3, 384, 640)
Processing custom/data/train/marinho/PXL_20260619_140324254.jpg...

image 1/1 /home/admin/Documents/FEUP-CV/proj/task2/../datasets/custom/data/train/marinho/PXL_20260619_140324254.jpg: 640x384 1 pool_table, 5.3ms
Speed: 1.9ms preprocess, 5.3ms inference, 1.6ms postprocess per image at shape (1, 3, 640, 384)
Processing custom/data/train/marinho/PXL_20260619_140456953.jpg...

image 1/1 /home/admin/Documents/FEUP-CV/proj/task2/../datasets/custom/data/train/marinho/PXL_20260619_140456953.jpg: 640x384 2 pool_tables, 7.0ms
Speed: 2.2ms preprocess, 7.0ms inference, 12.1ms postprocess per image at shape (1, 3, 640, 384)
Processing custom/data/train/marinho/PXL_20260619_140504458.jpg...

image 1/1 /home/admin/Documents/FEUP-CV/proj/task2/../datasets/custom/data/train/marinho/PXL_20260619_140504458.jpg: 384x640 1 pool_table, 14.6ms
Speed: 3.0ms preprocess, 14.6ms inference, 1.8ms postprocess per image at shape (1, 3, 384, 640)
Processing custom/data/train/marinho/PXL_20260619_140528566.jpg...

image 1/1 /home/admin/Documents/FEUP-CV/proj/task2/../datasets/custom/data/train/marinho/PXL_20260619_140528566.jpg: 640x384 2 pool_tables, 14.2ms
Speed: 2.6ms preprocess, 14.2ms inference, 10.8ms postprocess per image at shape (1, 3, 640, 384)
Processing custom/data/train/marinho/PXL_20260619_140542343.jpg...

image 1/1 /home/admin/Documents/FEUP-CV/proj/task2/../datasets/custom/data/train/marinho/PXL_20260619_140542343.jpg: 384x640 1 pool_table, 14.6ms
Speed: 2.9ms preprocess, 14.6ms inference, 12.2ms postprocess per image at shape (1, 3, 384, 640)
Processing custom/data/train/marinho/PXL_20260619_140725269.jpg...

image 1/1 /home/admin/Documents/FEUP-CV/proj/task2/../datasets/custom/data/train/marinho/PXL_20260619_140725269.jpg: 640x384 1 pool_table, 12.5ms
Speed: 2.1ms preprocess, 12.5ms inference, 1.4ms postprocess per image at shape (1, 3, 640, 384)
Processing custom/data/train/marinho/PXL_20260619_140737221.jpg...

image 1/1 /home/admin/Documents/FEUP-CV/proj/task2/../datasets/custom/data/train/marinho/PXL_20260619_140737221.jpg: 384x640 1 pool_table, 5.6ms
Speed: 2.4ms preprocess, 5.6ms inference, 1.4ms postprocess per image at shape (1, 3, 384, 640)
Processing custom/data/train/marinho/PXL_20260619_140806923.jpg...

image 1/1 /home/admin/Documents/FEUP-CV/proj/task2/../datasets/custom/data/train/marinho/PXL_20260619_140806923.jpg: 640x384 1 pool_table, 12.5ms
Speed: 2.7ms preprocess, 12.5ms inference, 1.5ms postprocess per image at shape (1, 3, 640, 384)
Processing custom/data/train/marinho/PXL_20260619_140818860.jpg...

image 1/1 /home/admin/Documents/FEUP-CV/proj/task2/../datasets/custom/data/train/marinho/PXL_20260619_140818860.jpg: 640x384 1 pool_table, 7.0ms
Speed: 2.9ms preprocess, 7.0ms inference, 12.1ms postprocess per image at shape (1, 3, 640, 384)
Processing custom/data/train/marinho/PXL_20260619_141056364.jpg...

image 1/1 /home/admin/Documents/FEUP-CV/proj/task2/../datasets/custom/data/train/marinho/PXL_20260619_141056364.jpg: 640x384 2 pool_tables, 7.2ms
Speed: 3.7ms preprocess, 7.2ms inference, 10.2ms postprocess per image at shape (1, 3, 640, 384)
Processing custom/data/train/marinho/PXL_20260619_141104611.jpg...

image 1/1 /home/admin/Documents/FEUP-CV/proj/task2/../datasets/custom/data/train/marinho/PXL_20260619_141104611.jpg: 384x640 1 pool_table, 14.2ms
Speed: 2.3ms preprocess, 14.2ms inference, 7.0ms postprocess per image at shape (1, 3, 384, 640)
Processing custom/data/train/marinho/PXL_20260619_141249318.jpg...

image 1/1 /home/admin/Documents/FEUP-CV/proj/task2/../datasets/custom/data/train/marinho/PXL_20260619_141249318.jpg: 640x384 1 pool_table, 14.2ms
Speed: 3.5ms preprocess, 14.2ms inference, 12.1ms postprocess per image at shape (1, 3, 640, 384)
Processing custom/data/train/marinho/PXL_20260619_141258716.jpg...

image 1/1 /home/admin/Documents/FEUP-CV/proj/task2/../datasets/custom/data/train/marinho/PXL_20260619_141258716.jpg: 384x640 1 pool_table, 14.4ms
Speed: 2.5ms preprocess, 14.4ms inference, 12.1ms postprocess per image at shape (1, 3, 384, 640)
Processing custom/data/train/marinho/PXL_20260619_141549184.jpg...

image 1/1 /home/admin/Documents/FEUP-CV/proj/task2/../datasets/custom/data/train/marinho/PXL_20260619_141549184.jpg: 640x384 1 pool_table, 14.3ms
Speed: 2.8ms preprocess, 14.3ms inference, 12.2ms postprocess per image at shape (1, 3, 640, 384)
Processing custom/data/train/marinho/PXL_20260619_141556622.jpg...

image 1/1 /home/admin/Documents/FEUP-CV/proj/task2/../datasets/custom/data/train/marinho/PXL_20260619_141556622.jpg: 384x640 1 pool_table, 14.8ms
Speed: 3.2ms preprocess, 14.8ms inference, 12.2ms postprocess per image at shape (1, 3, 384, 640)
Processing custom/data/train/marinho/PXL_20260619_141917747.jpg...

image 1/1 /home/admin/Documents/FEUP-CV/proj/task2/../datasets/custom/data/train/marinho/PXL_20260619_141917747.jpg: 640x384 1 pool_table, 14.9ms
Speed: 3.7ms preprocess, 14.9ms inference, 12.3ms postprocess per image at shape (1, 3, 640, 384)
Processing custom/data/train/marinho/PXL_20260619_141924941.jpg...

image 1/1 /home/admin/Documents/FEUP-CV/proj/task2/../datasets/custom/data/train/marinho/PXL_20260619_141924941.jpg: 640x384 2 pool_tables, 7.6ms
Speed: 3.6ms preprocess, 7.6ms inference, 12.4ms postprocess per image at shape (1, 3, 640, 384)
Processing custom/data/train/marinho/PXL_20260619_142315723.jpg...

image 1/1 /home/admin/Documents/FEUP-CV/proj/task2/../datasets/custom/data/train/marinho/PXL_20260619_142315723.jpg: 384x640 1 pool_table, 14.9ms
Speed: 3.6ms preprocess, 14.9ms inference, 12.3ms postprocess per image at shape (1, 3, 384, 640)
Processing custom/data/train/marinho/PXL_20260619_142327853.jpg...

image 1/1 /home/admin/Documents/FEUP-CV/proj/task2/../datasets/custom/data/train/marinho/PXL_20260619_142327853.jpg: 640x384 1 pool_table, 15.0ms
Speed: 3.1ms preprocess, 15.0ms inference, 12.4ms postprocess per image at shape (1, 3, 640, 384)
Processing custom/data/train/marinho/PXL_20260619_143651727.jpg...

image 1/1 /home/admin/Documents/FEUP-CV/proj/task2/../datasets/custom/data/train/marinho/PXL_20260619_143651727.jpg: 640x384 1 pool_table, 7.5ms
Speed: 3.4ms preprocess, 7.5ms inference, 12.3ms postprocess per image at shape (1, 3, 640, 384)
Processing custom/data/train/marinho/PXL_20260619_143700521.jpg...

image 1/1 /home/admin/Documents/FEUP-CV/proj/task2/../datasets/custom/data/train/marinho/PXL_20260619_143700521.jpg: 640x384 1 pool_table, 7.4ms
Speed: 4.0ms preprocess, 7.4ms inference, 12.3ms postprocess per image at shape (1, 3, 640, 384)
Processing custom/data/train/marinho/PXL_20260619_143855613.jpg...

image 1/1 /home/admin/Documents/FEUP-CV/proj/task2/../datasets/custom/data/train/marinho/PXL_20260619_143855613.jpg: 384x640 1 pool_table, 15.0ms
Speed: 2.6ms preprocess, 15.0ms inference, 12.3ms postprocess per image at shape (1, 3, 384, 640)
Processing custom/data/train/marinho/PXL_20260619_143912064.jpg...

image 1/1 /home/admin/Documents/FEUP-CV/proj/task2/../datasets/custom/data/train/marinho/PXL_20260619_143912064.jpg: 640x384 1 pool_table, 14.9ms
Speed: 2.8ms preprocess, 14.9ms inference, 12.3ms postprocess per image at shape (1, 3, 640, 384)
Processing custom/data/train/marinho/PXL_20260619_144329378.jpg...

image 1/1 /home/admin/Documents/FEUP-CV/proj/task2/../datasets/custom/data/train/marinho/PXL_20260619_144329378.jpg: 384x640 1 pool_table, 15.0ms
Speed: 3.4ms preprocess, 15.0ms inference, 12.4ms postprocess per image at shape (1, 3, 384, 640)
Processing custom/data/train/marinho/PXL_20260619_144338961.jpg...

image 1/1 /home/admin/Documents/FEUP-CV/proj/task2/../datasets/custom/data/train/marinho/PXL_20260619_144338961.jpg: 640x384 3 pool_tables, 14.8ms
Speed: 3.2ms preprocess, 14.8ms inference, 12.3ms postprocess per image at shape (1, 3, 640, 384)
Processing custom/data/train/marinho/PXL_20260619_151408663.jpg...

image 1/1 /home/admin/Documents/FEUP-CV/proj/task2/../datasets/custom/data/train/marinho/PXL_20260619_151408663.jpg: 640x384 1 pool_table, 7.5ms
Speed: 2.8ms preprocess, 7.5ms inference, 12.2ms postprocess per image at shape (1, 3, 640, 384)
Processing custom/data/train/marinho/PXL_20260619_151417949.jpg...

image 1/1 /home/admin/Documents/FEUP-CV/proj/task2/../datasets/custom/data/train/marinho/PXL_20260619_151417949.jpg: 384x640 1 pool_table, 14.7ms
Speed: 3.9ms preprocess, 14.7ms inference, 6.7ms postprocess per image at shape (1, 3, 384, 640)
Processing custom/data/train/marinho/PXL_20260619_151427418.jpg...

image 1/1 /home/admin/Documents/FEUP-CV/proj/task2/../datasets/custom/data/train/marinho/PXL_20260619_151427418.jpg: 640x384 1 pool_table, 14.5ms
Speed: 3.1ms preprocess, 14.5ms inference, 12.1ms postprocess per image at shape (1, 3, 640, 384)
Processing custom/data/train/marinho/PXL_20260619_151434121.jpg...

image 1/1 /home/admin/Documents/FEUP-CV/proj/task2/../datasets/custom/data/train/marinho/PXL_20260619_151434121.jpg: 640x384 1 pool_table, 7.3ms
Speed: 2.2ms preprocess, 7.3ms inference, 12.2ms postprocess per image at shape (1, 3, 640, 384)
Processing custom/data/train/marinho/PXL_20260619_151459597.jpg...

image 1/1 /home/admin/Documents/FEUP-CV/proj/task2/../datasets/custom/data/train/marinho/PXL_20260619_151459597.jpg: 640x384 1 pool_table, 7.1ms
Speed: 3.8ms preprocess, 7.1ms inference, 12.1ms postprocess per image at shape (1, 3, 640, 384)
Processing custom/data/train/marinho/PXL_20260619_151509801.jpg...

image 1/1 /home/admin/Documents/FEUP-CV/proj/task2/../datasets/custom/data/train/marinho/PXL_20260619_151509801.jpg: 384x640 1 pool_table, 14.6ms
Speed: 3.3ms preprocess, 14.6ms inference, 10.9ms postprocess per image at shape (1, 3, 384, 640)
Processing custom/data/train/marinho/PXL_20260619_151522423.jpg...

image 1/1 /home/admin/Documents/FEUP-CV/proj/task2/../datasets/custom/data/train/marinho/PXL_20260619_151522423.jpg: 640x384 1 pool_table, 10.1ms
Speed: 4.1ms preprocess, 10.1ms inference, 1.4ms postprocess per image at shape (1, 3, 640, 384)
Processing custom/data/train/marinho/PXL_20260619_151532936.jpg...

image 1/1 /home/admin/Documents/FEUP-CV/proj/task2/../datasets/custom/data/train/marinho/PXL_20260619_151532936.jpg: 640x384 1 pool_table, 7.1ms
Speed: 3.1ms preprocess, 7.1ms inference, 12.1ms postprocess per image at shape (1, 3, 640, 384)
Processing custom/data/train/marinho/PXL_20260619_151613709.jpg...

image 1/1 /home/admin/Documents/FEUP-CV/proj/task2/../datasets/custom/data/train/marinho/PXL_20260619_151613709.jpg: 640x384 1 pool_table, 7.1ms
Speed: 2.4ms preprocess, 7.1ms inference, 1.5ms postprocess per image at shape (1, 3, 640, 384)
Processing custom/data/train/marinho/PXL_20260619_151622109.jpg...

image 1/1 /home/admin/Documents/FEUP-CV/proj/task2/../datasets/custom/data/train/marinho/PXL_20260619_151622109.jpg: 384x640 1 pool_table, 14.3ms
Speed: 2.3ms preprocess, 14.3ms inference, 12.0ms postprocess per image at shape (1, 3, 384, 640)
Processing custom/data/train/marinho/PXL_20260619_151631691.jpg...

image 1/1 /home/admin/Documents/FEUP-CV/proj/task2/../datasets/custom/data/train/marinho/PXL_20260619_151631691.jpg: 640x384 1 pool_table, 14.5ms
Speed: 2.0ms preprocess, 14.5ms inference, 3.7ms postprocess per image at shape (1, 3, 640, 384)
Processing custom/data/train/marinho/PXL_20260619_151702189.jpg...

image 1/1 /home/admin/Documents/FEUP-CV/proj/task2/../datasets/custom/data/train/marinho/PXL_20260619_151702189.jpg: 640x384 1 pool_table, 7.1ms
Speed: 3.3ms preprocess, 7.1ms inference, 2.1ms postprocess per image at shape (1, 3, 640, 384)
Processing custom/data/train/marinho/PXL_20260619_151723616.jpg...

image 1/1 /home/admin/Documents/FEUP-CV/proj/task2/../datasets/custom/data/train/marinho/PXL_20260619_151723616.jpg: 640x384 1 pool_table, 7.2ms
Speed: 2.4ms preprocess, 7.2ms inference, 12.2ms postprocess per image at shape (1, 3, 640, 384)
Processing custom/data/train/marinho/PXL_20260619_151731509.jpg...

image 1/1 /home/admin/Documents/FEUP-CV/proj/task2/../datasets/custom/data/train/marinho/PXL_20260619_151731509.jpg: 384x640 1 pool_table, 14.4ms
Speed: 2.7ms preprocess, 14.4ms inference, 11.3ms postprocess per image at shape (1, 3, 384, 640)
Processing custom/data/train/marinho/PXL_20260619_151747187.jpg...

image 1/1 /home/admin/Documents/FEUP-CV/proj/task2/../datasets/custom/data/train/marinho/PXL_20260619_151747187.jpg: 640x384 1 pool_table, 14.3ms
Speed: 2.6ms preprocess, 14.3ms inference, 12.1ms postprocess per image at shape (1, 3, 640, 384)
Processing custom/data/train/marinho/PXL_20260619_151834973.jpg...

image 1/1 /home/admin/Documents/FEUP-CV/proj/task2/../datasets/custom/data/train/marinho/PXL_20260619_151834973.jpg: 384x640 1 pool_table, 14.6ms
Speed: 3.0ms preprocess, 14.6ms inference, 12.2ms postprocess per image at shape (1, 3, 384, 640)
Processing custom/data/train/marinho/PXL_20260619_151931828.jpg...

image 1/1 /home/admin/Documents/FEUP-CV/proj/task2/../datasets/custom/data/train/marinho/PXL_20260619_151931828.jpg: 640x384 1 pool_table, 12.2ms
Speed: 2.1ms preprocess, 12.2ms inference, 1.4ms postprocess per image at shape (1, 3, 640, 384)
Processing custom/data/train/marinho/PXL_20260619_151937164.jpg...

image 1/1 /home/admin/Documents/FEUP-CV/proj/task2/../datasets/custom/data/train/marinho/PXL_20260619_151937164.jpg: 640x384 1 pool_table, 4.8ms
Speed: 3.0ms preprocess, 4.8ms inference, 1.6ms postprocess per image at shape (1, 3, 640, 384)
Processing custom/data/train/marinho/PXL_20260619_151955488.jpg...

image 1/1 /home/admin/Documents/FEUP-CV/proj/task2/../datasets/custom/data/train/marinho/PXL_20260619_151955488.jpg: 384x640 1 pool_table, 9.8ms
Speed: 2.2ms preprocess, 9.8ms inference, 1.5ms postprocess per image at shape (1, 3, 384, 640)
Processing custom/data/train/marinho/PXL_20260619_152010310.jpg...

image 1/1 /home/admin/Documents/FEUP-CV/proj/task2/../datasets/custom/data/train/marinho/PXL_20260619_152010310.jpg: 640x384 1 pool_table, 9.4ms
Speed: 2.5ms preprocess, 9.4ms inference, 1.4ms postprocess per image at shape (1, 3, 640, 384)
Processing custom/data/train/marinho/PXL_20260619_152103842.jpg...

image 1/1 /home/admin/Documents/FEUP-CV/proj/task2/../datasets/custom/data/train/marinho/PXL_20260619_152103842.jpg: 640x384 2 pool_tables, 7.1ms
Speed: 2.4ms preprocess, 7.1ms inference, 12.2ms postprocess per image at shape (1, 3, 640, 384)
Processing custom/data/train/marinho/PXL_20260619_152111752.jpg...

image 1/1 /home/admin/Documents/FEUP-CV/proj/task2/../datasets/custom/data/train/marinho/PXL_20260619_152111752.jpg: 640x384 1 pool_table, 7.1ms
Speed: 3.9ms preprocess, 7.1ms inference, 12.1ms postprocess per image at shape (1, 3, 640, 384)
Processing custom/data/train/marinho/PXL_20260619_152142005.jpg...

image 1/1 /home/admin/Documents/FEUP-CV/proj/task2/../datasets/custom/data/train/marinho/PXL_20260619_152142005.jpg: 384x640 1 pool_table, 14.4ms
Speed: 3.9ms preprocess, 14.4ms inference, 12.1ms postprocess per image at shape (1, 3, 384, 640)
Processing custom/data/train/marinho/PXL_20260619_152234603.jpg...

image 1/1 /home/admin/Documents/FEUP-CV/proj/task2/../datasets/custom/data/train/marinho/PXL_20260619_152234603.jpg: 640x384 1 pool_table, 9.8ms
Speed: 2.4ms preprocess, 9.8ms inference, 1.5ms postprocess per image at shape (1, 3, 640, 384)
Processing custom/data/train/marinho/PXL_20260619_152303232.jpg...

image 1/1 /home/admin/Documents/FEUP-CV/proj/task2/../datasets/custom/data/train/marinho/PXL_20260619_152303232.jpg: 640x384 1 pool_table, 7.1ms
Speed: 3.1ms preprocess, 7.1ms inference, 11.4ms postprocess per image at shape (1, 3, 640, 384)
Processing custom/data/train/marinho/PXL_20260619_152323701.jpg...

image 1/1 /home/admin/Documents/FEUP-CV/proj/task2/../datasets/custom/data/train/marinho/PXL_20260619_152323701.jpg: 384x640 1 pool_table, 10.2ms
Speed: 3.2ms preprocess, 10.2ms inference, 1.5ms postprocess per image at shape (1, 3, 384, 640)
Processing custom/data/train/marinho/PXL_20260619_152335408.jpg...

image 1/1 /home/admin/Documents/FEUP-CV/proj/task2/../datasets/custom/data/train/marinho/PXL_20260619_152335408.jpg: 640x384 1 pool_table, 5.3ms
Speed: 2.7ms preprocess, 5.3ms inference, 1.4ms postprocess per image at shape (1, 3, 640, 384)
Processing custom/data/train/marinho/PXL_20260619_152351145.jpg...

image 1/1 /home/admin/Documents/FEUP-CV/proj/task2/../datasets/custom/data/train/marinho/PXL_20260619_152351145.jpg: 640x384 1 pool_table, 7.1ms
Speed: 4.0ms preprocess, 7.1ms inference, 6.3ms postprocess per image at shape (1, 3, 640, 384)
Processing custom/data/train/marinho/PXL_20260619_152439909.jpg...

image 1/1 /home/admin/Documents/FEUP-CV/proj/task2/../datasets/custom/data/train/marinho/PXL_20260619_152439909.jpg: 640x384 1 pool_table, 7.1ms
Speed: 3.8ms preprocess, 7.1ms inference, 12.2ms postprocess per image at shape (1, 3, 640, 384)
Processing custom/data/train/marinho/PXL_20260619_152450479.jpg...

image 1/1 /home/admin/Documents/FEUP-CV/proj/task2/../datasets/custom/data/train/marinho/PXL_20260619_152450479.jpg: 384x640 1 pool_table, 14.4ms
Speed: 3.1ms preprocess, 14.4ms inference, 4.8ms postprocess per image at shape (1, 3, 384, 640)
Processing custom/data/train/marinho/PXL_20260619_152543637.jpg...

image 1/1 /home/admin/Documents/FEUP-CV/proj/task2/../datasets/custom/data/train/marinho/PXL_20260619_152543637.jpg: 640x384 1 pool_table, 5.3ms
Speed: 3.0ms preprocess, 5.3ms inference, 1.5ms postprocess per image at shape (1, 3, 640, 384)
Processing custom/data/train/marinho/PXL_20260619_152621081.jpg...

image 1/1 /home/admin/Documents/FEUP-CV/proj/task2/../datasets/custom/data/train/marinho/PXL_20260619_152621081.jpg: 640x384 1 pool_table, 7.4ms
Speed: 2.8ms preprocess, 7.4ms inference, 12.3ms postprocess per image at shape (1, 3, 640, 384)
Processing custom/data/train/marinho/PXL_20260619_153235091.jpg...

image 1/1 /home/admin/Documents/FEUP-CV/proj/task2/../datasets/custom/data/train/marinho/PXL_20260619_153235091.jpg: 640x384 1 pool_table, 7.4ms
Speed: 4.0ms preprocess, 7.4ms inference, 12.3ms postprocess per image at shape (1, 3, 640, 384)
Processing custom/data/train/marinho/PXL_20260619_153250908.jpg...

image 1/1 /home/admin/Documents/FEUP-CV/proj/task2/../datasets/custom/data/train/marinho/PXL_20260619_153250908.jpg: 640x384 1 pool_table, 7.5ms
Speed: 3.6ms preprocess, 7.5ms inference, 12.4ms postprocess per image at shape (1, 3, 640, 384)
Processing custom/data/train/marinho/PXL_20260619_153314234.jpg...

image 1/1 /home/admin/Documents/FEUP-CV/proj/task2/../datasets/custom/data/train/marinho/PXL_20260619_153314234.jpg: 384x640 1 pool_table, 14.8ms
Speed: 3.7ms preprocess, 14.8ms inference, 12.2ms postprocess per image at shape (1, 3, 384, 640)
Processing custom/data/train/marinho/PXL_20260619_153329883.jpg...

image 1/1 /home/admin/Documents/FEUP-CV/proj/task2/../datasets/custom/data/train/marinho/PXL_20260619_153329883.jpg: 640x384 1 pool_table, 14.9ms
Speed: 2.3ms preprocess, 14.9ms inference, 12.3ms postprocess per image at shape (1, 3, 640, 384)
Processing main_dataset/data/train/90_png.rf.cc19908ab37dc78235324d2e16614622.jpg...

image 1/1 /home/admin/Documents/FEUP-CV/proj/task2/../datasets/main_dataset/data/train/90_png.rf.cc19908ab37dc78235324d2e16614622.jpg: 384x640 1 pool_table, 14.9ms
Speed: 3.1ms preprocess, 14.9ms inference, 12.4ms postprocess per image at shape (1, 3, 384, 640)
Processing main_dataset/data/train/63_png.rf.f5b4c1c38fa5fd80098db299a9f5f331.jpg...

image 1/1 /home/admin/Documents/FEUP-CV/proj/task2/../datasets/main_dataset/data/train/63_png.rf.f5b4c1c38fa5fd80098db299a9f5f331.jpg: 384x640 1 pool_table, 7.5ms
Speed: 3.4ms preprocess, 7.5ms inference, 12.3ms postprocess per image at shape (1, 3, 384, 640)
Processing main_dataset/data/train/137_png.rf.bbe9edbb99cbe83b2d718df3122d9344.jpg...

image 1/1 /home/admin/Documents/FEUP-CV/proj/task2/../datasets/main_dataset/data/train/137_png.rf.bbe9edbb99cbe83b2d718df3122d9344.jpg: 384x640 1 pool_table, 7.5ms
Speed: 3.3ms preprocess, 7.5ms inference, 12.4ms postprocess per image at shape (1, 3, 384, 640)
Processing main_dataset/data/train/7_png.rf.3ff9087c873d2ff25e8d5c120bb417e8.jpg...

image 1/1 /home/admin/Documents/FEUP-CV/proj/task2/../datasets/main_dataset/data/train/7_png.rf.3ff9087c873d2ff25e8d5c120bb417e8.jpg: 384x640 2 pool_tables, 7.5ms
Speed: 1.7ms preprocess, 7.5ms inference, 12.3ms postprocess per image at shape (1, 3, 384, 640)
Processing main_dataset/data/train/159_png.rf.301cd8292389a32360fcde7abf681cfe.jpg...

image 1/1 /home/admin/Documents/FEUP-CV/proj/task2/../datasets/main_dataset/data/train/159_png.rf.301cd8292389a32360fcde7abf681cfe.jpg: 384x640 1 pool_table, 7.5ms
Speed: 2.0ms preprocess, 7.5ms inference, 12.3ms postprocess per image at shape (1, 3, 384, 640)
Processing main_dataset/data/train/107_png.rf.f31cf99275d8de0c817398bad1fbb98c.jpg...

image 1/1 /home/admin/Documents/FEUP-CV/proj/task2/../datasets/main_dataset/data/train/107_png.rf.f31cf99275d8de0c817398bad1fbb98c.jpg: 384x640 2 pool_tables, 7.5ms
Speed: 1.8ms preprocess, 7.5ms inference, 12.3ms postprocess per image at shape (1, 3, 384, 640)
Processing main_dataset/data/train/17a_png.rf.156d5bf7e3400bc2a30f1251bb4dd348.jpg...

image 1/1 /home/admin/Documents/FEUP-CV/proj/task2/../datasets/main_dataset/data/train/17a_png.rf.156d5bf7e3400bc2a30f1251bb4dd348.jpg: 416x640 1 pool_table, 31.8ms
Speed: 4.1ms preprocess, 31.8ms inference, 12.4ms postprocess per image at shape (1, 3, 416, 640)
Processing main_dataset/data/train/5_png.rf.83aee7ccd4569a48f90641b7606818c5.jpg...

image 1/1 /home/admin/Documents/FEUP-CV/proj/task2/../datasets/main_dataset/data/train/5_png.rf.83aee7ccd4569a48f90641b7606818c5.jpg: 384x640 1 pool_table, 15.0ms
Speed: 3.1ms preprocess, 15.0ms inference, 12.4ms postprocess per image at shape (1, 3, 384, 640)
Processing main_dataset/data/train/81_png.rf.7783c33301fcb8871d6013ca6a4eb879.jpg...

image 1/1 /home/admin/Documents/FEUP-CV/proj/task2/../datasets/main_dataset/data/train/81_png.rf.7783c33301fcb8871d6013ca6a4eb879.jpg: 384x640 1 pool_table, 7.5ms
Speed: 2.0ms preprocess, 7.5ms inference, 12.4ms postprocess per image at shape (1, 3, 384, 640)
Processing main_dataset/data/train/179_png.rf.61fcb6e012295881e5f82e05b6d15283.jpg...

image 1/1 /home/admin/Documents/FEUP-CV/proj/task2/../datasets/main_dataset/data/train/179_png.rf.61fcb6e012295881e5f82e05b6d15283.jpg: 384x640 1 pool_table, 7.6ms
Speed: 3.0ms preprocess, 7.6ms inference, 12.3ms postprocess per image at shape (1, 3, 384, 640)
Processing main_dataset/data/train/3t_png.rf.24d7be26d05ffb22bd6af95f0e28b99c.jpg...

image 1/1 /home/admin/Documents/FEUP-CV/proj/task2/../datasets/main_dataset/data/train/3t_png.rf.24d7be26d05ffb22bd6af95f0e28b99c.jpg: 416x640 1 pool_table, 14.8ms
Speed: 2.1ms preprocess, 14.8ms inference, 12.4ms postprocess per image at shape (1, 3, 416, 640)
Processing main_dataset/data/train/46_png.rf.e8ee7736ebfa4a3181665065498b2b12.jpg...

image 1/1 /home/admin/Documents/FEUP-CV/proj/task2/../datasets/main_dataset/data/train/46_png.rf.e8ee7736ebfa4a3181665065498b2b12.jpg: 384x640 1 pool_table, 14.9ms
Speed: 2.0ms preprocess, 14.9ms inference, 12.4ms postprocess per image at shape (1, 3, 384, 640)
Processing main_dataset/data/train/2_png.rf.e294eab9e1b8504f18e1964e03f9e9e5.jpg...

image 1/1 /home/admin/Documents/FEUP-CV/proj/task2/../datasets/main_dataset/data/train/2_png.rf.e294eab9e1b8504f18e1964e03f9e9e5.jpg: 384x640 1 pool_table, 7.5ms
Speed: 3.7ms preprocess, 7.5ms inference, 12.4ms postprocess per image at shape (1, 3, 384, 640)
Processing main_dataset/data/train/106_png.rf.28ee53acf89d9e7f17b2fb26185597a0.jpg...

image 1/1 /home/admin/Documents/FEUP-CV/proj/task2/../datasets/main_dataset/data/train/106_png.rf.28ee53acf89d9e7f17b2fb26185597a0.jpg: 384x640 2 pool_tables, 7.6ms
Speed: 3.3ms preprocess, 7.6ms inference, 12.4ms postprocess per image at shape (1, 3, 384, 640)
Processing main_dataset/data/train/25_png.rf.7e8991bbc403d6fbe9b9e6877ce5f38a.jpg...

image 1/1 /home/admin/Documents/FEUP-CV/proj/task2/../datasets/main_dataset/data/train/25_png.rf.7e8991bbc403d6fbe9b9e6877ce5f38a.jpg: 384x640 2 pool_tables, 7.5ms
Speed: 3.1ms preprocess, 7.5ms inference, 12.4ms postprocess per image at shape (1, 3, 384, 640)
Processing main_dataset/data/train/49_png.rf.34dd21e67336cfaacfc62268433a9c2d.jpg...

image 1/1 /home/admin/Documents/FEUP-CV/proj/task2/../datasets/main_dataset/data/train/49_png.rf.34dd21e67336cfaacfc62268433a9c2d.jpg: 384x640 4 pool_tables, 7.5ms
Speed: 3.4ms preprocess, 7.5ms inference, 12.3ms postprocess per image at shape (1, 3, 384, 640)
Processing main_dataset/data/train/130_png.rf.21f92398160a76a64b948884e4c8103c.jpg...

image 1/1 /home/admin/Documents/FEUP-CV/proj/task2/../datasets/main_dataset/data/train/130_png.rf.21f92398160a76a64b948884e4c8103c.jpg: 384x640 1 pool_table, 7.5ms
Speed: 2.7ms preprocess, 7.5ms inference, 12.3ms postprocess per image at shape (1, 3, 384, 640)
Processing main_dataset/data/train/122_png.rf.7df85841dad9a1f2d79c7f510f562052.jpg...

image 1/1 /home/admin/Documents/FEUP-CV/proj/task2/../datasets/main_dataset/data/train/122_png.rf.7df85841dad9a1f2d79c7f510f562052.jpg: 384x640 1 pool_table, 7.6ms
Speed: 2.1ms preprocess, 7.6ms inference, 12.4ms postprocess per image at shape (1, 3, 384, 640)
Processing main_dataset/data/train/16_png.rf.691cc1c2ecb1a6b9e2b253b55ee31e37.jpg...

image 1/1 /home/admin/Documents/FEUP-CV/proj/task2/../datasets/main_dataset/data/train/16_png.rf.691cc1c2ecb1a6b9e2b253b55ee31e37.jpg: 384x640 3 pool_tables, 7.5ms
Speed: 2.7ms preprocess, 7.5ms inference, 12.3ms postprocess per image at shape (1, 3, 384, 640)
Processing main_dataset/data/train/189_png.rf.35e0d3792b1aa85a1a2e55167fd0d8c5.jpg...

image 1/1 /home/admin/Documents/FEUP-CV/proj/task2/../datasets/main_dataset/data/train/189_png.rf.35e0d3792b1aa85a1a2e55167fd0d8c5.jpg: 384x640 1 pool_table, 7.5ms
Speed: 3.4ms preprocess, 7.5ms inference, 12.4ms postprocess per image at shape (1, 3, 384, 640)
Processing main_dataset/data/train/65_png.rf.a963145e1b7dbd2a2dfc63cdecb0cbf2.jpg...

image 1/1 /home/admin/Documents/FEUP-CV/proj/task2/../datasets/main_dataset/data/train/65_png.rf.a963145e1b7dbd2a2dfc63cdecb0cbf2.jpg: 384x640 1 pool_table, 7.5ms
Speed: 3.4ms preprocess, 7.5ms inference, 12.3ms postprocess per image at shape (1, 3, 384, 640)
Processing main_dataset/data/train/96_png.rf.99112aad2385b754f6a041d89282c4f9.jpg...

image 1/1 /home/admin/Documents/FEUP-CV/proj/task2/../datasets/main_dataset/data/train/96_png.rf.99112aad2385b754f6a041d89282c4f9.jpg: 384x640 1 pool_table, 5.8ms
Speed: 1.7ms preprocess, 5.8ms inference, 12.3ms postprocess per image at shape (1, 3, 384, 640)
Processing main_dataset/data/train/11_png.rf.6b73a508e3eafaac95768aae9325dabc.jpg...

image 1/1 /home/admin/Documents/FEUP-CV/proj/task2/../datasets/main_dataset/data/train/11_png.rf.6b73a508e3eafaac95768aae9325dabc.jpg: 384x640 2 pool_tables, 7.4ms
Speed: 2.4ms preprocess, 7.4ms inference, 12.3ms postprocess per image at shape (1, 3, 384, 640)
Processing main_dataset/data/train/1_png.rf.8199e7f82efa196a0732a582c5d2472e.jpg...

image 1/1 /home/admin/Documents/FEUP-CV/proj/task2/../datasets/main_dataset/data/train/1_png.rf.8199e7f82efa196a0732a582c5d2472e.jpg: 384x640 1 pool_table, 7.4ms
Speed: 2.2ms preprocess, 7.4ms inference, 12.2ms postprocess per image at shape (1, 3, 384, 640)
Processing main_dataset/data/train/186_png.rf.6e7fc2cce220b40aa716f4d90902659a.jpg...

image 1/1 /home/admin/Documents/FEUP-CV/proj/task2/../datasets/main_dataset/data/train/186_png.rf.6e7fc2cce220b40aa716f4d90902659a.jpg: 384x640 2 pool_tables, 7.3ms
Speed: 2.9ms preprocess, 7.3ms inference, 12.2ms postprocess per image at shape (1, 3, 384, 640)
Processing main_dataset/data/train/192_png.rf.17e286ffa138705b5b8013c45e867d69.jpg...

image 1/1 /home/admin/Documents/FEUP-CV/proj/task2/../datasets/main_dataset/data/train/192_png.rf.17e286ffa138705b5b8013c45e867d69.jpg: 384x640 1 pool_table, 7.4ms
Speed: 2.2ms preprocess, 7.4ms inference, 12.2ms postprocess per image at shape (1, 3, 384, 640)
Processing main_dataset/data/train/38_png.rf.5f7178d32f8c80830acba72ceaa53c52.jpg...

image 1/1 /home/admin/Documents/FEUP-CV/proj/task2/../datasets/main_dataset/data/train/38_png.rf.5f7178d32f8c80830acba72ceaa53c52.jpg: 384x640 2 pool_tables, 7.2ms
Speed: 2.6ms preprocess, 7.2ms inference, 12.1ms postprocess per image at shape (1, 3, 384, 640)
Processing main_dataset/data/train/175_png.rf.3bb291132648e4ddc6318584b8fab3f6.jpg...

image 1/1 /home/admin/Documents/FEUP-CV/proj/task2/../datasets/main_dataset/data/train/175_png.rf.3bb291132648e4ddc6318584b8fab3f6.jpg: 384x640 3 pool_tables, 7.2ms
Speed: 3.3ms preprocess, 7.2ms inference, 11.4ms postprocess per image at shape (1, 3, 384, 640)
Processing main_dataset/data/train/56_png.rf.d816086571a6166985bd89660706de3c.jpg...

image 1/1 /home/admin/Documents/FEUP-CV/proj/task2/../datasets/main_dataset/data/train/56_png.rf.d816086571a6166985bd89660706de3c.jpg: 384x640 2 pool_tables, 7.1ms
Speed: 2.4ms preprocess, 7.1ms inference, 12.1ms postprocess per image at shape (1, 3, 384, 640)
Processing main_dataset/data/train/42_png.rf.c6be4b18ac2a7d7c6e71b98132d5b411.jpg...

image 1/1 /home/admin/Documents/FEUP-CV/proj/task2/../datasets/main_dataset/data/train/42_png.rf.c6be4b18ac2a7d7c6e71b98132d5b411.jpg: 384x640 2 pool_tables, 7.2ms
Speed: 3.0ms preprocess, 7.2ms inference, 11.2ms postprocess per image at shape (1, 3, 384, 640)
Processing main_dataset/data/train/129_png.rf.eb2bbec526ed5285770c494673de2c04.jpg...

image 1/1 /home/admin/Documents/FEUP-CV/proj/task2/../datasets/main_dataset/data/train/129_png.rf.eb2bbec526ed5285770c494673de2c04.jpg: 384x640 1 pool_table, 7.2ms
Speed: 3.6ms preprocess, 7.2ms inference, 11.4ms postprocess per image at shape (1, 3, 384, 640)
Processing main_dataset/data/train/89_png.rf.f6d530aecfb9a6a925bb6db4a606a529.jpg...

image 1/1 /home/admin/Documents/FEUP-CV/proj/task2/../datasets/main_dataset/data/train/89_png.rf.f6d530aecfb9a6a925bb6db4a606a529.jpg: 384x640 1 pool_table, 7.4ms
Speed: 3.1ms preprocess, 7.4ms inference, 12.2ms postprocess per image at shape (1, 3, 384, 640)
Processing main_dataset/data/train/24_png.rf.76109e322271997766d83ebb01eba055.jpg...

image 1/1 /home/admin/Documents/FEUP-CV/proj/task2/../datasets/main_dataset/data/train/24_png.rf.76109e322271997766d83ebb01eba055.jpg: 384x640 2 pool_tables, 7.4ms
Speed: 2.1ms preprocess, 7.4ms inference, 12.2ms postprocess per image at shape (1, 3, 384, 640)
Processing main_dataset/data/train/185_png.rf.d2a971d3a33d7f290e313be493525277.jpg...

image 1/1 /home/admin/Documents/FEUP-CV/proj/task2/../datasets/main_dataset/data/train/185_png.rf.d2a971d3a33d7f290e313be493525277.jpg: 384x640 2 pool_tables, 7.2ms
Speed: 1.6ms preprocess, 7.2ms inference, 12.2ms postprocess per image at shape (1, 3, 384, 640)
Processing main_dataset/data/train/98_png.rf.68df6216acc2ca690c16e3f15e3969ac.jpg...

image 1/1 /home/admin/Documents/FEUP-CV/proj/task2/../datasets/main_dataset/data/train/98_png.rf.68df6216acc2ca690c16e3f15e3969ac.jpg: 384x640 2 pool_tables, 7.3ms
Speed: 2.7ms preprocess, 7.3ms inference, 12.1ms postprocess per image at shape (1, 3, 384, 640)
Processing main_dataset/data/train/146_png.rf.8c716f42d6929f1b4c27cbfde0544e05.jpg...

image 1/1 /home/admin/Documents/FEUP-CV/proj/task2/../datasets/main_dataset/data/train/146_png.rf.8c716f42d6929f1b4c27cbfde0544e05.jpg: 384x640 1 pool_table, 7.2ms
Speed: 3.6ms preprocess, 7.2ms inference, 11.0ms postprocess per image at shape (1, 3, 384, 640)
Processing main_dataset/data/train/124_png.rf.1c7ed97791213cc079fccc558f1ad959.jpg...

image 1/1 /home/admin/Documents/FEUP-CV/proj/task2/../datasets/main_dataset/data/train/124_png.rf.1c7ed97791213cc079fccc558f1ad959.jpg: 384x640 2 pool_tables, 7.2ms
Speed: 2.0ms preprocess, 7.2ms inference, 12.1ms postprocess per image at shape (1, 3, 384, 640)
Processing main_dataset/data/train/13_png.rf.6997e656c43b72e712856bc7557bedf9.jpg...

image 1/1 /home/admin/Documents/FEUP-CV/proj/task2/../datasets/main_dataset/data/train/13_png.rf.6997e656c43b72e712856bc7557bedf9.jpg: 384x640 2 pool_tables, 7.1ms
Speed: 2.8ms preprocess, 7.1ms inference, 12.1ms postprocess per image at shape (1, 3, 384, 640)
Processing main_dataset/data/train/13a_png.rf.b63780972f2990e77bbc2889190bd191.jpg...

image 1/1 /home/admin/Documents/FEUP-CV/proj/task2/../datasets/main_dataset/data/train/13a_png.rf.b63780972f2990e77bbc2889190bd191.jpg: 416x640 1 pool_table, 11.8ms
Speed: 3.4ms preprocess, 11.8ms inference, 12.1ms postprocess per image at shape (1, 3, 416, 640)
Processing main_dataset/data/train/112_png.rf.9b08015f172aafbe456ed9d92cca77fe.jpg...

image 1/1 /home/admin/Documents/FEUP-CV/proj/task2/../datasets/main_dataset/data/train/112_png.rf.9b08015f172aafbe456ed9d92cca77fe.jpg: 384x640 1 pool_table, 14.5ms
Speed: 3.0ms preprocess, 14.5ms inference, 8.0ms postprocess per image at shape (1, 3, 384, 640)
Processing main_dataset/data/train/64_png.rf.8322253b1a0f6abfcf98c466097d8b17.jpg...

image 1/1 /home/admin/Documents/FEUP-CV/proj/task2/../datasets/main_dataset/data/train/64_png.rf.8322253b1a0f6abfcf98c466097d8b17.jpg: 384x640 1 pool_table, 7.2ms
Speed: 2.5ms preprocess, 7.2ms inference, 12.0ms postprocess per image at shape (1, 3, 384, 640)
Processing main_dataset/data/train/2t_png.rf.cc82f8a1e04420002737935546caff16.jpg...

image 1/1 /home/admin/Documents/FEUP-CV/proj/task2/../datasets/main_dataset/data/train/2t_png.rf.cc82f8a1e04420002737935546caff16.jpg: 416x640 1 pool_table, 11.7ms
Speed: 2.7ms preprocess, 11.7ms inference, 12.1ms postprocess per image at shape (1, 3, 416, 640)
Processing main_dataset/data/train/136_png.rf.e99c3dfd6e84ce294cdabc3bb5ee8a75.jpg...

image 1/1 /home/admin/Documents/FEUP-CV/proj/task2/../datasets/main_dataset/data/train/136_png.rf.e99c3dfd6e84ce294cdabc3bb5ee8a75.jpg: 384x640 1 pool_table, 14.3ms
Speed: 3.3ms preprocess, 14.3ms inference, 8.6ms postprocess per image at shape (1, 3, 384, 640)
Processing main_dataset/data/train/190_png.rf.24ed612fdc752703c31861be4bc95545.jpg...

image 1/1 /home/admin/Documents/FEUP-CV/proj/task2/../datasets/main_dataset/data/train/190_png.rf.24ed612fdc752703c31861be4bc95545.jpg: 384x640 1 pool_table, 7.1ms
Speed: 2.6ms preprocess, 7.1ms inference, 10.7ms postprocess per image at shape (1, 3, 384, 640)
Processing main_dataset/data/train/57_png.rf.03d3722260858e9a17b3a16291bd0103.jpg...

image 1/1 /home/admin/Documents/FEUP-CV/proj/task2/../datasets/main_dataset/data/train/57_png.rf.03d3722260858e9a17b3a16291bd0103.jpg: 384x640 2 pool_tables, 7.2ms
Speed: 2.6ms preprocess, 7.2ms inference, 12.3ms postprocess per image at shape (1, 3, 384, 640)
Processing main_dataset/data/train/1a_png.rf.17bf9820312efff2213b1d1b08ffad66.jpg...

image 1/1 /home/admin/Documents/FEUP-CV/proj/task2/../datasets/main_dataset/data/train/1a_png.rf.17bf9820312efff2213b1d1b08ffad66.jpg: 416x640 1 pool_table, 14.4ms
Speed: 2.7ms preprocess, 14.4ms inference, 12.1ms postprocess per image at shape (1, 3, 416, 640)
Processing main_dataset/data/train/187_png.rf.b5c19d9e137330a99f4a5885ac5c7d73.jpg...

image 1/1 /home/admin/Documents/FEUP-CV/proj/task2/../datasets/main_dataset/data/train/187_png.rf.b5c19d9e137330a99f4a5885ac5c7d73.jpg: 384x640 1 pool_table, 14.6ms
Speed: 3.6ms preprocess, 14.6ms inference, 3.7ms postprocess per image at shape (1, 3, 384, 640)
Processing main_dataset/data/train/16t_png.rf.119ab55b2bf60739d833fe614cf03c92.jpg...

image 1/1 /home/admin/Documents/FEUP-CV/proj/task2/../datasets/main_dataset/data/train/16t_png.rf.119ab55b2bf60739d833fe614cf03c92.jpg: 416x640 1 pool_table, 14.1ms
Speed: 2.6ms preprocess, 14.1ms inference, 12.1ms postprocess per image at shape (1, 3, 416, 640)
Processing main_dataset/data/train/20t_png.rf.9c3224a237aafafb9884ca7c91a4ddb3.jpg...

image 1/1 /home/admin/Documents/FEUP-CV/proj/task2/../datasets/main_dataset/data/train/20t_png.rf.9c3224a237aafafb9884ca7c91a4ddb3.jpg: 416x640 1 pool_table, 6.8ms
Speed: 2.9ms preprocess, 6.8ms inference, 12.1ms postprocess per image at shape (1, 3, 416, 640)
Processing main_dataset/data/train/91_png.rf.d78bae1b26a617eb6363e4345800eb54.jpg...

image 1/1 /home/admin/Documents/FEUP-CV/proj/task2/../datasets/main_dataset/data/train/91_png.rf.d78bae1b26a617eb6363e4345800eb54.jpg: 384x640 1 pool_table, 14.6ms
Speed: 2.2ms preprocess, 14.6ms inference, 12.2ms postprocess per image at shape (1, 3, 384, 640)
Processing main_dataset/data/train/100_png.rf.1d10e5312c53cc3fb4e0bf319dd466ba.jpg...

image 1/1 /home/admin/Documents/FEUP-CV/proj/task2/../datasets/main_dataset/data/train/100_png.rf.1d10e5312c53cc3fb4e0bf319dd466ba.jpg: 384x640 1 pool_table, 7.2ms
Speed: 2.6ms preprocess, 7.2ms inference, 12.1ms postprocess per image at shape (1, 3, 384, 640)
Processing main_dataset/data/train/9_png.rf.3a4164e5647feea77eb3062be7e65aea.jpg...

image 1/1 /home/admin/Documents/FEUP-CV/proj/task2/../datasets/main_dataset/data/train/9_png.rf.3a4164e5647feea77eb3062be7e65aea.jpg: 384x640 1 pool_table, 7.2ms
Speed: 2.9ms preprocess, 7.2ms inference, 12.0ms postprocess per image at shape (1, 3, 384, 640)
Processing main_dataset/data/train/43_png.rf.68ae08a017d1928a4cef37867a7f3231.jpg...

image 1/1 /home/admin/Documents/FEUP-CV/proj/task2/../datasets/main_dataset/data/train/43_png.rf.68ae08a017d1928a4cef37867a7f3231.jpg: 384x640 2 pool_tables, 7.2ms
Speed: 2.8ms preprocess, 7.2ms inference, 11.7ms postprocess per image at shape (1, 3, 384, 640)
Processing main_dataset/data/train/157_png.rf.27c930f4a54872dbae1acb7faf69b5af.jpg...

image 1/1 /home/admin/Documents/FEUP-CV/proj/task2/../datasets/main_dataset/data/train/157_png.rf.27c930f4a54872dbae1acb7faf69b5af.jpg: 384x640 1 pool_table, 7.2ms
Speed: 1.6ms preprocess, 7.2ms inference, 11.1ms postprocess per image at shape (1, 3, 384, 640)
Processing main_dataset/data/train/86_png.rf.ed680afb145347de62fa9e5dd2b90bbe.jpg...

image 1/1 /home/admin/Documents/FEUP-CV/proj/task2/../datasets/main_dataset/data/train/86_png.rf.ed680afb145347de62fa9e5dd2b90bbe.jpg: 384x640 1 pool_table, 7.2ms
Speed: 1.9ms preprocess, 7.2ms inference, 12.2ms postprocess per image at shape (1, 3, 384, 640)
Processing main_dataset/data/train/131_png.rf.593310c39f8835ed0786033b6690de45.jpg...

image 1/1 /home/admin/Documents/FEUP-CV/proj/task2/../datasets/main_dataset/data/train/131_png.rf.593310c39f8835ed0786033b6690de45.jpg: 384x640 1 pool_table, 7.1ms
Speed: 3.3ms preprocess, 7.1ms inference, 11.0ms postprocess per image at shape (1, 3, 384, 640)
Processing main_dataset/data/train/140_png.rf.6645e10bad5cf3f197b71ddb6b34e6b4.jpg...

image 1/1 /home/admin/Documents/FEUP-CV/proj/task2/../datasets/main_dataset/data/train/140_png.rf.6645e10bad5cf3f197b71ddb6b34e6b4.jpg: 384x640 1 pool_table, 7.2ms
Speed: 3.3ms preprocess, 7.2ms inference, 12.1ms postprocess per image at shape (1, 3, 384, 640)
Processing main_dataset/data/train/24f_png.rf.ee5f961ec533993bb9907fa09380d92a.jpg...

image 1/1 /home/admin/Documents/FEUP-CV/proj/task2/../datasets/main_dataset/data/train/24f_png.rf.ee5f961ec533993bb9907fa09380d92a.jpg: 416x640 1 pool_table, 14.2ms
Speed: 3.1ms preprocess, 14.2ms inference, 12.1ms postprocess per image at shape (1, 3, 416, 640)
Processing main_dataset/data/train/103_png.rf.8837c4ba6e91c59a634fc8cd30cd204b.jpg...

image 1/1 /home/admin/Documents/FEUP-CV/proj/task2/../datasets/main_dataset/data/train/103_png.rf.8837c4ba6e91c59a634fc8cd30cd204b.jpg: 384x640 1 pool_table, 14.5ms
Speed: 2.4ms preprocess, 14.5ms inference, 12.1ms postprocess per image at shape (1, 3, 384, 640)
Processing main_dataset/data/train/35_png.rf.3b3f67570700881bc1962c56d85d95eb.jpg...

image 1/1 /home/admin/Documents/FEUP-CV/proj/task2/../datasets/main_dataset/data/train/35_png.rf.3b3f67570700881bc1962c56d85d95eb.jpg: 384x640 1 pool_table, 7.2ms
Speed: 3.4ms preprocess, 7.2ms inference, 11.2ms postprocess per image at shape (1, 3, 384, 640)
Processing main_dataset/data/train/59_png.rf.4a6785ea55d34bd60949327634ab613d.jpg...

image 1/1 /home/admin/Documents/FEUP-CV/proj/task2/../datasets/main_dataset/data/train/59_png.rf.4a6785ea55d34bd60949327634ab613d.jpg: 384x640 1 pool_table, 7.2ms
Speed: 3.1ms preprocess, 7.2ms inference, 12.1ms postprocess per image at shape (1, 3, 384, 640)
Processing main_dataset/data/train/161_png.rf.2436f2b0f85b3351121e334fce1ae80c.jpg...

image 1/1 /home/admin/Documents/FEUP-CV/proj/task2/../datasets/main_dataset/data/train/161_png.rf.2436f2b0f85b3351121e334fce1ae80c.jpg: 384x640 1 pool_table, 7.2ms
Speed: 1.7ms preprocess, 7.2ms inference, 12.2ms postprocess per image at shape (1, 3, 384, 640)
Processing main_dataset/data/train/70_png.rf.c11964e069c3c801f450ed11cbc6a414.jpg...

image 1/1 /home/admin/Documents/FEUP-CV/proj/task2/../datasets/main_dataset/data/train/70_png.rf.c11964e069c3c801f450ed11cbc6a414.jpg: 384x640 1 pool_table, 7.2ms
Speed: 3.2ms preprocess, 7.2ms inference, 11.8ms postprocess per image at shape (1, 3, 384, 640)
Processing main_dataset/data/train/60_png.rf.86486015e392f6e4d94b76b74845f588.jpg...

image 1/1 /home/admin/Documents/FEUP-CV/proj/task2/../datasets/main_dataset/data/train/60_png.rf.86486015e392f6e4d94b76b74845f588.jpg: 384x640 1 pool_table, 7.2ms
Speed: 2.0ms preprocess, 7.2ms inference, 12.2ms postprocess per image at shape (1, 3, 384, 640)
Processing main_dataset/data/train/105_png.rf.ea359f2dfa667da92e30a8ceeefe7e62.jpg...

image 1/1 /home/admin/Documents/FEUP-CV/proj/task2/../datasets/main_dataset/data/train/105_png.rf.ea359f2dfa667da92e30a8ceeefe7e62.jpg: 384x640 1 pool_table, 7.1ms
Speed: 1.9ms preprocess, 7.1ms inference, 12.0ms postprocess per image at shape (1, 3, 384, 640)
Processing main_dataset/data/train/133_png.rf.a4164ecd79cdd480304adcf094cd17e3.jpg...

image 1/1 /home/admin/Documents/FEUP-CV/proj/task2/../datasets/main_dataset/data/train/133_png.rf.a4164ecd79cdd480304adcf094cd17e3.jpg: 384x640 1 pool_table, 7.1ms
Speed: 2.9ms preprocess, 7.1ms inference, 12.0ms postprocess per image at shape (1, 3, 384, 640)
Processing main_dataset/data/train/74_png.rf.d4457ce90ae63f42842e5cc1f35d9425.jpg...

image 1/1 /home/admin/Documents/FEUP-CV/proj/task2/../datasets/main_dataset/data/train/74_png.rf.d4457ce90ae63f42842e5cc1f35d9425.jpg: 384x640 3 pool_tables, 7.1ms
Speed: 3.5ms preprocess, 7.1ms inference, 12.0ms postprocess per image at shape (1, 3, 384, 640)
Processing main_dataset/data/train/51_png.rf.6cd3806d5bbf3bb4c08aa71f88200357.jpg...

image 1/1 /home/admin/Documents/FEUP-CV/proj/task2/../datasets/main_dataset/data/train/51_png.rf.6cd3806d5bbf3bb4c08aa71f88200357.jpg: 384x640 2 pool_tables, 7.1ms
Speed: 1.7ms preprocess, 7.1ms inference, 12.0ms postprocess per image at shape (1, 3, 384, 640)
Processing main_dataset/data/train/139_png.rf.3b1d0480bfeb169028854cb472ea5f25.jpg...

image 1/1 /home/admin/Documents/FEUP-CV/proj/task2/../datasets/main_dataset/data/train/139_png.rf.3b1d0480bfeb169028854cb472ea5f25.jpg: 384x640 1 pool_table, 7.1ms
Speed: 3.1ms preprocess, 7.1ms inference, 10.5ms postprocess per image at shape (1, 3, 384, 640)
Processing main_dataset/data/train/118_png.rf.3e82e1f3d657302b61a62c113271b753.jpg...

image 1/1 /home/admin/Documents/FEUP-CV/proj/task2/../datasets/main_dataset/data/train/118_png.rf.3e82e1f3d657302b61a62c113271b753.jpg: 384x640 1 pool_table, 7.3ms
Speed: 3.4ms preprocess, 7.3ms inference, 11.9ms postprocess per image at shape (1, 3, 384, 640)
Processing main_dataset/data/train/128_png.rf.536c0efc16ea6cf15f4f2a6f280450cf.jpg...

image 1/1 /home/admin/Documents/FEUP-CV/proj/task2/../datasets/main_dataset/data/train/128_png.rf.536c0efc16ea6cf15f4f2a6f280450cf.jpg: 384x640 1 pool_table, 7.2ms
Speed: 3.7ms preprocess, 7.2ms inference, 12.0ms postprocess per image at shape (1, 3, 384, 640)
Processing main_dataset/data/train/127_png.rf.9f6501b0ba0e856cf6dd9e59f65ce574.jpg...

image 1/1 /home/admin/Documents/FEUP-CV/proj/task2/../datasets/main_dataset/data/train/127_png.rf.9f6501b0ba0e856cf6dd9e59f65ce574.jpg: 384x640 1 pool_table, 7.2ms
Speed: 2.9ms preprocess, 7.2ms inference, 12.1ms postprocess per image at shape (1, 3, 384, 640)
Processing main_dataset/data/train/162_png.rf.faeb269d920f46126201519c32565e6d.jpg...

image 1/1 /home/admin/Documents/FEUP-CV/proj/task2/../datasets/main_dataset/data/train/162_png.rf.faeb269d920f46126201519c32565e6d.jpg: 384x640 1 pool_table, 7.2ms
Speed: 3.4ms preprocess, 7.2ms inference, 12.0ms postprocess per image at shape (1, 3, 384, 640)
Processing main_dataset/data/train/144_png.rf.5c3890791bfecba0869eafb73fa3a4f5.jpg...

image 1/1 /home/admin/Documents/FEUP-CV/proj/task2/../datasets/main_dataset/data/train/144_png.rf.5c3890791bfecba0869eafb73fa3a4f5.jpg: 384x640 1 pool_table, 7.1ms
Speed: 2.4ms preprocess, 7.1ms inference, 12.0ms postprocess per image at shape (1, 3, 384, 640)
Processing main_dataset/data/train/18_png.rf.deca17bfe3ef6a0738238319d1dcdd71.jpg...

image 1/1 /home/admin/Documents/FEUP-CV/proj/task2/../datasets/main_dataset/data/train/18_png.rf.deca17bfe3ef6a0738238319d1dcdd71.jpg: 384x640 2 pool_tables, 7.1ms
Speed: 2.5ms preprocess, 7.1ms inference, 12.0ms postprocess per image at shape (1, 3, 384, 640)
Processing main_dataset/data/train/138_png.rf.8f90a2d90a20d34006c446dc14a852c0.jpg...

image 1/1 /home/admin/Documents/FEUP-CV/proj/task2/../datasets/main_dataset/data/train/138_png.rf.8f90a2d90a20d34006c446dc14a852c0.jpg: 384x640 1 pool_table, 7.1ms
Speed: 3.3ms preprocess, 7.1ms inference, 12.0ms postprocess per image at shape (1, 3, 384, 640)
Processing main_dataset/data/train/40_png.rf.5bb1a2e7946b7a35cb9e87950cc508da.jpg...

image 1/1 /home/admin/Documents/FEUP-CV/proj/task2/../datasets/main_dataset/data/train/40_png.rf.5bb1a2e7946b7a35cb9e87950cc508da.jpg: 384x640 1 pool_table, 7.1ms
Speed: 2.4ms preprocess, 7.1ms inference, 11.9ms postprocess per image at shape (1, 3, 384, 640)
Processing main_dataset/data/train/8a_png.rf.d4bd36f20fb980c22c7f33948a375e2a.jpg...

image 1/1 /home/admin/Documents/FEUP-CV/proj/task2/../datasets/main_dataset/data/train/8a_png.rf.d4bd36f20fb980c22c7f33948a375e2a.jpg: 416x640 1 pool_table, 14.2ms
Speed: 3.5ms preprocess, 14.2ms inference, 12.2ms postprocess per image at shape (1, 3, 416, 640)
Processing main_dataset/data/train/68_png.rf.2abffb51d52abb9355fb9037922c7535.jpg...

image 1/1 /home/admin/Documents/FEUP-CV/proj/task2/../datasets/main_dataset/data/train/68_png.rf.2abffb51d52abb9355fb9037922c7535.jpg: 384x640 1 pool_table, 14.4ms
Speed: 1.9ms preprocess, 14.4ms inference, 7.5ms postprocess per image at shape (1, 3, 384, 640)
Processing main_dataset/data/train/20a_png.rf.a3aea3e21d9ff672c555eaa2dcd6c945.jpg...

image 1/1 /home/admin/Documents/FEUP-CV/proj/task2/../datasets/main_dataset/data/train/20a_png.rf.a3aea3e21d9ff672c555eaa2dcd6c945.jpg: 416x640 1 pool_table, 14.3ms
Speed: 2.2ms preprocess, 14.3ms inference, 12.1ms postprocess per image at shape (1, 3, 416, 640)
Processing main_dataset/data/train/23a_png.rf.c51e6e9452d0f5b24425c277e7e93085.jpg...

image 1/1 /home/admin/Documents/FEUP-CV/proj/task2/../datasets/main_dataset/data/train/23a_png.rf.c51e6e9452d0f5b24425c277e7e93085.jpg: 416x640 1 pool_table, 6.9ms
Speed: 3.6ms preprocess, 6.9ms inference, 12.2ms postprocess per image at shape (1, 3, 416, 640)
Processing main_dataset/data/train/33_png.rf.297fe8781d6a91fb415a3483e34b5d6d.jpg...

image 1/1 /home/admin/Documents/FEUP-CV/proj/task2/../datasets/main_dataset/data/train/33_png.rf.297fe8781d6a91fb415a3483e34b5d6d.jpg: 384x640 2 pool_tables, 14.4ms
Speed: 3.0ms preprocess, 14.4ms inference, 12.2ms postprocess per image at shape (1, 3, 384, 640)
Processing main_dataset/data/train/11f_png.rf.eb0169eccfb6b264a582491457ff37b6.jpg...

image 1/1 /home/admin/Documents/FEUP-CV/proj/task2/../datasets/main_dataset/data/train/11f_png.rf.eb0169eccfb6b264a582491457ff37b6.jpg: 416x640 1 pool_table, 14.3ms
Speed: 2.3ms preprocess, 14.3ms inference, 12.1ms postprocess per image at shape (1, 3, 416, 640)
Processing main_dataset/data/train/188_png.rf.817e806abd4f5edc9588cc0dbf1a8616.jpg...

image 1/1 /home/admin/Documents/FEUP-CV/proj/task2/../datasets/main_dataset/data/train/188_png.rf.817e806abd4f5edc9588cc0dbf1a8616.jpg: 384x640 1 pool_table, 14.5ms
Speed: 3.0ms preprocess, 14.5ms inference, 7.4ms postprocess per image at shape (1, 3, 384, 640)
Processing main_dataset/data/train/66_png.rf.4cae8e3276f22572dc03614ba2654a27.jpg...

image 1/1 /home/admin/Documents/FEUP-CV/proj/task2/../datasets/main_dataset/data/train/66_png.rf.4cae8e3276f22572dc03614ba2654a27.jpg: 384x640 1 pool_table, 7.1ms
Speed: 2.2ms preprocess, 7.1ms inference, 10.6ms postprocess per image at shape (1, 3, 384, 640)
Processing main_dataset/data/train/28_png.rf.eae3c87c5a3a27e7321c4f3f9b902dc7.jpg...

image 1/1 /home/admin/Documents/FEUP-CV/proj/task2/../datasets/main_dataset/data/train/28_png.rf.eae3c87c5a3a27e7321c4f3f9b902dc7.jpg: 384x640 2 pool_tables, 7.1ms
Speed: 3.6ms preprocess, 7.1ms inference, 10.6ms postprocess per image at shape (1, 3, 384, 640)
Processing main_dataset/data/train/61_png.rf.fcb03285eaaa0805f6a53443b10cd4fe.jpg...

image 1/1 /home/admin/Documents/FEUP-CV/proj/task2/../datasets/main_dataset/data/train/61_png.rf.fcb03285eaaa0805f6a53443b10cd4fe.jpg: 384x640 2 pool_tables, 7.1ms
Speed: 2.0ms preprocess, 7.1ms inference, 12.1ms postprocess per image at shape (1, 3, 384, 640)
Processing main_dataset/data/train/34_png.rf.407889c8b2afe2a57c57461fa46b2d4f.jpg...

image 1/1 /home/admin/Documents/FEUP-CV/proj/task2/../datasets/main_dataset/data/train/34_png.rf.407889c8b2afe2a57c57461fa46b2d4f.jpg: 384x640 2 pool_tables, 7.1ms
Speed: 3.1ms preprocess, 7.1ms inference, 8.6ms postprocess per image at shape (1, 3, 384, 640)
Processing main_dataset/data/train/10_png.rf.9b8c9cafc4edaba51d6fc14bc4ef7186.jpg...

image 1/1 /home/admin/Documents/FEUP-CV/proj/task2/../datasets/main_dataset/data/train/10_png.rf.9b8c9cafc4edaba51d6fc14bc4ef7186.jpg: 384x640 2 pool_tables, 7.1ms
Speed: 2.3ms preprocess, 7.1ms inference, 12.1ms postprocess per image at shape (1, 3, 384, 640)
Processing main_dataset/data/train/13t_png.rf.6106fd96f4902de298dac63ac73ac264.jpg...

image 1/1 /home/admin/Documents/FEUP-CV/proj/task2/../datasets/main_dataset/data/train/13t_png.rf.6106fd96f4902de298dac63ac73ac264.jpg: 416x640 1 pool_table, 14.4ms
Speed: 3.3ms preprocess, 14.4ms inference, 12.1ms postprocess per image at shape (1, 3, 416, 640)
Processing main_dataset/data/train/7t_png.rf.d593f52ab7cb17881fddcaf5de468819.jpg...

image 1/1 /home/admin/Documents/FEUP-CV/proj/task2/../datasets/main_dataset/data/train/7t_png.rf.d593f52ab7cb17881fddcaf5de468819.jpg: 416x640 1 pool_table, 4.4ms
Speed: 3.9ms preprocess, 4.4ms inference, 1.5ms postprocess per image at shape (1, 3, 416, 640)
Processing main_dataset/data/train/3_png.rf.3623643d6ea770476054dcbc18ec4da8.jpg...

image 1/1 /home/admin/Documents/FEUP-CV/proj/task2/../datasets/main_dataset/data/train/3_png.rf.3623643d6ea770476054dcbc18ec4da8.jpg: 384x640 1 pool_table, 14.3ms
Speed: 2.0ms preprocess, 14.3ms inference, 9.0ms postprocess per image at shape (1, 3, 384, 640)
Processing main_dataset/data/train/29_png.rf.6123f6b17b0b0752cc729beefa04a070.jpg...

image 1/1 /home/admin/Documents/FEUP-CV/proj/task2/../datasets/main_dataset/data/train/29_png.rf.6123f6b17b0b0752cc729beefa04a070.jpg: 384x640 4 pool_tables, 7.2ms
Speed: 2.6ms preprocess, 7.2ms inference, 11.0ms postprocess per image at shape (1, 3, 384, 640)
Processing main_dataset/data/train/111_png.rf.573bdb8149674c4469ce560c651c6a48.jpg...

image 1/1 /home/admin/Documents/FEUP-CV/proj/task2/../datasets/main_dataset/data/train/111_png.rf.573bdb8149674c4469ce560c651c6a48.jpg: 384x640 1 pool_table, 7.1ms
Speed: 1.9ms preprocess, 7.1ms inference, 12.0ms postprocess per image at shape (1, 3, 384, 640)
Processing main_dataset/data/train/180_png.rf.d95ed08408ababb588c6d1af919a1ba5.jpg...

image 1/1 /home/admin/Documents/FEUP-CV/proj/task2/../datasets/main_dataset/data/train/180_png.rf.d95ed08408ababb588c6d1af919a1ba5.jpg: 384x640 2 pool_tables, 7.1ms
Speed: 3.3ms preprocess, 7.1ms inference, 10.7ms postprocess per image at shape (1, 3, 384, 640)
Processing main_dataset/data/train/1t_png.rf.4e6421a849d36687701eb5b4187ff417.jpg...

image 1/1 /home/admin/Documents/FEUP-CV/proj/task2/../datasets/main_dataset/data/train/1t_png.rf.4e6421a849d36687701eb5b4187ff417.jpg: 416x640 1 pool_table, 14.4ms
Speed: 2.9ms preprocess, 14.4ms inference, 12.2ms postprocess per image at shape (1, 3, 416, 640)
Processing main_dataset/data/train/85_png.rf.92386fd10cea05180773e53215694d52.jpg...

image 1/1 /home/admin/Documents/FEUP-CV/proj/task2/../datasets/main_dataset/data/train/85_png.rf.92386fd10cea05180773e53215694d52.jpg: 384x640 1 pool_table, 14.5ms
Speed: 3.1ms preprocess, 14.5ms inference, 7.7ms postprocess per image at shape (1, 3, 384, 640)
Processing main_dataset/data/train/116_png.rf.d62651a8a8690338109c790bb5e036bd.jpg...

image 1/1 /home/admin/Documents/FEUP-CV/proj/task2/../datasets/main_dataset/data/train/116_png.rf.d62651a8a8690338109c790bb5e036bd.jpg: 384x640 1 pool_table, 7.0ms
Speed: 2.9ms preprocess, 7.0ms inference, 8.8ms postprocess per image at shape (1, 3, 384, 640)
Processing main_dataset/data/train/75_png.rf.fec3448d8e1f00fd7d681730877c8e37.jpg...

image 1/1 /home/admin/Documents/FEUP-CV/proj/task2/../datasets/main_dataset/data/train/75_png.rf.fec3448d8e1f00fd7d681730877c8e37.jpg: 384x640 2 pool_tables, 7.1ms
Speed: 3.1ms preprocess, 7.1ms inference, 12.1ms postprocess per image at shape (1, 3, 384, 640)
Processing main_dataset/data/train/123_png.rf.c77820fd3abbca5d6265af63564f9564.jpg...

image 1/1 /home/admin/Documents/FEUP-CV/proj/task2/../datasets/main_dataset/data/train/123_png.rf.c77820fd3abbca5d6265af63564f9564.jpg: 384x640 1 pool_table, 7.0ms
Speed: 1.8ms preprocess, 7.0ms inference, 12.1ms postprocess per image at shape (1, 3, 384, 640)
Processing main_dataset/data/train/18a_png.rf.6fd1e6c4251554864ca626ac2595e32d.jpg...

image 1/1 /home/admin/Documents/FEUP-CV/proj/task2/../datasets/main_dataset/data/train/18a_png.rf.6fd1e6c4251554864ca626ac2595e32d.jpg: 416x640 1 pool_table, 11.8ms
Speed: 3.7ms preprocess, 11.8ms inference, 12.0ms postprocess per image at shape (1, 3, 416, 640)
Processing main_dataset/data/train/10t_png.rf.97c979f963b5a914b50a065e59ef3873.jpg...

image 1/1 /home/admin/Documents/FEUP-CV/proj/task2/../datasets/main_dataset/data/train/10t_png.rf.97c979f963b5a914b50a065e59ef3873.jpg: 416x640 1 pool_table, 4.4ms
Speed: 2.7ms preprocess, 4.4ms inference, 1.6ms postprocess per image at shape (1, 3, 416, 640)
Processing main_dataset/data/train/167_png.rf.9c4562ed01369906a44a489f10bd858b.jpg...

image 1/1 /home/admin/Documents/FEUP-CV/proj/task2/../datasets/main_dataset/data/train/167_png.rf.9c4562ed01369906a44a489f10bd858b.jpg: 384x640 1 pool_table, 14.5ms
Speed: 3.1ms preprocess, 14.5ms inference, 10.1ms postprocess per image at shape (1, 3, 384, 640)
Processing main_dataset/data/train/15_png.rf.f28eaebb6a7dae29a59dd6b9d28ea7d5.jpg...

image 1/1 /home/admin/Documents/FEUP-CV/proj/task2/../datasets/main_dataset/data/train/15_png.rf.f28eaebb6a7dae29a59dd6b9d28ea7d5.jpg: 384x640 1 pool_table, 7.2ms
Speed: 2.0ms preprocess, 7.2ms inference, 11.4ms postprocess per image at shape (1, 3, 384, 640)
Processing main_dataset/data/train/83_png.rf.660e765884a44b4f58b54170810c4888.jpg...

image 1/1 /home/admin/Documents/FEUP-CV/proj/task2/../datasets/main_dataset/data/train/83_png.rf.660e765884a44b4f58b54170810c4888.jpg: 384x640 1 pool_table, 7.1ms
Speed: 3.1ms preprocess, 7.1ms inference, 12.0ms postprocess per image at shape (1, 3, 384, 640)
Processing main_dataset/data/train/173_png.rf.f39ff7cc18819e237dd9a08f84c71d40.jpg...

image 1/1 /home/admin/Documents/FEUP-CV/proj/task2/../datasets/main_dataset/data/train/173_png.rf.f39ff7cc18819e237dd9a08f84c71d40.jpg: 384x640 1 pool_table, 7.1ms
Speed: 2.1ms preprocess, 7.1ms inference, 12.1ms postprocess per image at shape (1, 3, 384, 640)
Processing main_dataset/data/train/99_png.rf.980b3b82bd6f61bc422a234a44e95383.jpg...

image 1/1 /home/admin/Documents/FEUP-CV/proj/task2/../datasets/main_dataset/data/train/99_png.rf.980b3b82bd6f61bc422a234a44e95383.jpg: 384x640 2 pool_tables, 7.1ms
Speed: 2.6ms preprocess, 7.1ms inference, 8.3ms postprocess per image at shape (1, 3, 384, 640)
Processing main_dataset/data/train/72_png.rf.d71504fccb884a26e91b51ad8efcd509.jpg...

image 1/1 /home/admin/Documents/FEUP-CV/proj/task2/../datasets/main_dataset/data/train/72_png.rf.d71504fccb884a26e91b51ad8efcd509.jpg: 384x640 1 pool_table, 7.1ms
Speed: 1.7ms preprocess, 7.1ms inference, 12.0ms postprocess per image at shape (1, 3, 384, 640)
Processing main_dataset/data/train/24t_png.rf.736be6ec774d58d37397d1d1675e4fb9.jpg...

image 1/1 /home/admin/Documents/FEUP-CV/proj/task2/../datasets/main_dataset/data/train/24t_png.rf.736be6ec774d58d37397d1d1675e4fb9.jpg: 416x640 1 pool_table, 14.3ms
Speed: 2.1ms preprocess, 14.3ms inference, 12.1ms postprocess per image at shape (1, 3, 416, 640)
Processing main_dataset/data/train/149_png.rf.9aba27d537b76bf911a1f4553acc6bc1.jpg...

image 1/1 /home/admin/Documents/FEUP-CV/proj/task2/../datasets/main_dataset/data/train/149_png.rf.9aba27d537b76bf911a1f4553acc6bc1.jpg: 384x640 2 pool_tables, 14.5ms
Speed: 2.9ms preprocess, 14.5ms inference, 12.0ms postprocess per image at shape (1, 3, 384, 640)
Processing main_dataset/data/train/93_png.rf.e4404052301ebc4f485e978401b476d2.jpg...

image 1/1 /home/admin/Documents/FEUP-CV/proj/task2/../datasets/main_dataset/data/train/93_png.rf.e4404052301ebc4f485e978401b476d2.jpg: 384x640 1 pool_table, 7.2ms
Speed: 2.7ms preprocess, 7.2ms inference, 11.6ms postprocess per image at shape (1, 3, 384, 640)
Processing main_dataset/data/train/20_png.rf.52c78aebcebbb16b65b30edf6e6dc4a5.jpg...

image 1/1 /home/admin/Documents/FEUP-CV/proj/task2/../datasets/main_dataset/data/train/20_png.rf.52c78aebcebbb16b65b30edf6e6dc4a5.jpg: 384x640 2 pool_tables, 7.1ms
Speed: 1.8ms preprocess, 7.1ms inference, 12.2ms postprocess per image at shape (1, 3, 384, 640)
Processing main_dataset/data/train/135_png.rf.8a27e2add3109c3d2fc762fd95669219.jpg...

image 1/1 /home/admin/Documents/FEUP-CV/proj/task2/../datasets/main_dataset/data/train/135_png.rf.8a27e2add3109c3d2fc762fd95669219.jpg: 384x640 1 pool_table, 7.1ms
Speed: 1.8ms preprocess, 7.1ms inference, 12.1ms postprocess per image at shape (1, 3, 384, 640)
Processing main_dataset/data/train/21_png.rf.14a3f0eb3df1717c54de3445f3988524.jpg...

image 1/1 /home/admin/Documents/FEUP-CV/proj/task2/../datasets/main_dataset/data/train/21_png.rf.14a3f0eb3df1717c54de3445f3988524.jpg: 384x640 1 pool_table, 7.1ms
Speed: 3.3ms preprocess, 7.1ms inference, 12.1ms postprocess per image at shape (1, 3, 384, 640)
Processing main_dataset/data/train/27_png.rf.b66e7ecbfb20811de556a247f42c24ec.jpg...

image 1/1 /home/admin/Documents/FEUP-CV/proj/task2/../datasets/main_dataset/data/train/27_png.rf.b66e7ecbfb20811de556a247f42c24ec.jpg: 384x640 1 pool_table, 7.1ms
Speed: 3.4ms preprocess, 7.1ms inference, 12.1ms postprocess per image at shape (1, 3, 384, 640)
Processing main_dataset/data/train/50_png.rf.383e95718229d46e0da9d8f13dff24d6.jpg...

image 1/1 /home/admin/Documents/FEUP-CV/proj/task2/../datasets/main_dataset/data/train/50_png.rf.383e95718229d46e0da9d8f13dff24d6.jpg: 384x640 2 pool_tables, 7.2ms
Speed: 2.4ms preprocess, 7.2ms inference, 12.1ms postprocess per image at shape (1, 3, 384, 640)
Processing main_dataset/data/train/14_png.rf.8d86ed0d9c157e98afbb750c6da8e2a3.jpg...

image 1/1 /home/admin/Documents/FEUP-CV/proj/task2/../datasets/main_dataset/data/train/14_png.rf.8d86ed0d9c157e98afbb750c6da8e2a3.jpg: 384x640 2 pool_tables, 7.1ms
Speed: 2.1ms preprocess, 7.1ms inference, 12.2ms postprocess per image at shape (1, 3, 384, 640)
Processing main_dataset/data/train/108_png.rf.7bd2f9160e38391af93d2d6ebaaf966a.jpg...

image 1/1 /home/admin/Documents/FEUP-CV/proj/task2/../datasets/main_dataset/data/train/108_png.rf.7bd2f9160e38391af93d2d6ebaaf966a.jpg: 384x640 1 pool_table, 7.2ms
Speed: 3.7ms preprocess, 7.2ms inference, 11.1ms postprocess per image at shape (1, 3, 384, 640)
Processing main_dataset/data/train/47_png.rf.bc20932b8fce905f2947cfc69dd6920c.jpg...

image 1/1 /home/admin/Documents/FEUP-CV/proj/task2/../datasets/main_dataset/data/train/47_png.rf.bc20932b8fce905f2947cfc69dd6920c.jpg: 384x640 2 pool_tables, 7.2ms
Speed: 2.9ms preprocess, 7.2ms inference, 12.1ms postprocess per image at shape (1, 3, 384, 640)
Processing main_dataset/data/train/7f_png.rf.4c4c0c1f3dbe608fab29a732857d2927.jpg...

image 1/1 /home/admin/Documents/FEUP-CV/proj/task2/../datasets/main_dataset/data/train/7f_png.rf.4c4c0c1f3dbe608fab29a732857d2927.jpg: 416x640 1 pool_table, 14.1ms
Speed: 3.8ms preprocess, 14.1ms inference, 12.2ms postprocess per image at shape (1, 3, 416, 640)
Processing main_dataset/data/train/4a_png.rf.a6bb5c5706fd8628eb53d34a122cf441.jpg...

image 1/1 /home/admin/Documents/FEUP-CV/proj/task2/../datasets/main_dataset/data/train/4a_png.rf.a6bb5c5706fd8628eb53d34a122cf441.jpg: 416x640 1 pool_table, 7.2ms
Speed: 3.0ms preprocess, 7.2ms inference, 12.2ms postprocess per image at shape (1, 3, 416, 640)
Processing main_dataset/data/train/166_png.rf.2a5fbe9b778584d26692a480bda6f22a.jpg...

image 1/1 /home/admin/Documents/FEUP-CV/proj/task2/../datasets/main_dataset/data/train/166_png.rf.2a5fbe9b778584d26692a480bda6f22a.jpg: 384x640 1 pool_table, 14.8ms
Speed: 3.1ms preprocess, 14.8ms inference, 12.3ms postprocess per image at shape (1, 3, 384, 640)
Processing main_dataset/data/train/92_png.rf.5436107fa80a186911267011f1bad05e.jpg...

image 1/1 /home/admin/Documents/FEUP-CV/proj/task2/../datasets/main_dataset/data/train/92_png.rf.5436107fa80a186911267011f1bad05e.jpg: 384x640 1 pool_table, 7.4ms
Speed: 1.9ms preprocess, 7.4ms inference, 12.4ms postprocess per image at shape (1, 3, 384, 640)
Processing main_dataset/data/train/156_png.rf.be7d3c328dad9ee7e3722259541a79d5.jpg...

image 1/1 /home/admin/Documents/FEUP-CV/proj/task2/../datasets/main_dataset/data/train/156_png.rf.be7d3c328dad9ee7e3722259541a79d5.jpg: 384x640 1 pool_table, 7.4ms
Speed: 2.8ms preprocess, 7.4ms inference, 12.3ms postprocess per image at shape (1, 3, 384, 640)
Processing main_dataset/data/train/73_png.rf.16191fc07ebda5e8a83294c9c4fbd4bb.jpg...

image 1/1 /home/admin/Documents/FEUP-CV/proj/task2/../datasets/main_dataset/data/train/73_png.rf.16191fc07ebda5e8a83294c9c4fbd4bb.jpg: 384x640 1 pool_table, 7.4ms
Speed: 3.6ms preprocess, 7.4ms inference, 12.4ms postprocess per image at shape (1, 3, 384, 640)
Processing main_dataset/data/train/39_png.rf.dc31e2cb0d05a0df89cfefc35ec71231.jpg...

image 1/1 /home/admin/Documents/FEUP-CV/proj/task2/../datasets/main_dataset/data/train/39_png.rf.dc31e2cb0d05a0df89cfefc35ec71231.jpg: 384x640 1 pool_table, 7.6ms
Speed: 3.4ms preprocess, 7.6ms inference, 12.4ms postprocess per image at shape (1, 3, 384, 640)
Processing main_dataset/data/train/25f_png.rf.e20424d4f5cc6ff760cbfa7767c3ec32.jpg...

image 1/1 /home/admin/Documents/FEUP-CV/proj/task2/../datasets/main_dataset/data/train/25f_png.rf.e20424d4f5cc6ff760cbfa7767c3ec32.jpg: 416x640 1 pool_table, 14.8ms
Speed: 2.7ms preprocess, 14.8ms inference, 12.4ms postprocess per image at shape (1, 3, 416, 640)
Processing main_dataset/data/train/30_png.rf.e72e10b42198e1de89cc63429368e384.jpg...

image 1/1 /home/admin/Documents/FEUP-CV/proj/task2/../datasets/main_dataset/data/train/30_png.rf.e72e10b42198e1de89cc63429368e384.jpg: 384x640 2 pool_tables, 14.8ms
Speed: 3.2ms preprocess, 14.8ms inference, 12.3ms postprocess per image at shape (1, 3, 384, 640)
Processing main_dataset/data/train/134_png.rf.eafc70891a991c969df70bd817a63375.jpg...

image 1/1 /home/admin/Documents/FEUP-CV/proj/task2/../datasets/main_dataset/data/train/134_png.rf.eafc70891a991c969df70bd817a63375.jpg: 384x640 1 pool_table, 7.5ms
Speed: 2.1ms preprocess, 7.5ms inference, 12.3ms postprocess per image at shape (1, 3, 384, 640)
Processing main_dataset/data/train/119_png.rf.eff91a09289a82f634d7b231b06dbbdd.jpg...

image 1/1 /home/admin/Documents/FEUP-CV/proj/task2/../datasets/main_dataset/data/train/119_png.rf.eff91a09289a82f634d7b231b06dbbdd.jpg: 384x640 1 pool_table, 7.4ms
Speed: 2.9ms preprocess, 7.4ms inference, 12.3ms postprocess per image at shape (1, 3, 384, 640)
Processing main_dataset/data/train/77_png.rf.255db85931c9fbf597fd7c63e341d1dc.jpg...

image 1/1 /home/admin/Documents/FEUP-CV/proj/task2/../datasets/main_dataset/data/train/77_png.rf.255db85931c9fbf597fd7c63e341d1dc.jpg: 384x640 1 pool_table, 7.4ms
Speed: 2.3ms preprocess, 7.4ms inference, 12.3ms postprocess per image at shape (1, 3, 384, 640)
Processing main_dataset/data/train/54_png.rf.18d8023ac7bcdc316c9be6efbd0070ef.jpg...

image 1/1 /home/admin/Documents/FEUP-CV/proj/task2/../datasets/main_dataset/data/train/54_png.rf.18d8023ac7bcdc316c9be6efbd0070ef.jpg: 384x640 1 pool_table, 7.6ms
Speed: 2.3ms preprocess, 7.6ms inference, 12.4ms postprocess per image at shape (1, 3, 384, 640)
Processing main_dataset/data/train/163_png.rf.caf94b785a094d025843b480af8738cc.jpg...

image 1/1 /home/admin/Documents/FEUP-CV/proj/task2/../datasets/main_dataset/data/train/163_png.rf.caf94b785a094d025843b480af8738cc.jpg: 384x640 1 pool_table, 7.5ms
Speed: 2.3ms preprocess, 7.5ms inference, 12.3ms postprocess per image at shape (1, 3, 384, 640)
Processing main_dataset/data/train/87_png.rf.15d2533afb10c3ae6488769488ecce3f.jpg...

image 1/1 /home/admin/Documents/FEUP-CV/proj/task2/../datasets/main_dataset/data/train/87_png.rf.15d2533afb10c3ae6488769488ecce3f.jpg: 384x640 1 pool_table, 7.6ms
Speed: 3.6ms preprocess, 7.6ms inference, 12.3ms postprocess per image at shape (1, 3, 384, 640)
Processing main_dataset/data/train/95_png.rf.03182e61750c77320a1463bb756ed0cf.jpg...

image 1/1 /home/admin/Documents/FEUP-CV/proj/task2/../datasets/main_dataset/data/train/95_png.rf.03182e61750c77320a1463bb756ed0cf.jpg: 384x640 1 pool_table, 7.5ms
Speed: 3.5ms preprocess, 7.5ms inference, 12.4ms postprocess per image at shape (1, 3, 384, 640)
Processing main_dataset/data/train/191_png.rf.f0dae604026d771ea10fc7983a5b03e7.jpg...

image 1/1 /home/admin/Documents/FEUP-CV/proj/task2/../datasets/main_dataset/data/train/191_png.rf.f0dae604026d771ea10fc7983a5b03e7.jpg: 384x640 1 pool_table, 7.5ms
Speed: 2.6ms preprocess, 7.5ms inference, 12.3ms postprocess per image at shape (1, 3, 384, 640)
Processing main_dataset/data/train/23t_png.rf.f9c0505fe9f3c1f4d088ff99d4625b48.jpg...

image 1/1 /home/admin/Documents/FEUP-CV/proj/task2/../datasets/main_dataset/data/train/23t_png.rf.f9c0505fe9f3c1f4d088ff99d4625b48.jpg: 416x640 1 pool_table, 14.7ms
Speed: 2.4ms preprocess, 14.7ms inference, 12.3ms postprocess per image at shape (1, 3, 416, 640)
Processing main_dataset/data/train/41_png.rf.1b958373ee00ad9b6c72ccde65ac6c44.jpg...

image 1/1 /home/admin/Documents/FEUP-CV/proj/task2/../datasets/main_dataset/data/train/41_png.rf.1b958373ee00ad9b6c72ccde65ac6c44.jpg: 384x640 3 pool_tables, 14.9ms
Speed: 1.8ms preprocess, 14.9ms inference, 12.3ms postprocess per image at shape (1, 3, 384, 640)
Processing main_dataset/data/train/152_png.rf.278ae564b1c981f43016889a9c3240e6.jpg...

image 1/1 /home/admin/Documents/FEUP-CV/proj/task2/../datasets/main_dataset/data/train/152_png.rf.278ae564b1c981f43016889a9c3240e6.jpg: 384x640 1 pool_table, 7.5ms
Speed: 1.9ms preprocess, 7.5ms inference, 12.3ms postprocess per image at shape (1, 3, 384, 640)
Processing main_dataset/data/train/26_png.rf.58fd63888dc80d24e902a96995a31656.jpg...

image 1/1 /home/admin/Documents/FEUP-CV/proj/task2/../datasets/main_dataset/data/train/26_png.rf.58fd63888dc80d24e902a96995a31656.jpg: 384x640 2 pool_tables, 7.5ms
Speed: 2.7ms preprocess, 7.5ms inference, 12.4ms postprocess per image at shape (1, 3, 384, 640)
Processing main_dataset/data/train/31_png.rf.0f21d20a8cd7c12cbb1222cd2070b345.jpg...

image 1/1 /home/admin/Documents/FEUP-CV/proj/task2/../datasets/main_dataset/data/train/31_png.rf.0f21d20a8cd7c12cbb1222cd2070b345.jpg: 384x640 1 pool_table, 7.5ms
Speed: 1.9ms preprocess, 7.5ms inference, 12.3ms postprocess per image at shape (1, 3, 384, 640)
Processing main_dataset/data/train/6t_png.rf.3bfa7c04f03519e61d659108c308de32.jpg...

image 1/1 /home/admin/Documents/FEUP-CV/proj/task2/../datasets/main_dataset/data/train/6t_png.rf.3bfa7c04f03519e61d659108c308de32.jpg: 416x640 1 pool_table, 14.7ms
Speed: 2.5ms preprocess, 14.7ms inference, 12.4ms postprocess per image at shape (1, 3, 416, 640)
Processing main_dataset/data/train/22_png.rf.57aac7aececd3a52d497d28fbb121c8c.jpg...

image 1/1 /home/admin/Documents/FEUP-CV/proj/task2/../datasets/main_dataset/data/train/22_png.rf.57aac7aececd3a52d497d28fbb121c8c.jpg: 384x640 3 pool_tables, 14.9ms
Speed: 2.4ms preprocess, 14.9ms inference, 12.3ms postprocess per image at shape (1, 3, 384, 640)
Processing main_dataset/data/train/148_png.rf.ce6399c2c651b1e0c1ccbe0ed06b1038.jpg...

image 1/1 /home/admin/Documents/FEUP-CV/proj/task2/../datasets/main_dataset/data/train/148_png.rf.ce6399c2c651b1e0c1ccbe0ed06b1038.jpg: 384x640 1 pool_table, 7.6ms
Speed: 2.7ms preprocess, 7.6ms inference, 12.4ms postprocess per image at shape (1, 3, 384, 640)
Processing main_dataset/data/train/158_png.rf.26ee57b4f05c15fe87b27ed170cd79b2.jpg...

image 1/1 /home/admin/Documents/FEUP-CV/proj/task2/../datasets/main_dataset/data/train/158_png.rf.26ee57b4f05c15fe87b27ed170cd79b2.jpg: 384x640 1 pool_table, 7.6ms
Speed: 2.5ms preprocess, 7.6ms inference, 12.4ms postprocess per image at shape (1, 3, 384, 640)
Processing main_dataset/data/train/84_png.rf.ce54014b2da8c78d7c8d54001ffdf576.jpg...

image 1/1 /home/admin/Documents/FEUP-CV/proj/task2/../datasets/main_dataset/data/train/84_png.rf.ce54014b2da8c78d7c8d54001ffdf576.jpg: 384x640 1 pool_table, 7.5ms
Speed: 2.1ms preprocess, 7.5ms inference, 12.4ms postprocess per image at shape (1, 3, 384, 640)
Processing main_dataset/data/train/55_png.rf.68431d245b349b193d16154de0905524.jpg...

image 1/1 /home/admin/Documents/FEUP-CV/proj/task2/../datasets/main_dataset/data/train/55_png.rf.68431d245b349b193d16154de0905524.jpg: 384x640 1 pool_table, 7.5ms
Speed: 2.1ms preprocess, 7.5ms inference, 12.3ms postprocess per image at shape (1, 3, 384, 640)
Processing main_dataset/data/train/53_png.rf.855b0f59076e870a81b9fa99f43590a7.jpg...

image 1/1 /home/admin/Documents/FEUP-CV/proj/task2/../datasets/main_dataset/data/train/53_png.rf.855b0f59076e870a81b9fa99f43590a7.jpg: 384x640 1 pool_table, 7.6ms
Speed: 2.5ms preprocess, 7.6ms inference, 12.3ms postprocess per image at shape (1, 3, 384, 640)
Processing main_dataset/data/train/164_png.rf.adf1d66e8c2fa71261ca3f1d6852fa16.jpg...

image 1/1 /home/admin/Documents/FEUP-CV/proj/task2/../datasets/main_dataset/data/train/164_png.rf.adf1d66e8c2fa71261ca3f1d6852fa16.jpg: 384x640 1 pool_table, 7.5ms
Speed: 3.7ms preprocess, 7.5ms inference, 12.3ms postprocess per image at shape (1, 3, 384, 640)
Processing main_dataset/data/train/132_png.rf.071b2e2111df71728a6b770afd959117.jpg...

image 1/1 /home/admin/Documents/FEUP-CV/proj/task2/../datasets/main_dataset/data/train/132_png.rf.071b2e2111df71728a6b770afd959117.jpg: 384x640 1 pool_table, 7.5ms
Speed: 3.3ms preprocess, 7.5ms inference, 12.4ms postprocess per image at shape (1, 3, 384, 640)
Processing main_dataset/data/train/142_png.rf.7094e2d69746d686d71b971d474ae84d.jpg...

image 1/1 /home/admin/Documents/FEUP-CV/proj/task2/../datasets/main_dataset/data/train/142_png.rf.7094e2d69746d686d71b971d474ae84d.jpg: 384x640 1 pool_table, 7.5ms
Speed: 2.6ms preprocess, 7.5ms inference, 12.3ms postprocess per image at shape (1, 3, 384, 640)
Processing main_dataset/data/train/44_png.rf.fa470a214cd0390f0989f6f83d9bdb4b.jpg...

image 1/1 /home/admin/Documents/FEUP-CV/proj/task2/../datasets/main_dataset/data/train/44_png.rf.fa470a214cd0390f0989f6f83d9bdb4b.jpg: 384x640 2 pool_tables, 7.5ms
Speed: 3.3ms preprocess, 7.5ms inference, 12.3ms postprocess per image at shape (1, 3, 384, 640)
Processing main_dataset/data/train/21f_png.rf.1d0b1d461f995224e4dda334c1e6a20c.jpg...

image 1/1 /home/admin/Documents/FEUP-CV/proj/task2/../datasets/main_dataset/data/train/21f_png.rf.1d0b1d461f995224e4dda334c1e6a20c.jpg: 416x640 1 pool_table, 14.6ms
Speed: 3.0ms preprocess, 14.6ms inference, 12.3ms postprocess per image at shape (1, 3, 416, 640)
Processing main_dataset/data/train/193_png.rf.0d9b4209cb5fb72ec5b2eed87c2f25cc.jpg...

image 1/1 /home/admin/Documents/FEUP-CV/proj/task2/../datasets/main_dataset/data/train/193_png.rf.0d9b4209cb5fb72ec5b2eed87c2f25cc.jpg: 384x640 1 pool_table, 15.1ms
Speed: 1.9ms preprocess, 15.1ms inference, 9.8ms postprocess per image at shape (1, 3, 384, 640)
Processing main_dataset/data/train/104_png.rf.759632d10d5cf129aab09f0968304a4e.jpg...

image 1/1 /home/admin/Documents/FEUP-CV/proj/task2/../datasets/main_dataset/data/train/104_png.rf.759632d10d5cf129aab09f0968304a4e.jpg: 384x640 1 pool_table, 7.4ms
Speed: 1.8ms preprocess, 7.4ms inference, 12.1ms postprocess per image at shape (1, 3, 384, 640)
Processing main_dataset/data/train/168_png.rf.9624724987837b5f2876222d5229cbb0.jpg...

image 1/1 /home/admin/Documents/FEUP-CV/proj/task2/../datasets/main_dataset/data/train/168_png.rf.9624724987837b5f2876222d5229cbb0.jpg: 384x640 3 pool_tables, 7.2ms
Speed: 2.0ms preprocess, 7.2ms inference, 12.2ms postprocess per image at shape (1, 3, 384, 640)
Processing main_dataset/data/train/101_png.rf.ae5f060fc5ed9e0adfaf2ffa7d786c67.jpg...

image 1/1 /home/admin/Documents/FEUP-CV/proj/task2/../datasets/main_dataset/data/train/101_png.rf.ae5f060fc5ed9e0adfaf2ffa7d786c67.jpg: 384x640 1 pool_table, 7.2ms
Speed: 2.9ms preprocess, 7.2ms inference, 12.1ms postprocess per image at shape (1, 3, 384, 640)
Processing main_dataset/data/train/88_png.rf.b58437827b6f9fab3cebf868795b9e21.jpg...

image 1/1 /home/admin/Documents/FEUP-CV/proj/task2/../datasets/main_dataset/data/train/88_png.rf.b58437827b6f9fab3cebf868795b9e21.jpg: 384x640 3 pool_tables, 7.3ms
Speed: 2.9ms preprocess, 7.3ms inference, 12.2ms postprocess per image at shape (1, 3, 384, 640)
Processing main_dataset/data/train/48_png.rf.6d53741dd87298c5fedafc4e15fab214.jpg...

image 1/1 /home/admin/Documents/FEUP-CV/proj/task2/../datasets/main_dataset/data/train/48_png.rf.6d53741dd87298c5fedafc4e15fab214.jpg: 384x640 2 pool_tables, 7.4ms
Speed: 1.9ms preprocess, 7.4ms inference, 12.3ms postprocess per image at shape (1, 3, 384, 640)
Processing main_dataset/data/train/12_png.rf.9071d30b04e7162eeae5abb28b0ff82c.jpg...

image 1/1 /home/admin/Documents/FEUP-CV/proj/task2/../datasets/main_dataset/data/train/12_png.rf.9071d30b04e7162eeae5abb28b0ff82c.jpg: 384x640 1 pool_table, 7.4ms
Speed: 3.8ms preprocess, 7.4ms inference, 12.1ms postprocess per image at shape (1, 3, 384, 640)
Processing main_dataset/data/train/194_png.rf.6b3c01d7e039ffa56fe5023410954781.jpg...

image 1/1 /home/admin/Documents/FEUP-CV/proj/task2/../datasets/main_dataset/data/train/194_png.rf.6b3c01d7e039ffa56fe5023410954781.jpg: 384x640 1 pool_table, 7.3ms
Speed: 3.3ms preprocess, 7.3ms inference, 10.5ms postprocess per image at shape (1, 3, 384, 640)
Processing main_dataset/data/train/19t_png.rf.379beff6ca036f9dfee92873c63e1c91.jpg...

image 1/1 /home/admin/Documents/FEUP-CV/proj/task2/../datasets/main_dataset/data/train/19t_png.rf.379beff6ca036f9dfee92873c63e1c91.jpg: 416x640 1 pool_table, 14.2ms
Speed: 3.3ms preprocess, 14.2ms inference, 12.1ms postprocess per image at shape (1, 3, 416, 640)
Processing main_dataset/data/train/58_png.rf.b94027c8488125d21180dde164fc71f6.jpg...

image 1/1 /home/admin/Documents/FEUP-CV/proj/task2/../datasets/main_dataset/data/train/58_png.rf.b94027c8488125d21180dde164fc71f6.jpg: 384x640 1 pool_table, 14.3ms
Speed: 3.7ms preprocess, 14.3ms inference, 6.5ms postprocess per image at shape (1, 3, 384, 640)
Processing main_dataset/data/train/5a_png.rf.bae1d48b3d2d96a990799b836ecebcbb.jpg...

image 1/1 /home/admin/Documents/FEUP-CV/proj/task2/../datasets/main_dataset/data/train/5a_png.rf.bae1d48b3d2d96a990799b836ecebcbb.jpg: 416x640 1 pool_table, 14.4ms
Speed: 2.5ms preprocess, 14.4ms inference, 12.3ms postprocess per image at shape (1, 3, 416, 640)
Processing main_dataset/data/train/79_png.rf.2789d3bf1e3be008d14e55f240bd3bc4.jpg...

image 1/1 /home/admin/Documents/FEUP-CV/proj/task2/../datasets/main_dataset/data/train/79_png.rf.2789d3bf1e3be008d14e55f240bd3bc4.jpg: 384x640 1 pool_table, 14.7ms
Speed: 3.3ms preprocess, 14.7ms inference, 6.6ms postprocess per image at shape (1, 3, 384, 640)
Processing main_dataset/data/train/12t_png.rf.80855510c9a4d8a3a88e103ed8baeeb7.jpg...

image 1/1 /home/admin/Documents/FEUP-CV/proj/task2/../datasets/main_dataset/data/train/12t_png.rf.80855510c9a4d8a3a88e103ed8baeeb7.jpg: 416x640 1 pool_table, 14.3ms
Speed: 2.8ms preprocess, 14.3ms inference, 12.0ms postprocess per image at shape (1, 3, 416, 640)
Processing main_dataset/data/train/52_png.rf.d9ef7051544ef241be7a8134959f3411.jpg...

image 1/1 /home/admin/Documents/FEUP-CV/proj/task2/../datasets/main_dataset/data/train/52_png.rf.d9ef7051544ef241be7a8134959f3411.jpg: 384x640 1 pool_table, 14.3ms
Speed: 3.6ms preprocess, 14.3ms inference, 3.8ms postprocess per image at shape (1, 3, 384, 640)
Processing main_dataset/data/train/80_png.rf.6c9e5b41ab30f9b3891c82322220421c.jpg...

image 1/1 /home/admin/Documents/FEUP-CV/proj/task2/../datasets/main_dataset/data/train/80_png.rf.6c9e5b41ab30f9b3891c82322220421c.jpg: 384x640 1 pool_table, 7.1ms
Speed: 2.9ms preprocess, 7.1ms inference, 8.0ms postprocess per image at shape (1, 3, 384, 640)
Processing main_dataset/data/train/8_png.rf.00b44beea89152bdea072ac458c5ec85.jpg...

image 1/1 /home/admin/Documents/FEUP-CV/proj/task2/../datasets/main_dataset/data/train/8_png.rf.00b44beea89152bdea072ac458c5ec85.jpg: 384x640 8 pool_tables, 7.0ms
Speed: 2.2ms preprocess, 7.0ms inference, 12.1ms postprocess per image at shape (1, 3, 384, 640)
Processing main_dataset/data/train/183_png.rf.e95dd6384d920b9bc1a7360580bc06d0.jpg...

image 1/1 /home/admin/Documents/FEUP-CV/proj/task2/../datasets/main_dataset/data/train/183_png.rf.e95dd6384d920b9bc1a7360580bc06d0.jpg: 384x640 1 pool_table, 7.2ms
Speed: 3.5ms preprocess, 7.2ms inference, 11.2ms postprocess per image at shape (1, 3, 384, 640)
Processing main_dataset/data/train/113_png.rf.5843d20115f51d7d26f2cf52734504d3.jpg...

image 1/1 /home/admin/Documents/FEUP-CV/proj/task2/../datasets/main_dataset/data/train/113_png.rf.5843d20115f51d7d26f2cf52734504d3.jpg: 384x640 1 pool_table, 7.3ms
Speed: 2.6ms preprocess, 7.3ms inference, 12.2ms postprocess per image at shape (1, 3, 384, 640)
Processing main_dataset/data/train/82_png.rf.d084be48b241d855d5a48b16f9595b2a.jpg...

image 1/1 /home/admin/Documents/FEUP-CV/proj/task2/../datasets/main_dataset/data/train/82_png.rf.d084be48b241d855d5a48b16f9595b2a.jpg: 384x640 1 pool_table, 7.3ms
Speed: 2.3ms preprocess, 7.3ms inference, 12.2ms postprocess per image at shape (1, 3, 384, 640)
Processing main_dataset/data/train/147_png.rf.f75092db32c867f5974bd801ebff4919.jpg...

image 1/1 /home/admin/Documents/FEUP-CV/proj/task2/../datasets/main_dataset/data/train/147_png.rf.f75092db32c867f5974bd801ebff4919.jpg: 384x640 1 pool_table, 7.2ms
Speed: 3.0ms preprocess, 7.2ms inference, 12.1ms postprocess per image at shape (1, 3, 384, 640)
Processing main_dataset/data/train/62_png.rf.bf43de5f5dde5fa31781dc0f01c58883.jpg...

image 1/1 /home/admin/Documents/FEUP-CV/proj/task2/../datasets/main_dataset/data/train/62_png.rf.bf43de5f5dde5fa31781dc0f01c58883.jpg: 384x640 1 pool_table, 7.2ms
Speed: 3.3ms preprocess, 7.2ms inference, 11.6ms postprocess per image at shape (1, 3, 384, 640)
Processing main_dataset/data/train/184_png.rf.a6c6949a3896015ff99ada47dc75393b.jpg...

image 1/1 /home/admin/Documents/FEUP-CV/proj/task2/../datasets/main_dataset/data/train/184_png.rf.a6c6949a3896015ff99ada47dc75393b.jpg: 384x640 2 pool_tables, 7.1ms
Speed: 3.8ms preprocess, 7.1ms inference, 10.6ms postprocess per image at shape (1, 3, 384, 640)
Processing main_dataset/data/train/172_png.rf.fcfccb64edd6563c971ed5aadc369851.jpg...

image 1/1 /home/admin/Documents/FEUP-CV/proj/task2/../datasets/main_dataset/data/train/172_png.rf.fcfccb64edd6563c971ed5aadc369851.jpg: 384x640 1 pool_table, 7.1ms
Speed: 3.3ms preprocess, 7.1ms inference, 10.7ms postprocess per image at shape (1, 3, 384, 640)
Processing main_dataset/data/train/4_png.rf.e18166281030baded761bc4f93be6120.jpg...

image 1/1 /home/admin/Documents/FEUP-CV/proj/task2/../datasets/main_dataset/data/train/4_png.rf.e18166281030baded761bc4f93be6120.jpg: 384x640 1 pool_table, 7.2ms
Speed: 2.7ms preprocess, 7.2ms inference, 10.6ms postprocess per image at shape (1, 3, 384, 640)
Processing main_dataset/data/train/174_png.rf.de712a5dfd0118a5ad22b8dda3158691.jpg...

image 1/1 /home/admin/Documents/FEUP-CV/proj/task2/../datasets/main_dataset/data/train/174_png.rf.de712a5dfd0118a5ad22b8dda3158691.jpg: 384x640 1 pool_table, 7.0ms
Speed: 2.7ms preprocess, 7.0ms inference, 12.1ms postprocess per image at shape (1, 3, 384, 640)
Processing main_dataset/data/train/115_png.rf.ed51d53dd5c384b1f26a2b6ece52ad69.jpg...

image 1/1 /home/admin/Documents/FEUP-CV/proj/task2/../datasets/main_dataset/data/train/115_png.rf.ed51d53dd5c384b1f26a2b6ece52ad69.jpg: 384x640 2 pool_tables, 7.3ms
Speed: 3.6ms preprocess, 7.3ms inference, 11.7ms postprocess per image at shape (1, 3, 384, 640)
Processing main_dataset/data/train/76_png.rf.c2154cf087f65699b7b490adbae0b965.jpg...

image 1/1 /home/admin/Documents/FEUP-CV/proj/task2/../datasets/main_dataset/data/train/76_png.rf.c2154cf087f65699b7b490adbae0b965.jpg: 384x640 1 pool_table, 7.2ms
Speed: 3.7ms preprocess, 7.2ms inference, 12.2ms postprocess per image at shape (1, 3, 384, 640)
Processing main_dataset/data/train/102_png.rf.e106f609270b206b301a09b5c5473e95.jpg...

image 1/1 /home/admin/Documents/FEUP-CV/proj/task2/../datasets/main_dataset/data/train/102_png.rf.e106f609270b206b301a09b5c5473e95.jpg: 384x640 1 pool_table, 7.2ms
Speed: 2.1ms preprocess, 7.2ms inference, 12.0ms postprocess per image at shape (1, 3, 384, 640)
Processing main_dataset/data/train/94_png.rf.914de818a4ff0d086b7cb41abc8b95fd.jpg...

image 1/1 /home/admin/Documents/FEUP-CV/proj/task2/../datasets/main_dataset/data/train/94_png.rf.914de818a4ff0d086b7cb41abc8b95fd.jpg: 384x640 1 pool_table, 7.3ms
Speed: 3.2ms preprocess, 7.3ms inference, 12.2ms postprocess per image at shape (1, 3, 384, 640)
Processing main_dataset/data/train/19a_png.rf.dd2935e517f1adfcd0a735f3f937fa02.jpg...

image 1/1 /home/admin/Documents/FEUP-CV/proj/task2/../datasets/main_dataset/data/train/19a_png.rf.dd2935e517f1adfcd0a735f3f937fa02.jpg: 416x640 1 pool_table, 11.7ms
Speed: 2.1ms preprocess, 11.7ms inference, 12.0ms postprocess per image at shape (1, 3, 416, 640)
Processing main_dataset/data/train/16a_png.rf.e7f801e6e3e47469fbbd3bdd34677025.jpg...

image 1/1 /home/admin/Documents/FEUP-CV/proj/task2/../datasets/main_dataset/data/train/16a_png.rf.e7f801e6e3e47469fbbd3bdd34677025.jpg: 416x640 1 pool_table, 6.9ms
Speed: 3.1ms preprocess, 6.9ms inference, 12.1ms postprocess per image at shape (1, 3, 416, 640)
Processing main_dataset/data/train/18t_png.rf.52573d3d561f4ef4c73fbcc5a0d18752.jpg...

image 1/1 /home/admin/Documents/FEUP-CV/proj/task2/../datasets/main_dataset/data/train/18t_png.rf.52573d3d561f4ef4c73fbcc5a0d18752.jpg: 416x640 1 pool_table, 7.2ms
Speed: 3.8ms preprocess, 7.2ms inference, 10.8ms postprocess per image at shape (1, 3, 416, 640)
Processing main_dataset/data/train/126_png.rf.e6e489914c00e5b8f70f174d0e305e25.jpg...

image 1/1 /home/admin/Documents/FEUP-CV/proj/task2/../datasets/main_dataset/data/train/126_png.rf.e6e489914c00e5b8f70f174d0e305e25.jpg: 384x640 1 pool_table, 14.6ms
Speed: 3.0ms preprocess, 14.6ms inference, 12.2ms postprocess per image at shape (1, 3, 384, 640)
Processing main_dataset/data/train/69_png.rf.1edee7e4c9a2c82d508c7805de8bb35c.jpg...

image 1/1 /home/admin/Documents/FEUP-CV/proj/task2/../datasets/main_dataset/data/train/69_png.rf.1edee7e4c9a2c82d508c7805de8bb35c.jpg: 384x640 2 pool_tables, 7.3ms
Speed: 2.5ms preprocess, 7.3ms inference, 12.2ms postprocess per image at shape (1, 3, 384, 640)
Processing main_dataset/data/train/10a_png.rf.bdc9984ba169594ea32b012098ad10dd.jpg...

image 1/1 /home/admin/Documents/FEUP-CV/proj/task2/../datasets/main_dataset/data/train/10a_png.rf.bdc9984ba169594ea32b012098ad10dd.jpg: 416x640 1 pool_table, 11.8ms
Speed: 2.4ms preprocess, 11.8ms inference, 12.1ms postprocess per image at shape (1, 3, 416, 640)
Processing main_dataset/data/train/150_png.rf.d73327d3ac59114d003f79ec28e80c36.jpg...

image 1/1 /home/admin/Documents/FEUP-CV/proj/task2/../datasets/main_dataset/data/train/150_png.rf.d73327d3ac59114d003f79ec28e80c36.jpg: 384x640 1 pool_table, 14.3ms
Speed: 1.9ms preprocess, 14.3ms inference, 2.0ms postprocess per image at shape (1, 3, 384, 640)
Processing main_dataset/data/train/176_png.rf.efe1d54c6d6afc77df454c854179fe54.jpg...

image 1/1 /home/admin/Documents/FEUP-CV/proj/task2/../datasets/main_dataset/data/train/176_png.rf.efe1d54c6d6afc77df454c854179fe54.jpg: 384x640 2 pool_tables, 7.3ms
Speed: 1.9ms preprocess, 7.3ms inference, 11.3ms postprocess per image at shape (1, 3, 384, 640)
Processing main_dataset/data/train/15a_png.rf.d7f7746ea5afb68e6b42346c4990fa43.jpg...

image 1/1 /home/admin/Documents/FEUP-CV/proj/task2/../datasets/main_dataset/data/train/15a_png.rf.d7f7746ea5afb68e6b42346c4990fa43.jpg: 416x640 1 pool_table, 14.4ms
Speed: 4.0ms preprocess, 14.4ms inference, 12.0ms postprocess per image at shape (1, 3, 416, 640)
Processing main_dataset/data/train/14t_png.rf.3c97b229d4e5a2823995bdb9dbd1db76.jpg...

image 1/1 /home/admin/Documents/FEUP-CV/proj/task2/../datasets/main_dataset/data/train/14t_png.rf.3c97b229d4e5a2823995bdb9dbd1db76.jpg: 416x640 1 pool_table, 6.7ms
Speed: 2.7ms preprocess, 6.7ms inference, 1.5ms postprocess per image at shape (1, 3, 416, 640)
Processing main_dataset/data/train/5t_png.rf.8e895b792f2cfabbbbaf6eb62c6e2622.jpg...

image 1/1 /home/admin/Documents/FEUP-CV/proj/task2/../datasets/main_dataset/data/train/5t_png.rf.8e895b792f2cfabbbbaf6eb62c6e2622.jpg: 416x640 1 pool_table, 4.9ms
Speed: 2.1ms preprocess, 4.9ms inference, 1.4ms postprocess per image at shape (1, 3, 416, 640)
Processing main_dataset/data/train/17t_png.rf.a8ac8e7a7eacab92e5eeafd4bec778c9.jpg...

image 1/1 /home/admin/Documents/FEUP-CV/proj/task2/../datasets/main_dataset/data/train/17t_png.rf.a8ac8e7a7eacab92e5eeafd4bec778c9.jpg: 416x640 1 pool_table, 6.9ms
Speed: 3.1ms preprocess, 6.9ms inference, 6.2ms postprocess per image at shape (1, 3, 416, 640)
Processing main_dataset/data/train/32_png.rf.1edd41098eb074d061f00c09470d90cf.jpg...

image 1/1 /home/admin/Documents/FEUP-CV/proj/task2/../datasets/main_dataset/data/train/32_png.rf.1edd41098eb074d061f00c09470d90cf.jpg: 384x640 2 pool_tables, 14.5ms
Speed: 3.6ms preprocess, 14.5ms inference, 9.3ms postprocess per image at shape (1, 3, 384, 640)
Processing main_dataset/data/train/117_png.rf.8cc2251ee5c44b6bd3734b39795c7cc9.jpg...

image 1/1 /home/admin/Documents/FEUP-CV/proj/task2/../datasets/main_dataset/data/train/117_png.rf.8cc2251ee5c44b6bd3734b39795c7cc9.jpg: 384x640 1 pool_table, 7.2ms
Speed: 2.6ms preprocess, 7.2ms inference, 12.1ms postprocess per image at shape (1, 3, 384, 640)
Processing main_dataset/data/train/178_png.rf.5087fa5324451e07d2ed4f3d0e39b8e7.jpg...

image 1/1 /home/admin/Documents/FEUP-CV/proj/task2/../datasets/main_dataset/data/train/178_png.rf.5087fa5324451e07d2ed4f3d0e39b8e7.jpg: 384x640 1 pool_table, 7.2ms
Speed: 2.9ms preprocess, 7.2ms inference, 12.2ms postprocess per image at shape (1, 3, 384, 640)
Processing main_dataset/data/train/141_png.rf.29f059d54b07ead4d4680ae0a8a66ec4.jpg...

image 1/1 /home/admin/Documents/FEUP-CV/proj/task2/../datasets/main_dataset/data/train/141_png.rf.29f059d54b07ead4d4680ae0a8a66ec4.jpg: 384x640 1 pool_table, 7.2ms
Speed: 2.3ms preprocess, 7.2ms inference, 12.2ms postprocess per image at shape (1, 3, 384, 640)
Processing main_dataset/data/train/4t_png.rf.de24767c63cfdd43e998b62fa3c37be8.jpg...

image 1/1 /home/admin/Documents/FEUP-CV/proj/task2/../datasets/main_dataset/data/train/4t_png.rf.de24767c63cfdd43e998b62fa3c37be8.jpg: 416x640 1 pool_table, 11.8ms
Speed: 2.7ms preprocess, 11.8ms inference, 12.2ms postprocess per image at shape (1, 3, 416, 640)
Processing main_dataset/data/train/6f_png.rf.4dcfc0c556af56e418f2226f40765059.jpg...

image 1/1 /home/admin/Documents/FEUP-CV/proj/task2/../datasets/main_dataset/data/train/6f_png.rf.4dcfc0c556af56e418f2226f40765059.jpg: 416x640 1 pool_table, 4.5ms
Speed: 3.9ms preprocess, 4.5ms inference, 1.5ms postprocess per image at shape (1, 3, 416, 640)
Processing main_dataset/data/train/143_png.rf.4ddb999b17c98b304ca30654dfd0b01c.jpg...

image 1/1 /home/admin/Documents/FEUP-CV/proj/task2/../datasets/main_dataset/data/train/143_png.rf.4ddb999b17c98b304ca30654dfd0b01c.jpg: 384x640 1 pool_table, 14.4ms
Speed: 1.8ms preprocess, 14.4ms inference, 12.2ms postprocess per image at shape (1, 3, 384, 640)
Processing main_dataset/data/train/9a_png.rf.320750a7ef629a2e6980cea9f008f5c0.jpg...

image 1/1 /home/admin/Documents/FEUP-CV/proj/task2/../datasets/main_dataset/data/train/9a_png.rf.320750a7ef629a2e6980cea9f008f5c0.jpg: 416x640 1 pool_table, 14.4ms
Speed: 2.6ms preprocess, 14.4ms inference, 12.1ms postprocess per image at shape (1, 3, 416, 640)
Processing main_dataset/data/train/6_png.rf.58e75c08e57045157699ab7736195989.jpg...

image 1/1 /home/admin/Documents/FEUP-CV/proj/task2/../datasets/main_dataset/data/train/6_png.rf.58e75c08e57045157699ab7736195989.jpg: 384x640 1 pool_table, 14.4ms
Speed: 2.7ms preprocess, 14.4ms inference, 1.5ms postprocess per image at shape (1, 3, 384, 640)
Processing main_dataset/data/train/45_png.rf.43f0ee51239a195f99b51eccc4d2a8f2.jpg...

image 1/1 /home/admin/Documents/FEUP-CV/proj/task2/../datasets/main_dataset/data/train/45_png.rf.43f0ee51239a195f99b51eccc4d2a8f2.jpg: 384x640 1 pool_table, 7.1ms
Speed: 1.8ms preprocess, 7.1ms inference, 10.5ms postprocess per image at shape (1, 3, 384, 640)
Processing main_dataset/data/train/154_png.rf.9667f3add0f6a1d344745423a5d13882.jpg...

image 1/1 /home/admin/Documents/FEUP-CV/proj/task2/../datasets/main_dataset/data/train/154_png.rf.9667f3add0f6a1d344745423a5d13882.jpg: 384x640 1 pool_table, 7.1ms
Speed: 3.2ms preprocess, 7.1ms inference, 10.4ms postprocess per image at shape (1, 3, 384, 640)
Processing main_dataset/data/train/22t_png.rf.49863f3eafde9439e26908afffa544c8.jpg...

image 1/1 /home/admin/Documents/FEUP-CV/proj/task2/../datasets/main_dataset/data/train/22t_png.rf.49863f3eafde9439e26908afffa544c8.jpg: 416x640 1 pool_table, 14.2ms
Speed: 2.9ms preprocess, 14.2ms inference, 12.1ms postprocess per image at shape (1, 3, 416, 640)
Processing main_dataset/data/train/121_png.rf.782a44b8496f239b5f996a6ed498e63a.jpg...

image 1/1 /home/admin/Documents/FEUP-CV/proj/task2/../datasets/main_dataset/data/train/121_png.rf.782a44b8496f239b5f996a6ed498e63a.jpg: 384x640 1 pool_table, 14.5ms
Speed: 3.3ms preprocess, 14.5ms inference, 3.2ms postprocess per image at shape (1, 3, 384, 640)
Processing main_dataset/data/train/97_png.rf.b1d56d5cdf3128d08eab5b4d6d269c17.jpg...

image 1/1 /home/admin/Documents/FEUP-CV/proj/task2/../datasets/main_dataset/data/train/97_png.rf.b1d56d5cdf3128d08eab5b4d6d269c17.jpg: 384x640 2 pool_tables, 7.2ms
Speed: 1.8ms preprocess, 7.2ms inference, 11.7ms postprocess per image at shape (1, 3, 384, 640)
Processing main_dataset/data/train/22f_png.rf.5f4dedb3e61ea2ced7d183a74035d313.jpg...

image 1/1 /home/admin/Documents/FEUP-CV/proj/task2/../datasets/main_dataset/data/train/22f_png.rf.5f4dedb3e61ea2ced7d183a74035d313.jpg: 416x640 1 pool_table, 14.3ms
Speed: 4.0ms preprocess, 14.3ms inference, 12.1ms postprocess per image at shape (1, 3, 416, 640)
Processing main_dataset/data/train/114_png.rf.98b2144c25b9f48816abd7edb00f365c.jpg...

image 1/1 /home/admin/Documents/FEUP-CV/proj/task2/../datasets/main_dataset/data/train/114_png.rf.98b2144c25b9f48816abd7edb00f365c.jpg: 384x640 2 pool_tables, 14.3ms
Speed: 2.7ms preprocess, 14.3ms inference, 6.1ms postprocess per image at shape (1, 3, 384, 640)
Processing main_dataset/data/train/21t_png.rf.23503211ec11166ceb013315fc5d8c4c.jpg...

image 1/1 /home/admin/Documents/FEUP-CV/proj/task2/../datasets/main_dataset/data/train/21t_png.rf.23503211ec11166ceb013315fc5d8c4c.jpg: 416x640 1 pool_table, 11.7ms
Speed: 3.1ms preprocess, 11.7ms inference, 12.1ms postprocess per image at shape (1, 3, 416, 640)
Processing main_dataset/data/train/171_png.rf.e0f78688a6d730302708d2eec60a4bdf.jpg...

image 1/1 /home/admin/Documents/FEUP-CV/proj/task2/../datasets/main_dataset/data/train/171_png.rf.e0f78688a6d730302708d2eec60a4bdf.jpg: 384x640 1 pool_table, 14.5ms
Speed: 3.1ms preprocess, 14.5ms inference, 4.7ms postprocess per image at shape (1, 3, 384, 640)
Processing main_dataset/data/train/3f_png.rf.81c7e132365ef95bb19380ca389025f6.jpg...

image 1/1 /home/admin/Documents/FEUP-CV/proj/task2/../datasets/main_dataset/data/train/3f_png.rf.81c7e132365ef95bb19380ca389025f6.jpg: 416x640 1 pool_table, 14.4ms
Speed: 2.8ms preprocess, 14.4ms inference, 12.1ms postprocess per image at shape (1, 3, 416, 640)
Processing main_dataset/data/train/151_png.rf.dded9697689a87303c84573468e354a9.jpg...

image 1/1 /home/admin/Documents/FEUP-CV/proj/task2/../datasets/main_dataset/data/train/151_png.rf.dded9697689a87303c84573468e354a9.jpg: 384x640 1 pool_table, 14.5ms
Speed: 1.7ms preprocess, 14.5ms inference, 10.4ms postprocess per image at shape (1, 3, 384, 640)
Processing main_dataset/data/train/37_png.rf.a2fe8faa9b5237f15f8ad0a0f63d704e.jpg...

image 1/1 /home/admin/Documents/FEUP-CV/proj/task2/../datasets/main_dataset/data/train/37_png.rf.a2fe8faa9b5237f15f8ad0a0f63d704e.jpg: 384x640 2 pool_tables, 7.1ms
Speed: 3.2ms preprocess, 7.1ms inference, 8.3ms postprocess per image at shape (1, 3, 384, 640)
Processing main_dataset/data/train/8t_png.rf.a49c210a8d59660de79ffdb07d55a6f6.jpg...

image 1/1 /home/admin/Documents/FEUP-CV/proj/task2/../datasets/main_dataset/data/train/8t_png.rf.a49c210a8d59660de79ffdb07d55a6f6.jpg: 416x640 1 pool_table, 11.8ms
Speed: 4.2ms preprocess, 11.8ms inference, 12.1ms postprocess per image at shape (1, 3, 416, 640)
Processing main_dataset/data/train/19_png.rf.9bdb39240f3b93c04a458babb9612353.jpg...

image 1/1 /home/admin/Documents/FEUP-CV/proj/task2/../datasets/main_dataset/data/train/19_png.rf.9bdb39240f3b93c04a458babb9612353.jpg: 384x640 1 pool_table, 14.3ms
Speed: 3.0ms preprocess, 14.3ms inference, 6.7ms postprocess per image at shape (1, 3, 384, 640)
Processing main_dataset/data/train/145_png.rf.223f80e4aff2b64f2711cd186532e118.jpg...

image 1/1 /home/admin/Documents/FEUP-CV/proj/task2/../datasets/main_dataset/data/train/145_png.rf.223f80e4aff2b64f2711cd186532e118.jpg: 384x640 1 pool_table, 7.3ms
Speed: 3.7ms preprocess, 7.3ms inference, 12.2ms postprocess per image at shape (1, 3, 384, 640)
Processing main_dataset/data/train/110_png.rf.9a38b6057e543f83b58aa59b9748688b.jpg...

image 1/1 /home/admin/Documents/FEUP-CV/proj/task2/../datasets/main_dataset/data/train/110_png.rf.9a38b6057e543f83b58aa59b9748688b.jpg: 384x640 2 pool_tables, 7.2ms
Speed: 1.7ms preprocess, 7.2ms inference, 12.2ms postprocess per image at shape (1, 3, 384, 640)
Processing main_dataset/data/train/12f_png.rf.5a7e571b0b0c0eef39ae35682db8394f.jpg...

image 1/1 /home/admin/Documents/FEUP-CV/proj/task2/../datasets/main_dataset/data/train/12f_png.rf.5a7e571b0b0c0eef39ae35682db8394f.jpg: 416x640 1 pool_table, 14.4ms
Speed: 3.1ms preprocess, 14.4ms inference, 12.2ms postprocess per image at shape (1, 3, 416, 640)
Processing main_dataset/data/train/67_png.rf.1f3b76172afb30906fa89dde6248e1c9.jpg...

image 1/1 /home/admin/Documents/FEUP-CV/proj/task2/../datasets/main_dataset/data/train/67_png.rf.1f3b76172afb30906fa89dde6248e1c9.jpg: 384x640 1 pool_table, 14.2ms
Speed: 3.1ms preprocess, 14.2ms inference, 7.7ms postprocess per image at shape (1, 3, 384, 640)
Processing main_dataset/data/train/177_png.rf.44e0980f0a0137fa46f4a9ac8c51e603.jpg...

image 1/1 /home/admin/Documents/FEUP-CV/proj/task2/../datasets/main_dataset/data/train/177_png.rf.44e0980f0a0137fa46f4a9ac8c51e603.jpg: 384x640 1 pool_table, 7.0ms
Speed: 3.2ms preprocess, 7.0ms inference, 7.7ms postprocess per image at shape (1, 3, 384, 640)
Processing main_dataset/data/train/109_png.rf.0d8042ff3ef7a93feb5a18be8a42ca80.jpg...

image 1/1 /home/admin/Documents/FEUP-CV/proj/task2/../datasets/main_dataset/data/train/109_png.rf.0d8042ff3ef7a93feb5a18be8a42ca80.jpg: 384x640 2 pool_tables, 7.0ms
Speed: 2.2ms preprocess, 7.0ms inference, 12.0ms postprocess per image at shape (1, 3, 384, 640)
Processing main_dataset/data/train/182_png.rf.55cbb79bf5ed24435f284153cd02ac6b.jpg...

image 1/1 /home/admin/Documents/FEUP-CV/proj/task2/../datasets/main_dataset/data/train/182_png.rf.55cbb79bf5ed24435f284153cd02ac6b.jpg: 384x640 1 pool_table, 7.0ms
Speed: 3.4ms preprocess, 7.0ms inference, 12.2ms postprocess per image at shape (1, 3, 384, 640)
Processing main_dataset/data/train/36_png.rf.0335463c111a76dc82384e5664c969ca.jpg...

image 1/1 /home/admin/Documents/FEUP-CV/proj/task2/../datasets/main_dataset/data/train/36_png.rf.0335463c111a76dc82384e5664c969ca.jpg: 384x640 3 pool_tables, 7.3ms
Speed: 3.7ms preprocess, 7.3ms inference, 10.2ms postprocess per image at shape (1, 3, 384, 640)
Processing main_dataset/data/train/7a_png.rf.7cf9f36a358969bd16be866d1570a303.jpg...

image 1/1 /home/admin/Documents/FEUP-CV/proj/task2/../datasets/main_dataset/data/train/7a_png.rf.7cf9f36a358969bd16be866d1570a303.jpg: 416x640 1 pool_table, 14.4ms
Speed: 2.5ms preprocess, 14.4ms inference, 12.2ms postprocess per image at shape (1, 3, 416, 640)
Processing main_dataset/data/train/71_png.rf.d0fcba57880d4305e4d6881d171c6ad3.jpg...

image 1/1 /home/admin/Documents/FEUP-CV/proj/task2/../datasets/main_dataset/data/train/71_png.rf.d0fcba57880d4305e4d6881d171c6ad3.jpg: 384x640 1 pool_table, 14.4ms
Speed: 4.0ms preprocess, 14.4ms inference, 2.5ms postprocess per image at shape (1, 3, 384, 640)
Processing main_dataset/data/train/14a_png.rf.81c6d6e6686127d4274b4b8bbf8256b7.jpg...

image 1/1 /home/admin/Documents/FEUP-CV/proj/task2/../datasets/main_dataset/data/train/14a_png.rf.81c6d6e6686127d4274b4b8bbf8256b7.jpg: 416x640 1 pool_table, 14.1ms
Speed: 3.4ms preprocess, 14.1ms inference, 12.0ms postprocess per image at shape (1, 3, 416, 640)
Processing main_dataset/data/train/165_png.rf.24adc446423ba35cdbff16ccaffc9785.jpg...

image 1/1 /home/admin/Documents/FEUP-CV/proj/task2/../datasets/main_dataset/data/train/165_png.rf.24adc446423ba35cdbff16ccaffc9785.jpg: 384x640 1 pool_table, 14.3ms
Speed: 2.4ms preprocess, 14.3ms inference, 1.6ms postprocess per image at shape (1, 3, 384, 640)
Processing main_dataset/data/train/169_png.rf.db5c4e716dac3be45044ffb904f0202d.jpg...

image 1/1 /home/admin/Documents/FEUP-CV/proj/task2/../datasets/main_dataset/data/train/169_png.rf.db5c4e716dac3be45044ffb904f0202d.jpg: 384x640 1 pool_table, 7.2ms
Speed: 2.7ms preprocess, 7.2ms inference, 8.8ms postprocess per image at shape (1, 3, 384, 640)
Processing main_dataset/data/train/9t_png.rf.9fed287c2c696d2899ea436ef7e3d20d.jpg...

image 1/1 /home/admin/Documents/FEUP-CV/proj/task2/../datasets/main_dataset/data/train/9t_png.rf.9fed287c2c696d2899ea436ef7e3d20d.jpg: 416x640 1 pool_table, 14.3ms
Speed: 4.1ms preprocess, 14.3ms inference, 12.2ms postprocess per image at shape (1, 3, 416, 640)
Processing main_dataset/data/train/181_png.rf.23ccd3b4b31a6fef484f7f0d25cf89d7.jpg...

image 1/1 /home/admin/Documents/FEUP-CV/proj/task2/../datasets/main_dataset/data/train/181_png.rf.23ccd3b4b31a6fef484f7f0d25cf89d7.jpg: 384x640 2 pool_tables, 14.6ms
Speed: 3.5ms preprocess, 14.6ms inference, 10.6ms postprocess per image at shape (1, 3, 384, 640)
Processing main_dataset/data/train/25t_png.rf.28a806c6e73dff70dbdafd6d5343f0ff.jpg...

image 1/1 /home/admin/Documents/FEUP-CV/proj/task2/../datasets/main_dataset/data/train/25t_png.rf.28a806c6e73dff70dbdafd6d5343f0ff.jpg: 416x640 2 pool_tables, 14.1ms
Speed: 3.0ms preprocess, 14.1ms inference, 12.1ms postprocess per image at shape (1, 3, 416, 640)
Processing main_dataset/data/train/0_png.rf.e35063c144cfd241454863d624cf01d3.jpg...

image 1/1 /home/admin/Documents/FEUP-CV/proj/task2/../datasets/main_dataset/data/train/0_png.rf.e35063c144cfd241454863d624cf01d3.jpg: 384x640 1 pool_table, 14.4ms
Speed: 1.7ms preprocess, 14.4ms inference, 1.9ms postprocess per image at shape (1, 3, 384, 640)
Processing main_dataset/data/train/21a_png.rf.34ea0016904d75da861731071be2058f.jpg...

image 1/1 /home/admin/Documents/FEUP-CV/proj/task2/../datasets/main_dataset/data/train/21a_png.rf.34ea0016904d75da861731071be2058f.jpg: 416x640 1 pool_table, 14.3ms
Speed: 2.7ms preprocess, 14.3ms inference, 12.2ms postprocess per image at shape (1, 3, 416, 640)
Processing main_dataset/data/train/11t_png.rf.bfd0b31ac2643b2a5d526f315fbf1812.jpg...

image 1/1 /home/admin/Documents/FEUP-CV/proj/task2/../datasets/main_dataset/data/train/11t_png.rf.bfd0b31ac2643b2a5d526f315fbf1812.jpg: 416x640 1 pool_table, 4.7ms
Speed: 2.0ms preprocess, 4.7ms inference, 5.7ms postprocess per image at shape (1, 3, 416, 640)
Processing main_dataset/data/train/155_png.rf.f3ae78698646b2d6f43fe88d2d1752f4.jpg...

image 1/1 /home/admin/Documents/FEUP-CV/proj/task2/../datasets/main_dataset/data/train/155_png.rf.f3ae78698646b2d6f43fe88d2d1752f4.jpg: 384x640 1 pool_table, 14.4ms
Speed: 2.9ms preprocess, 14.4ms inference, 12.1ms postprocess per image at shape (1, 3, 384, 640)
Processing main_dataset/data/train/17_png.rf.412b3f3fd9387b5e2df8747caf3236b6.jpg...

image 1/1 /home/admin/Documents/FEUP-CV/proj/task2/../datasets/main_dataset/data/train/17_png.rf.412b3f3fd9387b5e2df8747caf3236b6.jpg: 384x640 3 pool_tables, 7.4ms
Speed: 2.7ms preprocess, 7.4ms inference, 12.3ms postprocess per image at shape (1, 3, 384, 640)
Processing main_dataset/data/train/78_png.rf.e4113b07a8da6a1795e7bb7519fab19a.jpg...

image 1/1 /home/admin/Documents/FEUP-CV/proj/task2/../datasets/main_dataset/data/train/78_png.rf.e4113b07a8da6a1795e7bb7519fab19a.jpg: 384x640 1 pool_table, 7.3ms
Speed: 1.9ms preprocess, 7.3ms inference, 12.2ms postprocess per image at shape (1, 3, 384, 640)
Processing main_dataset/data/train/120_png.rf.ad88298a705a565adab2f06fe083c434.jpg...

image 1/1 /home/admin/Documents/FEUP-CV/proj/task2/../datasets/main_dataset/data/train/120_png.rf.ad88298a705a565adab2f06fe083c434.jpg: 384x640 1 pool_table, 7.3ms
Speed: 2.6ms preprocess, 7.3ms inference, 12.2ms postprocess per image at shape (1, 3, 384, 640)
Processing main_dataset/data/train/153_png.rf.6e13f8c07bec12bd7e4094e6179bd363.jpg...

image 1/1 /home/admin/Documents/FEUP-CV/proj/task2/../datasets/main_dataset/data/train/153_png.rf.6e13f8c07bec12bd7e4094e6179bd363.jpg: 384x640 1 pool_table, 7.5ms
Speed: 2.8ms preprocess, 7.5ms inference, 12.4ms postprocess per image at shape (1, 3, 384, 640)
Processing main_dataset/data/train/170_png.rf.41755d44f9afc99e7cda8ff7b064d3e5.jpg...

image 1/1 /home/admin/Documents/FEUP-CV/proj/task2/../datasets/main_dataset/data/train/170_png.rf.41755d44f9afc99e7cda8ff7b064d3e5.jpg: 384x640 1 pool_table, 7.5ms
Speed: 3.1ms preprocess, 7.5ms inference, 12.3ms postprocess per image at shape (1, 3, 384, 640)
Processing main_dataset/data/train/23_png.rf.16eca710aad8f132510abb5de8930fc0.jpg...

image 1/1 /home/admin/Documents/FEUP-CV/proj/task2/../datasets/main_dataset/data/train/23_png.rf.16eca710aad8f132510abb5de8930fc0.jpg: 384x640 2 pool_tables, 7.4ms
Speed: 3.3ms preprocess, 7.4ms inference, 12.2ms postprocess per image at shape (1, 3, 384, 640)
Processing main_dataset/data/train/125_png.rf.746e605d23baaa43560542b8554b714c.jpg...

image 1/1 /home/admin/Documents/FEUP-CV/proj/task2/../datasets/main_dataset/data/train/125_png.rf.746e605d23baaa43560542b8554b714c.jpg: 384x640 1 pool_table, 7.5ms
Speed: 2.9ms preprocess, 7.5ms inference, 12.3ms postprocess per image at shape (1, 3, 384, 640)
Processing main_dataset/data/train/160_png.rf.6f41e2456edd6888c9fae22813acc55e.jpg...

image 1/1 /home/admin/Documents/FEUP-CV/proj/task2/../datasets/main_dataset/data/train/160_png.rf.6f41e2456edd6888c9fae22813acc55e.jpg: 384x640 1 pool_table, 7.5ms
Speed: 3.4ms preprocess, 7.5ms inference, 12.3ms postprocess per image at shape (1, 3, 384, 640)
Processing main_dataset/data/train/2a_png.rf.d8a574394a3499846384d0e2f5162459.jpg...

image 1/1 /home/admin/Documents/FEUP-CV/proj/task2/../datasets/main_dataset/data/train/2a_png.rf.d8a574394a3499846384d0e2f5162459.jpg: 416x640 1 pool_table, 14.7ms
Speed: 2.7ms preprocess, 14.7ms inference, 12.3ms postprocess per image at shape (1, 3, 416, 640)
Processing main_dataset/data/train/15t_png.rf.0c6ff91ce5b83c01c4f9b1acefae2d71.jpg...

image 1/1 /home/admin/Documents/FEUP-CV/proj/task2/../datasets/main_dataset/data/train/15t_png.rf.0c6ff91ce5b83c01c4f9b1acefae2d71.jpg: 416x640 1 pool_table, 7.3ms
Speed: 3.0ms preprocess, 7.3ms inference, 12.3ms postprocess per image at shape (1, 3, 416, 640)
Processing extra-3/data/train/2024-03-30-11-07-17_mp4-0038_jpg.rf.cf3db2406e2c6bc57abfcb8a59d71901.jpg...

image 1/1 /home/admin/Documents/FEUP-CV/proj/task2/../datasets/extra-3/data/train/2024-03-30-11-07-17_mp4-0038_jpg.rf.cf3db2406e2c6bc57abfcb8a59d71901.jpg: 640x640 1 pool_table, 15.0ms
Speed: 2.5ms preprocess, 15.0ms inference, 12.3ms postprocess per image at shape (1, 3, 640, 640)
Processing extra-3/data/train/2024-03-30-11-15-02_mp4-0072_jpg.rf.5982228627b2e6b50f7a64415107afd0.jpg...

image 1/1 /home/admin/Documents/FEUP-CV/proj/task2/../datasets/extra-3/data/train/2024-03-30-11-15-02_mp4-0072_jpg.rf.5982228627b2e6b50f7a64415107afd0.jpg: 640x640 1 pool_table, 7.8ms
Speed: 1.3ms preprocess, 7.8ms inference, 12.3ms postprocess per image at shape (1, 3, 640, 640)
Processing extra-3/data/train/2024-03-28-18-28-05_mp4-0009_jpg.rf.a730cbec4d4518c69bd8bf9098f07612.jpg...

image 1/1 /home/admin/Documents/FEUP-CV/proj/task2/../datasets/extra-3/data/train/2024-03-28-18-28-05_mp4-0009_jpg.rf.a730cbec4d4518c69bd8bf9098f07612.jpg: 640x640 1 pool_table, 7.9ms
Speed: 3.1ms preprocess, 7.9ms inference, 12.4ms postprocess per image at shape (1, 3, 640, 640)
Processing extra-3/data/train/2024-03-30-11-15-02_mp4-0014_jpg.rf.b957da852cd9dff41e4ba9b8a44be2e8.jpg...

image 1/1 /home/admin/Documents/FEUP-CV/proj/task2/../datasets/extra-3/data/train/2024-03-30-11-15-02_mp4-0014_jpg.rf.b957da852cd9dff41e4ba9b8a44be2e8.jpg: 640x640 1 pool_table, 7.9ms
Speed: 1.4ms preprocess, 7.9ms inference, 12.3ms postprocess per image at shape (1, 3, 640, 640)
Processing extra-3/data/train/20240319_120449_jpg.rf.0ce200f083e29d8e9e01a81b178c6d21.jpg...

image 1/1 /home/admin/Documents/FEUP-CV/proj/task2/../datasets/extra-3/data/train/20240319_120449_jpg.rf.0ce200f083e29d8e9e01a81b178c6d21.jpg: 640x640 1 pool_table, 7.9ms
Speed: 2.9ms preprocess, 7.9ms inference, 12.3ms postprocess per image at shape (1, 3, 640, 640)
Processing extra-3/data/train/2024-03-28-15-41-19_mp4-0081_jpg.rf.d176a76c57682d31d49e103340efb404.jpg...

image 1/1 /home/admin/Documents/FEUP-CV/proj/task2/../datasets/extra-3/data/train/2024-03-28-15-41-19_mp4-0081_jpg.rf.d176a76c57682d31d49e103340efb404.jpg: 640x640 1 pool_table, 7.8ms
Speed: 1.9ms preprocess, 7.8ms inference, 12.4ms postprocess per image at shape (1, 3, 640, 640)
Processing extra-3/data/train/IMG_20240319_120925_jpg.rf.1570588a2e3bfd03b6180d4159c6dec0.jpg...

image 1/1 /home/admin/Documents/FEUP-CV/proj/task2/../datasets/extra-3/data/train/IMG_20240319_120925_jpg.rf.1570588a2e3bfd03b6180d4159c6dec0.jpg: 640x640 1 pool_table, 7.8ms
Speed: 3.2ms preprocess, 7.8ms inference, 12.3ms postprocess per image at shape (1, 3, 640, 640)
Processing extra-3/data/train/2024-03-30-11-15-02_mp4-0048_jpg.rf.c7e49dcce05f08d9957af50481077d1c.jpg...

image 1/1 /home/admin/Documents/FEUP-CV/proj/task2/../datasets/extra-3/data/train/2024-03-30-11-15-02_mp4-0048_jpg.rf.c7e49dcce05f08d9957af50481077d1c.jpg: 640x640 1 pool_table, 7.8ms
Speed: 1.4ms preprocess, 7.8ms inference, 12.3ms postprocess per image at shape (1, 3, 640, 640)
Processing extra-3/data/train/2024-03-30-11-22-03_mp4-0006_jpg.rf.363d2ade5a39eb4037d5dcba6f12471c.jpg...

image 1/1 /home/admin/Documents/FEUP-CV/proj/task2/../datasets/extra-3/data/train/2024-03-30-11-22-03_mp4-0006_jpg.rf.363d2ade5a39eb4037d5dcba6f12471c.jpg: 640x640 1 pool_table, 7.7ms
Speed: 2.9ms preprocess, 7.7ms inference, 12.3ms postprocess per image at shape (1, 3, 640, 640)
Processing extra-3/data/train/2024-03-30-11-22-03_mp4-0036_jpg.rf.a8faad75621a69d0da776ffc1baa91c3.jpg...

image 1/1 /home/admin/Documents/FEUP-CV/proj/task2/../datasets/extra-3/data/train/2024-03-30-11-22-03_mp4-0036_jpg.rf.a8faad75621a69d0da776ffc1baa91c3.jpg: 640x640 1 pool_table, 7.7ms
Speed: 2.7ms preprocess, 7.7ms inference, 12.2ms postprocess per image at shape (1, 3, 640, 640)
Processing extra-3/data/train/2024-03-28-18-35-18_mp4-0019_jpg.rf.e1cce3a6a7eebb78d0486b38f4cc1253.jpg...

image 1/1 /home/admin/Documents/FEUP-CV/proj/task2/../datasets/extra-3/data/train/2024-03-28-18-35-18_mp4-0019_jpg.rf.e1cce3a6a7eebb78d0486b38f4cc1253.jpg: 640x640 1 pool_table, 7.7ms
Speed: 2.7ms preprocess, 7.7ms inference, 12.2ms postprocess per image at shape (1, 3, 640, 640)
Processing extra-3/data/train/2024-03-28-18-35-18_mp4-0028_jpg.rf.5463b416968a6f7d42a51613387a1051.jpg...

image 1/1 /home/admin/Documents/FEUP-CV/proj/task2/../datasets/extra-3/data/train/2024-03-28-18-35-18_mp4-0028_jpg.rf.5463b416968a6f7d42a51613387a1051.jpg: 640x640 1 pool_table, 7.7ms
Speed: 3.3ms preprocess, 7.7ms inference, 12.2ms postprocess per image at shape (1, 3, 640, 640)
Processing extra-3/data/train/2024-03-30-11-15-02_mp4-0024_jpg.rf.fbbfda77a2b895977013b2f7d54d5350.jpg...

image 1/1 /home/admin/Documents/FEUP-CV/proj/task2/../datasets/extra-3/data/train/2024-03-30-11-15-02_mp4-0024_jpg.rf.fbbfda77a2b895977013b2f7d54d5350.jpg: 640x640 1 pool_table, 7.6ms
Speed: 3.3ms preprocess, 7.6ms inference, 12.3ms postprocess per image at shape (1, 3, 640, 640)
Processing extra-3/data/train/2024-03-30-11-15-02_mp4-0049_jpg.rf.0dd7f4f4ad843d00c83f691c7616a1db.jpg...

image 1/1 /home/admin/Documents/FEUP-CV/proj/task2/../datasets/extra-3/data/train/2024-03-30-11-15-02_mp4-0049_jpg.rf.0dd7f4f4ad843d00c83f691c7616a1db.jpg: 640x640 1 pool_table, 8.0ms
Speed: 1.3ms preprocess, 8.0ms inference, 12.4ms postprocess per image at shape (1, 3, 640, 640)
Processing extra-3/data/train/20240319_120442_jpg.rf.982fceeaff9012cdb491326ce805a78d.jpg...

image 1/1 /home/admin/Documents/FEUP-CV/proj/task2/../datasets/extra-3/data/train/20240319_120442_jpg.rf.982fceeaff9012cdb491326ce805a78d.jpg: 640x640 1 pool_table, 7.9ms
Speed: 3.0ms preprocess, 7.9ms inference, 12.4ms postprocess per image at shape (1, 3, 640, 640)
Processing extra-3/data/train/2024-03-30-11-22-03_mp4-0012_jpg.rf.ef83948c04f4d23b45695be984888b16.jpg...

image 1/1 /home/admin/Documents/FEUP-CV/proj/task2/../datasets/extra-3/data/train/2024-03-30-11-22-03_mp4-0012_jpg.rf.ef83948c04f4d23b45695be984888b16.jpg: 640x640 1 pool_table, 7.9ms
Speed: 1.8ms preprocess, 7.9ms inference, 12.4ms postprocess per image at shape (1, 3, 640, 640)
Processing extra-3/data/train/IMG_20240319_121755_jpg.rf.f00e26634f6cb71a949061fe5c0163ed.jpg...

image 1/1 /home/admin/Documents/FEUP-CV/proj/task2/../datasets/extra-3/data/train/IMG_20240319_121755_jpg.rf.f00e26634f6cb71a949061fe5c0163ed.jpg: 640x640 1 pool_table, 7.9ms
Speed: 2.8ms preprocess, 7.9ms inference, 12.4ms postprocess per image at shape (1, 3, 640, 640)
Processing extra-3/data/train/2024-03-28-15-41-19_mp4-0056_jpg.rf.911f15324e382ffab85048558465b6ad.jpg...

image 1/1 /home/admin/Documents/FEUP-CV/proj/task2/../datasets/extra-3/data/train/2024-03-28-15-41-19_mp4-0056_jpg.rf.911f15324e382ffab85048558465b6ad.jpg: 640x640 1 pool_table, 7.9ms
Speed: 3.2ms preprocess, 7.9ms inference, 12.3ms postprocess per image at shape (1, 3, 640, 640)
Processing extra-3/data/train/2024-03-30-11-15-02_mp4-0083_jpg.rf.0bed2f84aa38f64ce48795d6ab9018b8.jpg...

image 1/1 /home/admin/Documents/FEUP-CV/proj/task2/../datasets/extra-3/data/train/2024-03-30-11-15-02_mp4-0083_jpg.rf.0bed2f84aa38f64ce48795d6ab9018b8.jpg: 640x640 1 pool_table, 7.7ms
Speed: 1.7ms preprocess, 7.7ms inference, 12.3ms postprocess per image at shape (1, 3, 640, 640)
Processing extra-3/data/train/2024-03-28-18-28-05_mp4-0017_jpg.rf.1bc83589011d8733609974cfe575b32a.jpg...

image 1/1 /home/admin/Documents/FEUP-CV/proj/task2/../datasets/extra-3/data/train/2024-03-28-18-28-05_mp4-0017_jpg.rf.1bc83589011d8733609974cfe575b32a.jpg: 640x640 1 pool_table, 7.8ms
Speed: 1.4ms preprocess, 7.8ms inference, 12.4ms postprocess per image at shape (1, 3, 640, 640)
Processing extra-3/data/train/2024-03-30-11-15-02_mp4-0066_jpg.rf.b909660ec3bd7f26bb4fefe8eb0a137e.jpg...

image 1/1 /home/admin/Documents/FEUP-CV/proj/task2/../datasets/extra-3/data/train/2024-03-30-11-15-02_mp4-0066_jpg.rf.b909660ec3bd7f26bb4fefe8eb0a137e.jpg: 640x640 1 pool_table, 7.8ms
Speed: 1.5ms preprocess, 7.8ms inference, 12.2ms postprocess per image at shape (1, 3, 640, 640)
Processing extra-3/data/train/2024-03-28-15-41-19_mp4-0035_jpg.rf.b20687c9f52bf4b6165c596ce86dad59.jpg...

image 1/1 /home/admin/Documents/FEUP-CV/proj/task2/../datasets/extra-3/data/train/2024-03-28-15-41-19_mp4-0035_jpg.rf.b20687c9f52bf4b6165c596ce86dad59.jpg: 640x640 1 pool_table, 7.6ms
Speed: 1.4ms preprocess, 7.6ms inference, 12.3ms postprocess per image at shape (1, 3, 640, 640)
Processing extra-3/data/train/2024-03-30-11-22-03_mp4-0016_jpg.rf.12ca5e50d230bcc3e6c7ad3cd8ce1923.jpg...

image 1/1 /home/admin/Documents/FEUP-CV/proj/task2/../datasets/extra-3/data/train/2024-03-30-11-22-03_mp4-0016_jpg.rf.12ca5e50d230bcc3e6c7ad3cd8ce1923.jpg: 640x640 1 pool_table, 7.7ms
Speed: 1.4ms preprocess, 7.7ms inference, 12.3ms postprocess per image at shape (1, 3, 640, 640)
Processing extra-3/data/train/IMG_20240319_120905_jpg.rf.a1161c2ccc33d9b7e8d0fadbaaad2628.jpg...

image 1/1 /home/admin/Documents/FEUP-CV/proj/task2/../datasets/extra-3/data/train/IMG_20240319_120905_jpg.rf.a1161c2ccc33d9b7e8d0fadbaaad2628.jpg: 640x640 1 pool_table, 7.7ms
Speed: 3.0ms preprocess, 7.7ms inference, 12.3ms postprocess per image at shape (1, 3, 640, 640)
Processing extra-3/data/train/2024-03-30-11-07-17_mp4-0065_jpg.rf.81f1889490460e10fc5d01ad1d33643f.jpg...

image 1/1 /home/admin/Documents/FEUP-CV/proj/task2/../datasets/extra-3/data/train/2024-03-30-11-07-17_mp4-0065_jpg.rf.81f1889490460e10fc5d01ad1d33643f.jpg: 640x640 1 pool_table, 7.9ms
Speed: 1.5ms preprocess, 7.9ms inference, 12.4ms postprocess per image at shape (1, 3, 640, 640)
Processing extra-3/data/train/IMG_20240319_121816_jpg.rf.4eca6c115a8760ce68f0d24077f3b6e9.jpg...

image 1/1 /home/admin/Documents/FEUP-CV/proj/task2/../datasets/extra-3/data/train/IMG_20240319_121816_jpg.rf.4eca6c115a8760ce68f0d24077f3b6e9.jpg: 640x640 1 pool_table, 7.9ms
Speed: 3.3ms preprocess, 7.9ms inference, 12.3ms postprocess per image at shape (1, 3, 640, 640)
Processing extra-3/data/train/IMG_20240319_122002_jpg.rf.1d0615e706c9f84b1d3ad2527eacd41b.jpg...

image 1/1 /home/admin/Documents/FEUP-CV/proj/task2/../datasets/extra-3/data/train/IMG_20240319_122002_jpg.rf.1d0615e706c9f84b1d3ad2527eacd41b.jpg: 640x640 1 pool_table, 7.9ms
Speed: 2.8ms preprocess, 7.9ms inference, 12.3ms postprocess per image at shape (1, 3, 640, 640)
Processing extra-3/data/train/IMG_20240319_121511_jpg.rf.cc35349d2387beebc32ed034a79e513f.jpg...

image 1/1 /home/admin/Documents/FEUP-CV/proj/task2/../datasets/extra-3/data/train/IMG_20240319_121511_jpg.rf.cc35349d2387beebc32ed034a79e513f.jpg: 640x640 1 pool_table, 7.9ms
Speed: 2.8ms preprocess, 7.9ms inference, 12.4ms postprocess per image at shape (1, 3, 640, 640)
Processing extra-3/data/train/2024-03-30-11-15-02_mp4-0049_jpg.rf.ecdbfb8bb969ad96d7e63b263b5a2648.jpg...

image 1/1 /home/admin/Documents/FEUP-CV/proj/task2/../datasets/extra-3/data/train/2024-03-30-11-15-02_mp4-0049_jpg.rf.ecdbfb8bb969ad96d7e63b263b5a2648.jpg: 640x640 1 pool_table, 7.9ms
Speed: 2.9ms preprocess, 7.9ms inference, 12.3ms postprocess per image at shape (1, 3, 640, 640)
Processing extra-3/data/train/2024-03-28-15-41-19_mp4-0025_jpg.rf.91cd215d83ffd433293899cc96d19ddc.jpg...

image 1/1 /home/admin/Documents/FEUP-CV/proj/task2/../datasets/extra-3/data/train/2024-03-28-15-41-19_mp4-0025_jpg.rf.91cd215d83ffd433293899cc96d19ddc.jpg: 640x640 1 pool_table, 7.7ms
Speed: 3.2ms preprocess, 7.7ms inference, 12.2ms postprocess per image at shape (1, 3, 640, 640)
Processing extra-3/data/train/IMG_20240319_121827_jpg.rf.0e6e812dfa3c5fb0708043f2b35a468b.jpg...

image 1/1 /home/admin/Documents/FEUP-CV/proj/task2/../datasets/extra-3/data/train/IMG_20240319_121827_jpg.rf.0e6e812dfa3c5fb0708043f2b35a468b.jpg: 640x640 1 pool_table, 7.7ms
Speed: 3.3ms preprocess, 7.7ms inference, 12.3ms postprocess per image at shape (1, 3, 640, 640)
Processing extra-3/data/train/2024-03-30-11-22-03_mp4-0035_jpg.rf.0b751ff4dd87d5bcd297ec226c685012.jpg...

image 1/1 /home/admin/Documents/FEUP-CV/proj/task2/../datasets/extra-3/data/train/2024-03-30-11-22-03_mp4-0035_jpg.rf.0b751ff4dd87d5bcd297ec226c685012.jpg: 640x640 1 pool_table, 7.7ms
Speed: 3.1ms preprocess, 7.7ms inference, 12.3ms postprocess per image at shape (1, 3, 640, 640)
Processing extra-3/data/train/IMG_20240319_121027_jpg.rf.9799b8ee65f180e413e45e31d6a19789.jpg...

image 1/1 /home/admin/Documents/FEUP-CV/proj/task2/../datasets/extra-3/data/train/IMG_20240319_121027_jpg.rf.9799b8ee65f180e413e45e31d6a19789.jpg: 640x640 1 pool_table, 7.7ms
Speed: 2.9ms preprocess, 7.7ms inference, 12.3ms postprocess per image at shape (1, 3, 640, 640)
Processing extra-3/data/train/2024-03-28-18-28-05_mp4-0052_jpg.rf.d8305d524227ec0e676f976bc65b9559.jpg...

image 1/1 /home/admin/Documents/FEUP-CV/proj/task2/../datasets/extra-3/data/train/2024-03-28-18-28-05_mp4-0052_jpg.rf.d8305d524227ec0e676f976bc65b9559.jpg: 640x640 1 pool_table, 7.7ms
Speed: 3.3ms preprocess, 7.7ms inference, 12.3ms postprocess per image at shape (1, 3, 640, 640)
Processing extra-3/data/train/IMG_20240319_122235_jpg.rf.0d526d9b289cada01e9a2662ffe0c26b.jpg...

image 1/1 /home/admin/Documents/FEUP-CV/proj/task2/../datasets/extra-3/data/train/IMG_20240319_122235_jpg.rf.0d526d9b289cada01e9a2662ffe0c26b.jpg: 640x640 1 pool_table, 7.7ms
Speed: 3.1ms preprocess, 7.7ms inference, 12.4ms postprocess per image at shape (1, 3, 640, 640)
Processing extra-3/data/train/2024-03-28-18-28-05_mp4-0043_jpg.rf.02e612589b0dad869f846c0d43d77020.jpg...

image 1/1 /home/admin/Documents/FEUP-CV/proj/task2/../datasets/extra-3/data/train/2024-03-28-18-28-05_mp4-0043_jpg.rf.02e612589b0dad869f846c0d43d77020.jpg: 640x640 1 pool_table, 7.8ms
Speed: 3.3ms preprocess, 7.8ms inference, 12.3ms postprocess per image at shape (1, 3, 640, 640)
Processing extra-3/data/train/2024-03-28-18-28-05_mp4-0019_jpg.rf.aa9a42c2db4509ccc3277836a5c234a7.jpg...

image 1/1 /home/admin/Documents/FEUP-CV/proj/task2/../datasets/extra-3/data/train/2024-03-28-18-28-05_mp4-0019_jpg.rf.aa9a42c2db4509ccc3277836a5c234a7.jpg: 640x640 1 pool_table, 7.9ms
Speed: 1.6ms preprocess, 7.9ms inference, 12.3ms postprocess per image at shape (1, 3, 640, 640)
Processing extra-3/data/train/2024-03-30-11-15-02_mp4-0022_jpg.rf.c9f83233eca9ee26ce73bb7b0737d09e.jpg...

image 1/1 /home/admin/Documents/FEUP-CV/proj/task2/../datasets/extra-3/data/train/2024-03-30-11-15-02_mp4-0022_jpg.rf.c9f83233eca9ee26ce73bb7b0737d09e.jpg: 640x640 1 pool_table, 7.8ms
Speed: 1.4ms preprocess, 7.8ms inference, 12.4ms postprocess per image at shape (1, 3, 640, 640)
Processing extra-3/data/train/2024-03-28-15-41-19_mp4-0071_jpg.rf.5a1d98747a4ebc0e7d3ac827a78b5320.jpg...

image 1/1 /home/admin/Documents/FEUP-CV/proj/task2/../datasets/extra-3/data/train/2024-03-28-15-41-19_mp4-0071_jpg.rf.5a1d98747a4ebc0e7d3ac827a78b5320.jpg: 640x640 1 pool_table, 7.9ms
Speed: 3.3ms preprocess, 7.9ms inference, 12.3ms postprocess per image at shape (1, 3, 640, 640)
Processing extra-3/data/train/2024-03-30-11-22-03_mp4-0046_jpg.rf.c3356b37990c42dccf38e63bca80641a.jpg...

image 1/1 /home/admin/Documents/FEUP-CV/proj/task2/../datasets/extra-3/data/train/2024-03-30-11-22-03_mp4-0046_jpg.rf.c3356b37990c42dccf38e63bca80641a.jpg: 640x640 1 pool_table, 7.9ms
Speed: 1.4ms preprocess, 7.9ms inference, 12.4ms postprocess per image at shape (1, 3, 640, 640)
Processing extra-3/data/train/2024-03-30-11-15-02_mp4-0048_jpg.rf.79ac800d166b8dda4ac6c8bc9ceafc5c.jpg...

image 1/1 /home/admin/Documents/FEUP-CV/proj/task2/../datasets/extra-3/data/train/2024-03-30-11-15-02_mp4-0048_jpg.rf.79ac800d166b8dda4ac6c8bc9ceafc5c.jpg: 640x640 1 pool_table, 7.8ms
Speed: 2.8ms preprocess, 7.8ms inference, 12.3ms postprocess per image at shape (1, 3, 640, 640)
Processing extra-3/data/train/2024-03-28-18-28-05_mp4-0018_jpg.rf.e2f0bf1bd90c68844d283b67d3ebac63.jpg...

image 1/1 /home/admin/Documents/FEUP-CV/proj/task2/../datasets/extra-3/data/train/2024-03-28-18-28-05_mp4-0018_jpg.rf.e2f0bf1bd90c68844d283b67d3ebac63.jpg: 640x640 1 pool_table, 7.8ms
Speed: 1.5ms preprocess, 7.8ms inference, 12.3ms postprocess per image at shape (1, 3, 640, 640)
Processing extra-3/data/train/2024-03-30-11-15-02_mp4-0005_jpg.rf.9e8a3e767dc7313afb6060fdb5260940.jpg...

image 1/1 /home/admin/Documents/FEUP-CV/proj/task2/../datasets/extra-3/data/train/2024-03-30-11-15-02_mp4-0005_jpg.rf.9e8a3e767dc7313afb6060fdb5260940.jpg: 640x640 1 pool_table, 7.8ms
Speed: 1.3ms preprocess, 7.8ms inference, 12.4ms postprocess per image at shape (1, 3, 640, 640)
Processing extra-3/data/train/2024-03-30-11-15-02_mp4-0081_jpg.rf.efe08fbbf49991073c15c2121969b92f.jpg...

image 1/1 /home/admin/Documents/FEUP-CV/proj/task2/../datasets/extra-3/data/train/2024-03-30-11-15-02_mp4-0081_jpg.rf.efe08fbbf49991073c15c2121969b92f.jpg: 640x640 1 pool_table, 7.7ms
Speed: 1.5ms preprocess, 7.7ms inference, 12.3ms postprocess per image at shape (1, 3, 640, 640)
Processing extra-3/data/train/2024-03-28-18-28-05_mp4-0028_jpg.rf.1b6865ce9b55dcde819caf2a8468893a.jpg...

image 1/1 /home/admin/Documents/FEUP-CV/proj/task2/../datasets/extra-3/data/train/2024-03-28-18-28-05_mp4-0028_jpg.rf.1b6865ce9b55dcde819caf2a8468893a.jpg: 640x640 1 pool_table, 7.8ms
Speed: 1.5ms preprocess, 7.8ms inference, 12.2ms postprocess per image at shape (1, 3, 640, 640)
Processing extra-3/data/train/2024-03-30-11-15-02_mp4-0015_jpg.rf.585fa556fde8a952922a0ced476fa6a4.jpg...

image 1/1 /home/admin/Documents/FEUP-CV/proj/task2/../datasets/extra-3/data/train/2024-03-30-11-15-02_mp4-0015_jpg.rf.585fa556fde8a952922a0ced476fa6a4.jpg: 640x640 1 pool_table, 7.9ms
Speed: 1.6ms preprocess, 7.9ms inference, 12.4ms postprocess per image at shape (1, 3, 640, 640)
Processing extra-3/data/train/2024-03-28-15-41-19_mp4-0075_jpg.rf.7f1511374c5bc99f44c00ed744d78b9c.jpg...

image 1/1 /home/admin/Documents/FEUP-CV/proj/task2/../datasets/extra-3/data/train/2024-03-28-15-41-19_mp4-0075_jpg.rf.7f1511374c5bc99f44c00ed744d78b9c.jpg: 640x640 1 pool_table, 7.8ms
Speed: 3.2ms preprocess, 7.8ms inference, 4.9ms postprocess per image at shape (1, 3, 640, 640)
Processing extra-3/data/train/2024-03-30-11-15-02_mp4-0078_jpg.rf.774a0bf56744058dbf0c4d2d6a54d511.jpg...

image 1/1 /home/admin/Documents/FEUP-CV/proj/task2/../datasets/extra-3/data/train/2024-03-30-11-15-02_mp4-0078_jpg.rf.774a0bf56744058dbf0c4d2d6a54d511.jpg: 640x640 1 pool_table, 4.4ms
Speed: 1.0ms preprocess, 4.4ms inference, 0.8ms postprocess per image at shape (1, 3, 640, 640)
Processing extra-3/data/train/2024-03-30-11-07-17_mp4-0012_jpg.rf.3103eb21dc80c1c6e5717cf4453fa5bf.jpg...

image 1/1 /home/admin/Documents/FEUP-CV/proj/task2/../datasets/extra-3/data/train/2024-03-30-11-07-17_mp4-0012_jpg.rf.3103eb21dc80c1c6e5717cf4453fa5bf.jpg: 640x640 1 pool_table, 7.7ms
Speed: 1.3ms preprocess, 7.7ms inference, 12.1ms postprocess per image at shape (1, 3, 640, 640)
Processing extra-3/data/train/2024-03-28-18-28-05_mp4-0047_jpg.rf.f6cf5c466c541899baeb90742d6aec82.jpg...

image 1/1 /home/admin/Documents/FEUP-CV/proj/task2/../datasets/extra-3/data/train/2024-03-28-18-28-05_mp4-0047_jpg.rf.f6cf5c466c541899baeb90742d6aec82.jpg: 640x640 1 pool_table, 7.5ms
Speed: 2.0ms preprocess, 7.5ms inference, 12.1ms postprocess per image at shape (1, 3, 640, 640)
Processing extra-3/data/train/2024-03-30-11-22-03_mp4-0038_jpg.rf.bfc41acb3734139b08b4e4c1b9f7a176.jpg...

image 1/1 /home/admin/Documents/FEUP-CV/proj/task2/../datasets/extra-3/data/train/2024-03-30-11-22-03_mp4-0038_jpg.rf.bfc41acb3734139b08b4e4c1b9f7a176.jpg: 640x640 1 pool_table, 7.6ms
Speed: 3.2ms preprocess, 7.6ms inference, 1.5ms postprocess per image at shape (1, 3, 640, 640)
Processing extra-3/data/train/20240328_171434_jpg.rf.0a86fefc1013089e9575609e3bab216c.jpg...

image 1/1 /home/admin/Documents/FEUP-CV/proj/task2/../datasets/extra-3/data/train/20240328_171434_jpg.rf.0a86fefc1013089e9575609e3bab216c.jpg: 640x640 1 pool_table, 7.7ms
Speed: 1.8ms preprocess, 7.7ms inference, 12.2ms postprocess per image at shape (1, 3, 640, 640)
Processing extra-3/data/train/IMG_20240319_121203_jpg.rf.6371d2273c5845d6dfd86ef2053ffee1.jpg...

image 1/1 /home/admin/Documents/FEUP-CV/proj/task2/../datasets/extra-3/data/train/IMG_20240319_121203_jpg.rf.6371d2273c5845d6dfd86ef2053ffee1.jpg: 640x640 1 pool_table, 5.5ms
Speed: 3.0ms preprocess, 5.5ms inference, 1.5ms postprocess per image at shape (1, 3, 640, 640)
Processing extra-3/data/train/IMG_20240319_121143_jpg.rf.42463b6acf03d6d6022c14aaa74eb378.jpg...

image 1/1 /home/admin/Documents/FEUP-CV/proj/task2/../datasets/extra-3/data/train/IMG_20240319_121143_jpg.rf.42463b6acf03d6d6022c14aaa74eb378.jpg: 640x640 1 pool_table, 7.5ms
Speed: 1.5ms preprocess, 7.5ms inference, 12.2ms postprocess per image at shape (1, 3, 640, 640)
Processing extra-3/data/train/2024-03-28-18-35-18_mp4-0004_jpg.rf.891fe3476a604bd8047b968ff10a1942.jpg...

image 1/1 /home/admin/Documents/FEUP-CV/proj/task2/../datasets/extra-3/data/train/2024-03-28-18-35-18_mp4-0004_jpg.rf.891fe3476a604bd8047b968ff10a1942.jpg: 640x640 1 pool_table, 5.6ms
Speed: 2.7ms preprocess, 5.6ms inference, 1.5ms postprocess per image at shape (1, 3, 640, 640)
Processing extra-3/data/train/2024-03-30-11-07-17_mp4-0054_jpg.rf.7089dbf24e621db56eda62b235e5b77b.jpg...

image 1/1 /home/admin/Documents/FEUP-CV/proj/task2/../datasets/extra-3/data/train/2024-03-30-11-07-17_mp4-0054_jpg.rf.7089dbf24e621db56eda62b235e5b77b.jpg: 640x640 1 pool_table, 7.6ms
Speed: 2.0ms preprocess, 7.6ms inference, 12.2ms postprocess per image at shape (1, 3, 640, 640)
Processing extra-3/data/train/IMG_20240319_120712_jpg.rf.4ee75dd0c73d489eb738c945a871933e.jpg...

image 1/1 /home/admin/Documents/FEUP-CV/proj/task2/../datasets/extra-3/data/train/IMG_20240319_120712_jpg.rf.4ee75dd0c73d489eb738c945a871933e.jpg: 640x640 1 pool_table, 5.5ms
Speed: 3.1ms preprocess, 5.5ms inference, 1.5ms postprocess per image at shape (1, 3, 640, 640)
Processing extra-3/data/train/2024-03-30-11-15-02_mp4-0057_jpg.rf.40c3ebd3a0b270e609b9aa812374b81c.jpg...

image 1/1 /home/admin/Documents/FEUP-CV/proj/task2/../datasets/extra-3/data/train/2024-03-30-11-15-02_mp4-0057_jpg.rf.40c3ebd3a0b270e609b9aa812374b81c.jpg: 640x640 1 pool_table, 7.6ms
Speed: 2.1ms preprocess, 7.6ms inference, 12.2ms postprocess per image at shape (1, 3, 640, 640)
Processing extra-3/data/train/IMG_20240319_121130_jpg.rf.c8e5b4ec147699e4c6a1b561794b4078.jpg...

image 1/1 /home/admin/Documents/FEUP-CV/proj/task2/../datasets/extra-3/data/train/IMG_20240319_121130_jpg.rf.c8e5b4ec147699e4c6a1b561794b4078.jpg: 640x640 1 pool_table, 7.6ms
Speed: 1.4ms preprocess, 7.6ms inference, 1.5ms postprocess per image at shape (1, 3, 640, 640)
Processing extra-3/data/train/2024-03-30-11-15-02_mp4-0017_jpg.rf.add62180104ffe9ff4537c9aa8b68aec.jpg...

image 1/1 /home/admin/Documents/FEUP-CV/proj/task2/../datasets/extra-3/data/train/2024-03-30-11-15-02_mp4-0017_jpg.rf.add62180104ffe9ff4537c9aa8b68aec.jpg: 640x640 1 pool_table, 7.6ms
Speed: 1.7ms preprocess, 7.6ms inference, 12.2ms postprocess per image at shape (1, 3, 640, 640)
Processing extra-3/data/train/2024-03-30-11-22-03_mp4-0016_jpg.rf.6aabefea23ac61f1c18c446a50ac2112.jpg...

image 1/1 /home/admin/Documents/FEUP-CV/proj/task2/../datasets/extra-3/data/train/2024-03-30-11-22-03_mp4-0016_jpg.rf.6aabefea23ac61f1c18c446a50ac2112.jpg: 640x640 1 pool_table, 6.9ms
Speed: 1.2ms preprocess, 6.9ms inference, 1.4ms postprocess per image at shape (1, 3, 640, 640)
Processing extra-3/data/train/2024-03-30-11-15-02_mp4-0003_jpg.rf.725e5eb4d74f459a2fd2f75a0a2d18fe.jpg...

image 1/1 /home/admin/Documents/FEUP-CV/proj/task2/../datasets/extra-3/data/train/2024-03-30-11-15-02_mp4-0003_jpg.rf.725e5eb4d74f459a2fd2f75a0a2d18fe.jpg: 640x640 1 pool_table, 7.4ms
Speed: 1.4ms preprocess, 7.4ms inference, 12.1ms postprocess per image at shape (1, 3, 640, 640)
Processing extra-3/data/train/IMG_20240319_121925_jpg.rf.b1e30c8f7a57bc4263700002bb74b989.jpg...

image 1/1 /home/admin/Documents/FEUP-CV/proj/task2/../datasets/extra-3/data/train/IMG_20240319_121925_jpg.rf.b1e30c8f7a57bc4263700002bb74b989.jpg: 640x640 1 pool_table, 4.3ms
Speed: 3.3ms preprocess, 4.3ms inference, 1.4ms postprocess per image at shape (1, 3, 640, 640)
Processing extra-3/data/train/20240328_171438_jpg.rf.7710ac3652c3defa850cb3493b4c4273.jpg...

image 1/1 /home/admin/Documents/FEUP-CV/proj/task2/../datasets/extra-3/data/train/20240328_171438_jpg.rf.7710ac3652c3defa850cb3493b4c4273.jpg: 640x640 1 pool_table, 7.4ms
Speed: 1.7ms preprocess, 7.4ms inference, 12.1ms postprocess per image at shape (1, 3, 640, 640)
Processing extra-3/data/train/2024-03-28-18-35-18_mp4-0031_jpg.rf.766d4343fcf4aca8a880e79934306b8c.jpg...

image 1/1 /home/admin/Documents/FEUP-CV/proj/task2/../datasets/extra-3/data/train/2024-03-28-18-35-18_mp4-0031_jpg.rf.766d4343fcf4aca8a880e79934306b8c.jpg: 640x640 1 pool_table, 4.6ms
Speed: 3.0ms preprocess, 4.6ms inference, 1.4ms postprocess per image at shape (1, 3, 640, 640)
Processing extra-3/data/train/IMG_20240319_121936_jpg.rf.0f88bb6f69f4201ab7631f7b2736da54.jpg...

image 1/1 /home/admin/Documents/FEUP-CV/proj/task2/../datasets/extra-3/data/train/IMG_20240319_121936_jpg.rf.0f88bb6f69f4201ab7631f7b2736da54.jpg: 640x640 1 pool_table, 7.5ms
Speed: 1.8ms preprocess, 7.5ms inference, 12.1ms postprocess per image at shape (1, 3, 640, 640)
Processing extra-3/data/train/2024-03-30-11-07-17_mp4-0065_jpg.rf.c7a6ce2a1cf5d911618f3a9da52cb385.jpg...

image 1/1 /home/admin/Documents/FEUP-CV/proj/task2/../datasets/extra-3/data/train/2024-03-30-11-07-17_mp4-0065_jpg.rf.c7a6ce2a1cf5d911618f3a9da52cb385.jpg: 640x640 1 pool_table, 4.4ms
Speed: 3.2ms preprocess, 4.4ms inference, 1.4ms postprocess per image at shape (1, 3, 640, 640)
Processing extra-3/data/train/2024-03-28-18-28-05_mp4-0042_jpg.rf.03b3dfc3bcb2f9d6612043bbba301544.jpg...

image 1/1 /home/admin/Documents/FEUP-CV/proj/task2/../datasets/extra-3/data/train/2024-03-28-18-28-05_mp4-0042_jpg.rf.03b3dfc3bcb2f9d6612043bbba301544.jpg: 640x640 1 pool_table, 7.4ms
Speed: 2.2ms preprocess, 7.4ms inference, 12.2ms postprocess per image at shape (1, 3, 640, 640)
Processing extra-3/data/train/2024-03-28-18-28-05_mp4-0018_jpg.rf.426baf61b56187b6477f19b1c6de623e.jpg...

image 1/1 /home/admin/Documents/FEUP-CV/proj/task2/../datasets/extra-3/data/train/2024-03-28-18-28-05_mp4-0018_jpg.rf.426baf61b56187b6477f19b1c6de623e.jpg: 640x640 1 pool_table, 7.4ms
Speed: 1.5ms preprocess, 7.4ms inference, 1.5ms postprocess per image at shape (1, 3, 640, 640)
Processing extra-3/data/train/2024-03-30-11-22-03_mp4-0036_jpg.rf.4b0dc2c1d6ab22111ef5873ceaa25a35.jpg...

image 1/1 /home/admin/Documents/FEUP-CV/proj/task2/../datasets/extra-3/data/train/2024-03-30-11-22-03_mp4-0036_jpg.rf.4b0dc2c1d6ab22111ef5873ceaa25a35.jpg: 640x640 1 pool_table, 7.5ms
Speed: 1.6ms preprocess, 7.5ms inference, 12.1ms postprocess per image at shape (1, 3, 640, 640)
Processing extra-3/data/train/2024-03-30-11-22-03_mp4-0009_jpg.rf.616b0f43074671852df58a0b88711d52.jpg...

image 1/1 /home/admin/Documents/FEUP-CV/proj/task2/../datasets/extra-3/data/train/2024-03-30-11-22-03_mp4-0009_jpg.rf.616b0f43074671852df58a0b88711d52.jpg: 640x640 1 pool_table, 5.3ms
Speed: 2.7ms preprocess, 5.3ms inference, 1.5ms postprocess per image at shape (1, 3, 640, 640)
Processing extra-3/data/train/IMG_20240319_121739_jpg.rf.9787e9d788732b2deb1379070646d2a6.jpg...

image 1/1 /home/admin/Documents/FEUP-CV/proj/task2/../datasets/extra-3/data/train/IMG_20240319_121739_jpg.rf.9787e9d788732b2deb1379070646d2a6.jpg: 640x640 1 pool_table, 7.5ms
Speed: 1.4ms preprocess, 7.5ms inference, 12.1ms postprocess per image at shape (1, 3, 640, 640)
Processing extra-3/data/train/2024-03-30-11-15-02_mp4-0016_jpg.rf.d7c093fb2957bfaea240841b29605f94.jpg...

image 1/1 /home/admin/Documents/FEUP-CV/proj/task2/../datasets/extra-3/data/train/2024-03-30-11-15-02_mp4-0016_jpg.rf.d7c093fb2957bfaea240841b29605f94.jpg: 640x640 1 pool_table, 5.2ms
Speed: 3.0ms preprocess, 5.2ms inference, 1.5ms postprocess per image at shape (1, 3, 640, 640)
Processing extra-3/data/train/2024-03-30-11-15-02_mp4-0062_jpg.rf.8e8b6edf43c834290921b6c044801822.jpg...

image 1/1 /home/admin/Documents/FEUP-CV/proj/task2/../datasets/extra-3/data/train/2024-03-30-11-15-02_mp4-0062_jpg.rf.8e8b6edf43c834290921b6c044801822.jpg: 640x640 1 pool_table, 7.5ms
Speed: 2.2ms preprocess, 7.5ms inference, 12.1ms postprocess per image at shape (1, 3, 640, 640)
Processing extra-3/data/train/2024-03-28-15-41-19_mp4-0055_jpg.rf.8a43c1c80d4ef22b450471b715e34e2e.jpg...

image 1/1 /home/admin/Documents/FEUP-CV/proj/task2/../datasets/extra-3/data/train/2024-03-28-15-41-19_mp4-0055_jpg.rf.8a43c1c80d4ef22b450471b715e34e2e.jpg: 640x640 1 pool_table, 7.6ms
Speed: 1.5ms preprocess, 7.6ms inference, 1.6ms postprocess per image at shape (1, 3, 640, 640)
Processing extra-3/data/train/IMG_20240319_122139_jpg.rf.b42da7c68013fdac89415af611167868.jpg...

image 1/1 /home/admin/Documents/FEUP-CV/proj/task2/../datasets/extra-3/data/train/IMG_20240319_122139_jpg.rf.b42da7c68013fdac89415af611167868.jpg: 640x640 1 pool_table, 7.6ms
Speed: 2.1ms preprocess, 7.6ms inference, 12.2ms postprocess per image at shape (1, 3, 640, 640)
Processing extra-3/data/train/20240328_171419_jpg.rf.76895d06232bccd8519829b50a477d2a.jpg...

image 1/1 /home/admin/Documents/FEUP-CV/proj/task2/../datasets/extra-3/data/train/20240328_171419_jpg.rf.76895d06232bccd8519829b50a477d2a.jpg: 640x640 1 pool_table, 4.4ms
Speed: 2.4ms preprocess, 4.4ms inference, 1.4ms postprocess per image at shape (1, 3, 640, 640)
Processing extra-3/data/train/2024-03-30-11-22-03_mp4-0048_jpg.rf.e7063fd1cee45fd1dfcf7ebeca591de3.jpg...

image 1/1 /home/admin/Documents/FEUP-CV/proj/task2/../datasets/extra-3/data/train/2024-03-30-11-22-03_mp4-0048_jpg.rf.e7063fd1cee45fd1dfcf7ebeca591de3.jpg: 640x640 1 pool_table, 7.4ms
Speed: 3.4ms preprocess, 7.4ms inference, 12.1ms postprocess per image at shape (1, 3, 640, 640)
Processing extra-3/data/train/2024-03-30-11-15-02_mp4-0057_jpg.rf.2bb312f37b52dcf6c43f28fd20e81782.jpg...

image 1/1 /home/admin/Documents/FEUP-CV/proj/task2/../datasets/extra-3/data/train/2024-03-30-11-15-02_mp4-0057_jpg.rf.2bb312f37b52dcf6c43f28fd20e81782.jpg: 640x640 1 pool_table, 4.3ms
Speed: 1.6ms preprocess, 4.3ms inference, 1.5ms postprocess per image at shape (1, 3, 640, 640)
Processing extra-3/data/train/IMG_20240319_120722_jpg.rf.398c4addc97ae76eaf4ea1e494fa4588.jpg...

image 1/1 /home/admin/Documents/FEUP-CV/proj/task2/../datasets/extra-3/data/train/IMG_20240319_120722_jpg.rf.398c4addc97ae76eaf4ea1e494fa4588.jpg: 640x640 1 pool_table, 7.4ms
Speed: 1.8ms preprocess, 7.4ms inference, 12.1ms postprocess per image at shape (1, 3, 640, 640)
Processing extra-3/data/train/2024-03-28-18-28-05_mp4-0037_jpg.rf.dd293c926debd4448ca36c8b3c3f30de.jpg...

image 1/1 /home/admin/Documents/FEUP-CV/proj/task2/../datasets/extra-3/data/train/2024-03-28-18-28-05_mp4-0037_jpg.rf.dd293c926debd4448ca36c8b3c3f30de.jpg: 640x640 1 pool_table, 6.3ms
Speed: 1.4ms preprocess, 6.3ms inference, 1.4ms postprocess per image at shape (1, 3, 640, 640)
Processing extra-3/data/train/2024-03-30-11-07-17_mp4-0052_jpg.rf.fb7ffff1e709fc06ccd2a3ed588592a6.jpg...

image 1/1 /home/admin/Documents/FEUP-CV/proj/task2/../datasets/extra-3/data/train/2024-03-30-11-07-17_mp4-0052_jpg.rf.fb7ffff1e709fc06ccd2a3ed588592a6.jpg: 640x640 1 pool_table, 7.4ms
Speed: 2.5ms preprocess, 7.4ms inference, 12.0ms postprocess per image at shape (1, 3, 640, 640)
Processing extra-3/data/train/2024-03-28-18-28-05_mp4-0010_jpg.rf.ea42c657c0355aef0ce82415a32e234c.jpg...

image 1/1 /home/admin/Documents/FEUP-CV/proj/task2/../datasets/extra-3/data/train/2024-03-28-18-28-05_mp4-0010_jpg.rf.ea42c657c0355aef0ce82415a32e234c.jpg: 640x640 1 pool_table, 6.1ms
Speed: 1.5ms preprocess, 6.1ms inference, 1.4ms postprocess per image at shape (1, 3, 640, 640)
Processing extra-3/data/train/2024-03-28-18-35-18_mp4-0022_jpg.rf.d77a11728936684665c2e497ef36fb19.jpg...

image 1/1 /home/admin/Documents/FEUP-CV/proj/task2/../datasets/extra-3/data/train/2024-03-28-18-35-18_mp4-0022_jpg.rf.d77a11728936684665c2e497ef36fb19.jpg: 640x640 1 pool_table, 7.4ms
Speed: 1.6ms preprocess, 7.4ms inference, 12.1ms postprocess per image at shape (1, 3, 640, 640)
Processing extra-3/data/train/2024-03-28-18-28-05_mp4-0048_jpg.rf.1d6f26863b722a1a4f4e227ed3716d45.jpg...

image 1/1 /home/admin/Documents/FEUP-CV/proj/task2/../datasets/extra-3/data/train/2024-03-28-18-28-05_mp4-0048_jpg.rf.1d6f26863b722a1a4f4e227ed3716d45.jpg: 640x640 1 pool_table, 7.1ms
Speed: 1.3ms preprocess, 7.1ms inference, 1.5ms postprocess per image at shape (1, 3, 640, 640)
Processing extra-3/data/train/IMG_20240319_120550_jpg.rf.6fda82674e725f242afca3293d229793.jpg...

image 1/1 /home/admin/Documents/FEUP-CV/proj/task2/../datasets/extra-3/data/train/IMG_20240319_120550_jpg.rf.6fda82674e725f242afca3293d229793.jpg: 640x640 1 pool_table, 7.5ms
Speed: 1.5ms preprocess, 7.5ms inference, 12.1ms postprocess per image at shape (1, 3, 640, 640)
Processing extra-3/data/train/IMG_20240319_121755_jpg.rf.ca6d20221ac8c70399571ebed43b0bec.jpg...

image 1/1 /home/admin/Documents/FEUP-CV/proj/task2/../datasets/extra-3/data/train/IMG_20240319_121755_jpg.rf.ca6d20221ac8c70399571ebed43b0bec.jpg: 640x640 1 pool_table, 7.6ms
Speed: 1.2ms preprocess, 7.6ms inference, 1.5ms postprocess per image at shape (1, 3, 640, 640)
Processing extra-3/data/train/2024-03-28-15-41-19_mp4-0029_jpg.rf.f88216e81cdd886fe8ec42568f948f51.jpg...

image 1/1 /home/admin/Documents/FEUP-CV/proj/task2/../datasets/extra-3/data/train/2024-03-28-15-41-19_mp4-0029_jpg.rf.f88216e81cdd886fe8ec42568f948f51.jpg: 640x640 1 pool_table, 7.6ms
Speed: 1.5ms preprocess, 7.6ms inference, 12.2ms postprocess per image at shape (1, 3, 640, 640)
Processing extra-3/data/train/2024-03-28-15-41-19_mp4-0036_jpg.rf.e834731b9753b5084ac526ea8bf263b6.jpg...

image 1/1 /home/admin/Documents/FEUP-CV/proj/task2/../datasets/extra-3/data/train/2024-03-28-15-41-19_mp4-0036_jpg.rf.e834731b9753b5084ac526ea8bf263b6.jpg: 640x640 1 pool_table, 5.3ms
Speed: 3.1ms preprocess, 5.3ms inference, 1.5ms postprocess per image at shape (1, 3, 640, 640)
Processing extra-3/data/train/2024-03-30-11-15-02_mp4-0009_jpg.rf.5c7e3f1ea7115235226071a91365af65.jpg...

image 1/1 /home/admin/Documents/FEUP-CV/proj/task2/../datasets/extra-3/data/train/2024-03-30-11-15-02_mp4-0009_jpg.rf.5c7e3f1ea7115235226071a91365af65.jpg: 640x640 1 pool_table, 7.5ms
Speed: 2.2ms preprocess, 7.5ms inference, 12.1ms postprocess per image at shape (1, 3, 640, 640)
Processing extra-3/data/train/IMG_20240319_122231_jpg.rf.4e25c7b5324aeab58840fcd1af8c3869.jpg...

image 1/1 /home/admin/Documents/FEUP-CV/proj/task2/../datasets/extra-3/data/train/IMG_20240319_122231_jpg.rf.4e25c7b5324aeab58840fcd1af8c3869.jpg: 640x640 1 pool_table, 5.4ms
Speed: 3.3ms preprocess, 5.4ms inference, 1.5ms postprocess per image at shape (1, 3, 640, 640)
Processing extra-3/data/train/2024-03-28-18-28-05_mp4-0046_jpg.rf.d4e08dcb83504bc628f8fcb6f8409045.jpg...

image 1/1 /home/admin/Documents/FEUP-CV/proj/task2/../datasets/extra-3/data/train/2024-03-28-18-28-05_mp4-0046_jpg.rf.d4e08dcb83504bc628f8fcb6f8409045.jpg: 640x640 1 pool_table, 7.4ms
Speed: 1.8ms preprocess, 7.4ms inference, 12.0ms postprocess per image at shape (1, 3, 640, 640)
Processing extra-3/data/train/IMG_20240319_122235_jpg.rf.d7ca301a6ec6b69540ea91292d628d24.jpg...

image 1/1 /home/admin/Documents/FEUP-CV/proj/task2/../datasets/extra-3/data/train/IMG_20240319_122235_jpg.rf.d7ca301a6ec6b69540ea91292d628d24.jpg: 640x640 1 pool_table, 4.3ms
Speed: 3.2ms preprocess, 4.3ms inference, 1.4ms postprocess per image at shape (1, 3, 640, 640)
Processing extra-3/data/train/2024-03-30-11-15-02_mp4-0027_jpg.rf.6116a4caac553c9174cd8370f12bc405.jpg...

image 1/1 /home/admin/Documents/FEUP-CV/proj/task2/../datasets/extra-3/data/train/2024-03-30-11-15-02_mp4-0027_jpg.rf.6116a4caac553c9174cd8370f12bc405.jpg: 640x640 1 pool_table, 7.4ms
Speed: 1.7ms preprocess, 7.4ms inference, 12.0ms postprocess per image at shape (1, 3, 640, 640)
Processing extra-3/data/train/IMG_20240319_120925_jpg.rf.8a028b300417a11284deea9804d2b2dd.jpg...

image 1/1 /home/admin/Documents/FEUP-CV/proj/task2/../datasets/extra-3/data/train/IMG_20240319_120925_jpg.rf.8a028b300417a11284deea9804d2b2dd.jpg: 640x640 1 pool_table, 4.6ms
Speed: 3.2ms preprocess, 4.6ms inference, 1.4ms postprocess per image at shape (1, 3, 640, 640)
Processing extra-3/data/train/2024-03-30-11-22-03_mp4-0045_jpg.rf.b473fd1f5cc50deb7cdef712e0f2a4aa.jpg...

image 1/1 /home/admin/Documents/FEUP-CV/proj/task2/../datasets/extra-3/data/train/2024-03-30-11-22-03_mp4-0045_jpg.rf.b473fd1f5cc50deb7cdef712e0f2a4aa.jpg: 640x640 1 pool_table, 7.4ms
Speed: 1.9ms preprocess, 7.4ms inference, 12.0ms postprocess per image at shape (1, 3, 640, 640)
Processing extra-3/data/train/2024-03-30-11-22-03_mp4-0017_jpg.rf.0d3112191d2dc7eb11960e14373dd88c.jpg...

image 1/1 /home/admin/Documents/FEUP-CV/proj/task2/../datasets/extra-3/data/train/2024-03-30-11-22-03_mp4-0017_jpg.rf.0d3112191d2dc7eb11960e14373dd88c.jpg: 640x640 1 pool_table, 4.3ms
Speed: 2.6ms preprocess, 4.3ms inference, 1.4ms postprocess per image at shape (1, 3, 640, 640)
Processing extra-3/data/train/2024-03-28-18-28-05_mp4-0048_jpg.rf.8ffa229742a9c79d07b73b974c129096.jpg...

image 1/1 /home/admin/Documents/FEUP-CV/proj/task2/../datasets/extra-3/data/train/2024-03-28-18-28-05_mp4-0048_jpg.rf.8ffa229742a9c79d07b73b974c129096.jpg: 640x640 1 pool_table, 7.4ms
Speed: 1.6ms preprocess, 7.4ms inference, 12.1ms postprocess per image at shape (1, 3, 640, 640)
Processing extra-3/data/train/2024-03-30-11-22-03_mp4-0047_jpg.rf.74b21f794dbe0fbf64da7c031d88fc5b.jpg...

image 1/1 /home/admin/Documents/FEUP-CV/proj/task2/../datasets/extra-3/data/train/2024-03-30-11-22-03_mp4-0047_jpg.rf.74b21f794dbe0fbf64da7c031d88fc5b.jpg: 640x640 1 pool_table, 4.4ms
Speed: 3.3ms preprocess, 4.4ms inference, 1.4ms postprocess per image at shape (1, 3, 640, 640)
Processing extra-3/data/train/2024-03-28-15-41-19_mp4-0030_jpg.rf.6f4d379083c4867f76123f4687476d0b.jpg...

image 1/1 /home/admin/Documents/FEUP-CV/proj/task2/../datasets/extra-3/data/train/2024-03-28-15-41-19_mp4-0030_jpg.rf.6f4d379083c4867f76123f4687476d0b.jpg: 640x640 1 pool_table, 7.5ms
Speed: 1.5ms preprocess, 7.5ms inference, 12.2ms postprocess per image at shape (1, 3, 640, 640)
Processing extra-3/data/train/2024-03-28-18-28-05_mp4-0007_jpg.rf.58fd80636be02ff3df4d7a553af728ed.jpg...

image 1/1 /home/admin/Documents/FEUP-CV/proj/task2/../datasets/extra-3/data/train/2024-03-28-18-28-05_mp4-0007_jpg.rf.58fd80636be02ff3df4d7a553af728ed.jpg: 640x640 1 pool_table, 5.6ms
Speed: 3.2ms preprocess, 5.6ms inference, 1.5ms postprocess per image at shape (1, 3, 640, 640)
Processing extra-3/data/train/2024-03-28-15-41-19_mp4-0030_jpg.rf.f6a60d70558db496ffe6ca40e73b9935.jpg...

image 1/1 /home/admin/Documents/FEUP-CV/proj/task2/../datasets/extra-3/data/train/2024-03-28-15-41-19_mp4-0030_jpg.rf.f6a60d70558db496ffe6ca40e73b9935.jpg: 640x640 1 pool_table, 7.5ms
Speed: 2.3ms preprocess, 7.5ms inference, 12.1ms postprocess per image at shape (1, 3, 640, 640)
Processing extra-3/data/train/2024-03-30-11-07-17_mp4-0059_jpg.rf.66940e35f6658e21ca30e845a2c79f94.jpg...

image 1/1 /home/admin/Documents/FEUP-CV/proj/task2/../datasets/extra-3/data/train/2024-03-30-11-07-17_mp4-0059_jpg.rf.66940e35f6658e21ca30e845a2c79f94.jpg: 640x640 1 pool_table, 7.4ms
Speed: 1.2ms preprocess, 7.4ms inference, 1.5ms postprocess per image at shape (1, 3, 640, 640)
Processing extra-3/data/train/2024-03-30-11-15-02_mp4-0047_jpg.rf.02793460e9a10e9c1bbd0bda6ee042be.jpg...

image 1/1 /home/admin/Documents/FEUP-CV/proj/task2/../datasets/extra-3/data/train/2024-03-30-11-15-02_mp4-0047_jpg.rf.02793460e9a10e9c1bbd0bda6ee042be.jpg: 640x640 1 pool_table, 7.6ms
Speed: 1.9ms preprocess, 7.6ms inference, 12.1ms postprocess per image at shape (1, 3, 640, 640)
Processing extra-3/data/train/2024-03-30-11-22-03_mp4-0018_jpg.rf.5c596959b8b1fe754f71f5752264df5a.jpg...

image 1/1 /home/admin/Documents/FEUP-CV/proj/task2/../datasets/extra-3/data/train/2024-03-30-11-22-03_mp4-0018_jpg.rf.5c596959b8b1fe754f71f5752264df5a.jpg: 640x640 1 pool_table, 7.5ms
Speed: 1.4ms preprocess, 7.5ms inference, 1.6ms postprocess per image at shape (1, 3, 640, 640)
Processing extra-3/data/train/2024-03-28-15-41-19_mp4-0029_jpg.rf.686ebb218e4fe934c5d993e8a916f655.jpg...

image 1/1 /home/admin/Documents/FEUP-CV/proj/task2/../datasets/extra-3/data/train/2024-03-28-15-41-19_mp4-0029_jpg.rf.686ebb218e4fe934c5d993e8a916f655.jpg: 640x640 1 pool_table, 7.6ms
Speed: 1.6ms preprocess, 7.6ms inference, 12.1ms postprocess per image at shape (1, 3, 640, 640)
Processing extra-3/data/train/IMG_20240319_121930_jpg.rf.d162ffcdc67c0736e9e711a7acbd5d3e.jpg...

image 1/1 /home/admin/Documents/FEUP-CV/proj/task2/../datasets/extra-3/data/train/IMG_20240319_121930_jpg.rf.d162ffcdc67c0736e9e711a7acbd5d3e.jpg: 640x640 1 pool_table, 7.1ms
Speed: 1.4ms preprocess, 7.1ms inference, 1.4ms postprocess per image at shape (1, 3, 640, 640)
Processing extra-3/data/train/2024-03-28-18-35-18_mp4-0029_jpg.rf.b1bcb105e795284de9ec1b48ec057f1b.jpg...

image 1/1 /home/admin/Documents/FEUP-CV/proj/task2/../datasets/extra-3/data/train/2024-03-28-18-35-18_mp4-0029_jpg.rf.b1bcb105e795284de9ec1b48ec057f1b.jpg: 640x640 1 pool_table, 7.3ms
Speed: 1.6ms preprocess, 7.3ms inference, 12.1ms postprocess per image at shape (1, 3, 640, 640)
Processing extra-3/data/train/2024-03-28-18-35-18_mp4-0002_jpg.rf.b0c3308c4e26b67dae759f4702b94c4a.jpg...

image 1/1 /home/admin/Documents/FEUP-CV/proj/task2/../datasets/extra-3/data/train/2024-03-28-18-35-18_mp4-0002_jpg.rf.b0c3308c4e26b67dae759f4702b94c4a.jpg: 640x640 1 pool_table, 4.4ms
Speed: 3.2ms preprocess, 4.4ms inference, 1.4ms postprocess per image at shape (1, 3, 640, 640)
Processing extra-3/data/train/2024-03-28-15-41-19_mp4-0043_jpg.rf.d0230f49deb736aec1c29eb0f1d00b8f.jpg...

image 1/1 /home/admin/Documents/FEUP-CV/proj/task2/../datasets/extra-3/data/train/2024-03-28-15-41-19_mp4-0043_jpg.rf.d0230f49deb736aec1c29eb0f1d00b8f.jpg: 640x640 1 pool_table, 7.4ms
Speed: 1.9ms preprocess, 7.4ms inference, 12.1ms postprocess per image at shape (1, 3, 640, 640)
Processing extra-3/data/train/2024-03-28-15-41-19_mp4-0086_jpg.rf.991580ec8f706872f24a432ccd0eb83b.jpg...

image 1/1 /home/admin/Documents/FEUP-CV/proj/task2/../datasets/extra-3/data/train/2024-03-28-15-41-19_mp4-0086_jpg.rf.991580ec8f706872f24a432ccd0eb83b.jpg: 640x640 1 pool_table, 6.1ms
Speed: 1.4ms preprocess, 6.1ms inference, 1.4ms postprocess per image at shape (1, 3, 640, 640)
Processing extra-3/data/train/20240328_171153_jpg.rf.7a8e7f4eec9d81b2fcb801c6f741340f.jpg...

image 1/1 /home/admin/Documents/FEUP-CV/proj/task2/../datasets/extra-3/data/train/20240328_171153_jpg.rf.7a8e7f4eec9d81b2fcb801c6f741340f.jpg: 640x640 1 pool_table, 7.3ms
Speed: 1.7ms preprocess, 7.3ms inference, 12.1ms postprocess per image at shape (1, 3, 640, 640)
Processing extra-3/data/train/2024-03-30-11-15-02_mp4-0083_jpg.rf.4866fe855eea66935c3b266d1ffeefb9.jpg...

image 1/1 /home/admin/Documents/FEUP-CV/proj/task2/../datasets/extra-3/data/train/2024-03-30-11-15-02_mp4-0083_jpg.rf.4866fe855eea66935c3b266d1ffeefb9.jpg: 640x640 1 pool_table, 4.5ms
Speed: 2.7ms preprocess, 4.5ms inference, 1.4ms postprocess per image at shape (1, 3, 640, 640)
Processing extra-3/data/train/2024-03-30-11-22-03_mp4-0016_jpg.rf.449c0f4cc708c5434f97def8bf0044a0.jpg...

image 1/1 /home/admin/Documents/FEUP-CV/proj/task2/../datasets/extra-3/data/train/2024-03-30-11-22-03_mp4-0016_jpg.rf.449c0f4cc708c5434f97def8bf0044a0.jpg: 640x640 1 pool_table, 7.4ms
Speed: 1.6ms preprocess, 7.4ms inference, 12.1ms postprocess per image at shape (1, 3, 640, 640)
Processing extra-3/data/train/IMG_20240319_120621_jpg.rf.f952dc788b9915b4bf929211befac05a.jpg...

image 1/1 /home/admin/Documents/FEUP-CV/proj/task2/../datasets/extra-3/data/train/IMG_20240319_120621_jpg.rf.f952dc788b9915b4bf929211befac05a.jpg: 640x640 1 pool_table, 4.3ms
Speed: 2.8ms preprocess, 4.3ms inference, 1.5ms postprocess per image at shape (1, 3, 640, 640)
Processing extra-3/data/train/2024-03-30-11-22-03_mp4-0043_jpg.rf.df903cbe90dae8cc0f76c1240614ef92.jpg...

image 1/1 /home/admin/Documents/FEUP-CV/proj/task2/../datasets/extra-3/data/train/2024-03-30-11-22-03_mp4-0043_jpg.rf.df903cbe90dae8cc0f76c1240614ef92.jpg: 640x640 1 pool_table, 7.6ms
Speed: 2.0ms preprocess, 7.6ms inference, 12.2ms postprocess per image at shape (1, 3, 640, 640)
Processing extra-3/data/train/2024-03-30-11-22-03_mp4-0043_jpg.rf.6a01e31d2fab6e72ae9def27eb31d8f3.jpg...

image 1/1 /home/admin/Documents/FEUP-CV/proj/task2/../datasets/extra-3/data/train/2024-03-30-11-22-03_mp4-0043_jpg.rf.6a01e31d2fab6e72ae9def27eb31d8f3.jpg: 640x640 1 pool_table, 5.5ms
Speed: 2.8ms preprocess, 5.5ms inference, 1.5ms postprocess per image at shape (1, 3, 640, 640)
Processing extra-3/data/train/2024-03-28-18-35-18_mp4-0008_jpg.rf.7edac6bb98a1e4dcb6cb8bfe679ba75c.jpg...

image 1/1 /home/admin/Documents/FEUP-CV/proj/task2/../datasets/extra-3/data/train/2024-03-28-18-35-18_mp4-0008_jpg.rf.7edac6bb98a1e4dcb6cb8bfe679ba75c.jpg: 640x640 1 pool_table, 7.6ms
Speed: 1.7ms preprocess, 7.6ms inference, 12.1ms postprocess per image at shape (1, 3, 640, 640)
Processing extra-3/data/train/2024-03-28-18-28-05_mp4-0040_jpg.rf.ee62478ac262837980c99e3ec4133c71.jpg...

image 1/1 /home/admin/Documents/FEUP-CV/proj/task2/../datasets/extra-3/data/train/2024-03-28-18-28-05_mp4-0040_jpg.rf.ee62478ac262837980c99e3ec4133c71.jpg: 640x640 1 pool_table, 7.6ms
Speed: 1.3ms preprocess, 7.6ms inference, 1.6ms postprocess per image at shape (1, 3, 640, 640)
Processing extra-3/data/train/IMG_20240319_120540_jpg.rf.c8c54eeb15b50a38b6199ff433c99afe.jpg...

image 1/1 /home/admin/Documents/FEUP-CV/proj/task2/../datasets/extra-3/data/train/IMG_20240319_120540_jpg.rf.c8c54eeb15b50a38b6199ff433c99afe.jpg: 640x640 1 pool_table, 7.6ms
Speed: 2.3ms preprocess, 7.6ms inference, 12.2ms postprocess per image at shape (1, 3, 640, 640)
Processing extra-3/data/train/2024-03-28-15-41-19_mp4-0000_jpg.rf.b78a755e602dc43c777c928c41f58baf.jpg...

image 1/1 /home/admin/Documents/FEUP-CV/proj/task2/../datasets/extra-3/data/train/2024-03-28-15-41-19_mp4-0000_jpg.rf.b78a755e602dc43c777c928c41f58baf.jpg: 640x640 1 pool_table, 7.6ms
Speed: 1.4ms preprocess, 7.6ms inference, 1.7ms postprocess per image at shape (1, 3, 640, 640)
Processing extra-3/data/train/IMG_20240319_122228_jpg.rf.44cddbd42ae5e58d632f61cb13885034.jpg...

image 1/1 /home/admin/Documents/FEUP-CV/proj/task2/../datasets/extra-3/data/train/IMG_20240319_122228_jpg.rf.44cddbd42ae5e58d632f61cb13885034.jpg: 640x640 1 pool_table, 7.6ms
Speed: 2.2ms preprocess, 7.6ms inference, 12.2ms postprocess per image at shape (1, 3, 640, 640)
Processing extra-3/data/train/IMG_20240319_122211_jpg.rf.1af89d57e654843ee1b10c511d55bd90.jpg...

image 1/1 /home/admin/Documents/FEUP-CV/proj/task2/../datasets/extra-3/data/train/IMG_20240319_122211_jpg.rf.1af89d57e654843ee1b10c511d55bd90.jpg: 640x640 1 pool_table, 4.8ms
Speed: 2.9ms preprocess, 4.8ms inference, 1.4ms postprocess per image at shape (1, 3, 640, 640)
Processing extra-3/data/train/IMG_20240319_121037_jpg.rf.0cfa90d6961270ee6ce81e01ca136eca.jpg...

image 1/1 /home/admin/Documents/FEUP-CV/proj/task2/../datasets/extra-3/data/train/IMG_20240319_121037_jpg.rf.0cfa90d6961270ee6ce81e01ca136eca.jpg: 640x640 1 pool_table, 7.3ms
Speed: 1.3ms preprocess, 7.3ms inference, 12.0ms postprocess per image at shape (1, 3, 640, 640)
Processing extra-3/data/train/2024-03-30-11-22-03_mp4-0042_jpg.rf.c67b707b37c5525b08f753ac08e2dcad.jpg...

image 1/1 /home/admin/Documents/FEUP-CV/proj/task2/../datasets/extra-3/data/train/2024-03-30-11-22-03_mp4-0042_jpg.rf.c67b707b37c5525b08f753ac08e2dcad.jpg: 640x640 1 pool_table, 5.7ms
Speed: 1.3ms preprocess, 5.7ms inference, 1.4ms postprocess per image at shape (1, 3, 640, 640)
Processing extra-3/data/train/20240328_171149_jpg.rf.d5597bb5395556b9fed017ce20db0b5f.jpg...

image 1/1 /home/admin/Documents/FEUP-CV/proj/task2/../datasets/extra-3/data/train/20240328_171149_jpg.rf.d5597bb5395556b9fed017ce20db0b5f.jpg: 640x640 1 pool_table, 7.4ms
Speed: 1.3ms preprocess, 7.4ms inference, 12.0ms postprocess per image at shape (1, 3, 640, 640)
Processing extra-3/data/train/IMG_20240319_122139_jpg.rf.cefa4aad1cd676d76d8fca1301f46c60.jpg...

image 1/1 /home/admin/Documents/FEUP-CV/proj/task2/../datasets/extra-3/data/train/IMG_20240319_122139_jpg.rf.cefa4aad1cd676d76d8fca1301f46c60.jpg: 640x640 1 pool_table, 4.3ms
Speed: 2.0ms preprocess, 4.3ms inference, 1.4ms postprocess per image at shape (1, 3, 640, 640)
Processing extra-3/data/train/2024-03-28-15-41-19_mp4-0081_jpg.rf.3eb83987d11f8cb056cff4605b46fa6d.jpg...

image 1/1 /home/admin/Documents/FEUP-CV/proj/task2/../datasets/extra-3/data/train/2024-03-28-15-41-19_mp4-0081_jpg.rf.3eb83987d11f8cb056cff4605b46fa6d.jpg: 640x640 1 pool_table, 7.3ms
Speed: 1.3ms preprocess, 7.3ms inference, 12.0ms postprocess per image at shape (1, 3, 640, 640)
Processing extra-3/data/train/2024-03-28-15-41-19_mp4-0027_jpg.rf.450a134c8a0bc83e2c8b7e35adea6781.jpg...

image 1/1 /home/admin/Documents/FEUP-CV/proj/task2/../datasets/extra-3/data/train/2024-03-28-15-41-19_mp4-0027_jpg.rf.450a134c8a0bc83e2c8b7e35adea6781.jpg: 640x640 1 pool_table, 5.7ms
Speed: 1.6ms preprocess, 5.7ms inference, 1.4ms postprocess per image at shape (1, 3, 640, 640)
Processing extra-3/data/train/IMG_20240319_122238_jpg.rf.c19c5e9f2bb8cb012b726e810fba3ec5.jpg...

image 1/1 /home/admin/Documents/FEUP-CV/proj/task2/../datasets/extra-3/data/train/IMG_20240319_122238_jpg.rf.c19c5e9f2bb8cb012b726e810fba3ec5.jpg: 640x640 1 pool_table, 7.3ms
Speed: 2.5ms preprocess, 7.3ms inference, 12.0ms postprocess per image at shape (1, 3, 640, 640)
Processing extra-3/data/train/2024-03-28-18-28-05_mp4-0044_jpg.rf.f08314f2d9e02c4079b3f9b144901f7e.jpg...

image 1/1 /home/admin/Documents/FEUP-CV/proj/task2/../datasets/extra-3/data/train/2024-03-28-18-28-05_mp4-0044_jpg.rf.f08314f2d9e02c4079b3f9b144901f7e.jpg: 640x640 1 pool_table, 6.2ms
Speed: 1.5ms preprocess, 6.2ms inference, 1.5ms postprocess per image at shape (1, 3, 640, 640)
Processing extra-3/data/train/IMG_20240319_120652_jpg.rf.8e5d4c84035d768a27bfd791b3f39338.jpg...

image 1/1 /home/admin/Documents/FEUP-CV/proj/task2/../datasets/extra-3/data/train/IMG_20240319_120652_jpg.rf.8e5d4c84035d768a27bfd791b3f39338.jpg: 640x640 1 pool_table, 7.5ms
Speed: 1.8ms preprocess, 7.5ms inference, 12.1ms postprocess per image at shape (1, 3, 640, 640)
Processing extra-3/data/train/2024-03-28-18-35-18_mp4-0034_jpg.rf.4fb6e6d2ecf99cc16b5479c06507bd4d.jpg...

image 1/1 /home/admin/Documents/FEUP-CV/proj/task2/../datasets/extra-3/data/train/2024-03-28-18-35-18_mp4-0034_jpg.rf.4fb6e6d2ecf99cc16b5479c06507bd4d.jpg: 640x640 1 pool_table, 5.4ms
Speed: 3.0ms preprocess, 5.4ms inference, 1.5ms postprocess per image at shape (1, 3, 640, 640)
Processing extra-3/data/train/2024-03-28-15-41-19_mp4-0028_jpg.rf.c50dd483d45b8e4fc4b90526d511df03.jpg...

image 1/1 /home/admin/Documents/FEUP-CV/proj/task2/../datasets/extra-3/data/train/2024-03-28-15-41-19_mp4-0028_jpg.rf.c50dd483d45b8e4fc4b90526d511df03.jpg: 640x640 1 pool_table, 7.5ms
Speed: 2.2ms preprocess, 7.5ms inference, 12.2ms postprocess per image at shape (1, 3, 640, 640)
Processing extra-3/data/train/IMG_20240319_122149_jpg.rf.23db3d996b67d4ecf1cdb7bbde088687.jpg...

image 1/1 /home/admin/Documents/FEUP-CV/proj/task2/../datasets/extra-3/data/train/IMG_20240319_122149_jpg.rf.23db3d996b67d4ecf1cdb7bbde088687.jpg: 640x640 1 pool_table, 7.5ms
Speed: 1.4ms preprocess, 7.5ms inference, 1.5ms postprocess per image at shape (1, 3, 640, 640)
Processing extra-3/data/train/20240328_171419_jpg.rf.1f8d98169e38c55f84b7044efac5adc0.jpg...

image 1/1 /home/admin/Documents/FEUP-CV/proj/task2/../datasets/extra-3/data/train/20240328_171419_jpg.rf.1f8d98169e38c55f84b7044efac5adc0.jpg: 640x640 1 pool_table, 7.5ms
Speed: 1.5ms preprocess, 7.5ms inference, 12.1ms postprocess per image at shape (1, 3, 640, 640)
Processing extra-3/data/train/20240319_120451_jpg.rf.9aea4cc0edf3fe8f6a1ac97761f4dc6e.jpg...

image 1/1 /home/admin/Documents/FEUP-CV/proj/task2/../datasets/extra-3/data/train/20240319_120451_jpg.rf.9aea4cc0edf3fe8f6a1ac97761f4dc6e.jpg: 640x640 1 pool_table, 5.5ms
Speed: 2.7ms preprocess, 5.5ms inference, 1.5ms postprocess per image at shape (1, 3, 640, 640)
Processing extra-3/data/train/2024-03-30-11-15-02_mp4-0075_jpg.rf.cea47d5ce1b2a3f83d947fa5ee222f81.jpg...

image 1/1 /home/admin/Documents/FEUP-CV/proj/task2/../datasets/extra-3/data/train/2024-03-30-11-15-02_mp4-0075_jpg.rf.cea47d5ce1b2a3f83d947fa5ee222f81.jpg: 640x640 1 pool_table, 7.5ms
Speed: 3.2ms preprocess, 7.5ms inference, 12.1ms postprocess per image at shape (1, 3, 640, 640)
Processing extra-3/data/train/2024-03-28-15-41-19_mp4-0086_jpg.rf.ee2f2c814d7e9d4a23b65c461a50de12.jpg...

image 1/1 /home/admin/Documents/FEUP-CV/proj/task2/../datasets/extra-3/data/train/2024-03-28-15-41-19_mp4-0086_jpg.rf.ee2f2c814d7e9d4a23b65c461a50de12.jpg: 640x640 1 pool_table, 4.7ms
Speed: 2.3ms preprocess, 4.7ms inference, 1.5ms postprocess per image at shape (1, 3, 640, 640)
Processing extra-3/data/train/2024-03-28-18-28-05_mp4-0017_jpg.rf.39fc53e9db7b1325723f0aa124796112.jpg...

image 1/1 /home/admin/Documents/FEUP-CV/proj/task2/../datasets/extra-3/data/train/2024-03-28-18-28-05_mp4-0017_jpg.rf.39fc53e9db7b1325723f0aa124796112.jpg: 640x640 1 pool_table, 7.3ms
Speed: 2.1ms preprocess, 7.3ms inference, 12.1ms postprocess per image at shape (1, 3, 640, 640)
Processing extra-3/data/train/20240328_171411_jpg.rf.ecbe74180f1c8e8a80f7c13c643f0a01.jpg...

image 1/1 /home/admin/Documents/FEUP-CV/proj/task2/../datasets/extra-3/data/train/20240328_171411_jpg.rf.ecbe74180f1c8e8a80f7c13c643f0a01.jpg: 640x640 1 pool_table, 5.6ms
Speed: 1.2ms preprocess, 5.6ms inference, 1.4ms postprocess per image at shape (1, 3, 640, 640)
Processing extra-3/data/train/IMG_20240319_122129_jpg.rf.2532e6e3848aadf94c2b3d2f7e074de9.jpg...

image 1/1 /home/admin/Documents/FEUP-CV/proj/task2/../datasets/extra-3/data/train/IMG_20240319_122129_jpg.rf.2532e6e3848aadf94c2b3d2f7e074de9.jpg: 640x640 1 pool_table, 7.3ms
Speed: 3.2ms preprocess, 7.3ms inference, 12.0ms postprocess per image at shape (1, 3, 640, 640)
Processing extra-3/data/train/20240319_120451_jpg.rf.821289eec1ef9e83f8df3e48704dc0ee.jpg...

image 1/1 /home/admin/Documents/FEUP-CV/proj/task2/../datasets/extra-3/data/train/20240319_120451_jpg.rf.821289eec1ef9e83f8df3e48704dc0ee.jpg: 640x640 1 pool_table, 4.2ms
Speed: 1.2ms preprocess, 4.2ms inference, 1.5ms postprocess per image at shape (1, 3, 640, 640)
Processing extra-3/data/train/2024-03-30-11-15-02_mp4-0074_jpg.rf.32a46f4c44f8bd944922ef1a3d9a4789.jpg...

image 1/1 /home/admin/Documents/FEUP-CV/proj/task2/../datasets/extra-3/data/train/2024-03-30-11-15-02_mp4-0074_jpg.rf.32a46f4c44f8bd944922ef1a3d9a4789.jpg: 640x640 1 pool_table, 7.3ms
Speed: 2.1ms preprocess, 7.3ms inference, 12.1ms postprocess per image at shape (1, 3, 640, 640)
Processing extra-3/data/train/20240319_120442_jpg.rf.2e0b2d6c1ed84725a2f7199e61868acc.jpg...

image 1/1 /home/admin/Documents/FEUP-CV/proj/task2/../datasets/extra-3/data/train/20240319_120442_jpg.rf.2e0b2d6c1ed84725a2f7199e61868acc.jpg: 640x640 1 pool_table, 7.3ms
Speed: 1.9ms preprocess, 7.3ms inference, 12.1ms postprocess per image at shape (1, 3, 640, 640)
Processing extra-3/data/train/2024-03-28-18-35-18_mp4-0029_jpg.rf.d10cb55278b57ec6c6cb36dd484aa2db.jpg...

image 1/1 /home/admin/Documents/FEUP-CV/proj/task2/../datasets/extra-3/data/train/2024-03-28-18-35-18_mp4-0029_jpg.rf.d10cb55278b57ec6c6cb36dd484aa2db.jpg: 640x640 1 pool_table, 4.4ms
Speed: 1.4ms preprocess, 4.4ms inference, 1.5ms postprocess per image at shape (1, 3, 640, 640)
Processing extra-3/data/train/2024-03-30-11-07-17_mp4-0072_jpg.rf.7d8bff9d3376ae6551a413d4432ea545.jpg...

image 1/1 /home/admin/Documents/FEUP-CV/proj/task2/../datasets/extra-3/data/train/2024-03-30-11-07-17_mp4-0072_jpg.rf.7d8bff9d3376ae6551a413d4432ea545.jpg: 640x640 1 pool_table, 7.6ms
Speed: 2.1ms preprocess, 7.6ms inference, 12.2ms postprocess per image at shape (1, 3, 640, 640)
Processing extra-3/data/train/IMG_20240319_120540_jpg.rf.260946d2f4dd67c580982b039df08952.jpg...

image 1/1 /home/admin/Documents/FEUP-CV/proj/task2/../datasets/extra-3/data/train/IMG_20240319_120540_jpg.rf.260946d2f4dd67c580982b039df08952.jpg: 640x640 1 pool_table, 7.5ms
Speed: 1.4ms preprocess, 7.5ms inference, 1.7ms postprocess per image at shape (1, 3, 640, 640)
Processing extra-3/data/train/2024-03-30-11-22-03_mp4-0013_jpg.rf.06d357e21e68baf82259fd651d9dacc9.jpg...

image 1/1 /home/admin/Documents/FEUP-CV/proj/task2/../datasets/extra-3/data/train/2024-03-30-11-22-03_mp4-0013_jpg.rf.06d357e21e68baf82259fd651d9dacc9.jpg: 640x640 1 pool_table, 7.5ms
Speed: 1.5ms preprocess, 7.5ms inference, 12.2ms postprocess per image at shape (1, 3, 640, 640)
Processing extra-3/data/train/2024-03-30-11-22-03_mp4-0012_jpg.rf.01d2163a1c0b35be3ed5e943862a2d81.jpg...

image 1/1 /home/admin/Documents/FEUP-CV/proj/task2/../datasets/extra-3/data/train/2024-03-30-11-22-03_mp4-0012_jpg.rf.01d2163a1c0b35be3ed5e943862a2d81.jpg: 640x640 1 pool_table, 5.1ms
Speed: 2.7ms preprocess, 5.1ms inference, 1.5ms postprocess per image at shape (1, 3, 640, 640)
Processing extra-3/data/train/IMG_20240319_122152_jpg.rf.e0dde0065294534f6809d16e57aed6f8.jpg...

image 1/1 /home/admin/Documents/FEUP-CV/proj/task2/../datasets/extra-3/data/train/IMG_20240319_122152_jpg.rf.e0dde0065294534f6809d16e57aed6f8.jpg: 640x640 1 pool_table, 7.5ms
Speed: 3.3ms preprocess, 7.5ms inference, 12.1ms postprocess per image at shape (1, 3, 640, 640)
Processing extra-3/data/train/2024-03-28-18-28-05_mp4-0046_jpg.rf.7899e2ee97f715f127c2f54f289fee7b.jpg...

image 1/1 /home/admin/Documents/FEUP-CV/proj/task2/../datasets/extra-3/data/train/2024-03-28-18-28-05_mp4-0046_jpg.rf.7899e2ee97f715f127c2f54f289fee7b.jpg: 640x640 1 pool_table, 4.4ms
Speed: 2.4ms preprocess, 4.4ms inference, 1.5ms postprocess per image at shape (1, 3, 640, 640)
Processing extra-3/data/train/IMG_20240319_121920_jpg.rf.8acc311e452c5628ff765378023d9068.jpg...

image 1/1 /home/admin/Documents/FEUP-CV/proj/task2/../datasets/extra-3/data/train/IMG_20240319_121920_jpg.rf.8acc311e452c5628ff765378023d9068.jpg: 640x640 1 pool_table, 7.5ms
Speed: 2.1ms preprocess, 7.5ms inference, 12.0ms postprocess per image at shape (1, 3, 640, 640)
Processing extra-3/data/train/2024-03-30-11-15-02_mp4-0081_jpg.rf.e4b204f4a6819a5ce829146c0ac016e3.jpg...

image 1/1 /home/admin/Documents/FEUP-CV/proj/task2/../datasets/extra-3/data/train/2024-03-30-11-15-02_mp4-0081_jpg.rf.e4b204f4a6819a5ce829146c0ac016e3.jpg: 640x640 1 pool_table, 4.4ms
Speed: 3.2ms preprocess, 4.4ms inference, 1.4ms postprocess per image at shape (1, 3, 640, 640)
Processing extra-3/data/train/2024-03-30-11-22-03_mp4-0048_jpg.rf.dd68de6a876d3aa90ee79bf8dbe7ada0.jpg...

image 1/1 /home/admin/Documents/FEUP-CV/proj/task2/../datasets/extra-3/data/train/2024-03-30-11-22-03_mp4-0048_jpg.rf.dd68de6a876d3aa90ee79bf8dbe7ada0.jpg: 640x640 1 pool_table, 7.3ms
Speed: 2.0ms preprocess, 7.3ms inference, 12.1ms postprocess per image at shape (1, 3, 640, 640)
Processing extra-3/data/train/IMG_20240319_120844_jpg.rf.9693e06a10414819bdae7fca1c408d81.jpg...

image 1/1 /home/admin/Documents/FEUP-CV/proj/task2/../datasets/extra-3/data/train/IMG_20240319_120844_jpg.rf.9693e06a10414819bdae7fca1c408d81.jpg: 640x640 1 pool_table, 4.2ms
Speed: 2.6ms preprocess, 4.2ms inference, 1.4ms postprocess per image at shape (1, 3, 640, 640)
Processing extra-3/data/train/2024-03-28-18-28-05_mp4-0052_jpg.rf.2b2eb98ad4b1b2995ecaf92ed70527f4.jpg...

image 1/1 /home/admin/Documents/FEUP-CV/proj/task2/../datasets/extra-3/data/train/2024-03-28-18-28-05_mp4-0052_jpg.rf.2b2eb98ad4b1b2995ecaf92ed70527f4.jpg: 640x640 1 pool_table, 7.3ms
Speed: 1.9ms preprocess, 7.3ms inference, 12.0ms postprocess per image at shape (1, 3, 640, 640)
Processing extra-3/data/train/IMG_20240319_121143_jpg.rf.1eb5dfb9cd06e9222bcb9e665cfc9451.jpg...

image 1/1 /home/admin/Documents/FEUP-CV/proj/task2/../datasets/extra-3/data/train/IMG_20240319_121143_jpg.rf.1eb5dfb9cd06e9222bcb9e665cfc9451.jpg: 640x640 1 pool_table, 5.9ms
Speed: 1.5ms preprocess, 5.9ms inference, 1.4ms postprocess per image at shape (1, 3, 640, 640)
Processing extra-3/data/train/20240328_171147_jpg.rf.6c29b1ac72d21158fe6beb25194f235f.jpg...

image 1/1 /home/admin/Documents/FEUP-CV/proj/task2/../datasets/extra-3/data/train/20240328_171147_jpg.rf.6c29b1ac72d21158fe6beb25194f235f.jpg: 640x640 1 pool_table, 7.4ms
Speed: 1.6ms preprocess, 7.4ms inference, 12.1ms postprocess per image at shape (1, 3, 640, 640)
Processing extra-3/data/train/2024-03-28-18-28-05_mp4-0044_jpg.rf.205b448a7db03ae8efe83e7e4e1ec840.jpg...

image 1/1 /home/admin/Documents/FEUP-CV/proj/task2/../datasets/extra-3/data/train/2024-03-28-18-28-05_mp4-0044_jpg.rf.205b448a7db03ae8efe83e7e4e1ec840.jpg: 640x640 1 pool_table, 4.1ms
Speed: 2.9ms preprocess, 4.1ms inference, 1.4ms postprocess per image at shape (1, 3, 640, 640)
Processing extra-3/data/train/2024-03-30-11-07-17_mp4-0057_jpg.rf.9835971a04331c3291d9e93a22a6cb37.jpg...

image 1/1 /home/admin/Documents/FEUP-CV/proj/task2/../datasets/extra-3/data/train/2024-03-30-11-07-17_mp4-0057_jpg.rf.9835971a04331c3291d9e93a22a6cb37.jpg: 640x640 1 pool_table, 7.4ms
Speed: 1.9ms preprocess, 7.4ms inference, 12.1ms postprocess per image at shape (1, 3, 640, 640)
Processing extra-3/data/train/2024-03-28-18-28-05_mp4-0038_jpg.rf.3517106c8823986e6ca6cc17014d854a.jpg...

image 1/1 /home/admin/Documents/FEUP-CV/proj/task2/../datasets/extra-3/data/train/2024-03-28-18-28-05_mp4-0038_jpg.rf.3517106c8823986e6ca6cc17014d854a.jpg: 640x640 1 pool_table, 4.7ms
Speed: 3.3ms preprocess, 4.7ms inference, 1.5ms postprocess per image at shape (1, 3, 640, 640)
Processing extra-3/data/train/2024-03-28-18-28-05_mp4-0017_jpg.rf.106916c4eee29b3f4387e1431ed66876.jpg...

image 1/1 /home/admin/Documents/FEUP-CV/proj/task2/../datasets/extra-3/data/train/2024-03-28-18-28-05_mp4-0017_jpg.rf.106916c4eee29b3f4387e1431ed66876.jpg: 640x640 1 pool_table, 7.6ms
Speed: 2.4ms preprocess, 7.6ms inference, 12.2ms postprocess per image at shape (1, 3, 640, 640)
Processing extra-3/data/train/2024-03-30-11-22-03_mp4-0036_jpg.rf.4f61264fad49649d2ae83c15705d1c52.jpg...

image 1/1 /home/admin/Documents/FEUP-CV/proj/task2/../datasets/extra-3/data/train/2024-03-30-11-22-03_mp4-0036_jpg.rf.4f61264fad49649d2ae83c15705d1c52.jpg: 640x640 1 pool_table, 7.5ms
Speed: 1.4ms preprocess, 7.5ms inference, 1.6ms postprocess per image at shape (1, 3, 640, 640)
Processing extra-3/data/train/IMG_20240319_121516_jpg.rf.cfcc4e1a7a663adee02eaf02bc88c8ae.jpg...

image 1/1 /home/admin/Documents/FEUP-CV/proj/task2/../datasets/extra-3/data/train/IMG_20240319_121516_jpg.rf.cfcc4e1a7a663adee02eaf02bc88c8ae.jpg: 640x640 1 pool_table, 7.5ms
Speed: 1.7ms preprocess, 7.5ms inference, 12.2ms postprocess per image at shape (1, 3, 640, 640)
Processing extra-3/data/train/2024-03-28-15-41-19_mp4-0005_jpg.rf.e6ee7f03885b8ce6dc6cba5ffe0900a9.jpg...

image 1/1 /home/admin/Documents/FEUP-CV/proj/task2/../datasets/extra-3/data/train/2024-03-28-15-41-19_mp4-0005_jpg.rf.e6ee7f03885b8ce6dc6cba5ffe0900a9.jpg: 640x640 1 pool_table, 5.4ms
Speed: 3.0ms preprocess, 5.4ms inference, 1.5ms postprocess per image at shape (1, 3, 640, 640)
Processing extra-3/data/train/2024-03-30-11-15-02_mp4-0018_jpg.rf.47c35d0ade477c30affef159f8f38d75.jpg...

image 1/1 /home/admin/Documents/FEUP-CV/proj/task2/../datasets/extra-3/data/train/2024-03-30-11-15-02_mp4-0018_jpg.rf.47c35d0ade477c30affef159f8f38d75.jpg: 640x640 1 pool_table, 7.5ms
Speed: 2.4ms preprocess, 7.5ms inference, 12.1ms postprocess per image at shape (1, 3, 640, 640)
Processing extra-3/data/train/2024-03-30-11-15-02_mp4-0020_jpg.rf.f1eb5bd1023e4dd2662aa1d9a496260e.jpg...

image 1/1 /home/admin/Documents/FEUP-CV/proj/task2/../datasets/extra-3/data/train/2024-03-30-11-15-02_mp4-0020_jpg.rf.f1eb5bd1023e4dd2662aa1d9a496260e.jpg: 640x640 1 pool_table, 7.5ms
Speed: 1.4ms preprocess, 7.5ms inference, 1.5ms postprocess per image at shape (1, 3, 640, 640)
Processing extra-3/data/train/2024-03-30-11-07-17_mp4-0021_jpg.rf.c339e81294523803a02a0928dae13769.jpg...

image 1/1 /home/admin/Documents/FEUP-CV/proj/task2/../datasets/extra-3/data/train/2024-03-30-11-07-17_mp4-0021_jpg.rf.c339e81294523803a02a0928dae13769.jpg: 640x640 1 pool_table, 7.6ms
Speed: 2.2ms preprocess, 7.6ms inference, 12.0ms postprocess per image at shape (1, 3, 640, 640)
Processing extra-3/data/train/2024-03-30-11-22-03_mp4-0048_jpg.rf.d578b2c5e29fda618e86da2a059b2b68.jpg...

image 1/1 /home/admin/Documents/FEUP-CV/proj/task2/../datasets/extra-3/data/train/2024-03-30-11-22-03_mp4-0048_jpg.rf.d578b2c5e29fda618e86da2a059b2b68.jpg: 640x640 1 pool_table, 4.8ms
Speed: 3.3ms preprocess, 4.8ms inference, 1.4ms postprocess per image at shape (1, 3, 640, 640)
Processing extra-3/data/train/2024-03-30-11-07-17_mp4-0018_jpg.rf.e5d92e203f2ca9858bbb57ecd24eca37.jpg...

image 1/1 /home/admin/Documents/FEUP-CV/proj/task2/../datasets/extra-3/data/train/2024-03-30-11-07-17_mp4-0018_jpg.rf.e5d92e203f2ca9858bbb57ecd24eca37.jpg: 640x640 1 pool_table, 7.4ms
Speed: 1.5ms preprocess, 7.4ms inference, 12.1ms postprocess per image at shape (1, 3, 640, 640)
Processing extra-3/data/train/IMG_20240319_121516_jpg.rf.0b29db687c04f526e69540a9c707608a.jpg...

image 1/1 /home/admin/Documents/FEUP-CV/proj/task2/../datasets/extra-3/data/train/IMG_20240319_121516_jpg.rf.0b29db687c04f526e69540a9c707608a.jpg: 640x640 1 pool_table, 6.3ms
Speed: 1.3ms preprocess, 6.3ms inference, 1.4ms postprocess per image at shape (1, 3, 640, 640)
Processing extra-3/data/train/2024-03-28-15-41-19_mp4-0068_jpg.rf.d3deade4f3f3885914d2d0e3addb9832.jpg...

image 1/1 /home/admin/Documents/FEUP-CV/proj/task2/../datasets/extra-3/data/train/2024-03-28-15-41-19_mp4-0068_jpg.rf.d3deade4f3f3885914d2d0e3addb9832.jpg: 640x640 1 pool_table, 7.4ms
Speed: 1.8ms preprocess, 7.4ms inference, 12.0ms postprocess per image at shape (1, 3, 640, 640)
Processing extra-3/data/train/2024-03-28-18-28-05_mp4-0015_jpg.rf.6d44f636c4a821e68474b82b0c7342d6.jpg...

image 1/1 /home/admin/Documents/FEUP-CV/proj/task2/../datasets/extra-3/data/train/2024-03-28-18-28-05_mp4-0015_jpg.rf.6d44f636c4a821e68474b82b0c7342d6.jpg: 640x640 1 pool_table, 6.1ms
Speed: 1.5ms preprocess, 6.1ms inference, 1.4ms postprocess per image at shape (1, 3, 640, 640)
Processing extra-3/data/train/2024-03-28-15-41-19_mp4-0086_jpg.rf.147ab6f3eb0041b94145d3d03fb3efb5.jpg...

image 1/1 /home/admin/Documents/FEUP-CV/proj/task2/../datasets/extra-3/data/train/2024-03-28-15-41-19_mp4-0086_jpg.rf.147ab6f3eb0041b94145d3d03fb3efb5.jpg: 640x640 1 pool_table, 7.4ms
Speed: 2.3ms preprocess, 7.4ms inference, 12.1ms postprocess per image at shape (1, 3, 640, 640)
Processing extra-3/data/train/2024-03-28-18-35-18_mp4-0030_jpg.rf.fd747d5ef85236f65398c7e80f23edcf.jpg...

image 1/1 /home/admin/Documents/FEUP-CV/proj/task2/../datasets/extra-3/data/train/2024-03-28-18-35-18_mp4-0030_jpg.rf.fd747d5ef85236f65398c7e80f23edcf.jpg: 640x640 1 pool_table, 6.4ms
Speed: 1.4ms preprocess, 6.4ms inference, 1.4ms postprocess per image at shape (1, 3, 640, 640)
Processing extra-3/data/train/2024-03-30-11-15-02_mp4-0062_jpg.rf.ddcc08c4063f38aef82ee833dbaa7458.jpg...

image 1/1 /home/admin/Documents/FEUP-CV/proj/task2/../datasets/extra-3/data/train/2024-03-30-11-15-02_mp4-0062_jpg.rf.ddcc08c4063f38aef82ee833dbaa7458.jpg: 640x640 1 pool_table, 7.5ms
Speed: 1.9ms preprocess, 7.5ms inference, 12.2ms postprocess per image at shape (1, 3, 640, 640)
Processing extra-3/data/train/2024-03-30-11-15-02_mp4-0061_jpg.rf.b49bda9b02516bfdc76ebe24dce40b78.jpg...

image 1/1 /home/admin/Documents/FEUP-CV/proj/task2/../datasets/extra-3/data/train/2024-03-30-11-15-02_mp4-0061_jpg.rf.b49bda9b02516bfdc76ebe24dce40b78.jpg: 640x640 1 pool_table, 6.9ms
Speed: 1.4ms preprocess, 6.9ms inference, 1.5ms postprocess per image at shape (1, 3, 640, 640)
Processing extra-3/data/train/IMG_20240319_120712_jpg.rf.7b0951e3aa53b3d235bf3df7adbbbd95.jpg...

image 1/1 /home/admin/Documents/FEUP-CV/proj/task2/../datasets/extra-3/data/train/IMG_20240319_120712_jpg.rf.7b0951e3aa53b3d235bf3df7adbbbd95.jpg: 640x640 1 pool_table, 7.5ms
Speed: 2.1ms preprocess, 7.5ms inference, 12.1ms postprocess per image at shape (1, 3, 640, 640)
Processing extra-3/data/train/2024-03-28-15-41-19_mp4-0071_jpg.rf.2c1917c4c789634fbeea1d6530aa6903.jpg...

image 1/1 /home/admin/Documents/FEUP-CV/proj/task2/../datasets/extra-3/data/train/2024-03-28-15-41-19_mp4-0071_jpg.rf.2c1917c4c789634fbeea1d6530aa6903.jpg: 640x640 1 pool_table, 4.7ms
Speed: 3.2ms preprocess, 4.7ms inference, 1.5ms postprocess per image at shape (1, 3, 640, 640)
Processing extra-3/data/train/2024-03-28-15-41-19_mp4-0094_jpg.rf.b06705aa05fa27cd091229e3db0755df.jpg...

image 1/1 /home/admin/Documents/FEUP-CV/proj/task2/../datasets/extra-3/data/train/2024-03-28-15-41-19_mp4-0094_jpg.rf.b06705aa05fa27cd091229e3db0755df.jpg: 640x640 1 pool_table, 7.5ms
Speed: 2.5ms preprocess, 7.5ms inference, 12.1ms postprocess per image at shape (1, 3, 640, 640)
Processing extra-3/data/train/IMG_20240319_122231_jpg.rf.cf2a6637a7475ba542e41dd2907ffa34.jpg...

image 1/1 /home/admin/Documents/FEUP-CV/proj/task2/../datasets/extra-3/data/train/IMG_20240319_122231_jpg.rf.cf2a6637a7475ba542e41dd2907ffa34.jpg: 640x640 1 pool_table, 6.9ms
Speed: 1.6ms preprocess, 6.9ms inference, 1.5ms postprocess per image at shape (1, 3, 640, 640)
Processing extra-3/data/train/2024-03-30-11-15-02_mp4-0061_jpg.rf.f9e03bd289941f7373a8446856c580cc.jpg...

image 1/1 /home/admin/Documents/FEUP-CV/proj/task2/../datasets/extra-3/data/train/2024-03-30-11-15-02_mp4-0061_jpg.rf.f9e03bd289941f7373a8446856c580cc.jpg: 640x640 1 pool_table, 7.5ms
Speed: 2.0ms preprocess, 7.5ms inference, 12.1ms postprocess per image at shape (1, 3, 640, 640)
Processing extra-3/data/train/2024-03-30-11-15-02_mp4-0024_jpg.rf.4a0da04a8b05131ccf0114bd1833610c.jpg...

image 1/1 /home/admin/Documents/FEUP-CV/proj/task2/../datasets/extra-3/data/train/2024-03-30-11-15-02_mp4-0024_jpg.rf.4a0da04a8b05131ccf0114bd1833610c.jpg: 640x640 1 pool_table, 7.0ms
Speed: 1.5ms preprocess, 7.0ms inference, 1.5ms postprocess per image at shape (1, 3, 640, 640)
Processing extra-3/data/train/2024-03-28-15-41-19_mp4-0075_jpg.rf.ba3c1013bd0a722615f241fb2a3d37a1.jpg...

image 1/1 /home/admin/Documents/FEUP-CV/proj/task2/../datasets/extra-3/data/train/2024-03-28-15-41-19_mp4-0075_jpg.rf.ba3c1013bd0a722615f241fb2a3d37a1.jpg: 640x640 1 pool_table, 7.4ms
Speed: 2.3ms preprocess, 7.4ms inference, 12.1ms postprocess per image at shape (1, 3, 640, 640)
Processing extra-3/data/train/2024-03-30-11-22-03_mp4-0015_jpg.rf.80b86ba59398bec33fd351ea8790a466.jpg...

image 1/1 /home/admin/Documents/FEUP-CV/proj/task2/../datasets/extra-3/data/train/2024-03-30-11-22-03_mp4-0015_jpg.rf.80b86ba59398bec33fd351ea8790a466.jpg: 640x640 1 pool_table, 4.2ms
Speed: 3.1ms preprocess, 4.2ms inference, 1.4ms postprocess per image at shape (1, 3, 640, 640)
Processing extra-3/data/train/2024-03-28-15-41-19_mp4-0089_jpg.rf.3ee8b2c000195cb01b41362e7c9b46d1.jpg...

image 1/1 /home/admin/Documents/FEUP-CV/proj/task2/../datasets/extra-3/data/train/2024-03-28-15-41-19_mp4-0089_jpg.rf.3ee8b2c000195cb01b41362e7c9b46d1.jpg: 640x640 1 pool_table, 7.3ms
Speed: 1.8ms preprocess, 7.3ms inference, 12.0ms postprocess per image at shape (1, 3, 640, 640)
Processing extra-3/data/train/20240328_171206_jpg.rf.d920b6e60c1a0d8be9977db6fc4054c3.jpg...

image 1/1 /home/admin/Documents/FEUP-CV/proj/task2/../datasets/extra-3/data/train/20240328_171206_jpg.rf.d920b6e60c1a0d8be9977db6fc4054c3.jpg: 640x640 1 pool_table, 6.0ms
Speed: 1.5ms preprocess, 6.0ms inference, 1.4ms postprocess per image at shape (1, 3, 640, 640)
Processing extra-3/data/train/IMG_20240319_122123_jpg.rf.5ec09d446173ade9789ae91fd75f5d7a.jpg...

image 1/1 /home/admin/Documents/FEUP-CV/proj/task2/../datasets/extra-3/data/train/IMG_20240319_122123_jpg.rf.5ec09d446173ade9789ae91fd75f5d7a.jpg: 640x640 1 pool_table, 7.4ms
Speed: 3.0ms preprocess, 7.4ms inference, 12.1ms postprocess per image at shape (1, 3, 640, 640)
Processing extra-3/data/train/2024-03-30-11-15-02_mp4-0076_jpg.rf.df0a35d6acc5e6daf880c7c3ff81ce6f.jpg...

image 1/1 /home/admin/Documents/FEUP-CV/proj/task2/../datasets/extra-3/data/train/2024-03-30-11-15-02_mp4-0076_jpg.rf.df0a35d6acc5e6daf880c7c3ff81ce6f.jpg: 640x640 1 pool_table, 4.2ms
Speed: 1.3ms preprocess, 4.2ms inference, 1.5ms postprocess per image at shape (1, 3, 640, 640)
Processing extra-3/data/train/2024-03-30-11-07-17_mp4-0063_jpg.rf.bb795c781e10fdb51611695a2a5beea9.jpg...

image 1/1 /home/admin/Documents/FEUP-CV/proj/task2/../datasets/extra-3/data/train/2024-03-30-11-07-17_mp4-0063_jpg.rf.bb795c781e10fdb51611695a2a5beea9.jpg: 640x640 1 pool_table, 7.4ms
Speed: 2.0ms preprocess, 7.4ms inference, 12.0ms postprocess per image at shape (1, 3, 640, 640)
Processing extra-3/data/train/2024-03-30-11-07-17_mp4-0038_jpg.rf.7f30bce6ad517214d89fbdeafe3ee0cf.jpg...

image 1/1 /home/admin/Documents/FEUP-CV/proj/task2/../datasets/extra-3/data/train/2024-03-30-11-07-17_mp4-0038_jpg.rf.7f30bce6ad517214d89fbdeafe3ee0cf.jpg: 640x640 1 pool_table, 6.1ms
Speed: 1.5ms preprocess, 6.1ms inference, 1.5ms postprocess per image at shape (1, 3, 640, 640)
Processing extra-3/data/train/2024-03-28-15-41-19_mp4-0073_jpg.rf.974db244d951b2e55412a73668b7a02c.jpg...

image 1/1 /home/admin/Documents/FEUP-CV/proj/task2/../datasets/extra-3/data/train/2024-03-28-15-41-19_mp4-0073_jpg.rf.974db244d951b2e55412a73668b7a02c.jpg: 640x640 1 pool_table, 7.5ms
Speed: 2.1ms preprocess, 7.5ms inference, 12.1ms postprocess per image at shape (1, 3, 640, 640)
Processing extra-3/data/train/2024-03-30-11-22-03_mp4-0018_jpg.rf.5e70f78b5feb4cc57ae8c8d98cb10b57.jpg...

image 1/1 /home/admin/Documents/FEUP-CV/proj/task2/../datasets/extra-3/data/train/2024-03-30-11-22-03_mp4-0018_jpg.rf.5e70f78b5feb4cc57ae8c8d98cb10b57.jpg: 640x640 1 pool_table, 4.7ms
Speed: 3.2ms preprocess, 4.7ms inference, 1.4ms postprocess per image at shape (1, 3, 640, 640)
Processing extra-3/data/train/2024-03-28-18-35-18_mp4-0002_jpg.rf.468e61e47c6491bdf5c2e3dfa66ab9d9.jpg...

image 1/1 /home/admin/Documents/FEUP-CV/proj/task2/../datasets/extra-3/data/train/2024-03-28-18-35-18_mp4-0002_jpg.rf.468e61e47c6491bdf5c2e3dfa66ab9d9.jpg: 640x640 1 pool_table, 7.5ms
Speed: 1.4ms preprocess, 7.5ms inference, 12.2ms postprocess per image at shape (1, 3, 640, 640)
Processing extra-3/data/train/2024-03-30-11-07-17_mp4-0036_jpg.rf.47d678e576c355daf3e406bbeae05c3c.jpg...

image 1/1 /home/admin/Documents/FEUP-CV/proj/task2/../datasets/extra-3/data/train/2024-03-30-11-07-17_mp4-0036_jpg.rf.47d678e576c355daf3e406bbeae05c3c.jpg: 640x640 1 pool_table, 4.8ms
Speed: 3.2ms preprocess, 4.8ms inference, 1.4ms postprocess per image at shape (1, 3, 640, 640)
Processing extra-3/data/train/2024-03-30-11-15-02_mp4-0075_jpg.rf.cd5daf1c09d04764c9061ef35e6b1535.jpg...

image 1/1 /home/admin/Documents/FEUP-CV/proj/task2/../datasets/extra-3/data/train/2024-03-30-11-15-02_mp4-0075_jpg.rf.cd5daf1c09d04764c9061ef35e6b1535.jpg: 640x640 1 pool_table, 7.5ms
Speed: 2.1ms preprocess, 7.5ms inference, 12.1ms postprocess per image at shape (1, 3, 640, 640)
Processing extra-3/data/train/20240328_171155_jpg.rf.bb6f5631fbbb2cd1383dec290b391428.jpg...

image 1/1 /home/admin/Documents/FEUP-CV/proj/task2/../datasets/extra-3/data/train/20240328_171155_jpg.rf.bb6f5631fbbb2cd1383dec290b391428.jpg: 640x640 1 pool_table, 4.6ms
Speed: 3.0ms preprocess, 4.6ms inference, 1.4ms postprocess per image at shape (1, 3, 640, 640)
Processing extra-3/data/train/2024-03-30-11-07-17_mp4-0039_jpg.rf.41e34929e90d91484a1a19347899d459.jpg...

image 1/1 /home/admin/Documents/FEUP-CV/proj/task2/../datasets/extra-3/data/train/2024-03-30-11-07-17_mp4-0039_jpg.rf.41e34929e90d91484a1a19347899d459.jpg: 640x640 1 pool_table, 7.5ms
Speed: 1.2ms preprocess, 7.5ms inference, 12.1ms postprocess per image at shape (1, 3, 640, 640)
Processing extra-3/data/train/2024-03-28-15-41-19_mp4-0080_jpg.rf.737ea5f234229401e2378da21bc9441d.jpg...

image 1/1 /home/admin/Documents/FEUP-CV/proj/task2/../datasets/extra-3/data/train/2024-03-28-15-41-19_mp4-0080_jpg.rf.737ea5f234229401e2378da21bc9441d.jpg: 640x640 1 pool_table, 6.7ms
Speed: 1.5ms preprocess, 6.7ms inference, 1.4ms postprocess per image at shape (1, 3, 640, 640)
Processing extra-3/data/train/2024-03-28-15-41-19_mp4-0085_jpg.rf.43f5c13a7ce15d24a36454b599c6d8c4.jpg...

image 1/1 /home/admin/Documents/FEUP-CV/proj/task2/../datasets/extra-3/data/train/2024-03-28-15-41-19_mp4-0085_jpg.rf.43f5c13a7ce15d24a36454b599c6d8c4.jpg: 640x640 1 pool_table, 7.4ms
Speed: 2.2ms preprocess, 7.4ms inference, 12.1ms postprocess per image at shape (1, 3, 640, 640)
Processing extra-3/data/train/2024-03-30-11-07-17_mp4-0063_jpg.rf.2ddcffe0c9055e234744e042d6128bb3.jpg...

image 1/1 /home/admin/Documents/FEUP-CV/proj/task2/../datasets/extra-3/data/train/2024-03-30-11-07-17_mp4-0063_jpg.rf.2ddcffe0c9055e234744e042d6128bb3.jpg: 640x640 1 pool_table, 5.9ms
Speed: 1.6ms preprocess, 5.9ms inference, 1.4ms postprocess per image at shape (1, 3, 640, 640)
Processing extra-3/data/train/2024-03-30-11-07-17_mp4-0051_jpg.rf.3e70a37ffeea3cbb00075d7f1894f3a4.jpg...

image 1/1 /home/admin/Documents/FEUP-CV/proj/task2/../datasets/extra-3/data/train/2024-03-30-11-07-17_mp4-0051_jpg.rf.3e70a37ffeea3cbb00075d7f1894f3a4.jpg: 640x640 1 pool_table, 7.3ms
Speed: 2.2ms preprocess, 7.3ms inference, 12.1ms postprocess per image at shape (1, 3, 640, 640)
Processing extra-3/data/train/2024-03-30-11-22-03_mp4-0043_jpg.rf.7767f3d3ca233443a69b8d49dbd915a8.jpg...

image 1/1 /home/admin/Documents/FEUP-CV/proj/task2/../datasets/extra-3/data/train/2024-03-30-11-22-03_mp4-0043_jpg.rf.7767f3d3ca233443a69b8d49dbd915a8.jpg: 640x640 1 pool_table, 4.1ms
Speed: 3.2ms preprocess, 4.1ms inference, 1.4ms postprocess per image at shape (1, 3, 640, 640)
Processing extra-3/data/train/IMG_20240319_122245_jpg.rf.bcc0c12a7a1c46b1916f0e7926d796af.jpg...

image 1/1 /home/admin/Documents/FEUP-CV/proj/task2/../datasets/extra-3/data/train/IMG_20240319_122245_jpg.rf.bcc0c12a7a1c46b1916f0e7926d796af.jpg: 640x640 1 pool_table, 7.4ms
Speed: 3.2ms preprocess, 7.4ms inference, 12.1ms postprocess per image at shape (1, 3, 640, 640)
Processing extra-3/data/train/IMG_20240319_122231_jpg.rf.d2ec372841992ce15ea127e8c49856a6.jpg...

image 1/1 /home/admin/Documents/FEUP-CV/proj/task2/../datasets/extra-3/data/train/IMG_20240319_122231_jpg.rf.d2ec372841992ce15ea127e8c49856a6.jpg: 640x640 1 pool_table, 4.3ms
Speed: 1.2ms preprocess, 4.3ms inference, 1.5ms postprocess per image at shape (1, 3, 640, 640)
Processing extra-3/data/train/2024-03-30-11-07-17_mp4-0059_jpg.rf.a8cc69abe1d1a69e4350473a22b4a523.jpg...

image 1/1 /home/admin/Documents/FEUP-CV/proj/task2/../datasets/extra-3/data/train/2024-03-30-11-07-17_mp4-0059_jpg.rf.a8cc69abe1d1a69e4350473a22b4a523.jpg: 640x640 1 pool_table, 7.3ms
Speed: 3.2ms preprocess, 7.3ms inference, 12.1ms postprocess per image at shape (1, 3, 640, 640)
Processing extra-3/data/train/2024-03-28-15-41-19_mp4-0037_jpg.rf.8b9eb8802515e948782749da6bacae5a.jpg...

image 1/1 /home/admin/Documents/FEUP-CV/proj/task2/../datasets/extra-3/data/train/2024-03-28-15-41-19_mp4-0037_jpg.rf.8b9eb8802515e948782749da6bacae5a.jpg: 640x640 1 pool_table, 4.4ms
Speed: 2.1ms preprocess, 4.4ms inference, 1.5ms postprocess per image at shape (1, 3, 640, 640)
Processing extra-3/data/train/20240328_171434_jpg.rf.bbbb7ae8b11ccbe1fc339b6f8299ef6f.jpg...

image 1/1 /home/admin/Documents/FEUP-CV/proj/task2/../datasets/extra-3/data/train/20240328_171434_jpg.rf.bbbb7ae8b11ccbe1fc339b6f8299ef6f.jpg: 640x640 1 pool_table, 7.5ms
Speed: 1.7ms preprocess, 7.5ms inference, 12.2ms postprocess per image at shape (1, 3, 640, 640)
Processing extra-3/data/train/IMG_20240319_122126_jpg.rf.5a8fda581bf462add14a924e81bae546.jpg...

image 1/1 /home/admin/Documents/FEUP-CV/proj/task2/../datasets/extra-3/data/train/IMG_20240319_122126_jpg.rf.5a8fda581bf462add14a924e81bae546.jpg: 640x640 1 pool_table, 5.2ms
Speed: 2.9ms preprocess, 5.2ms inference, 1.5ms postprocess per image at shape (1, 3, 640, 640)
Processing extra-3/data/train/IMG_20240319_121146_jpg.rf.1154f301d73dae563e28517928dbb276.jpg...

image 1/1 /home/admin/Documents/FEUP-CV/proj/task2/../datasets/extra-3/data/train/IMG_20240319_121146_jpg.rf.1154f301d73dae563e28517928dbb276.jpg: 640x640 1 pool_table, 7.6ms
Speed: 3.0ms preprocess, 7.6ms inference, 12.2ms postprocess per image at shape (1, 3, 640, 640)
Processing extra-3/data/train/2024-03-28-15-41-19_mp4-0021_jpg.rf.1ea1b6c258732157669d19d55b5be94d.jpg...

image 1/1 /home/admin/Documents/FEUP-CV/proj/task2/../datasets/extra-3/data/train/2024-03-28-15-41-19_mp4-0021_jpg.rf.1ea1b6c258732157669d19d55b5be94d.jpg: 640x640 1 pool_table, 4.4ms
Speed: 2.8ms preprocess, 4.4ms inference, 1.5ms postprocess per image at shape (1, 3, 640, 640)
Processing extra-3/data/train/2024-03-30-11-15-02_mp4-0005_jpg.rf.2949a31096b86cc076af762a548ea3c5.jpg...

image 1/1 /home/admin/Documents/FEUP-CV/proj/task2/../datasets/extra-3/data/train/2024-03-30-11-15-02_mp4-0005_jpg.rf.2949a31096b86cc076af762a548ea3c5.jpg: 640x640 1 pool_table, 7.5ms
Speed: 2.2ms preprocess, 7.5ms inference, 12.2ms postprocess per image at shape (1, 3, 640, 640)
Processing extra-3/data/train/2024-03-30-11-07-17_mp4-0013_jpg.rf.030631f5a96f30aa90bbb73a099d2b53.jpg...

image 1/1 /home/admin/Documents/FEUP-CV/proj/task2/../datasets/extra-3/data/train/2024-03-30-11-07-17_mp4-0013_jpg.rf.030631f5a96f30aa90bbb73a099d2b53.jpg: 640x640 1 pool_table, 7.5ms
Speed: 1.3ms preprocess, 7.5ms inference, 1.5ms postprocess per image at shape (1, 3, 640, 640)
Processing extra-3/data/train/2024-03-30-11-15-02_mp4-0070_jpg.rf.d60fb2c7347dc8ea3e486bcdc09723d1.jpg...

image 1/1 /home/admin/Documents/FEUP-CV/proj/task2/../datasets/extra-3/data/train/2024-03-30-11-15-02_mp4-0070_jpg.rf.d60fb2c7347dc8ea3e486bcdc09723d1.jpg: 640x640 1 pool_table, 7.5ms
Speed: 2.0ms preprocess, 7.5ms inference, 12.2ms postprocess per image at shape (1, 3, 640, 640)
Processing extra-3/data/train/20240328_171155_jpg.rf.a4d8631d9b45536de887312494f28dd2.jpg...

image 1/1 /home/admin/Documents/FEUP-CV/proj/task2/../datasets/extra-3/data/train/20240328_171155_jpg.rf.a4d8631d9b45536de887312494f28dd2.jpg: 640x640 1 pool_table, 4.5ms
Speed: 3.3ms preprocess, 4.5ms inference, 1.4ms postprocess per image at shape (1, 3, 640, 640)
Processing extra-3/data/train/IMG_20240319_120621_jpg.rf.63f4418a4a104f3f52c652aea5a2bcd3.jpg...

image 1/1 /home/admin/Documents/FEUP-CV/proj/task2/../datasets/extra-3/data/train/IMG_20240319_120621_jpg.rf.63f4418a4a104f3f52c652aea5a2bcd3.jpg: 640x640 1 pool_table, 7.3ms
Speed: 3.0ms preprocess, 7.3ms inference, 12.0ms postprocess per image at shape (1, 3, 640, 640)
Processing extra-3/data/train/2024-03-28-15-41-19_mp4-0032_jpg.rf.7c2be7eb4f6d297d02f202a4b571e017.jpg...

image 1/1 /home/admin/Documents/FEUP-CV/proj/task2/../datasets/extra-3/data/train/2024-03-28-15-41-19_mp4-0032_jpg.rf.7c2be7eb4f6d297d02f202a4b571e017.jpg: 640x640 1 pool_table, 4.4ms
Speed: 1.2ms preprocess, 4.4ms inference, 1.4ms postprocess per image at shape (1, 3, 640, 640)
Processing extra-3/data/train/2024-03-28-15-41-19_mp4-0020_jpg.rf.483bbb7ba1faefa74b83825d2326de74.jpg...

image 1/1 /home/admin/Documents/FEUP-CV/proj/task2/../datasets/extra-3/data/train/2024-03-28-15-41-19_mp4-0020_jpg.rf.483bbb7ba1faefa74b83825d2326de74.jpg: 640x640 1 pool_table, 7.3ms
Speed: 2.2ms preprocess, 7.3ms inference, 12.1ms postprocess per image at shape (1, 3, 640, 640)
Processing extra-3/data/train/2024-03-30-11-15-02_mp4-0011_jpg.rf.96f6702b3b6fd24925f048c63353eb5a.jpg...

image 1/1 /home/admin/Documents/FEUP-CV/proj/task2/../datasets/extra-3/data/train/2024-03-30-11-15-02_mp4-0011_jpg.rf.96f6702b3b6fd24925f048c63353eb5a.jpg: 640x640 1 pool_table, 5.6ms
Speed: 1.6ms preprocess, 5.6ms inference, 1.4ms postprocess per image at shape (1, 3, 640, 640)
Processing extra-3/data/train/2024-03-28-18-35-18_mp4-0033_jpg.rf.63d08a325a14c52fa35305cadac05543.jpg...

image 1/1 /home/admin/Documents/FEUP-CV/proj/task2/../datasets/extra-3/data/train/2024-03-28-18-35-18_mp4-0033_jpg.rf.63d08a325a14c52fa35305cadac05543.jpg: 640x640 1 pool_table, 7.3ms
Speed: 2.1ms preprocess, 7.3ms inference, 12.1ms postprocess per image at shape (1, 3, 640, 640)
Processing extra-3/data/train/2024-03-30-11-07-17_mp4-0055_jpg.rf.c3aa05b4215fbcf7f066b21876132956.jpg...

image 1/1 /home/admin/Documents/FEUP-CV/proj/task2/../datasets/extra-3/data/train/2024-03-30-11-07-17_mp4-0055_jpg.rf.c3aa05b4215fbcf7f066b21876132956.jpg: 640x640 1 pool_table, 5.5ms
Speed: 1.3ms preprocess, 5.5ms inference, 1.4ms postprocess per image at shape (1, 3, 640, 640)
Processing extra-3/data/train/2024-03-30-11-07-17_mp4-0059_jpg.rf.f37a5bdc926b192d3d9a108e6d98fcb4.jpg...

image 1/1 /home/admin/Documents/FEUP-CV/proj/task2/../datasets/extra-3/data/train/2024-03-30-11-07-17_mp4-0059_jpg.rf.f37a5bdc926b192d3d9a108e6d98fcb4.jpg: 640x640 1 pool_table, 7.3ms
Speed: 2.0ms preprocess, 7.3ms inference, 12.0ms postprocess per image at shape (1, 3, 640, 640)
Processing extra-3/data/train/2024-03-28-15-41-19_mp4-0031_jpg.rf.e75908e3f990698661f26b2a7e08bd71.jpg...

image 1/1 /home/admin/Documents/FEUP-CV/proj/task2/../datasets/extra-3/data/train/2024-03-28-15-41-19_mp4-0031_jpg.rf.e75908e3f990698661f26b2a7e08bd71.jpg: 640x640 1 pool_table, 6.2ms
Speed: 1.4ms preprocess, 6.2ms inference, 1.5ms postprocess per image at shape (1, 3, 640, 640)
Processing extra-3/data/train/20240319_120440_jpg.rf.701f710eb560c3e0417983b5674fa214.jpg...

image 1/1 /home/admin/Documents/FEUP-CV/proj/task2/../datasets/extra-3/data/train/20240319_120440_jpg.rf.701f710eb560c3e0417983b5674fa214.jpg: 640x640 1 pool_table, 7.5ms
Speed: 1.8ms preprocess, 7.5ms inference, 12.2ms postprocess per image at shape (1, 3, 640, 640)
Processing extra-3/data/train/2024-03-30-11-07-17_mp4-0015_jpg.rf.0afb0e9bb0da8673a5e5aad700f6c297.jpg...

image 1/1 /home/admin/Documents/FEUP-CV/proj/task2/../datasets/extra-3/data/train/2024-03-30-11-07-17_mp4-0015_jpg.rf.0afb0e9bb0da8673a5e5aad700f6c297.jpg: 640x640 1 pool_table, 5.6ms
Speed: 1.4ms preprocess, 5.6ms inference, 1.5ms postprocess per image at shape (1, 3, 640, 640)
Processing extra-3/data/train/2024-03-30-11-07-17_mp4-0056_jpg.rf.a0e8acdfe020f6d31ea0fafe485f9dbb.jpg...

image 1/1 /home/admin/Documents/FEUP-CV/proj/task2/../datasets/extra-3/data/train/2024-03-30-11-07-17_mp4-0056_jpg.rf.a0e8acdfe020f6d31ea0fafe485f9dbb.jpg: 640x640 1 pool_table, 7.5ms
Speed: 2.2ms preprocess, 7.5ms inference, 12.2ms postprocess per image at shape (1, 3, 640, 640)
Processing extra-3/data/train/20240328_171428_jpg.rf.3c161cbf4dbc1cacc2de8e682e135b8f.jpg...

image 1/1 /home/admin/Documents/FEUP-CV/proj/task2/../datasets/extra-3/data/train/20240328_171428_jpg.rf.3c161cbf4dbc1cacc2de8e682e135b8f.jpg: 640x640 1 pool_table, 7.5ms
Speed: 1.6ms preprocess, 7.5ms inference, 1.7ms postprocess per image at shape (1, 3, 640, 640)
Processing extra-3/data/train/2024-03-28-18-28-05_mp4-0042_jpg.rf.bcc1add0ed32c522d1af0780221305a6.jpg...

image 1/1 /home/admin/Documents/FEUP-CV/proj/task2/../datasets/extra-3/data/train/2024-03-28-18-28-05_mp4-0042_jpg.rf.bcc1add0ed32c522d1af0780221305a6.jpg: 640x640 1 pool_table, 7.5ms
Speed: 1.9ms preprocess, 7.5ms inference, 12.1ms postprocess per image at shape (1, 3, 640, 640)
Processing extra-3/data/train/2024-03-28-15-41-19_mp4-0048_jpg.rf.2db28b5867d07d267e10d1051c6fbde9.jpg...

image 1/1 /home/admin/Documents/FEUP-CV/proj/task2/../datasets/extra-3/data/train/2024-03-28-15-41-19_mp4-0048_jpg.rf.2db28b5867d07d267e10d1051c6fbde9.jpg: 640x640 1 pool_table, 7.4ms
Speed: 1.6ms preprocess, 7.4ms inference, 1.6ms postprocess per image at shape (1, 3, 640, 640)
Processing extra-3/data/train/IMG_20240319_122002_jpg.rf.dc67deebda24ee94d6895db27c8818da.jpg...

image 1/1 /home/admin/Documents/FEUP-CV/proj/task2/../datasets/extra-3/data/train/IMG_20240319_122002_jpg.rf.dc67deebda24ee94d6895db27c8818da.jpg: 640x640 1 pool_table, 7.5ms
Speed: 2.0ms preprocess, 7.5ms inference, 12.1ms postprocess per image at shape (1, 3, 640, 640)
Processing extra-3/data/train/IMG_20240319_121936_jpg.rf.2aac8a0d0daf834fd6b164f1f377e20c.jpg...

image 1/1 /home/admin/Documents/FEUP-CV/proj/task2/../datasets/extra-3/data/train/IMG_20240319_121936_jpg.rf.2aac8a0d0daf834fd6b164f1f377e20c.jpg: 640x640 1 pool_table, 4.2ms
Speed: 2.8ms preprocess, 4.2ms inference, 1.4ms postprocess per image at shape (1, 3, 640, 640)
Processing extra-3/data/train/IMG_20240319_122129_jpg.rf.cf5c6ec3d959c28410445174e5a0f69e.jpg...

image 1/1 /home/admin/Documents/FEUP-CV/proj/task2/../datasets/extra-3/data/train/IMG_20240319_122129_jpg.rf.cf5c6ec3d959c28410445174e5a0f69e.jpg: 640x640 1 pool_table, 7.3ms
Speed: 1.6ms preprocess, 7.3ms inference, 12.1ms postprocess per image at shape (1, 3, 640, 640)
Processing extra-3/data/train/2024-03-28-15-41-19_mp4-0012_jpg.rf.e2a49ba5509491710bd1167606df78b0.jpg...

image 1/1 /home/admin/Documents/FEUP-CV/proj/task2/../datasets/extra-3/data/train/2024-03-28-15-41-19_mp4-0012_jpg.rf.e2a49ba5509491710bd1167606df78b0.jpg: 640x640 1 pool_table, 4.2ms
Speed: 2.8ms preprocess, 4.2ms inference, 1.4ms postprocess per image at shape (1, 3, 640, 640)
Processing extra-3/data/train/2024-03-28-18-28-05_mp4-0025_jpg.rf.3c3d75182635245b142dfac9ed69d45b.jpg...

image 1/1 /home/admin/Documents/FEUP-CV/proj/task2/../datasets/extra-3/data/train/2024-03-28-18-28-05_mp4-0025_jpg.rf.3c3d75182635245b142dfac9ed69d45b.jpg: 640x640 1 pool_table, 7.3ms
Speed: 1.7ms preprocess, 7.3ms inference, 12.0ms postprocess per image at shape (1, 3, 640, 640)
Processing extra-3/data/train/IMG_20240319_120530_jpg.rf.27a14950d6ccbd46da2e67815abf2aac.jpg...

image 1/1 /home/admin/Documents/FEUP-CV/proj/task2/../datasets/extra-3/data/train/IMG_20240319_120530_jpg.rf.27a14950d6ccbd46da2e67815abf2aac.jpg: 640x640 1 pool_table, 4.4ms
Speed: 2.8ms preprocess, 4.4ms inference, 1.4ms postprocess per image at shape (1, 3, 640, 640)
Processing extra-3/data/train/2024-03-28-18-35-18_mp4-0017_jpg.rf.c7e46bddf2d8ee7406602e2fd5afd9ff.jpg...

image 1/1 /home/admin/Documents/FEUP-CV/proj/task2/../datasets/extra-3/data/train/2024-03-28-18-35-18_mp4-0017_jpg.rf.c7e46bddf2d8ee7406602e2fd5afd9ff.jpg: 640x640 1 pool_table, 7.3ms
Speed: 1.8ms preprocess, 7.3ms inference, 12.1ms postprocess per image at shape (1, 3, 640, 640)
Processing extra-3/data/train/IMG_20240319_121925_jpg.rf.628cced4dfcf3fe2b5e18cbcd5d47055.jpg...

image 1/1 /home/admin/Documents/FEUP-CV/proj/task2/../datasets/extra-3/data/train/IMG_20240319_121925_jpg.rf.628cced4dfcf3fe2b5e18cbcd5d47055.jpg: 640x640 1 pool_table, 4.6ms
Speed: 3.2ms preprocess, 4.6ms inference, 1.4ms postprocess per image at shape (1, 3, 640, 640)
Processing extra-3/data/train/IMG_20240319_121150_jpg.rf.e06330b66ef34b3f07acac950459fafa.jpg...

image 1/1 /home/admin/Documents/FEUP-CV/proj/task2/../datasets/extra-3/data/train/IMG_20240319_121150_jpg.rf.e06330b66ef34b3f07acac950459fafa.jpg: 640x640 1 pool_table, 7.3ms
Speed: 1.3ms preprocess, 7.3ms inference, 12.1ms postprocess per image at shape (1, 3, 640, 640)
Processing extra-3/data/train/IMG_20240319_120834_jpg.rf.59a5bc3e5b0b449cc8440ef22af91eb1.jpg...

image 1/1 /home/admin/Documents/FEUP-CV/proj/task2/../datasets/extra-3/data/train/IMG_20240319_120834_jpg.rf.59a5bc3e5b0b449cc8440ef22af91eb1.jpg: 640x640 1 pool_table, 4.4ms
Speed: 2.9ms preprocess, 4.4ms inference, 1.5ms postprocess per image at shape (1, 3, 640, 640)
Processing extra-3/data/train/2024-03-30-11-22-03_mp4-0036_jpg.rf.cbe10563220da5841a4104b1894e1e6d.jpg...

image 1/1 /home/admin/Documents/FEUP-CV/proj/task2/../datasets/extra-3/data/train/2024-03-30-11-22-03_mp4-0036_jpg.rf.cbe10563220da5841a4104b1894e1e6d.jpg: 640x640 1 pool_table, 7.4ms
Speed: 1.9ms preprocess, 7.4ms inference, 12.1ms postprocess per image at shape (1, 3, 640, 640)
Processing extra-3/data/train/2024-03-28-18-28-05_mp4-0018_jpg.rf.caf263f69682c4cf346ab332e1acd868.jpg...

image 1/1 /home/admin/Documents/FEUP-CV/proj/task2/../datasets/extra-3/data/train/2024-03-28-18-28-05_mp4-0018_jpg.rf.caf263f69682c4cf346ab332e1acd868.jpg: 640x640 1 pool_table, 4.5ms
Speed: 3.1ms preprocess, 4.5ms inference, 1.5ms postprocess per image at shape (1, 3, 640, 640)
Processing extra-3/data/train/2024-03-28-15-41-19_mp4-0064_jpg.rf.fc6db8bd8a4eb467f9c4da6f531f7eed.jpg...

image 1/1 /home/admin/Documents/FEUP-CV/proj/task2/../datasets/extra-3/data/train/2024-03-28-15-41-19_mp4-0064_jpg.rf.fc6db8bd8a4eb467f9c4da6f531f7eed.jpg: 640x640 1 pool_table, 7.5ms
Speed: 2.4ms preprocess, 7.5ms inference, 12.1ms postprocess per image at shape (1, 3, 640, 640)
Processing extra-3/data/train/2024-03-30-11-15-02_mp4-0010_jpg.rf.50de8e7efc71d1f713ebf452634870d1.jpg...

image 1/1 /home/admin/Documents/FEUP-CV/proj/task2/../datasets/extra-3/data/train/2024-03-30-11-15-02_mp4-0010_jpg.rf.50de8e7efc71d1f713ebf452634870d1.jpg: 640x640 1 pool_table, 7.0ms
Speed: 1.6ms preprocess, 7.0ms inference, 1.4ms postprocess per image at shape (1, 3, 640, 640)
Processing extra-3/data/train/IMG_20240319_122245_jpg.rf.05fd8b9585b053cf356f048cd2c11356.jpg...

image 1/1 /home/admin/Documents/FEUP-CV/proj/task2/../datasets/extra-3/data/train/IMG_20240319_122245_jpg.rf.05fd8b9585b053cf356f048cd2c11356.jpg: 640x640 1 pool_table, 7.5ms
Speed: 1.7ms preprocess, 7.5ms inference, 12.2ms postprocess per image at shape (1, 3, 640, 640)
Processing extra-3/data/train/2024-03-28-15-41-19_mp4-0034_jpg.rf.1feef2c214c05a44513dbe662ef325bc.jpg...

image 1/1 /home/admin/Documents/FEUP-CV/proj/task2/../datasets/extra-3/data/train/2024-03-28-15-41-19_mp4-0034_jpg.rf.1feef2c214c05a44513dbe662ef325bc.jpg: 640x640 1 pool_table, 4.7ms
Speed: 2.8ms preprocess, 4.7ms inference, 1.4ms postprocess per image at shape (1, 3, 640, 640)
Processing extra-3/data/train/2024-03-30-11-22-03_mp4-0047_jpg.rf.80822294df06298d81e5c4550868c085.jpg...

image 1/1 /home/admin/Documents/FEUP-CV/proj/task2/../datasets/extra-3/data/train/2024-03-30-11-22-03_mp4-0047_jpg.rf.80822294df06298d81e5c4550868c085.jpg: 640x640 1 pool_table, 7.5ms
Speed: 2.2ms preprocess, 7.5ms inference, 12.1ms postprocess per image at shape (1, 3, 640, 640)
Processing extra-3/data/train/2024-03-28-15-41-19_mp4-0078_jpg.rf.97bf8c18694bb40fd89b08e948dd28d7.jpg...

image 1/1 /home/admin/Documents/FEUP-CV/proj/task2/../datasets/extra-3/data/train/2024-03-28-15-41-19_mp4-0078_jpg.rf.97bf8c18694bb40fd89b08e948dd28d7.jpg: 640x640 1 pool_table, 4.7ms
Speed: 2.8ms preprocess, 4.7ms inference, 1.4ms postprocess per image at shape (1, 3, 640, 640)
Processing extra-3/data/train/2024-03-30-11-07-17_mp4-0050_jpg.rf.0c1cbdc0fd191b78ae7740cef378cd1d.jpg...

image 1/1 /home/admin/Documents/FEUP-CV/proj/task2/../datasets/extra-3/data/train/2024-03-30-11-07-17_mp4-0050_jpg.rf.0c1cbdc0fd191b78ae7740cef378cd1d.jpg: 640x640 1 pool_table, 7.5ms
Speed: 2.3ms preprocess, 7.5ms inference, 12.1ms postprocess per image at shape (1, 3, 640, 640)
Processing extra-3/data/train/IMG_20240319_121821_jpg.rf.df20fcbae97ebaa925c6ac761cf1d201.jpg...

image 1/1 /home/admin/Documents/FEUP-CV/proj/task2/../datasets/extra-3/data/train/IMG_20240319_121821_jpg.rf.df20fcbae97ebaa925c6ac761cf1d201.jpg: 640x640 1 pool_table, 4.7ms
Speed: 3.1ms preprocess, 4.7ms inference, 1.4ms postprocess per image at shape (1, 3, 640, 640)
Processing extra-3/data/train/2024-03-28-18-28-05_mp4-0048_jpg.rf.48e80039cf30fc7c822f3fe303b0901f.jpg...

image 1/1 /home/admin/Documents/FEUP-CV/proj/task2/../datasets/extra-3/data/train/2024-03-28-18-28-05_mp4-0048_jpg.rf.48e80039cf30fc7c822f3fe303b0901f.jpg: 640x640 1 pool_table, 7.5ms
Speed: 1.7ms preprocess, 7.5ms inference, 12.1ms postprocess per image at shape (1, 3, 640, 640)
Processing extra-3/data/train/2024-03-30-11-22-03_mp4-0013_jpg.rf.30295c84a14349d3fcd259e716a89f33.jpg...

image 1/1 /home/admin/Documents/FEUP-CV/proj/task2/../datasets/extra-3/data/train/2024-03-30-11-22-03_mp4-0013_jpg.rf.30295c84a14349d3fcd259e716a89f33.jpg: 640x640 1 pool_table, 7.1ms
Speed: 1.3ms preprocess, 7.1ms inference, 1.5ms postprocess per image at shape (1, 3, 640, 640)
Processing extra-3/data/train/2024-03-28-15-41-19_mp4-0087_jpg.rf.d41ed6fa6f71013a8bd3e523ad620171.jpg...

image 1/1 /home/admin/Documents/FEUP-CV/proj/task2/../datasets/extra-3/data/train/2024-03-28-15-41-19_mp4-0087_jpg.rf.d41ed6fa6f71013a8bd3e523ad620171.jpg: 640x640 1 pool_table, 7.5ms
Speed: 1.6ms preprocess, 7.5ms inference, 12.1ms postprocess per image at shape (1, 3, 640, 640)
Processing extra-3/data/train/2024-03-28-15-41-19_mp4-0090_jpg.rf.aea84181f282f45da3d2390fdbdbab85.jpg...

image 1/1 /home/admin/Documents/FEUP-CV/proj/task2/../datasets/extra-3/data/train/2024-03-28-15-41-19_mp4-0090_jpg.rf.aea84181f282f45da3d2390fdbdbab85.jpg: 640x640 1 pool_table, 7.0ms
Speed: 1.3ms preprocess, 7.0ms inference, 1.5ms postprocess per image at shape (1, 3, 640, 640)
Processing extra-3/data/train/2024-03-30-11-15-02_mp4-0063_jpg.rf.27947e98a68fd3ee8fe06d75ffc1561e.jpg...

image 1/1 /home/admin/Documents/FEUP-CV/proj/task2/../datasets/extra-3/data/train/2024-03-30-11-15-02_mp4-0063_jpg.rf.27947e98a68fd3ee8fe06d75ffc1561e.jpg: 640x640 1 pool_table, 7.4ms
Speed: 2.2ms preprocess, 7.4ms inference, 12.1ms postprocess per image at shape (1, 3, 640, 640)
Processing extra-3/data/train/2024-03-28-15-41-19_mp4-0078_jpg.rf.bcef00ac6ac3c618ef0f75da33baacb2.jpg...

image 1/1 /home/admin/Documents/FEUP-CV/proj/task2/../datasets/extra-3/data/train/2024-03-28-15-41-19_mp4-0078_jpg.rf.bcef00ac6ac3c618ef0f75da33baacb2.jpg: 640x640 1 pool_table, 6.4ms
Speed: 1.5ms preprocess, 6.4ms inference, 1.4ms postprocess per image at shape (1, 3, 640, 640)
Processing extra-3/data/train/2024-03-28-15-41-19_mp4-0081_jpg.rf.16810d287c9a1106be87028560b2bb96.jpg...

image 1/1 /home/admin/Documents/FEUP-CV/proj/task2/../datasets/extra-3/data/train/2024-03-28-15-41-19_mp4-0081_jpg.rf.16810d287c9a1106be87028560b2bb96.jpg: 640x640 1 pool_table, 7.4ms
Speed: 2.2ms preprocess, 7.4ms inference, 12.1ms postprocess per image at shape (1, 3, 640, 640)
Processing extra-3/data/train/2024-03-30-11-22-03_mp4-0042_jpg.rf.63a7705dde760206e73c14e59b722e63.jpg...

image 1/1 /home/admin/Documents/FEUP-CV/proj/task2/../datasets/extra-3/data/train/2024-03-30-11-22-03_mp4-0042_jpg.rf.63a7705dde760206e73c14e59b722e63.jpg: 640x640 1 pool_table, 6.4ms
Speed: 1.4ms preprocess, 6.4ms inference, 1.4ms postprocess per image at shape (1, 3, 640, 640)
Processing extra-3/data/train/2024-03-28-15-41-19_mp4-0054_jpg.rf.772850c5a3013c3cbe1178377c5189cd.jpg...

image 1/1 /home/admin/Documents/FEUP-CV/proj/task2/../datasets/extra-3/data/train/2024-03-28-15-41-19_mp4-0054_jpg.rf.772850c5a3013c3cbe1178377c5189cd.jpg: 640x640 1 pool_table, 7.5ms
Speed: 1.5ms preprocess, 7.5ms inference, 12.1ms postprocess per image at shape (1, 3, 640, 640)
Processing extra-3/data/train/IMG_20240319_120621_jpg.rf.9a29f5473a2d66be8c6acc079dd7d9b2.jpg...

image 1/1 /home/admin/Documents/FEUP-CV/proj/task2/../datasets/extra-3/data/train/IMG_20240319_120621_jpg.rf.9a29f5473a2d66be8c6acc079dd7d9b2.jpg: 640x640 1 pool_table, 6.5ms
Speed: 1.4ms preprocess, 6.5ms inference, 1.4ms postprocess per image at shape (1, 3, 640, 640)
Processing extra-3/data/train/2024-03-28-18-28-05_mp4-0007_jpg.rf.90265d0fc1cde2ef303d77c2feafd657.jpg...

image 1/1 /home/admin/Documents/FEUP-CV/proj/task2/../datasets/extra-3/data/train/2024-03-28-18-28-05_mp4-0007_jpg.rf.90265d0fc1cde2ef303d77c2feafd657.jpg: 640x640 1 pool_table, 7.4ms
Speed: 1.9ms preprocess, 7.4ms inference, 12.1ms postprocess per image at shape (1, 3, 640, 640)
Processing extra-3/data/train/IMG_20240319_120530_jpg.rf.0a727eabe633a8a33c064f624969bd16.jpg...

image 1/1 /home/admin/Documents/FEUP-CV/proj/task2/../datasets/extra-3/data/train/IMG_20240319_120530_jpg.rf.0a727eabe633a8a33c064f624969bd16.jpg: 640x640 1 pool_table, 6.4ms
Speed: 1.5ms preprocess, 6.4ms inference, 1.4ms postprocess per image at shape (1, 3, 640, 640)
Processing extra-3/data/train/2024-03-30-11-07-17_mp4-0051_jpg.rf.8f25df5f8cec4a0b78a974b319c184df.jpg...

image 1/1 /home/admin/Documents/FEUP-CV/proj/task2/../datasets/extra-3/data/train/2024-03-30-11-07-17_mp4-0051_jpg.rf.8f25df5f8cec4a0b78a974b319c184df.jpg: 640x640 1 pool_table, 7.3ms
Speed: 1.9ms preprocess, 7.3ms inference, 12.0ms postprocess per image at shape (1, 3, 640, 640)
Processing extra-3/data/train/2024-03-30-11-15-02_mp4-0031_jpg.rf.3d02f14142484bbed3fcc97de32a42c6.jpg...

image 1/1 /home/admin/Documents/FEUP-CV/proj/task2/../datasets/extra-3/data/train/2024-03-30-11-15-02_mp4-0031_jpg.rf.3d02f14142484bbed3fcc97de32a42c6.jpg: 640x640 1 pool_table, 6.7ms
Speed: 1.3ms preprocess, 6.7ms inference, 1.4ms postprocess per image at shape (1, 3, 640, 640)
Processing extra-3/data/train/2024-03-28-18-28-05_mp4-0036_jpg.rf.a78949c34854fb5eb592c7f1476715f6.jpg...

image 1/1 /home/admin/Documents/FEUP-CV/proj/task2/../datasets/extra-3/data/train/2024-03-28-18-28-05_mp4-0036_jpg.rf.a78949c34854fb5eb592c7f1476715f6.jpg: 640x640 1 pool_table, 7.5ms
Speed: 2.3ms preprocess, 7.5ms inference, 12.1ms postprocess per image at shape (1, 3, 640, 640)
Processing extra-3/data/train/2024-03-30-11-15-02_mp4-0039_jpg.rf.d5fcba8b809640ff7b992e35120fe1b3.jpg...

image 1/1 /home/admin/Documents/FEUP-CV/proj/task2/../datasets/extra-3/data/train/2024-03-30-11-15-02_mp4-0039_jpg.rf.d5fcba8b809640ff7b992e35120fe1b3.jpg: 640x640 1 pool_table, 6.7ms
Speed: 1.6ms preprocess, 6.7ms inference, 1.4ms postprocess per image at shape (1, 3, 640, 640)
Processing extra-3/data/train/2024-03-30-11-07-17_mp4-0050_jpg.rf.b8d4ad2363d8520534dd566fe582628a.jpg...

image 1/1 /home/admin/Documents/FEUP-CV/proj/task2/../datasets/extra-3/data/train/2024-03-30-11-07-17_mp4-0050_jpg.rf.b8d4ad2363d8520534dd566fe582628a.jpg: 640x640 1 pool_table, 7.5ms
Speed: 2.4ms preprocess, 7.5ms inference, 12.1ms postprocess per image at shape (1, 3, 640, 640)
Processing extra-3/data/train/2024-03-30-11-22-03_mp4-0015_jpg.rf.e86b44db70e5647d8d9f3c70d4a9ac00.jpg...

image 1/1 /home/admin/Documents/FEUP-CV/proj/task2/../datasets/extra-3/data/train/2024-03-30-11-22-03_mp4-0015_jpg.rf.e86b44db70e5647d8d9f3c70d4a9ac00.jpg: 640x640 1 pool_table, 6.8ms
Speed: 1.3ms preprocess, 6.8ms inference, 1.4ms postprocess per image at shape (1, 3, 640, 640)
Processing extra-3/data/train/IMG_20240319_122238_jpg.rf.aa333a639310f1bb00266aa3a15cad08.jpg...

image 1/1 /home/admin/Documents/FEUP-CV/proj/task2/../datasets/extra-3/data/train/IMG_20240319_122238_jpg.rf.aa333a639310f1bb00266aa3a15cad08.jpg: 640x640 1 pool_table, 7.4ms
Speed: 1.8ms preprocess, 7.4ms inference, 12.1ms postprocess per image at shape (1, 3, 640, 640)
Processing extra-3/data/train/2024-03-28-18-28-05_mp4-0044_jpg.rf.8ba7e5a8b61876c31011c0ebde18cc03.jpg...

image 1/1 /home/admin/Documents/FEUP-CV/proj/task2/../datasets/extra-3/data/train/2024-03-28-18-28-05_mp4-0044_jpg.rf.8ba7e5a8b61876c31011c0ebde18cc03.jpg: 640x640 1 pool_table, 4.5ms
Speed: 3.3ms preprocess, 4.5ms inference, 1.4ms postprocess per image at shape (1, 3, 640, 640)
Processing extra-3/data/train/2024-03-28-18-28-05_mp4-0021_jpg.rf.74322f092e4eb7b6aafe8cf909d00924.jpg...

image 1/1 /home/admin/Documents/FEUP-CV/proj/task2/../datasets/extra-3/data/train/2024-03-28-18-28-05_mp4-0021_jpg.rf.74322f092e4eb7b6aafe8cf909d00924.jpg: 640x640 1 pool_table, 7.4ms
Speed: 2.4ms preprocess, 7.4ms inference, 12.1ms postprocess per image at shape (1, 3, 640, 640)
Processing extra-3/data/train/2024-03-30-11-22-03_mp4-0039_jpg.rf.ed9c03de9eca88afdfd4314d3d3ea6ad.jpg...

image 1/1 /home/admin/Documents/FEUP-CV/proj/task2/../datasets/extra-3/data/train/2024-03-30-11-22-03_mp4-0039_jpg.rf.ed9c03de9eca88afdfd4314d3d3ea6ad.jpg: 640x640 1 pool_table, 6.4ms
Speed: 1.4ms preprocess, 6.4ms inference, 1.4ms postprocess per image at shape (1, 3, 640, 640)
Processing extra-3/data/train/2024-03-30-11-15-02_mp4-0039_jpg.rf.140de95de7ee26cf6e6a139cc968b200.jpg...

image 1/1 /home/admin/Documents/FEUP-CV/proj/task2/../datasets/extra-3/data/train/2024-03-30-11-15-02_mp4-0039_jpg.rf.140de95de7ee26cf6e6a139cc968b200.jpg: 640x640 1 pool_table, 7.4ms
Speed: 1.5ms preprocess, 7.4ms inference, 12.0ms postprocess per image at shape (1, 3, 640, 640)
Processing extra-3/data/train/2024-03-28-18-28-05_mp4-0030_jpg.rf.9d8b413a2706d45aa03cdd24e2538af8.jpg...

image 1/1 /home/admin/Documents/FEUP-CV/proj/task2/../datasets/extra-3/data/train/2024-03-28-18-28-05_mp4-0030_jpg.rf.9d8b413a2706d45aa03cdd24e2538af8.jpg: 640x640 1 pool_table, 4.5ms
Speed: 3.2ms preprocess, 4.5ms inference, 1.4ms postprocess per image at shape (1, 3, 640, 640)
Processing extra-3/data/train/2024-03-30-11-15-02_mp4-0027_jpg.rf.cfdf9b3397227e57daefa32c5476bfc3.jpg...

image 1/1 /home/admin/Documents/FEUP-CV/proj/task2/../datasets/extra-3/data/train/2024-03-30-11-15-02_mp4-0027_jpg.rf.cfdf9b3397227e57daefa32c5476bfc3.jpg: 640x640 1 pool_table, 7.4ms
Speed: 1.8ms preprocess, 7.4ms inference, 12.1ms postprocess per image at shape (1, 3, 640, 640)
Processing extra-3/data/train/2024-03-30-11-07-17_mp4-0052_jpg.rf.3f7e637dcdcd09a609df2219c777133c.jpg...

image 1/1 /home/admin/Documents/FEUP-CV/proj/task2/../datasets/extra-3/data/train/2024-03-30-11-07-17_mp4-0052_jpg.rf.3f7e637dcdcd09a609df2219c777133c.jpg: 640x640 1 pool_table, 4.1ms
Speed: 3.1ms preprocess, 4.1ms inference, 1.4ms postprocess per image at shape (1, 3, 640, 640)
Processing extra-3/data/train/2024-03-30-11-22-03_mp4-0039_jpg.rf.e8cc61c994fdc7b06d6f013a06f1e4f1.jpg...

image 1/1 /home/admin/Documents/FEUP-CV/proj/task2/../datasets/extra-3/data/train/2024-03-30-11-22-03_mp4-0039_jpg.rf.e8cc61c994fdc7b06d6f013a06f1e4f1.jpg: 640x640 1 pool_table, 7.4ms
Speed: 2.0ms preprocess, 7.4ms inference, 12.0ms postprocess per image at shape (1, 3, 640, 640)
Processing extra-3/data/train/2024-03-30-11-15-02_mp4-0060_jpg.rf.4902b17bcb160684402c903ec60c58cd.jpg...

image 1/1 /home/admin/Documents/FEUP-CV/proj/task2/../datasets/extra-3/data/train/2024-03-30-11-15-02_mp4-0060_jpg.rf.4902b17bcb160684402c903ec60c58cd.jpg: 640x640 1 pool_table, 4.4ms
Speed: 3.0ms preprocess, 4.4ms inference, 1.4ms postprocess per image at shape (1, 3, 640, 640)
Processing extra-3/data/train/IMG_20240319_121153_jpg.rf.db18f56cf42bb447bfbcce9c44a02f32.jpg...

image 1/1 /home/admin/Documents/FEUP-CV/proj/task2/../datasets/extra-3/data/train/IMG_20240319_121153_jpg.rf.db18f56cf42bb447bfbcce9c44a02f32.jpg: 640x640 1 pool_table, 7.4ms
Speed: 2.1ms preprocess, 7.4ms inference, 12.1ms postprocess per image at shape (1, 3, 640, 640)
Processing extra-3/data/train/2024-03-30-11-15-02_mp4-0076_jpg.rf.18480a8a8533838cf2a80ce3c662ad62.jpg...

image 1/1 /home/admin/Documents/FEUP-CV/proj/task2/../datasets/extra-3/data/train/2024-03-30-11-15-02_mp4-0076_jpg.rf.18480a8a8533838cf2a80ce3c662ad62.jpg: 640x640 1 pool_table, 6.7ms
Speed: 1.4ms preprocess, 6.7ms inference, 1.4ms postprocess per image at shape (1, 3, 640, 640)
Processing extra-3/data/train/2024-03-28-18-28-05_mp4-0007_jpg.rf.a1b63a768d186664c38207bfb3d183f9.jpg...

image 1/1 /home/admin/Documents/FEUP-CV/proj/task2/../datasets/extra-3/data/train/2024-03-28-18-28-05_mp4-0007_jpg.rf.a1b63a768d186664c38207bfb3d183f9.jpg: 640x640 1 pool_table, 7.5ms
Speed: 1.9ms preprocess, 7.5ms inference, 12.1ms postprocess per image at shape (1, 3, 640, 640)
Processing extra-3/data/train/2024-03-30-11-22-03_mp4-0036_jpg.rf.a0ec79f40fd208e0253fc044d7f9db39.jpg...

image 1/1 /home/admin/Documents/FEUP-CV/proj/task2/../datasets/extra-3/data/train/2024-03-30-11-22-03_mp4-0036_jpg.rf.a0ec79f40fd208e0253fc044d7f9db39.jpg: 640x640 1 pool_table, 4.6ms
Speed: 3.0ms preprocess, 4.6ms inference, 1.4ms postprocess per image at shape (1, 3, 640, 640)
Processing extra-3/data/train/IMG_20240319_120611_jpg.rf.5cf76ed123d569caf6d3be9bec926392.jpg...

image 1/1 /home/admin/Documents/FEUP-CV/proj/task2/../datasets/extra-3/data/train/IMG_20240319_120611_jpg.rf.5cf76ed123d569caf6d3be9bec926392.jpg: 640x640 1 pool_table, 7.5ms
Speed: 1.6ms preprocess, 7.5ms inference, 12.1ms postprocess per image at shape (1, 3, 640, 640)
Processing extra-3/data/train/2024-03-28-15-41-19_mp4-0013_jpg.rf.4cf0149d15a36878849d329277ffc01b.jpg...

image 1/1 /home/admin/Documents/FEUP-CV/proj/task2/../datasets/extra-3/data/train/2024-03-28-15-41-19_mp4-0013_jpg.rf.4cf0149d15a36878849d329277ffc01b.jpg: 640x640 1 pool_table, 4.3ms
Speed: 3.1ms preprocess, 4.3ms inference, 1.4ms postprocess per image at shape (1, 3, 640, 640)
Processing extra-3/data/train/2024-03-30-11-22-03_mp4-0027_jpg.rf.237fe10ba43bd473f3adc581d7133fa4.jpg...

image 1/1 /home/admin/Documents/FEUP-CV/proj/task2/../datasets/extra-3/data/train/2024-03-30-11-22-03_mp4-0027_jpg.rf.237fe10ba43bd473f3adc581d7133fa4.jpg: 640x640 1 pool_table, 7.5ms
Speed: 1.9ms preprocess, 7.5ms inference, 12.2ms postprocess per image at shape (1, 3, 640, 640)
Processing extra-3/data/train/IMG_20240319_122152_jpg.rf.a07073d64416df1e029b1d4c7ab8d100.jpg...

image 1/1 /home/admin/Documents/FEUP-CV/proj/task2/../datasets/extra-3/data/train/IMG_20240319_122152_jpg.rf.a07073d64416df1e029b1d4c7ab8d100.jpg: 640x640 1 pool_table, 4.4ms
Speed: 2.5ms preprocess, 4.4ms inference, 1.4ms postprocess per image at shape (1, 3, 640, 640)
Processing extra-3/data/train/2024-03-28-18-28-05_mp4-0026_jpg.rf.cff050be682a191fb25247dc367ff30b.jpg...

image 1/1 /home/admin/Documents/FEUP-CV/proj/task2/../datasets/extra-3/data/train/2024-03-28-18-28-05_mp4-0026_jpg.rf.cff050be682a191fb25247dc367ff30b.jpg: 640x640 1 pool_table, 7.4ms
Speed: 1.6ms preprocess, 7.4ms inference, 12.1ms postprocess per image at shape (1, 3, 640, 640)
Processing extra-3/data/train/2024-03-28-18-28-05_mp4-0041_jpg.rf.f25747ac2a8810c3548850d26b9f052e.jpg...

image 1/1 /home/admin/Documents/FEUP-CV/proj/task2/../datasets/extra-3/data/train/2024-03-28-18-28-05_mp4-0041_jpg.rf.f25747ac2a8810c3548850d26b9f052e.jpg: 640x640 1 pool_table, 4.3ms
Speed: 3.3ms preprocess, 4.3ms inference, 1.4ms postprocess per image at shape (1, 3, 640, 640)
Processing extra-3/data/train/2024-03-28-18-28-05_mp4-0053_jpg.rf.72c814a531f4df41492c874c08b9b350.jpg...

image 1/1 /home/admin/Documents/FEUP-CV/proj/task2/../datasets/extra-3/data/train/2024-03-28-18-28-05_mp4-0053_jpg.rf.72c814a531f4df41492c874c08b9b350.jpg: 640x640 1 pool_table, 7.4ms
Speed: 1.9ms preprocess, 7.4ms inference, 12.0ms postprocess per image at shape (1, 3, 640, 640)
Processing extra-3/data/train/2024-03-28-18-28-05_mp4-0015_jpg.rf.4e10a0254ce406bdb34149d1dfb1e049.jpg...

image 1/1 /home/admin/Documents/FEUP-CV/proj/task2/../datasets/extra-3/data/train/2024-03-28-18-28-05_mp4-0015_jpg.rf.4e10a0254ce406bdb34149d1dfb1e049.jpg: 640x640 1 pool_table, 4.2ms
Speed: 3.2ms preprocess, 4.2ms inference, 1.4ms postprocess per image at shape (1, 3, 640, 640)
Processing extra-3/data/train/2024-03-28-15-41-19_mp4-0048_jpg.rf.f444216ada86ba3e76e096fb070b6a93.jpg...

image 1/1 /home/admin/Documents/FEUP-CV/proj/task2/../datasets/extra-3/data/train/2024-03-28-15-41-19_mp4-0048_jpg.rf.f444216ada86ba3e76e096fb070b6a93.jpg: 640x640 1 pool_table, 7.4ms
Speed: 2.3ms preprocess, 7.4ms inference, 12.0ms postprocess per image at shape (1, 3, 640, 640)
Processing extra-3/data/train/2024-03-30-11-07-17_mp4-0052_jpg.rf.fad67767c44019c82a14f6484b2218a1.jpg...

image 1/1 /home/admin/Documents/FEUP-CV/proj/task2/../datasets/extra-3/data/train/2024-03-30-11-07-17_mp4-0052_jpg.rf.fad67767c44019c82a14f6484b2218a1.jpg: 640x640 1 pool_table, 4.3ms
Speed: 3.2ms preprocess, 4.3ms inference, 1.4ms postprocess per image at shape (1, 3, 640, 640)
Processing extra-3/data/train/2024-03-30-11-07-17_mp4-0036_jpg.rf.5da6cce7cfab719b225586d3e5523444.jpg...

image 1/1 /home/admin/Documents/FEUP-CV/proj/task2/../datasets/extra-3/data/train/2024-03-30-11-07-17_mp4-0036_jpg.rf.5da6cce7cfab719b225586d3e5523444.jpg: 640x640 1 pool_table, 7.4ms
Speed: 2.2ms preprocess, 7.4ms inference, 12.1ms postprocess per image at shape (1, 3, 640, 640)
Processing extra-3/data/train/IMG_20240319_120611_jpg.rf.0178c8b3adc21a32ac4d52edee94c7c4.jpg...

image 1/1 /home/admin/Documents/FEUP-CV/proj/task2/../datasets/extra-3/data/train/IMG_20240319_120611_jpg.rf.0178c8b3adc21a32ac4d52edee94c7c4.jpg: 640x640 1 pool_table, 6.4ms
Speed: 1.3ms preprocess, 6.4ms inference, 1.4ms postprocess per image at shape (1, 3, 640, 640)
Processing extra-3/data/train/2024-03-30-11-15-02_mp4-0012_jpg.rf.c7ff5557bb58e3dd3ff9356c55a35bfc.jpg...

image 1/1 /home/admin/Documents/FEUP-CV/proj/task2/../datasets/extra-3/data/train/2024-03-30-11-15-02_mp4-0012_jpg.rf.c7ff5557bb58e3dd3ff9356c55a35bfc.jpg: 640x640 1 pool_table, 7.5ms
Speed: 2.0ms preprocess, 7.5ms inference, 12.1ms postprocess per image at shape (1, 3, 640, 640)
Processing extra-3/data/train/2024-03-28-18-35-18_mp4-0028_jpg.rf.cdddf88faa6f30cf64ed7dedfeace277.jpg...

image 1/1 /home/admin/Documents/FEUP-CV/proj/task2/../datasets/extra-3/data/train/2024-03-28-18-35-18_mp4-0028_jpg.rf.cdddf88faa6f30cf64ed7dedfeace277.jpg: 640x640 1 pool_table, 4.5ms
Speed: 3.0ms preprocess, 4.5ms inference, 1.4ms postprocess per image at shape (1, 3, 640, 640)
Processing extra-3/data/train/IMG_20240319_120956_jpg.rf.03f6676d3d288c5be95e23d32d14b76b.jpg...

image 1/1 /home/admin/Documents/FEUP-CV/proj/task2/../datasets/extra-3/data/train/IMG_20240319_120956_jpg.rf.03f6676d3d288c5be95e23d32d14b76b.jpg: 640x640 1 pool_table, 7.4ms
Speed: 1.7ms preprocess, 7.4ms inference, 12.1ms postprocess per image at shape (1, 3, 640, 640)
Processing extra-3/data/train/2024-03-30-11-15-02_mp4-0005_jpg.rf.f332eeb3b6190569ff8891be2cb40902.jpg...

image 1/1 /home/admin/Documents/FEUP-CV/proj/task2/../datasets/extra-3/data/train/2024-03-30-11-15-02_mp4-0005_jpg.rf.f332eeb3b6190569ff8891be2cb40902.jpg: 640x640 1 pool_table, 6.5ms
Speed: 1.5ms preprocess, 6.5ms inference, 1.4ms postprocess per image at shape (1, 3, 640, 640)
Processing extra-3/data/train/2024-03-30-11-22-03_mp4-0037_jpg.rf.1aceb03009fc1a7d40b7a2b5743cb9ed.jpg...

image 1/1 /home/admin/Documents/FEUP-CV/proj/task2/../datasets/extra-3/data/train/2024-03-30-11-22-03_mp4-0037_jpg.rf.1aceb03009fc1a7d40b7a2b5743cb9ed.jpg: 640x640 1 pool_table, 7.5ms
Speed: 1.8ms preprocess, 7.5ms inference, 12.1ms postprocess per image at shape (1, 3, 640, 640)
Processing extra-3/data/train/2024-03-28-18-28-05_mp4-0021_jpg.rf.3fa13d0223f07f942eaf0765b73cd0da.jpg...

image 1/1 /home/admin/Documents/FEUP-CV/proj/task2/../datasets/extra-3/data/train/2024-03-28-18-28-05_mp4-0021_jpg.rf.3fa13d0223f07f942eaf0765b73cd0da.jpg: 640x640 1 pool_table, 4.3ms
Speed: 3.0ms preprocess, 4.3ms inference, 1.4ms postprocess per image at shape (1, 3, 640, 640)
Processing extra-3/data/train/2024-03-30-11-15-02_mp4-0011_jpg.rf.fb37b4b6b43b4e7c073e43b2fee011b2.jpg...

image 1/1 /home/admin/Documents/FEUP-CV/proj/task2/../datasets/extra-3/data/train/2024-03-30-11-15-02_mp4-0011_jpg.rf.fb37b4b6b43b4e7c073e43b2fee011b2.jpg: 640x640 1 pool_table, 7.5ms
Speed: 2.4ms preprocess, 7.5ms inference, 12.1ms postprocess per image at shape (1, 3, 640, 640)
Processing extra-3/data/train/2024-03-28-15-41-19_mp4-0066_jpg.rf.0dd2160c940c2b6855395f98f1063cdd.jpg...

image 1/1 /home/admin/Documents/FEUP-CV/proj/task2/../datasets/extra-3/data/train/2024-03-28-15-41-19_mp4-0066_jpg.rf.0dd2160c940c2b6855395f98f1063cdd.jpg: 640x640 1 pool_table, 6.5ms
Speed: 1.5ms preprocess, 6.5ms inference, 1.4ms postprocess per image at shape (1, 3, 640, 640)
Processing extra-3/data/train/2024-03-28-18-35-18_mp4-0002_jpg.rf.c01dcf5a4b2387f899a2d2ab45d514c6.jpg...

image 1/1 /home/admin/Documents/FEUP-CV/proj/task2/../datasets/extra-3/data/train/2024-03-28-18-35-18_mp4-0002_jpg.rf.c01dcf5a4b2387f899a2d2ab45d514c6.jpg: 640x640 1 pool_table, 7.3ms
Speed: 2.3ms preprocess, 7.3ms inference, 11.9ms postprocess per image at shape (1, 3, 640, 640)
Processing extra-3/data/train/2024-03-28-15-41-19_mp4-0012_jpg.rf.ab21eaa5df38cbceda79317252a890a8.jpg...

image 1/1 /home/admin/Documents/FEUP-CV/proj/task2/../datasets/extra-3/data/train/2024-03-28-15-41-19_mp4-0012_jpg.rf.ab21eaa5df38cbceda79317252a890a8.jpg: 640x640 1 pool_table, 7.4ms
Speed: 1.4ms preprocess, 7.4ms inference, 12.1ms postprocess per image at shape (1, 3, 640, 640)
Processing extra-3/data/train/2024-03-30-11-15-02_mp4-0041_jpg.rf.e54d490f205cd08fa2e86e8c204630ea.jpg...

image 1/1 /home/admin/Documents/FEUP-CV/proj/task2/../datasets/extra-3/data/train/2024-03-30-11-15-02_mp4-0041_jpg.rf.e54d490f205cd08fa2e86e8c204630ea.jpg: 640x640 1 pool_table, 7.6ms
Speed: 1.6ms preprocess, 7.6ms inference, 12.2ms postprocess per image at shape (1, 3, 640, 640)
Processing extra-3/data/train/2024-03-28-15-41-19_mp4-0005_jpg.rf.04d846df43e72e608c6b3e6313904efd.jpg...

image 1/1 /home/admin/Documents/FEUP-CV/proj/task2/../datasets/extra-3/data/train/2024-03-28-15-41-19_mp4-0005_jpg.rf.04d846df43e72e608c6b3e6313904efd.jpg: 640x640 1 pool_table, 7.6ms
Speed: 1.4ms preprocess, 7.6ms inference, 12.2ms postprocess per image at shape (1, 3, 640, 640)
Processing extra-3/data/train/2024-03-30-11-07-17_mp4-0055_jpg.rf.58d44b2f3c8c38f68f4a07a50c836ab5.jpg...

image 1/1 /home/admin/Documents/FEUP-CV/proj/task2/../datasets/extra-3/data/train/2024-03-30-11-07-17_mp4-0055_jpg.rf.58d44b2f3c8c38f68f4a07a50c836ab5.jpg: 640x640 1 pool_table, 7.6ms
Speed: 3.3ms preprocess, 7.6ms inference, 12.2ms postprocess per image at shape (1, 3, 640, 640)
Processing extra-3/data/train/2024-03-30-11-07-17_mp4-0023_jpg.rf.e831f9de5e8d5afe5166ce65f8f0f64d.jpg...

image 1/1 /home/admin/Documents/FEUP-CV/proj/task2/../datasets/extra-3/data/train/2024-03-30-11-07-17_mp4-0023_jpg.rf.e831f9de5e8d5afe5166ce65f8f0f64d.jpg: 640x640 1 pool_table, 7.7ms
Speed: 3.2ms preprocess, 7.7ms inference, 12.3ms postprocess per image at shape (1, 3, 640, 640)
Processing extra-3/data/train/20240328_171428_jpg.rf.7e379ddd60ad4dc3982351db0d4a7a41.jpg...

image 1/1 /home/admin/Documents/FEUP-CV/proj/task2/../datasets/extra-3/data/train/20240328_171428_jpg.rf.7e379ddd60ad4dc3982351db0d4a7a41.jpg: 640x640 1 pool_table, 7.7ms
Speed: 1.4ms preprocess, 7.7ms inference, 12.3ms postprocess per image at shape (1, 3, 640, 640)
Processing extra-3/data/train/2024-03-28-18-35-18_mp4-0003_jpg.rf.493950b8b4cba06cc9feaf45e72a14db.jpg...

image 1/1 /home/admin/Documents/FEUP-CV/proj/task2/../datasets/extra-3/data/train/2024-03-28-18-35-18_mp4-0003_jpg.rf.493950b8b4cba06cc9feaf45e72a14db.jpg: 640x640 1 pool_table, 7.8ms
Speed: 2.8ms preprocess, 7.8ms inference, 12.3ms postprocess per image at shape (1, 3, 640, 640)
Processing extra-3/data/train/2024-03-28-15-41-19_mp4-0011_jpg.rf.e9b20deb37c765c6102c49f598af532c.jpg...

image 1/1 /home/admin/Documents/FEUP-CV/proj/task2/../datasets/extra-3/data/train/2024-03-28-15-41-19_mp4-0011_jpg.rf.e9b20deb37c765c6102c49f598af532c.jpg: 640x640 1 pool_table, 7.7ms
Speed: 3.2ms preprocess, 7.7ms inference, 12.2ms postprocess per image at shape (1, 3, 640, 640)
Processing extra-3/data/train/2024-03-28-18-35-18_mp4-0021_jpg.rf.76c5d4a5e7e946ebd0f3d47f14f1d4eb.jpg...

image 1/1 /home/admin/Documents/FEUP-CV/proj/task2/../datasets/extra-3/data/train/2024-03-28-18-35-18_mp4-0021_jpg.rf.76c5d4a5e7e946ebd0f3d47f14f1d4eb.jpg: 640x640 1 pool_table, 7.7ms
Speed: 3.0ms preprocess, 7.7ms inference, 12.3ms postprocess per image at shape (1, 3, 640, 640)
Processing extra-3/data/train/IMG_20240319_120905_jpg.rf.6a68b3cd06f909078bb6b35c5a598ffb.jpg...

image 1/1 /home/admin/Documents/FEUP-CV/proj/task2/../datasets/extra-3/data/train/IMG_20240319_120905_jpg.rf.6a68b3cd06f909078bb6b35c5a598ffb.jpg: 640x640 1 pool_table, 7.7ms
Speed: 3.3ms preprocess, 7.7ms inference, 12.4ms postprocess per image at shape (1, 3, 640, 640)
Processing extra-3/data/train/2024-03-28-18-28-05_mp4-0043_jpg.rf.be39373160860457377073cc60e8aba4.jpg...

image 1/1 /home/admin/Documents/FEUP-CV/proj/task2/../datasets/extra-3/data/train/2024-03-28-18-28-05_mp4-0043_jpg.rf.be39373160860457377073cc60e8aba4.jpg: 640x640 1 pool_table, 7.8ms
Speed: 3.1ms preprocess, 7.8ms inference, 12.3ms postprocess per image at shape (1, 3, 640, 640)
Processing extra-3/data/train/2024-03-28-15-41-19_mp4-0036_jpg.rf.0399129430d8c450d43dfdf491b383b6.jpg...

image 1/1 /home/admin/Documents/FEUP-CV/proj/task2/../datasets/extra-3/data/train/2024-03-28-15-41-19_mp4-0036_jpg.rf.0399129430d8c450d43dfdf491b383b6.jpg: 640x640 1 pool_table, 7.7ms
Speed: 3.2ms preprocess, 7.7ms inference, 12.3ms postprocess per image at shape (1, 3, 640, 640)
Processing extra-3/data/train/2024-03-30-11-15-02_mp4-0011_jpg.rf.0deb3fda01c5d15ecb88e9029c1e933e.jpg...

image 1/1 /home/admin/Documents/FEUP-CV/proj/task2/../datasets/extra-3/data/train/2024-03-30-11-15-02_mp4-0011_jpg.rf.0deb3fda01c5d15ecb88e9029c1e933e.jpg: 640x640 1 pool_table, 7.8ms
Speed: 3.4ms preprocess, 7.8ms inference, 12.2ms postprocess per image at shape (1, 3, 640, 640)
Processing extra-3/data/train/2024-03-28-15-41-19_mp4-0037_jpg.rf.fdc1d1a0aef0eca2782090e9c7e154d7.jpg...

image 1/1 /home/admin/Documents/FEUP-CV/proj/task2/../datasets/extra-3/data/train/2024-03-28-15-41-19_mp4-0037_jpg.rf.fdc1d1a0aef0eca2782090e9c7e154d7.jpg: 640x640 1 pool_table, 7.7ms
Speed: 3.3ms preprocess, 7.7ms inference, 12.2ms postprocess per image at shape (1, 3, 640, 640)
Processing extra-3/data/train/2024-03-30-11-07-17_mp4-0043_jpg.rf.46e2f72af11f66199d345ad65e1f7cc5.jpg...

image 1/1 /home/admin/Documents/FEUP-CV/proj/task2/../datasets/extra-3/data/train/2024-03-30-11-07-17_mp4-0043_jpg.rf.46e2f72af11f66199d345ad65e1f7cc5.jpg: 640x640 1 pool_table, 7.8ms
Speed: 1.6ms preprocess, 7.8ms inference, 12.3ms postprocess per image at shape (1, 3, 640, 640)
Processing extra-3/data/train/2024-03-30-11-22-03_mp4-0003_jpg.rf.5c1a4e9ae190d641d9ce44484d830579.jpg...

image 1/1 /home/admin/Documents/FEUP-CV/proj/task2/../datasets/extra-3/data/train/2024-03-30-11-22-03_mp4-0003_jpg.rf.5c1a4e9ae190d641d9ce44484d830579.jpg: 640x640 1 pool_table, 7.8ms
Speed: 1.4ms preprocess, 7.8ms inference, 12.3ms postprocess per image at shape (1, 3, 640, 640)
Processing extra-3/data/train/20240328_171149_jpg.rf.63cd8b3a460b9c4cac6f2f8cdf6d7f6b.jpg...

image 1/1 /home/admin/Documents/FEUP-CV/proj/task2/../datasets/extra-3/data/train/20240328_171149_jpg.rf.63cd8b3a460b9c4cac6f2f8cdf6d7f6b.jpg: 640x640 1 pool_table, 7.7ms
Speed: 2.6ms preprocess, 7.7ms inference, 12.3ms postprocess per image at shape (1, 3, 640, 640)
Processing extra-3/data/train/2024-03-30-11-15-02_mp4-0074_jpg.rf.470aed93c3ac769677bc18027c36762c.jpg...

image 1/1 /home/admin/Documents/FEUP-CV/proj/task2/../datasets/extra-3/data/train/2024-03-30-11-15-02_mp4-0074_jpg.rf.470aed93c3ac769677bc18027c36762c.jpg: 640x640 1 pool_table, 7.7ms
Speed: 2.7ms preprocess, 7.7ms inference, 12.3ms postprocess per image at shape (1, 3, 640, 640)
Processing extra-3/data/train/2024-03-30-11-07-17_mp4-0010_jpg.rf.8e060253578a61d834f3e5002b1cb067.jpg...

image 1/1 /home/admin/Documents/FEUP-CV/proj/task2/../datasets/extra-3/data/train/2024-03-30-11-07-17_mp4-0010_jpg.rf.8e060253578a61d834f3e5002b1cb067.jpg: 640x640 1 pool_table, 7.7ms
Speed: 1.3ms preprocess, 7.7ms inference, 12.2ms postprocess per image at shape (1, 3, 640, 640)
Processing extra-3/data/train/2024-03-28-18-35-18_mp4-0018_jpg.rf.044a58b26f174a158d3a1fb461ae013c.jpg...

image 1/1 /home/admin/Documents/FEUP-CV/proj/task2/../datasets/extra-3/data/train/2024-03-28-18-35-18_mp4-0018_jpg.rf.044a58b26f174a158d3a1fb461ae013c.jpg: 640x640 1 pool_table, 7.6ms
Speed: 3.4ms preprocess, 7.6ms inference, 12.3ms postprocess per image at shape (1, 3, 640, 640)
Processing extra-3/data/train/IMG_20240319_120550_jpg.rf.4ba62ba65c934e77efe37e4162cbee34.jpg...

image 1/1 /home/admin/Documents/FEUP-CV/proj/task2/../datasets/extra-3/data/train/IMG_20240319_120550_jpg.rf.4ba62ba65c934e77efe37e4162cbee34.jpg: 640x640 1 pool_table, 7.7ms
Speed: 3.3ms preprocess, 7.7ms inference, 12.3ms postprocess per image at shape (1, 3, 640, 640)
Processing extra-3/data/train/IMG_20240319_120834_jpg.rf.e5c013ff3725b950e4360084c2ed5bed.jpg...

image 1/1 /home/admin/Documents/FEUP-CV/proj/task2/../datasets/extra-3/data/train/IMG_20240319_120834_jpg.rf.e5c013ff3725b950e4360084c2ed5bed.jpg: 640x640 1 pool_table, 7.9ms
Speed: 3.4ms preprocess, 7.9ms inference, 12.3ms postprocess per image at shape (1, 3, 640, 640)
Processing extra-3/data/train/IMG_20240319_120855_jpg.rf.41b24c5d10f481f0569cffd836712c5f.jpg...

image 1/1 /home/admin/Documents/FEUP-CV/proj/task2/../datasets/extra-3/data/train/IMG_20240319_120855_jpg.rf.41b24c5d10f481f0569cffd836712c5f.jpg: 640x640 2 pool_tables, 7.9ms
Speed: 3.0ms preprocess, 7.9ms inference, 12.4ms postprocess per image at shape (1, 3, 640, 640)
Processing extra-3/data/train/2024-03-30-11-15-02_mp4-0003_jpg.rf.1a9258d1075d822be15b91f5a4833b09.jpg...

image 1/1 /home/admin/Documents/FEUP-CV/proj/task2/../datasets/extra-3/data/train/2024-03-30-11-15-02_mp4-0003_jpg.rf.1a9258d1075d822be15b91f5a4833b09.jpg: 640x640 1 pool_table, 7.8ms
Speed: 1.5ms preprocess, 7.8ms inference, 12.3ms postprocess per image at shape (1, 3, 640, 640)
Processing extra-3/data/train/2024-03-30-11-07-17_mp4-0032_jpg.rf.a8d1113de2af8c529cf10f176b4be535.jpg...

image 1/1 /home/admin/Documents/FEUP-CV/proj/task2/../datasets/extra-3/data/train/2024-03-30-11-07-17_mp4-0032_jpg.rf.a8d1113de2af8c529cf10f176b4be535.jpg: 640x640 1 pool_table, 7.8ms
Speed: 1.5ms preprocess, 7.8ms inference, 12.4ms postprocess per image at shape (1, 3, 640, 640)
Processing extra-3/data/train/20240328_171438_jpg.rf.a9136b0d7cccf5bb9f0e69ac9c5d37ac.jpg...

image 1/1 /home/admin/Documents/FEUP-CV/proj/task2/../datasets/extra-3/data/train/20240328_171438_jpg.rf.a9136b0d7cccf5bb9f0e69ac9c5d37ac.jpg: 640x640 1 pool_table, 7.7ms
Speed: 3.2ms preprocess, 7.7ms inference, 12.2ms postprocess per image at shape (1, 3, 640, 640)
Processing extra-3/data/train/2024-03-28-15-41-19_mp4-0031_jpg.rf.4863f82d1c9d7e4a02cdfa51611e56dd.jpg...

image 1/1 /home/admin/Documents/FEUP-CV/proj/task2/../datasets/extra-3/data/train/2024-03-28-15-41-19_mp4-0031_jpg.rf.4863f82d1c9d7e4a02cdfa51611e56dd.jpg: 640x640 1 pool_table, 7.7ms
Speed: 2.9ms preprocess, 7.7ms inference, 12.3ms postprocess per image at shape (1, 3, 640, 640)
Processing extra-3/data/train/2024-03-28-18-28-05_mp4-0029_jpg.rf.fc4d31925344c44243c144e76f9a2a53.jpg...

image 1/1 /home/admin/Documents/FEUP-CV/proj/task2/../datasets/extra-3/data/train/2024-03-28-18-28-05_mp4-0029_jpg.rf.fc4d31925344c44243c144e76f9a2a53.jpg: 640x640 1 pool_table, 7.8ms
Speed: 3.3ms preprocess, 7.8ms inference, 12.3ms postprocess per image at shape (1, 3, 640, 640)
Processing extra-3/data/train/IMG_20240319_121848_jpg.rf.dba2e2a4b3c903c6c3ed364e7cea1822.jpg...

image 1/1 /home/admin/Documents/FEUP-CV/proj/task2/../datasets/extra-3/data/train/IMG_20240319_121848_jpg.rf.dba2e2a4b3c903c6c3ed364e7cea1822.jpg: 640x640 1 pool_table, 7.7ms
Speed: 1.4ms preprocess, 7.7ms inference, 12.2ms postprocess per image at shape (1, 3, 640, 640)
Processing extra-3/data/train/2024-03-30-11-15-02_mp4-0059_jpg.rf.c8a30b8e8449f3bc5e44f5de5d663a0a.jpg...

image 1/1 /home/admin/Documents/FEUP-CV/proj/task2/../datasets/extra-3/data/train/2024-03-30-11-15-02_mp4-0059_jpg.rf.c8a30b8e8449f3bc5e44f5de5d663a0a.jpg: 640x640 1 pool_table, 7.7ms
Speed: 3.1ms preprocess, 7.7ms inference, 12.3ms postprocess per image at shape (1, 3, 640, 640)
Processing extra-3/data/train/IMG_20240319_121739_jpg.rf.b5b021df789fd3322d2f305dcc21ec86.jpg...

image 1/1 /home/admin/Documents/FEUP-CV/proj/task2/../datasets/extra-3/data/train/IMG_20240319_121739_jpg.rf.b5b021df789fd3322d2f305dcc21ec86.jpg: 640x640 1 pool_table, 7.7ms
Speed: 1.4ms preprocess, 7.7ms inference, 12.3ms postprocess per image at shape (1, 3, 640, 640)
Processing extra-3/data/train/2024-03-28-15-41-19_mp4-0026_jpg.rf.03cbd4d3cbb76e7f227a0547c22b13a4.jpg...

image 1/1 /home/admin/Documents/FEUP-CV/proj/task2/../datasets/extra-3/data/train/2024-03-28-15-41-19_mp4-0026_jpg.rf.03cbd4d3cbb76e7f227a0547c22b13a4.jpg: 640x640 1 pool_table, 7.9ms
Speed: 2.8ms preprocess, 7.9ms inference, 12.3ms postprocess per image at shape (1, 3, 640, 640)
Processing extra-3/data/train/2024-03-28-18-28-05_mp4-0036_jpg.rf.a21a017f7a844b66877dcf4aad85a6d3.jpg...

image 1/1 /home/admin/Documents/FEUP-CV/proj/task2/../datasets/extra-3/data/train/2024-03-28-18-28-05_mp4-0036_jpg.rf.a21a017f7a844b66877dcf4aad85a6d3.jpg: 640x640 1 pool_table, 7.9ms
Speed: 3.3ms preprocess, 7.9ms inference, 12.4ms postprocess per image at shape (1, 3, 640, 640)
Processing extra-3/data/train/20240319_120442_jpg.rf.b8d57492cbc9428b6db865149162863b.jpg...

image 1/1 /home/admin/Documents/FEUP-CV/proj/task2/../datasets/extra-3/data/train/20240319_120442_jpg.rf.b8d57492cbc9428b6db865149162863b.jpg: 640x640 1 pool_table, 7.9ms
Speed: 2.7ms preprocess, 7.9ms inference, 12.3ms postprocess per image at shape (1, 3, 640, 640)
Processing extra-3/data/train/IMG_20240319_122126_jpg.rf.7223f7f73e905597d9580c9b42faf54c.jpg...

image 1/1 /home/admin/Documents/FEUP-CV/proj/task2/../datasets/extra-3/data/train/IMG_20240319_122126_jpg.rf.7223f7f73e905597d9580c9b42faf54c.jpg: 640x640 1 pool_table, 7.9ms
Speed: 1.4ms preprocess, 7.9ms inference, 12.3ms postprocess per image at shape (1, 3, 640, 640)
Processing extra-3/data/train/IMG_20240319_120803_jpg.rf.0b69516edc8b3f307681b37abcf811df.jpg...

image 1/1 /home/admin/Documents/FEUP-CV/proj/task2/../datasets/extra-3/data/train/IMG_20240319_120803_jpg.rf.0b69516edc8b3f307681b37abcf811df.jpg: 640x640 1 pool_table, 7.8ms
Speed: 2.3ms preprocess, 7.8ms inference, 12.3ms postprocess per image at shape (1, 3, 640, 640)
Processing extra-3/data/train/2024-03-28-15-41-19_mp4-0084_jpg.rf.6ef9dfd9bc65f38d1ee1ded94e63ab36.jpg...

image 1/1 /home/admin/Documents/FEUP-CV/proj/task2/../datasets/extra-3/data/train/2024-03-28-15-41-19_mp4-0084_jpg.rf.6ef9dfd9bc65f38d1ee1ded94e63ab36.jpg: 640x640 1 pool_table, 7.6ms
Speed: 3.2ms preprocess, 7.6ms inference, 12.3ms postprocess per image at shape (1, 3, 640, 640)
Processing extra-3/data/train/2024-03-28-15-41-19_mp4-0069_jpg.rf.24bc89b09ef529fe58a3f73c540a2170.jpg...

image 1/1 /home/admin/Documents/FEUP-CV/proj/task2/../datasets/extra-3/data/train/2024-03-28-15-41-19_mp4-0069_jpg.rf.24bc89b09ef529fe58a3f73c540a2170.jpg: 640x640 1 pool_table, 7.7ms
Speed: 1.7ms preprocess, 7.7ms inference, 12.3ms postprocess per image at shape (1, 3, 640, 640)
Processing extra-3/data/train/20240328_171153_jpg.rf.d815e6c69840f98f3a66884f859960cf.jpg...

image 1/1 /home/admin/Documents/FEUP-CV/proj/task2/../datasets/extra-3/data/train/20240328_171153_jpg.rf.d815e6c69840f98f3a66884f859960cf.jpg: 640x640 2 pool_tables, 7.7ms
Speed: 1.3ms preprocess, 7.7ms inference, 12.3ms postprocess per image at shape (1, 3, 640, 640)
Processing extra-3/data/train/2024-03-30-11-22-03_mp4-0038_jpg.rf.ddc463687dc1c4d77951d83640b7189f.jpg...

image 1/1 /home/admin/Documents/FEUP-CV/proj/task2/../datasets/extra-3/data/train/2024-03-30-11-22-03_mp4-0038_jpg.rf.ddc463687dc1c4d77951d83640b7189f.jpg: 640x640 1 pool_table, 7.6ms
Speed: 1.3ms preprocess, 7.6ms inference, 12.2ms postprocess per image at shape (1, 3, 640, 640)
Processing extra-3/data/train/2024-03-30-11-07-17_mp4-0037_jpg.rf.0a9bcc2b7b0c77ef4c8bead3d149d079.jpg...

image 1/1 /home/admin/Documents/FEUP-CV/proj/task2/../datasets/extra-3/data/train/2024-03-30-11-07-17_mp4-0037_jpg.rf.0a9bcc2b7b0c77ef4c8bead3d149d079.jpg: 640x640 1 pool_table, 7.6ms
Speed: 3.1ms preprocess, 7.6ms inference, 12.3ms postprocess per image at shape (1, 3, 640, 640)
Processing extra-3/data/train/2024-03-28-18-35-18_mp4-0025_jpg.rf.385beb8aeaf36d3daba1aa77af16088d.jpg...

image 1/1 /home/admin/Documents/FEUP-CV/proj/task2/../datasets/extra-3/data/train/2024-03-28-18-35-18_mp4-0025_jpg.rf.385beb8aeaf36d3daba1aa77af16088d.jpg: 640x640 1 pool_table, 7.7ms
Speed: 3.2ms preprocess, 7.7ms inference, 12.3ms postprocess per image at shape (1, 3, 640, 640)
Processing extra-3/data/train/2024-03-30-11-07-17_mp4-0021_jpg.rf.7b918f5701959bc6eadf9957cf262d63.jpg...

image 1/1 /home/admin/Documents/FEUP-CV/proj/task2/../datasets/extra-3/data/train/2024-03-30-11-07-17_mp4-0021_jpg.rf.7b918f5701959bc6eadf9957cf262d63.jpg: 640x640 1 pool_table, 7.9ms
Speed: 3.3ms preprocess, 7.9ms inference, 12.4ms postprocess per image at shape (1, 3, 640, 640)
Processing extra-3/data/train/2024-03-28-15-41-19_mp4-0050_jpg.rf.8bfd63d32881606c89ec122e6faf4d0b.jpg...

image 1/1 /home/admin/Documents/FEUP-CV/proj/task2/../datasets/extra-3/data/train/2024-03-28-15-41-19_mp4-0050_jpg.rf.8bfd63d32881606c89ec122e6faf4d0b.jpg: 640x640 1 pool_table, 7.9ms
Speed: 1.4ms preprocess, 7.9ms inference, 12.3ms postprocess per image at shape (1, 3, 640, 640)
Processing extra-3/data/train/2024-03-30-11-15-02_mp4-0066_jpg.rf.dbde3391bf855288a4ef045cb0c6d1f1.jpg...

image 1/1 /home/admin/Documents/FEUP-CV/proj/task2/../datasets/extra-3/data/train/2024-03-30-11-15-02_mp4-0066_jpg.rf.dbde3391bf855288a4ef045cb0c6d1f1.jpg: 640x640 1 pool_table, 7.9ms
Speed: 3.2ms preprocess, 7.9ms inference, 12.3ms postprocess per image at shape (1, 3, 640, 640)
Processing extra-3/data/train/2024-03-28-15-41-19_mp4-0027_jpg.rf.22c2553013397254b79616d341794047.jpg...

image 1/1 /home/admin/Documents/FEUP-CV/proj/task2/../datasets/extra-3/data/train/2024-03-28-15-41-19_mp4-0027_jpg.rf.22c2553013397254b79616d341794047.jpg: 640x640 1 pool_table, 7.8ms
Speed: 1.2ms preprocess, 7.8ms inference, 12.4ms postprocess per image at shape (1, 3, 640, 640)
Processing extra-3/data/train/2024-03-28-18-28-05_mp4-0038_jpg.rf.aa551c1fcda76378bd6f15790ea05f07.jpg...

image 1/1 /home/admin/Documents/FEUP-CV/proj/task2/../datasets/extra-3/data/train/2024-03-28-18-28-05_mp4-0038_jpg.rf.aa551c1fcda76378bd6f15790ea05f07.jpg: 640x640 1 pool_table, 7.9ms
Speed: 1.4ms preprocess, 7.9ms inference, 12.3ms postprocess per image at shape (1, 3, 640, 640)
Processing extra-3/data/train/IMG_20240319_122145_jpg.rf.96252260a08a70c4197e622aa0603b48.jpg...

image 1/1 /home/admin/Documents/FEUP-CV/proj/task2/../datasets/extra-3/data/train/IMG_20240319_122145_jpg.rf.96252260a08a70c4197e622aa0603b48.jpg: 640x640 1 pool_table, 7.9ms
Speed: 2.9ms preprocess, 7.9ms inference, 12.4ms postprocess per image at shape (1, 3, 640, 640)
Processing extra-3/data/train/IMG_20240319_121500_jpg.rf.c0f1cf33f1dcf5d4ff9579089590e86f.jpg...

image 1/1 /home/admin/Documents/FEUP-CV/proj/task2/../datasets/extra-3/data/train/IMG_20240319_121500_jpg.rf.c0f1cf33f1dcf5d4ff9579089590e86f.jpg: 640x640 1 pool_table, 7.7ms
Speed: 2.0ms preprocess, 7.7ms inference, 12.3ms postprocess per image at shape (1, 3, 640, 640)
Processing extra-3/data/train/IMG_20240319_120540_jpg.rf.e7267ad6a576d42093a3bcc91d841505.jpg...

image 1/1 /home/admin/Documents/FEUP-CV/proj/task2/../datasets/extra-3/data/train/IMG_20240319_120540_jpg.rf.e7267ad6a576d42093a3bcc91d841505.jpg: 640x640 1 pool_table, 7.7ms
Speed: 2.6ms preprocess, 7.7ms inference, 12.3ms postprocess per image at shape (1, 3, 640, 640)
Processing extra-3/data/train/2024-03-30-11-07-17_mp4-0051_jpg.rf.5f553a77165ed80ec0aa2afd93f97625.jpg...

image 1/1 /home/admin/Documents/FEUP-CV/proj/task2/../datasets/extra-3/data/train/2024-03-30-11-07-17_mp4-0051_jpg.rf.5f553a77165ed80ec0aa2afd93f97625.jpg: 640x640 1 pool_table, 7.7ms
Speed: 3.0ms preprocess, 7.7ms inference, 12.3ms postprocess per image at shape (1, 3, 640, 640)
Processing extra-3/data/train/IMG_20240319_121150_jpg.rf.aac3a4b0328520365cf3e152420b1e6d.jpg...

image 1/1 /home/admin/Documents/FEUP-CV/proj/task2/../datasets/extra-3/data/train/IMG_20240319_121150_jpg.rf.aac3a4b0328520365cf3e152420b1e6d.jpg: 640x640 1 pool_table, 7.6ms
Speed: 3.3ms preprocess, 7.6ms inference, 12.2ms postprocess per image at shape (1, 3, 640, 640)
Processing extra-3/data/train/2024-03-30-11-07-17_mp4-0019_jpg.rf.e7ad65fa5e1614f1f94965a027b62bdf.jpg...

image 1/1 /home/admin/Documents/FEUP-CV/proj/task2/../datasets/extra-3/data/train/2024-03-30-11-07-17_mp4-0019_jpg.rf.e7ad65fa5e1614f1f94965a027b62bdf.jpg: 640x640 1 pool_table, 7.6ms
Speed: 3.3ms preprocess, 7.6ms inference, 12.3ms postprocess per image at shape (1, 3, 640, 640)
Processing extra-3/data/train/2024-03-28-15-41-19_mp4-0094_jpg.rf.221fb04af94eff5b5d0eea9f08e9cc47.jpg...

image 1/1 /home/admin/Documents/FEUP-CV/proj/task2/../datasets/extra-3/data/train/2024-03-28-15-41-19_mp4-0094_jpg.rf.221fb04af94eff5b5d0eea9f08e9cc47.jpg: 640x640 1 pool_table, 7.9ms
Speed: 1.5ms preprocess, 7.9ms inference, 12.3ms postprocess per image at shape (1, 3, 640, 640)
Processing extra-3/data/train/2024-03-30-11-15-02_mp4-0047_jpg.rf.76368a6794912840ba3181a2c5f6a3b4.jpg...

image 1/1 /home/admin/Documents/FEUP-CV/proj/task2/../datasets/extra-3/data/train/2024-03-30-11-15-02_mp4-0047_jpg.rf.76368a6794912840ba3181a2c5f6a3b4.jpg: 640x640 1 pool_table, 7.8ms
Speed: 1.7ms preprocess, 7.8ms inference, 12.3ms postprocess per image at shape (1, 3, 640, 640)
Processing extra-3/data/train/2024-03-28-15-41-19_mp4-0030_jpg.rf.0bdc83ef1f452bfb07c64cd3c4ea0e41.jpg...

image 1/1 /home/admin/Documents/FEUP-CV/proj/task2/../datasets/extra-3/data/train/2024-03-28-15-41-19_mp4-0030_jpg.rf.0bdc83ef1f452bfb07c64cd3c4ea0e41.jpg: 640x640 1 pool_table, 7.9ms
Speed: 1.3ms preprocess, 7.9ms inference, 12.4ms postprocess per image at shape (1, 3, 640, 640)
Processing extra-3/data/train/2024-03-30-11-22-03_mp4-0006_jpg.rf.4f0cff299e55522ad20fb4224dc72c35.jpg...

image 1/1 /home/admin/Documents/FEUP-CV/proj/task2/../datasets/extra-3/data/train/2024-03-30-11-22-03_mp4-0006_jpg.rf.4f0cff299e55522ad20fb4224dc72c35.jpg: 640x640 1 pool_table, 8.0ms
Speed: 1.4ms preprocess, 8.0ms inference, 12.3ms postprocess per image at shape (1, 3, 640, 640)
Processing extra-3/data/train/2024-03-28-15-41-19_mp4-0020_jpg.rf.6b81f36bc7bcd96c0c2bb2a9ec6da5f8.jpg...

image 1/1 /home/admin/Documents/FEUP-CV/proj/task2/../datasets/extra-3/data/train/2024-03-28-15-41-19_mp4-0020_jpg.rf.6b81f36bc7bcd96c0c2bb2a9ec6da5f8.jpg: 640x640 1 pool_table, 7.9ms
Speed: 3.2ms preprocess, 7.9ms inference, 12.3ms postprocess per image at shape (1, 3, 640, 640)
Processing extra-3/data/train/2024-03-28-15-41-19_mp4-0077_jpg.rf.8746d5a9c2e42e77f6484a187539e381.jpg...

image 1/1 /home/admin/Documents/FEUP-CV/proj/task2/../datasets/extra-3/data/train/2024-03-28-15-41-19_mp4-0077_jpg.rf.8746d5a9c2e42e77f6484a187539e381.jpg: 640x640 1 pool_table, 7.7ms
Speed: 1.6ms preprocess, 7.7ms inference, 12.3ms postprocess per image at shape (1, 3, 640, 640)
Processing extra-3/data/train/2024-03-30-11-07-17_mp4-0018_jpg.rf.a4983f64006fa827a67a20d22363a463.jpg...

image 1/1 /home/admin/Documents/FEUP-CV/proj/task2/../datasets/extra-3/data/train/2024-03-30-11-07-17_mp4-0018_jpg.rf.a4983f64006fa827a67a20d22363a463.jpg: 640x640 1 pool_table, 7.7ms
Speed: 1.6ms preprocess, 7.7ms inference, 12.3ms postprocess per image at shape (1, 3, 640, 640)
Processing extra-3/data/train/2024-03-30-11-07-17_mp4-0035_jpg.rf.716069aceab39710a3fe05531db84bcb.jpg...

image 1/1 /home/admin/Documents/FEUP-CV/proj/task2/../datasets/extra-3/data/train/2024-03-30-11-07-17_mp4-0035_jpg.rf.716069aceab39710a3fe05531db84bcb.jpg: 640x640 1 pool_table, 7.8ms
Speed: 1.3ms preprocess, 7.8ms inference, 12.3ms postprocess per image at shape (1, 3, 640, 640)
Processing extra-3/data/train/2024-03-30-11-07-17_mp4-0044_jpg.rf.0aab1f113ff72b19bffc0c8c11c59a03.jpg...

image 1/1 /home/admin/Documents/FEUP-CV/proj/task2/../datasets/extra-3/data/train/2024-03-30-11-07-17_mp4-0044_jpg.rf.0aab1f113ff72b19bffc0c8c11c59a03.jpg: 640x640 1 pool_table, 7.7ms
Speed: 1.5ms preprocess, 7.7ms inference, 12.3ms postprocess per image at shape (1, 3, 640, 640)
Processing extra-3/data/train/2024-03-28-15-41-19_mp4-0084_jpg.rf.5d1f57aa88cec1ac0c86ef76a6797af0.jpg...

image 1/1 /home/admin/Documents/FEUP-CV/proj/task2/../datasets/extra-3/data/train/2024-03-28-15-41-19_mp4-0084_jpg.rf.5d1f57aa88cec1ac0c86ef76a6797af0.jpg: 640x640 1 pool_table, 7.7ms
Speed: 1.3ms preprocess, 7.7ms inference, 12.3ms postprocess per image at shape (1, 3, 640, 640)
Processing extra-3/data/train/2024-03-30-11-15-02_mp4-0071_jpg.rf.e4a35d0ed1e3210920ed3d0311194005.jpg...

image 1/1 /home/admin/Documents/FEUP-CV/proj/task2/../datasets/extra-3/data/train/2024-03-30-11-15-02_mp4-0071_jpg.rf.e4a35d0ed1e3210920ed3d0311194005.jpg: 640x640 1 pool_table, 7.7ms
Speed: 1.6ms preprocess, 7.7ms inference, 12.3ms postprocess per image at shape (1, 3, 640, 640)
Processing extra-3/data/train/2024-03-30-11-15-02_mp4-0007_jpg.rf.81ecb15551241ccb74ffb14ae15fa4c3.jpg...

image 1/1 /home/admin/Documents/FEUP-CV/proj/task2/../datasets/extra-3/data/train/2024-03-30-11-15-02_mp4-0007_jpg.rf.81ecb15551241ccb74ffb14ae15fa4c3.jpg: 640x640 1 pool_table, 7.9ms
Speed: 1.5ms preprocess, 7.9ms inference, 12.4ms postprocess per image at shape (1, 3, 640, 640)
Processing extra-3/data/train/2024-03-30-11-15-02_mp4-0035_jpg.rf.6544c0004711bdc90c0432d989fd09e8.jpg...

image 1/1 /home/admin/Documents/FEUP-CV/proj/task2/../datasets/extra-3/data/train/2024-03-30-11-15-02_mp4-0035_jpg.rf.6544c0004711bdc90c0432d989fd09e8.jpg: 640x640 1 pool_table, 7.9ms
Speed: 1.5ms preprocess, 7.9ms inference, 12.4ms postprocess per image at shape (1, 3, 640, 640)
Processing extra-3/data/train/2024-03-30-11-22-03_mp4-0015_jpg.rf.e796dc1795ab32c2bb2448693ebbb9c6.jpg...

image 1/1 /home/admin/Documents/FEUP-CV/proj/task2/../datasets/extra-3/data/train/2024-03-30-11-22-03_mp4-0015_jpg.rf.e796dc1795ab32c2bb2448693ebbb9c6.jpg: 640x640 1 pool_table, 8.0ms
Speed: 1.5ms preprocess, 8.0ms inference, 12.4ms postprocess per image at shape (1, 3, 640, 640)
Processing extra-3/data/train/2024-03-28-15-41-19_mp4-0039_jpg.rf.4d97156c2c85681161d7092dab361a6c.jpg...

image 1/1 /home/admin/Documents/FEUP-CV/proj/task2/../datasets/extra-3/data/train/2024-03-28-15-41-19_mp4-0039_jpg.rf.4d97156c2c85681161d7092dab361a6c.jpg: 640x640 1 pool_table, 7.9ms
Speed: 3.1ms preprocess, 7.9ms inference, 12.3ms postprocess per image at shape (1, 3, 640, 640)
Processing extra-3/data/train/IMG_20240319_122235_jpg.rf.953dd0fcddf1ddefef26db1feff6af86.jpg...

image 1/1 /home/admin/Documents/FEUP-CV/proj/task2/../datasets/extra-3/data/train/IMG_20240319_122235_jpg.rf.953dd0fcddf1ddefef26db1feff6af86.jpg: 640x640 1 pool_table, 4.2ms
Speed: 1.2ms preprocess, 4.2ms inference, 0.8ms postprocess per image at shape (1, 3, 640, 640)
Processing extra-3/data/train/2024-03-30-11-15-02_mp4-0074_jpg.rf.acd015233ed779061196fa87a9bc2af9.jpg...

image 1/1 /home/admin/Documents/FEUP-CV/proj/task2/../datasets/extra-3/data/train/2024-03-30-11-15-02_mp4-0074_jpg.rf.acd015233ed779061196fa87a9bc2af9.jpg: 640x640 1 pool_table, 7.8ms
Speed: 2.9ms preprocess, 7.8ms inference, 12.2ms postprocess per image at shape (1, 3, 640, 640)
Processing extra-3/data/train/2024-03-28-15-41-19_mp4-0038_jpg.rf.2383b7197522fe85ea92d23b3b39a42a.jpg...

image 1/1 /home/admin/Documents/FEUP-CV/proj/task2/../datasets/extra-3/data/train/2024-03-28-15-41-19_mp4-0038_jpg.rf.2383b7197522fe85ea92d23b3b39a42a.jpg: 640x640 1 pool_table, 7.5ms
Speed: 1.6ms preprocess, 7.5ms inference, 3.1ms postprocess per image at shape (1, 3, 640, 640)
Processing extra-3/data/train/2024-03-28-18-28-05_mp4-0053_jpg.rf.a0b51960ca2462a68356d4f7bb465378.jpg...

image 1/1 /home/admin/Documents/FEUP-CV/proj/task2/../datasets/extra-3/data/train/2024-03-28-18-28-05_mp4-0053_jpg.rf.a0b51960ca2462a68356d4f7bb465378.jpg: 640x640 1 pool_table, 7.5ms
Speed: 2.4ms preprocess, 7.5ms inference, 12.2ms postprocess per image at shape (1, 3, 640, 640)
Processing extra-3/data/train/IMG_20240319_122149_jpg.rf.cd3725fb07399f7988472c3a24b7f3c5.jpg...

image 1/1 /home/admin/Documents/FEUP-CV/proj/task2/../datasets/extra-3/data/train/IMG_20240319_122149_jpg.rf.cd3725fb07399f7988472c3a24b7f3c5.jpg: 640x640 1 pool_table, 7.5ms
Speed: 1.5ms preprocess, 7.5ms inference, 1.7ms postprocess per image at shape (1, 3, 640, 640)
Processing extra-3/data/train/2024-03-28-15-41-19_mp4-0047_jpg.rf.348e60d5563b43d78b6b39f5708a3f82.jpg...

image 1/1 /home/admin/Documents/FEUP-CV/proj/task2/../datasets/extra-3/data/train/2024-03-28-15-41-19_mp4-0047_jpg.rf.348e60d5563b43d78b6b39f5708a3f82.jpg: 640x640 1 pool_table, 7.6ms
Speed: 1.4ms preprocess, 7.6ms inference, 12.1ms postprocess per image at shape (1, 3, 640, 640)
Processing extra-3/data/train/2024-03-30-11-15-02_mp4-0006_jpg.rf.402ed47fb7cc5c41c835e884d8dffe53.jpg...

image 1/1 /home/admin/Documents/FEUP-CV/proj/task2/../datasets/extra-3/data/train/2024-03-30-11-15-02_mp4-0006_jpg.rf.402ed47fb7cc5c41c835e884d8dffe53.jpg: 640x640 1 pool_table, 7.4ms
Speed: 1.3ms preprocess, 7.4ms inference, 1.5ms postprocess per image at shape (1, 3, 640, 640)
Processing extra-3/data/train/IMG_20240319_120844_jpg.rf.ede8fba7777bb00583b34857856768e1.jpg...

image 1/1 /home/admin/Documents/FEUP-CV/proj/task2/../datasets/extra-3/data/train/IMG_20240319_120844_jpg.rf.ede8fba7777bb00583b34857856768e1.jpg: 640x640 1 pool_table, 7.5ms
Speed: 1.7ms preprocess, 7.5ms inference, 12.0ms postprocess per image at shape (1, 3, 640, 640)
Processing extra-3/data/train/2024-03-30-11-15-02_mp4-0070_jpg.rf.b21dd911f6dfd1469c7cbe9bf99ea55d.jpg...

image 1/1 /home/admin/Documents/FEUP-CV/proj/task2/../datasets/extra-3/data/train/2024-03-30-11-15-02_mp4-0070_jpg.rf.b21dd911f6dfd1469c7cbe9bf99ea55d.jpg: 640x640 1 pool_table, 7.2ms
Speed: 1.4ms preprocess, 7.2ms inference, 1.5ms postprocess per image at shape (1, 3, 640, 640)
Processing extra-3/data/train/IMG_20240319_121837_jpg.rf.c51a51ee3d803474db8dcbb32b3b7b0c.jpg...

image 1/1 /home/admin/Documents/FEUP-CV/proj/task2/../datasets/extra-3/data/train/IMG_20240319_121837_jpg.rf.c51a51ee3d803474db8dcbb32b3b7b0c.jpg: 640x640 1 pool_table, 7.5ms
Speed: 2.2ms preprocess, 7.5ms inference, 12.2ms postprocess per image at shape (1, 3, 640, 640)
Processing extra-3/data/train/2024-03-28-18-35-18_mp4-0010_jpg.rf.a7e24676b751d5f1a9db255deb905a72.jpg...

image 1/1 /home/admin/Documents/FEUP-CV/proj/task2/../datasets/extra-3/data/train/2024-03-28-18-35-18_mp4-0010_jpg.rf.a7e24676b751d5f1a9db255deb905a72.jpg: 640x640 1 pool_table, 5.2ms
Speed: 3.3ms preprocess, 5.2ms inference, 1.5ms postprocess per image at shape (1, 3, 640, 640)
Processing extra-3/data/train/2024-03-30-11-07-17_mp4-0011_jpg.rf.0efdacaaa15d497486fe3a0f56375f9a.jpg...

image 1/1 /home/admin/Documents/FEUP-CV/proj/task2/../datasets/extra-3/data/train/2024-03-30-11-07-17_mp4-0011_jpg.rf.0efdacaaa15d497486fe3a0f56375f9a.jpg: 640x640 1 pool_table, 7.5ms
Speed: 2.1ms preprocess, 7.5ms inference, 12.1ms postprocess per image at shape (1, 3, 640, 640)
Processing extra-3/data/train/2024-03-28-15-41-19_mp4-0038_jpg.rf.d034188d2487fa9f7034d314d0521f13.jpg...

image 1/1 /home/admin/Documents/FEUP-CV/proj/task2/../datasets/extra-3/data/train/2024-03-28-15-41-19_mp4-0038_jpg.rf.d034188d2487fa9f7034d314d0521f13.jpg: 640x640 1 pool_table, 5.0ms
Speed: 3.1ms preprocess, 5.0ms inference, 1.5ms postprocess per image at shape (1, 3, 640, 640)
Processing extra-3/data/train/2024-03-28-15-41-19_mp4-0074_jpg.rf.cc7c1f3f001cbc8b8122537fc559b7ec.jpg...

image 1/1 /home/admin/Documents/FEUP-CV/proj/task2/../datasets/extra-3/data/train/2024-03-28-15-41-19_mp4-0074_jpg.rf.cc7c1f3f001cbc8b8122537fc559b7ec.jpg: 640x640 1 pool_table, 7.5ms
Speed: 2.0ms preprocess, 7.5ms inference, 12.2ms postprocess per image at shape (1, 3, 640, 640)
Processing extra-3/data/train/2024-03-30-11-15-02_mp4-0033_jpg.rf.5516706246a43a41de5a2b998fe6a214.jpg...

image 1/1 /home/admin/Documents/FEUP-CV/proj/task2/../datasets/extra-3/data/train/2024-03-30-11-15-02_mp4-0033_jpg.rf.5516706246a43a41de5a2b998fe6a214.jpg: 640x640 1 pool_table, 7.3ms
Speed: 1.6ms preprocess, 7.3ms inference, 1.5ms postprocess per image at shape (1, 3, 640, 640)
Processing extra-3/data/train/2024-03-30-11-22-03_mp4-0042_jpg.rf.d3d6d26c52140a893068cb60e9ab7720.jpg...

image 1/1 /home/admin/Documents/FEUP-CV/proj/task2/../datasets/extra-3/data/train/2024-03-30-11-22-03_mp4-0042_jpg.rf.d3d6d26c52140a893068cb60e9ab7720.jpg: 640x640 1 pool_table, 7.6ms
Speed: 2.0ms preprocess, 7.6ms inference, 12.2ms postprocess per image at shape (1, 3, 640, 640)
Processing extra-3/data/train/2024-03-28-18-35-18_mp4-0003_jpg.rf.434f9e0fba6492e6dcbbe603a710b828.jpg...

image 1/1 /home/admin/Documents/FEUP-CV/proj/task2/../datasets/extra-3/data/train/2024-03-28-18-35-18_mp4-0003_jpg.rf.434f9e0fba6492e6dcbbe603a710b828.jpg: 640x640 1 pool_table, 5.1ms
Speed: 2.8ms preprocess, 5.1ms inference, 1.5ms postprocess per image at shape (1, 3, 640, 640)
Processing extra-3/data/train/2024-03-28-15-41-19_mp4-0048_jpg.rf.12fd9107d36f84c573dbb3b32da72605.jpg...

image 1/1 /home/admin/Documents/FEUP-CV/proj/task2/../datasets/extra-3/data/train/2024-03-28-15-41-19_mp4-0048_jpg.rf.12fd9107d36f84c573dbb3b32da72605.jpg: 640x640 1 pool_table, 7.5ms
Speed: 2.1ms preprocess, 7.5ms inference, 12.2ms postprocess per image at shape (1, 3, 640, 640)
Processing extra-3/data/train/2024-03-30-11-15-02_mp4-0016_jpg.rf.e533465f2873657ddb50e92cba8bbb8b.jpg...

image 1/1 /home/admin/Documents/FEUP-CV/proj/task2/../datasets/extra-3/data/train/2024-03-30-11-15-02_mp4-0016_jpg.rf.e533465f2873657ddb50e92cba8bbb8b.jpg: 640x640 1 pool_table, 6.9ms
Speed: 1.5ms preprocess, 6.9ms inference, 1.4ms postprocess per image at shape (1, 3, 640, 640)
Processing extra-3/data/train/2024-03-30-11-22-03_mp4-0038_jpg.rf.90b83038ccfe015ca659ae55ea0a7901.jpg...

image 1/1 /home/admin/Documents/FEUP-CV/proj/task2/../datasets/extra-3/data/train/2024-03-30-11-22-03_mp4-0038_jpg.rf.90b83038ccfe015ca659ae55ea0a7901.jpg: 640x640 1 pool_table, 7.4ms
Speed: 1.8ms preprocess, 7.4ms inference, 12.1ms postprocess per image at shape (1, 3, 640, 640)
Processing extra-3/data/train/2024-03-30-11-15-02_mp4-0073_jpg.rf.91df278305b9af399db761f4138b9575.jpg...

image 1/1 /home/admin/Documents/FEUP-CV/proj/task2/../datasets/extra-3/data/train/2024-03-30-11-15-02_mp4-0073_jpg.rf.91df278305b9af399db761f4138b9575.jpg: 640x640 1 pool_table, 4.3ms
Speed: 2.9ms preprocess, 4.3ms inference, 1.4ms postprocess per image at shape (1, 3, 640, 640)
Processing extra-3/data/train/2024-03-28-15-41-19_mp4-0035_jpg.rf.765ed8024837c61f37d06c619529c7a9.jpg...

image 1/1 /home/admin/Documents/FEUP-CV/proj/task2/../datasets/extra-3/data/train/2024-03-28-15-41-19_mp4-0035_jpg.rf.765ed8024837c61f37d06c619529c7a9.jpg: 640x640 1 pool_table, 7.5ms
Speed: 2.3ms preprocess, 7.5ms inference, 12.0ms postprocess per image at shape (1, 3, 640, 640)
Processing extra-3/data/train/2024-03-30-11-22-03_mp4-0037_jpg.rf.e1884525f57e2faef806bf0fa234ba15.jpg...

image 1/1 /home/admin/Documents/FEUP-CV/proj/task2/../datasets/extra-3/data/train/2024-03-30-11-22-03_mp4-0037_jpg.rf.e1884525f57e2faef806bf0fa234ba15.jpg: 640x640 1 pool_table, 4.6ms
Speed: 3.0ms preprocess, 4.6ms inference, 1.4ms postprocess per image at shape (1, 3, 640, 640)
Processing extra-3/data/train/2024-03-28-15-41-19_mp4-0031_jpg.rf.afe59e3bb0b9df3da9baa7c371215cf9.jpg...

image 1/1 /home/admin/Documents/FEUP-CV/proj/task2/../datasets/extra-3/data/train/2024-03-28-15-41-19_mp4-0031_jpg.rf.afe59e3bb0b9df3da9baa7c371215cf9.jpg: 640x640 1 pool_table, 7.4ms
Speed: 1.5ms preprocess, 7.4ms inference, 12.1ms postprocess per image at shape (1, 3, 640, 640)
Processing extra-3/data/train/IMG_20240319_121159_jpg.rf.3c4e2d5505f5f52ef2a4bfcd2a8ccae9.jpg...

image 1/1 /home/admin/Documents/FEUP-CV/proj/task2/../datasets/extra-3/data/train/IMG_20240319_121159_jpg.rf.3c4e2d5505f5f52ef2a4bfcd2a8ccae9.jpg: 640x640 1 pool_table, 6.4ms
Speed: 1.4ms preprocess, 6.4ms inference, 1.4ms postprocess per image at shape (1, 3, 640, 640)
Processing extra-3/data/train/2024-03-28-18-28-05_mp4-0026_jpg.rf.97fc11403aeb0a9c0258bed8542b3b79.jpg...

image 1/1 /home/admin/Documents/FEUP-CV/proj/task2/../datasets/extra-3/data/train/2024-03-28-18-28-05_mp4-0026_jpg.rf.97fc11403aeb0a9c0258bed8542b3b79.jpg: 640x640 1 pool_table, 7.5ms
Speed: 1.7ms preprocess, 7.5ms inference, 12.1ms postprocess per image at shape (1, 3, 640, 640)
Processing extra-3/data/train/2024-03-28-15-41-19_mp4-0094_jpg.rf.5bd8844664a54040838cfe8503ab621d.jpg...

image 1/1 /home/admin/Documents/FEUP-CV/proj/task2/../datasets/extra-3/data/train/2024-03-28-15-41-19_mp4-0094_jpg.rf.5bd8844664a54040838cfe8503ab621d.jpg: 640x640 1 pool_table, 7.2ms
Speed: 1.4ms preprocess, 7.2ms inference, 1.5ms postprocess per image at shape (1, 3, 640, 640)
Processing extra-3/data/train/IMG_20240319_120824_jpg.rf.96178d8892af2c8e132f61580e953b3b.jpg...

image 1/1 /home/admin/Documents/FEUP-CV/proj/task2/../datasets/extra-3/data/train/IMG_20240319_120824_jpg.rf.96178d8892af2c8e132f61580e953b3b.jpg: 640x640 1 pool_table, 7.5ms
Speed: 1.7ms preprocess, 7.5ms inference, 12.1ms postprocess per image at shape (1, 3, 640, 640)
Processing extra-3/data/train/2024-03-28-18-28-05_mp4-0022_jpg.rf.3ca360b604d8496d28cc4c56a4001dcc.jpg...

image 1/1 /home/admin/Documents/FEUP-CV/proj/task2/../datasets/extra-3/data/train/2024-03-28-18-28-05_mp4-0022_jpg.rf.3ca360b604d8496d28cc4c56a4001dcc.jpg: 640x640 1 pool_table, 7.5ms
Speed: 1.4ms preprocess, 7.5ms inference, 1.6ms postprocess per image at shape (1, 3, 640, 640)
Processing extra-3/data/train/2024-03-28-18-35-18_mp4-0020_jpg.rf.d582c59b3a44ddc9f660f0a6ecd64da3.jpg...

image 1/1 /home/admin/Documents/FEUP-CV/proj/task2/../datasets/extra-3/data/train/2024-03-28-18-35-18_mp4-0020_jpg.rf.d582c59b3a44ddc9f660f0a6ecd64da3.jpg: 640x640 1 pool_table, 7.6ms
Speed: 2.0ms preprocess, 7.6ms inference, 12.2ms postprocess per image at shape (1, 3, 640, 640)
Processing extra-3/data/train/2024-03-30-11-15-02_mp4-0024_jpg.rf.94bc1ff88578238c7790de77a797eb4d.jpg...

image 1/1 /home/admin/Documents/FEUP-CV/proj/task2/../datasets/extra-3/data/train/2024-03-30-11-15-02_mp4-0024_jpg.rf.94bc1ff88578238c7790de77a797eb4d.jpg: 640x640 1 pool_table, 5.5ms
Speed: 3.3ms preprocess, 5.5ms inference, 1.5ms postprocess per image at shape (1, 3, 640, 640)
Processing extra-3/data/train/2024-03-30-11-15-02_mp4-0059_jpg.rf.2a7327efaafb3c4244e71c0905d72896.jpg...

image 1/1 /home/admin/Documents/FEUP-CV/proj/task2/../datasets/extra-3/data/train/2024-03-30-11-15-02_mp4-0059_jpg.rf.2a7327efaafb3c4244e71c0905d72896.jpg: 640x640 1 pool_table, 7.5ms
Speed: 1.8ms preprocess, 7.5ms inference, 12.2ms postprocess per image at shape (1, 3, 640, 640)
Processing extra-3/data/train/20240328_171404_jpg.rf.134803d81a590592e045eee1c327566b.jpg...

image 1/1 /home/admin/Documents/FEUP-CV/proj/task2/../datasets/extra-3/data/train/20240328_171404_jpg.rf.134803d81a590592e045eee1c327566b.jpg: 640x640 1 pool_table, 5.4ms
Speed: 3.1ms preprocess, 5.4ms inference, 1.5ms postprocess per image at shape (1, 3, 640, 640)
Processing extra-3/data/train/IMG_20240319_120550_jpg.rf.418f80d9e9610ed153564bcbeafdd7ed.jpg...

image 1/1 /home/admin/Documents/FEUP-CV/proj/task2/../datasets/extra-3/data/train/IMG_20240319_120550_jpg.rf.418f80d9e9610ed153564bcbeafdd7ed.jpg: 640x640 1 pool_table, 7.3ms
Speed: 2.3ms preprocess, 7.3ms inference, 12.1ms postprocess per image at shape (1, 3, 640, 640)
Processing extra-3/data/train/20240319_120451_jpg.rf.186cc628d6038a1e26ea32a22becc9f3.jpg...

image 1/1 /home/admin/Documents/FEUP-CV/proj/task2/../datasets/extra-3/data/train/20240319_120451_jpg.rf.186cc628d6038a1e26ea32a22becc9f3.jpg: 640x640 1 pool_table, 4.3ms
Speed: 2.8ms preprocess, 4.3ms inference, 1.4ms postprocess per image at shape (1, 3, 640, 640)
Processing extra-3/data/train/2024-03-30-11-22-03_mp4-0017_jpg.rf.18435cf67f69aff5b89d20c62421bb5a.jpg...

image 1/1 /home/admin/Documents/FEUP-CV/proj/task2/../datasets/extra-3/data/train/2024-03-30-11-22-03_mp4-0017_jpg.rf.18435cf67f69aff5b89d20c62421bb5a.jpg: 640x640 1 pool_table, 7.4ms
Speed: 2.9ms preprocess, 7.4ms inference, 12.0ms postprocess per image at shape (1, 3, 640, 640)
Processing extra-3/data/train/IMG_20240319_120855_jpg.rf.ce68f2306d06fa006b8cc1e64d74d82e.jpg...

image 1/1 /home/admin/Documents/FEUP-CV/proj/task2/../datasets/extra-3/data/train/IMG_20240319_120855_jpg.rf.ce68f2306d06fa006b8cc1e64d74d82e.jpg: 640x640 1 pool_table, 4.2ms
Speed: 1.4ms preprocess, 4.2ms inference, 1.5ms postprocess per image at shape (1, 3, 640, 640)
Processing extra-3/data/train/2024-03-30-11-22-03_mp4-0006_jpg.rf.c3256f185f8c398285313cc3ed847e3c.jpg...

image 1/1 /home/admin/Documents/FEUP-CV/proj/task2/../datasets/extra-3/data/train/2024-03-30-11-22-03_mp4-0006_jpg.rf.c3256f185f8c398285313cc3ed847e3c.jpg: 640x640 1 pool_table, 7.4ms
Speed: 1.6ms preprocess, 7.4ms inference, 12.1ms postprocess per image at shape (1, 3, 640, 640)
Processing extra-3/data/train/2024-03-28-15-41-19_mp4-0077_jpg.rf.71743cb61588ec1b28179f7d12bb10b1.jpg...

image 1/1 /home/admin/Documents/FEUP-CV/proj/task2/../datasets/extra-3/data/train/2024-03-28-15-41-19_mp4-0077_jpg.rf.71743cb61588ec1b28179f7d12bb10b1.jpg: 640x640 1 pool_table, 4.4ms
Speed: 2.8ms preprocess, 4.4ms inference, 1.4ms postprocess per image at shape (1, 3, 640, 640)
Processing extra-3/data/train/2024-03-30-11-07-17_mp4-0014_jpg.rf.d27dba4584bf52a279a4dc38cb431874.jpg...

image 1/1 /home/admin/Documents/FEUP-CV/proj/task2/../datasets/extra-3/data/train/2024-03-30-11-07-17_mp4-0014_jpg.rf.d27dba4584bf52a279a4dc38cb431874.jpg: 640x640 1 pool_table, 7.4ms
Speed: 2.0ms preprocess, 7.4ms inference, 12.1ms postprocess per image at shape (1, 3, 640, 640)
Processing extra-3/data/train/2024-03-30-11-07-17_mp4-0027_jpg.rf.999d02dc7a76e68597fc91a45ab18422.jpg...

image 1/1 /home/admin/Documents/FEUP-CV/proj/task2/../datasets/extra-3/data/train/2024-03-30-11-07-17_mp4-0027_jpg.rf.999d02dc7a76e68597fc91a45ab18422.jpg: 640x640 1 pool_table, 4.2ms
Speed: 3.1ms preprocess, 4.2ms inference, 1.5ms postprocess per image at shape (1, 3, 640, 640)
Processing extra-3/data/train/2024-03-28-15-41-19_mp4-0016_jpg.rf.0089417bb2973723269ce2fe5fa64007.jpg...

image 1/1 /home/admin/Documents/FEUP-CV/proj/task2/../datasets/extra-3/data/train/2024-03-28-15-41-19_mp4-0016_jpg.rf.0089417bb2973723269ce2fe5fa64007.jpg: 640x640 1 pool_table, 7.5ms
Speed: 1.9ms preprocess, 7.5ms inference, 12.2ms postprocess per image at shape (1, 3, 640, 640)
Processing extra-3/data/train/2024-03-28-15-41-19_mp4-0014_jpg.rf.8fcdf57ebc8bf1299786fb65366e7368.jpg...

image 1/1 /home/admin/Documents/FEUP-CV/proj/task2/../datasets/extra-3/data/train/2024-03-28-15-41-19_mp4-0014_jpg.rf.8fcdf57ebc8bf1299786fb65366e7368.jpg: 640x640 1 pool_table, 7.5ms
Speed: 1.3ms preprocess, 7.5ms inference, 1.7ms postprocess per image at shape (1, 3, 640, 640)
Processing extra-3/data/train/2024-03-28-18-28-05_mp4-0041_jpg.rf.74a5f9a6a0b88c9b576c53c9eefa47f6.jpg...

image 1/1 /home/admin/Documents/FEUP-CV/proj/task2/../datasets/extra-3/data/train/2024-03-28-18-28-05_mp4-0041_jpg.rf.74a5f9a6a0b88c9b576c53c9eefa47f6.jpg: 640x640 1 pool_table, 7.5ms
Speed: 2.2ms preprocess, 7.5ms inference, 12.2ms postprocess per image at shape (1, 3, 640, 640)
Processing extra-3/data/train/IMG_20240319_122211_jpg.rf.287d9839971bff3b63f7d6d35bb87172.jpg...

image 1/1 /home/admin/Documents/FEUP-CV/proj/task2/../datasets/extra-3/data/train/IMG_20240319_122211_jpg.rf.287d9839971bff3b63f7d6d35bb87172.jpg: 640x640 1 pool_table, 7.5ms
Speed: 1.4ms preprocess, 7.5ms inference, 1.6ms postprocess per image at shape (1, 3, 640, 640)
Processing extra-3/data/train/2024-03-28-15-41-19_mp4-0075_jpg.rf.55eeeece129b25ca7ba135e281ad0fe5.jpg...

image 1/1 /home/admin/Documents/FEUP-CV/proj/task2/../datasets/extra-3/data/train/2024-03-28-15-41-19_mp4-0075_jpg.rf.55eeeece129b25ca7ba135e281ad0fe5.jpg: 640x640 1 pool_table, 7.6ms
Speed: 1.4ms preprocess, 7.6ms inference, 12.2ms postprocess per image at shape (1, 3, 640, 640)
Processing extra-3/data/train/2024-03-30-11-15-02_mp4-0072_jpg.rf.8a0d146a19d3a4fe03aae0324f131171.jpg...

image 1/1 /home/admin/Documents/FEUP-CV/proj/task2/../datasets/extra-3/data/train/2024-03-30-11-15-02_mp4-0072_jpg.rf.8a0d146a19d3a4fe03aae0324f131171.jpg: 640x640 1 pool_table, 5.5ms
Speed: 3.2ms preprocess, 5.5ms inference, 1.5ms postprocess per image at shape (1, 3, 640, 640)
Processing extra-3/data/train/2024-03-30-11-07-17_mp4-0019_jpg.rf.c556d078818fc0c5caba79d2e6ce6f28.jpg...

image 1/1 /home/admin/Documents/FEUP-CV/proj/task2/../datasets/extra-3/data/train/2024-03-30-11-07-17_mp4-0019_jpg.rf.c556d078818fc0c5caba79d2e6ce6f28.jpg: 640x640 1 pool_table, 7.5ms
Speed: 2.0ms preprocess, 7.5ms inference, 12.1ms postprocess per image at shape (1, 3, 640, 640)
Processing extra-3/data/train/20240319_120440_jpg.rf.0dd5d9f1196101364960a7077c8d2a84.jpg...

image 1/1 /home/admin/Documents/FEUP-CV/proj/task2/../datasets/extra-3/data/train/20240319_120440_jpg.rf.0dd5d9f1196101364960a7077c8d2a84.jpg: 640x640 1 pool_table, 4.9ms
Speed: 3.2ms preprocess, 4.9ms inference, 1.4ms postprocess per image at shape (1, 3, 640, 640)
Processing extra-3/data/train/20240328_171453_jpg.rf.2401a0ca8f9a9ba50272660662778c6a.jpg...

image 1/1 /home/admin/Documents/FEUP-CV/proj/task2/../datasets/extra-3/data/train/20240328_171453_jpg.rf.2401a0ca8f9a9ba50272660662778c6a.jpg: 640x640 1 pool_table, 7.3ms
Speed: 2.3ms preprocess, 7.3ms inference, 12.0ms postprocess per image at shape (1, 3, 640, 640)
Processing extra-3/data/train/2024-03-28-18-35-18_mp4-0025_jpg.rf.d213a0c98652c38f0c6ae052b9cb8acb.jpg...

image 1/1 /home/admin/Documents/FEUP-CV/proj/task2/../datasets/extra-3/data/train/2024-03-28-18-35-18_mp4-0025_jpg.rf.d213a0c98652c38f0c6ae052b9cb8acb.jpg: 640x640 1 pool_table, 4.4ms
Speed: 1.3ms preprocess, 4.4ms inference, 1.5ms postprocess per image at shape (1, 3, 640, 640)
Processing extra-3/data/train/2024-03-30-11-22-03_mp4-0003_jpg.rf.1c990583fb6c40d32885bb0adfe4931e.jpg...

image 1/1 /home/admin/Documents/FEUP-CV/proj/task2/../datasets/extra-3/data/train/2024-03-30-11-22-03_mp4-0003_jpg.rf.1c990583fb6c40d32885bb0adfe4931e.jpg: 640x640 1 pool_table, 7.3ms
Speed: 1.5ms preprocess, 7.3ms inference, 12.1ms postprocess per image at shape (1, 3, 640, 640)
Processing extra-3/data/train/IMG_20240319_121139_jpg.rf.5cb438ba307f272eadbef3b7ddcf34b7.jpg...

image 1/1 /home/admin/Documents/FEUP-CV/proj/task2/../datasets/extra-3/data/train/IMG_20240319_121139_jpg.rf.5cb438ba307f272eadbef3b7ddcf34b7.jpg: 640x640 1 pool_table, 4.4ms
Speed: 2.7ms preprocess, 4.4ms inference, 1.4ms postprocess per image at shape (1, 3, 640, 640)
Processing extra-3/data/train/2024-03-28-15-41-19_mp4-0068_jpg.rf.14e589c6dd8278013d79001c357c6f02.jpg...

image 1/1 /home/admin/Documents/FEUP-CV/proj/task2/../datasets/extra-3/data/train/2024-03-28-15-41-19_mp4-0068_jpg.rf.14e589c6dd8278013d79001c357c6f02.jpg: 640x640 1 pool_table, 7.3ms
Speed: 1.7ms preprocess, 7.3ms inference, 12.0ms postprocess per image at shape (1, 3, 640, 640)
Processing extra-3/data/train/IMG_20240319_120925_jpg.rf.b954aea30ff189d35653788e7dd97cd1.jpg...

image 1/1 /home/admin/Documents/FEUP-CV/proj/task2/../datasets/extra-3/data/train/IMG_20240319_120925_jpg.rf.b954aea30ff189d35653788e7dd97cd1.jpg: 640x640 1 pool_table, 4.4ms
Speed: 3.1ms preprocess, 4.4ms inference, 1.4ms postprocess per image at shape (1, 3, 640, 640)
Processing extra-3/data/train/2024-03-28-18-35-18_mp4-0017_jpg.rf.fb6154d2521a657ba72ecc104939516f.jpg...

image 1/1 /home/admin/Documents/FEUP-CV/proj/task2/../datasets/extra-3/data/train/2024-03-28-18-35-18_mp4-0017_jpg.rf.fb6154d2521a657ba72ecc104939516f.jpg: 640x640 1 pool_table, 7.3ms
Speed: 2.0ms preprocess, 7.3ms inference, 12.1ms postprocess per image at shape (1, 3, 640, 640)
Processing extra-3/data/train/2024-03-30-11-15-02_mp4-0068_jpg.rf.90586d34283265ac6cea115b014cf2f5.jpg...

image 1/1 /home/admin/Documents/FEUP-CV/proj/task2/../datasets/extra-3/data/train/2024-03-30-11-15-02_mp4-0068_jpg.rf.90586d34283265ac6cea115b014cf2f5.jpg: 640x640 1 pool_table, 5.7ms
Speed: 1.3ms preprocess, 5.7ms inference, 1.4ms postprocess per image at shape (1, 3, 640, 640)
Processing extra-3/data/train/2024-03-30-11-15-02_mp4-0058_jpg.rf.437c619a2fb6683a2594837e135f4acf.jpg...

image 1/1 /home/admin/Documents/FEUP-CV/proj/task2/../datasets/extra-3/data/train/2024-03-30-11-15-02_mp4-0058_jpg.rf.437c619a2fb6683a2594837e135f4acf.jpg: 640x640 1 pool_table, 7.6ms
Speed: 2.3ms preprocess, 7.6ms inference, 12.2ms postprocess per image at shape (1, 3, 640, 640)
Processing extra-3/data/train/2024-03-28-15-41-19_mp4-0062_jpg.rf.3a06899169e0712a3adbd44f0b12b9d6.jpg...

image 1/1 /home/admin/Documents/FEUP-CV/proj/task2/../datasets/extra-3/data/train/2024-03-28-15-41-19_mp4-0062_jpg.rf.3a06899169e0712a3adbd44f0b12b9d6.jpg: 640x640 1 pool_table, 7.5ms
Speed: 1.5ms preprocess, 7.5ms inference, 1.8ms postprocess per image at shape (1, 3, 640, 640)
Processing extra-3/data/train/IMG_20240319_120722_jpg.rf.0838ede2a16efa1302247dfe567db577.jpg...

image 1/1 /home/admin/Documents/FEUP-CV/proj/task2/../datasets/extra-3/data/train/IMG_20240319_120722_jpg.rf.0838ede2a16efa1302247dfe567db577.jpg: 640x640 1 pool_table, 7.5ms
Speed: 2.0ms preprocess, 7.5ms inference, 12.1ms postprocess per image at shape (1, 3, 640, 640)
Processing extra-3/data/train/2024-03-28-15-41-19_mp4-0078_jpg.rf.25b07ec0c3b69bc0d8960badca177aaa.jpg...

image 1/1 /home/admin/Documents/FEUP-CV/proj/task2/../datasets/extra-3/data/train/2024-03-28-15-41-19_mp4-0078_jpg.rf.25b07ec0c3b69bc0d8960badca177aaa.jpg: 640x640 1 pool_table, 7.6ms
Speed: 1.5ms preprocess, 7.6ms inference, 1.6ms postprocess per image at shape (1, 3, 640, 640)
Processing extra-3/data/train/2024-03-30-11-15-02_mp4-0078_jpg.rf.45c218d4efa726309f2fa61813789026.jpg...

image 1/1 /home/admin/Documents/FEUP-CV/proj/task2/../datasets/extra-3/data/train/2024-03-30-11-15-02_mp4-0078_jpg.rf.45c218d4efa726309f2fa61813789026.jpg: 640x640 1 pool_table, 7.5ms
Speed: 2.4ms preprocess, 7.5ms inference, 12.1ms postprocess per image at shape (1, 3, 640, 640)
Processing extra-3/data/train/2024-03-30-11-22-03_mp4-0045_jpg.rf.d7b2167237caed03a5763da2c502c37c.jpg...

image 1/1 /home/admin/Documents/FEUP-CV/proj/task2/../datasets/extra-3/data/train/2024-03-30-11-22-03_mp4-0045_jpg.rf.d7b2167237caed03a5763da2c502c37c.jpg: 640x640 1 pool_table, 5.3ms
Speed: 3.0ms preprocess, 5.3ms inference, 1.5ms postprocess per image at shape (1, 3, 640, 640)
Processing extra-3/data/train/IMG_20240319_120824_jpg.rf.9718632b23e7487463eb75a12a804500.jpg...

image 1/1 /home/admin/Documents/FEUP-CV/proj/task2/../datasets/extra-3/data/train/IMG_20240319_120824_jpg.rf.9718632b23e7487463eb75a12a804500.jpg: 640x640 1 pool_table, 7.5ms
Speed: 1.5ms preprocess, 7.5ms inference, 12.2ms postprocess per image at shape (1, 3, 640, 640)
Processing extra-3/data/train/2024-03-30-11-15-02_mp4-0022_jpg.rf.8392964bb2cf54f1b272c539742e242e.jpg...

image 1/1 /home/admin/Documents/FEUP-CV/proj/task2/../datasets/extra-3/data/train/2024-03-30-11-15-02_mp4-0022_jpg.rf.8392964bb2cf54f1b272c539742e242e.jpg: 640x640 1 pool_table, 4.7ms
Speed: 3.1ms preprocess, 4.7ms inference, 1.4ms postprocess per image at shape (1, 3, 640, 640)
Processing extra-3/data/train/2024-03-28-18-28-05_mp4-0009_jpg.rf.a9997e204ad004bbe4bc360f89c4dba8.jpg...

image 1/1 /home/admin/Documents/FEUP-CV/proj/task2/../datasets/extra-3/data/train/2024-03-28-18-28-05_mp4-0009_jpg.rf.a9997e204ad004bbe4bc360f89c4dba8.jpg: 640x640 1 pool_table, 7.3ms
Speed: 2.2ms preprocess, 7.3ms inference, 12.1ms postprocess per image at shape (1, 3, 640, 640)
Processing extra-3/data/train/2024-03-28-15-41-19_mp4-0039_jpg.rf.efdf8c80243286b27141242b0fbdeab7.jpg...

image 1/1 /home/admin/Documents/FEUP-CV/proj/task2/../datasets/extra-3/data/train/2024-03-28-15-41-19_mp4-0039_jpg.rf.efdf8c80243286b27141242b0fbdeab7.jpg: 640x640 1 pool_table, 5.6ms
Speed: 1.6ms preprocess, 5.6ms inference, 1.4ms postprocess per image at shape (1, 3, 640, 640)
Processing extra-3/data/train/2024-03-30-11-15-02_mp4-0041_jpg.rf.3463c30670e405bd2f18d4eb0505a6d1.jpg...

image 1/1 /home/admin/Documents/FEUP-CV/proj/task2/../datasets/extra-3/data/train/2024-03-30-11-15-02_mp4-0041_jpg.rf.3463c30670e405bd2f18d4eb0505a6d1.jpg: 640x640 1 pool_table, 7.3ms
Speed: 1.9ms preprocess, 7.3ms inference, 12.1ms postprocess per image at shape (1, 3, 640, 640)
Processing extra-3/data/train/2024-03-30-11-07-17_mp4-0032_jpg.rf.fbb00315a480c49ba1ba3fed10af3fa8.jpg...

image 1/1 /home/admin/Documents/FEUP-CV/proj/task2/../datasets/extra-3/data/train/2024-03-30-11-07-17_mp4-0032_jpg.rf.fbb00315a480c49ba1ba3fed10af3fa8.jpg: 640x640 1 pool_table, 5.5ms
Speed: 1.4ms preprocess, 5.5ms inference, 1.4ms postprocess per image at shape (1, 3, 640, 640)
Processing extra-3/data/train/2024-03-30-11-07-17_mp4-0050_jpg.rf.0dc1cb210a1d92cf60c27a064dc7189c.jpg...

image 1/1 /home/admin/Documents/FEUP-CV/proj/task2/../datasets/extra-3/data/train/2024-03-30-11-07-17_mp4-0050_jpg.rf.0dc1cb210a1d92cf60c27a064dc7189c.jpg: 640x640 1 pool_table, 7.3ms
Speed: 2.1ms preprocess, 7.3ms inference, 12.1ms postprocess per image at shape (1, 3, 640, 640)
Processing extra-3/data/train/IMG_20240319_121203_jpg.rf.27e89920e77c189d133f4a5854c54c03.jpg...

image 1/1 /home/admin/Documents/FEUP-CV/proj/task2/../datasets/extra-3/data/train/IMG_20240319_121203_jpg.rf.27e89920e77c189d133f4a5854c54c03.jpg: 640x640 1 pool_table, 4.6ms
Speed: 3.1ms preprocess, 4.6ms inference, 1.4ms postprocess per image at shape (1, 3, 640, 640)
Processing extra-3/data/train/IMG_20240319_122228_jpg.rf.04858081365960a6228116bf06c07fc7.jpg...

image 1/1 /home/admin/Documents/FEUP-CV/proj/task2/../datasets/extra-3/data/train/IMG_20240319_122228_jpg.rf.04858081365960a6228116bf06c07fc7.jpg: 640x640 1 pool_table, 7.3ms
Speed: 1.6ms preprocess, 7.3ms inference, 12.1ms postprocess per image at shape (1, 3, 640, 640)
Processing extra-3/data/train/2024-03-30-11-15-02_mp4-0058_jpg.rf.f65a4ed16b2e1638a98d149e7820e969.jpg...

image 1/1 /home/admin/Documents/FEUP-CV/proj/task2/../datasets/extra-3/data/train/2024-03-30-11-15-02_mp4-0058_jpg.rf.f65a4ed16b2e1638a98d149e7820e969.jpg: 640x640 1 pool_table, 4.2ms
Speed: 2.7ms preprocess, 4.2ms inference, 1.5ms postprocess per image at shape (1, 3, 640, 640)
Processing extra-3/data/train/2024-03-30-11-07-17_mp4-0009_jpg.rf.961d9ee1983836b8825df9b542dd8114.jpg...

image 1/1 /home/admin/Documents/FEUP-CV/proj/task2/../datasets/extra-3/data/train/2024-03-30-11-07-17_mp4-0009_jpg.rf.961d9ee1983836b8825df9b542dd8114.jpg: 640x640 1 pool_table, 7.6ms
Speed: 2.3ms preprocess, 7.6ms inference, 12.2ms postprocess per image at shape (1, 3, 640, 640)
Processing extra-3/data/train/IMG_20240319_121848_jpg.rf.78b6385632c778b5a6ac45302bbbf6f7.jpg...

image 1/1 /home/admin/Documents/FEUP-CV/proj/task2/../datasets/extra-3/data/train/IMG_20240319_121848_jpg.rf.78b6385632c778b5a6ac45302bbbf6f7.jpg: 640x640 1 pool_table, 6.1ms
Speed: 3.0ms preprocess, 6.1ms inference, 1.5ms postprocess per image at shape (1, 3, 640, 640)
Processing extra-3/data/train/2024-03-28-15-41-19_mp4-0026_jpg.rf.517cd170591effa7e45892e4cc9a4931.jpg...

image 1/1 /home/admin/Documents/FEUP-CV/proj/task2/../datasets/extra-3/data/train/2024-03-28-15-41-19_mp4-0026_jpg.rf.517cd170591effa7e45892e4cc9a4931.jpg: 640x640 1 pool_table, 7.6ms
Speed: 2.0ms preprocess, 7.6ms inference, 12.2ms postprocess per image at shape (1, 3, 640, 640)
Processing extra-3/data/train/2024-03-30-11-15-02_mp4-0056_jpg.rf.6f94a3bec6c7cb847da3b91380c31445.jpg...

image 1/1 /home/admin/Documents/FEUP-CV/proj/task2/../datasets/extra-3/data/train/2024-03-30-11-15-02_mp4-0056_jpg.rf.6f94a3bec6c7cb847da3b91380c31445.jpg: 640x640 1 pool_table, 7.6ms
Speed: 1.6ms preprocess, 7.6ms inference, 2.1ms postprocess per image at shape (1, 3, 640, 640)
Processing extra-3/data/train/2024-03-28-15-41-19_mp4-0026_jpg.rf.19d0c0aa796e7284c8d96ba5e303347e.jpg...

image 1/1 /home/admin/Documents/FEUP-CV/proj/task2/../datasets/extra-3/data/train/2024-03-28-15-41-19_mp4-0026_jpg.rf.19d0c0aa796e7284c8d96ba5e303347e.jpg: 640x640 1 pool_table, 7.6ms
Speed: 2.4ms preprocess, 7.6ms inference, 12.1ms postprocess per image at shape (1, 3, 640, 640)
Processing extra-3/data/train/IMG_20240319_121130_jpg.rf.d18f2e22d79a4492c37aea4727668102.jpg...

image 1/1 /home/admin/Documents/FEUP-CV/proj/task2/../datasets/extra-3/data/train/IMG_20240319_121130_jpg.rf.d18f2e22d79a4492c37aea4727668102.jpg: 640x640 1 pool_table, 6.0ms
Speed: 3.2ms preprocess, 6.0ms inference, 1.5ms postprocess per image at shape (1, 3, 640, 640)
Processing extra-3/data/train/2024-03-28-18-35-18_mp4-0031_jpg.rf.f2ea964f477c02dce49178065a43a5f3.jpg...

image 1/1 /home/admin/Documents/FEUP-CV/proj/task2/../datasets/extra-3/data/train/2024-03-28-18-35-18_mp4-0031_jpg.rf.f2ea964f477c02dce49178065a43a5f3.jpg: 640x640 1 pool_table, 7.7ms
Speed: 1.8ms preprocess, 7.7ms inference, 12.1ms postprocess per image at shape (1, 3, 640, 640)
Processing extra-3/data/train/2024-03-28-15-41-19_mp4-0013_jpg.rf.52fd0d7d68aa275c2c533c8eb3ea4746.jpg...

image 1/1 /home/admin/Documents/FEUP-CV/proj/task2/../datasets/extra-3/data/train/2024-03-28-15-41-19_mp4-0013_jpg.rf.52fd0d7d68aa275c2c533c8eb3ea4746.jpg: 640x640 1 pool_table, 4.4ms
Speed: 3.3ms preprocess, 4.4ms inference, 1.3ms postprocess per image at shape (1, 3, 640, 640)
Processing extra-3/data/train/2024-03-30-11-07-17_mp4-0044_jpg.rf.1bcb8b168df06e7333e73ac385053599.jpg...

image 1/1 /home/admin/Documents/FEUP-CV/proj/task2/../datasets/extra-3/data/train/2024-03-30-11-07-17_mp4-0044_jpg.rf.1bcb8b168df06e7333e73ac385053599.jpg: 640x640 1 pool_table, 7.3ms
Speed: 2.2ms preprocess, 7.3ms inference, 12.1ms postprocess per image at shape (1, 3, 640, 640)
Processing extra-3/data/train/2024-03-30-11-07-17_mp4-0032_jpg.rf.c9933944fb60db828b743dc3499e38a0.jpg...

image 1/1 /home/admin/Documents/FEUP-CV/proj/task2/../datasets/extra-3/data/train/2024-03-30-11-07-17_mp4-0032_jpg.rf.c9933944fb60db828b743dc3499e38a0.jpg: 640x640 1 pool_table, 4.3ms
Speed: 3.0ms preprocess, 4.3ms inference, 1.4ms postprocess per image at shape (1, 3, 640, 640)
Processing extra-3/data/train/2024-03-28-18-28-05_mp4-0046_jpg.rf.6753787186e7c3595a443fc4d7deb2b1.jpg...

image 1/1 /home/admin/Documents/FEUP-CV/proj/task2/../datasets/extra-3/data/train/2024-03-28-18-28-05_mp4-0046_jpg.rf.6753787186e7c3595a443fc4d7deb2b1.jpg: 640x640 1 pool_table, 7.2ms
Speed: 2.0ms preprocess, 7.2ms inference, 12.0ms postprocess per image at shape (1, 3, 640, 640)
Processing extra-3/data/train/IMG_20240319_121146_jpg.rf.5eb6c729e0c038cbe1726bb67453a418.jpg...

image 1/1 /home/admin/Documents/FEUP-CV/proj/task2/../datasets/extra-3/data/train/IMG_20240319_121146_jpg.rf.5eb6c729e0c038cbe1726bb67453a418.jpg: 640x640 1 pool_table, 4.3ms
Speed: 3.0ms preprocess, 4.3ms inference, 1.4ms postprocess per image at shape (1, 3, 640, 640)
Processing extra-3/data/train/2024-03-30-11-15-02_mp4-0048_jpg.rf.2c17ddc248f2cab51e1a1472e676fa30.jpg...

image 1/1 /home/admin/Documents/FEUP-CV/proj/task2/../datasets/extra-3/data/train/2024-03-30-11-15-02_mp4-0048_jpg.rf.2c17ddc248f2cab51e1a1472e676fa30.jpg: 640x640 1 pool_table, 7.2ms
Speed: 1.5ms preprocess, 7.2ms inference, 12.1ms postprocess per image at shape (1, 3, 640, 640)
Processing extra-3/data/train/2024-03-30-11-07-17_mp4-0054_jpg.rf.15f247c743c51d0d9475bc0e66fffb33.jpg...

image 1/1 /home/admin/Documents/FEUP-CV/proj/task2/../datasets/extra-3/data/train/2024-03-30-11-07-17_mp4-0054_jpg.rf.15f247c743c51d0d9475bc0e66fffb33.jpg: 640x640 1 pool_table, 4.3ms
Speed: 3.0ms preprocess, 4.3ms inference, 1.4ms postprocess per image at shape (1, 3, 640, 640)
Processing extra-3/data/train/2024-03-30-11-15-02_mp4-0041_jpg.rf.454e1f99f232722a77058c70ccba8191.jpg...

image 1/1 /home/admin/Documents/FEUP-CV/proj/task2/../datasets/extra-3/data/train/2024-03-30-11-15-02_mp4-0041_jpg.rf.454e1f99f232722a77058c70ccba8191.jpg: 640x640 1 pool_table, 7.2ms
Speed: 2.0ms preprocess, 7.2ms inference, 12.0ms postprocess per image at shape (1, 3, 640, 640)
Processing extra-3/data/train/2024-03-28-18-35-18_mp4-0008_jpg.rf.135bfd0d11ab13ea8ea081768516287a.jpg...

image 1/1 /home/admin/Documents/FEUP-CV/proj/task2/../datasets/extra-3/data/train/2024-03-28-18-35-18_mp4-0008_jpg.rf.135bfd0d11ab13ea8ea081768516287a.jpg: 640x640 1 pool_table, 4.6ms
Speed: 3.1ms preprocess, 4.6ms inference, 1.5ms postprocess per image at shape (1, 3, 640, 640)
Processing extra-3/data/train/2024-03-28-15-41-19_mp4-0055_jpg.rf.746dfda69d31864215d0c3b66c5e633a.jpg...

image 1/1 /home/admin/Documents/FEUP-CV/proj/task2/../datasets/extra-3/data/train/2024-03-28-15-41-19_mp4-0055_jpg.rf.746dfda69d31864215d0c3b66c5e633a.jpg: 640x640 1 pool_table, 7.3ms
Speed: 1.8ms preprocess, 7.3ms inference, 12.1ms postprocess per image at shape (1, 3, 640, 640)
Processing extra-3/data/train/20240328_171431_jpg.rf.31fd5a97da6fe11f1c33be5573d0eac8.jpg...

image 1/1 /home/admin/Documents/FEUP-CV/proj/task2/../datasets/extra-3/data/train/20240328_171431_jpg.rf.31fd5a97da6fe11f1c33be5573d0eac8.jpg: 640x640 1 pool_table, 4.3ms
Speed: 3.3ms preprocess, 4.3ms inference, 1.4ms postprocess per image at shape (1, 3, 640, 640)
Processing extra-3/data/train/2024-03-28-18-28-05_mp4-0032_jpg.rf.8844a5e1352eec7197dc3375830b04f0.jpg...

image 1/1 /home/admin/Documents/FEUP-CV/proj/task2/../datasets/extra-3/data/train/2024-03-28-18-28-05_mp4-0032_jpg.rf.8844a5e1352eec7197dc3375830b04f0.jpg: 640x640 1 pool_table, 7.4ms
Speed: 1.4ms preprocess, 7.4ms inference, 12.0ms postprocess per image at shape (1, 3, 640, 640)
Processing extra-3/data/train/2024-03-30-11-07-17_mp4-0021_jpg.rf.29c7b494523cfd32f458eabfc874d6b8.jpg...

image 1/1 /home/admin/Documents/FEUP-CV/proj/task2/../datasets/extra-3/data/train/2024-03-30-11-07-17_mp4-0021_jpg.rf.29c7b494523cfd32f458eabfc874d6b8.jpg: 640x640 1 pool_table, 6.0ms
Speed: 1.5ms preprocess, 6.0ms inference, 1.4ms postprocess per image at shape (1, 3, 640, 640)
Processing extra-3/data/train/2024-03-30-11-07-17_mp4-0042_jpg.rf.e5dfcfd0b4de894c95ed05c4337cbee3.jpg...

image 1/1 /home/admin/Documents/FEUP-CV/proj/task2/../datasets/extra-3/data/train/2024-03-30-11-07-17_mp4-0042_jpg.rf.e5dfcfd0b4de894c95ed05c4337cbee3.jpg: 640x640 1 pool_table, 7.3ms
Speed: 2.2ms preprocess, 7.3ms inference, 12.1ms postprocess per image at shape (1, 3, 640, 640)
Processing extra-3/data/train/2024-03-30-11-15-02_mp4-0056_jpg.rf.87d6c5b0ee9e53f05616bfe01e776699.jpg...

image 1/1 /home/admin/Documents/FEUP-CV/proj/task2/../datasets/extra-3/data/train/2024-03-30-11-15-02_mp4-0056_jpg.rf.87d6c5b0ee9e53f05616bfe01e776699.jpg: 640x640 1 pool_table, 6.1ms
Speed: 1.4ms preprocess, 6.1ms inference, 1.4ms postprocess per image at shape (1, 3, 640, 640)
Processing extra-3/data/train/2024-03-28-15-41-19_mp4-0038_jpg.rf.01055489e4bc2133d69a7eb8368bbe83.jpg...

image 1/1 /home/admin/Documents/FEUP-CV/proj/task2/../datasets/extra-3/data/train/2024-03-28-15-41-19_mp4-0038_jpg.rf.01055489e4bc2133d69a7eb8368bbe83.jpg: 640x640 1 pool_table, 7.4ms
Speed: 2.2ms preprocess, 7.4ms inference, 12.0ms postprocess per image at shape (1, 3, 640, 640)
Processing extra-3/data/train/2024-03-28-15-41-19_mp4-0014_jpg.rf.236855e75914780877169f7907c180f7.jpg...

image 1/1 /home/admin/Documents/FEUP-CV/proj/task2/../datasets/extra-3/data/train/2024-03-28-15-41-19_mp4-0014_jpg.rf.236855e75914780877169f7907c180f7.jpg: 640x640 1 pool_table, 7.3ms
Speed: 1.3ms preprocess, 7.3ms inference, 1.5ms postprocess per image at shape (1, 3, 640, 640)
Processing extra-3/data/train/2024-03-28-15-41-19_mp4-0047_jpg.rf.2201db05a728692ec7071023b69c7278.jpg...

image 1/1 /home/admin/Documents/FEUP-CV/proj/task2/../datasets/extra-3/data/train/2024-03-28-15-41-19_mp4-0047_jpg.rf.2201db05a728692ec7071023b69c7278.jpg: 640x640 1 pool_table, 7.7ms
Speed: 2.1ms preprocess, 7.7ms inference, 12.2ms postprocess per image at shape (1, 3, 640, 640)
Processing extra-3/data/train/2024-03-30-11-07-17_mp4-0056_jpg.rf.f685b8a9f6567d0916f67048df5f4ba3.jpg...

image 1/1 /home/admin/Documents/FEUP-CV/proj/task2/../datasets/extra-3/data/train/2024-03-30-11-07-17_mp4-0056_jpg.rf.f685b8a9f6567d0916f67048df5f4ba3.jpg: 640x640 1 pool_table, 7.5ms
Speed: 1.7ms preprocess, 7.5ms inference, 1.9ms postprocess per image at shape (1, 3, 640, 640)
Processing extra-3/data/train/2024-03-28-18-28-05_mp4-0014_jpg.rf.56ca3b0d341cf732e361b9f6162ba40c.jpg...

image 1/1 /home/admin/Documents/FEUP-CV/proj/task2/../datasets/extra-3/data/train/2024-03-28-18-28-05_mp4-0014_jpg.rf.56ca3b0d341cf732e361b9f6162ba40c.jpg: 640x640 1 pool_table, 7.6ms
Speed: 2.2ms preprocess, 7.6ms inference, 12.2ms postprocess per image at shape (1, 3, 640, 640)
Processing extra-3/data/train/2024-03-28-18-35-18_mp4-0009_jpg.rf.8ab4f3f553ecef7658359030110c6550.jpg...

image 1/1 /home/admin/Documents/FEUP-CV/proj/task2/../datasets/extra-3/data/train/2024-03-28-18-35-18_mp4-0009_jpg.rf.8ab4f3f553ecef7658359030110c6550.jpg: 640x640 1 pool_table, 7.6ms
Speed: 1.4ms preprocess, 7.6ms inference, 1.7ms postprocess per image at shape (1, 3, 640, 640)
Processing extra-3/data/train/2024-03-28-15-41-19_mp4-0034_jpg.rf.02a8ae1337bb01deec0199d34aac2748.jpg...

image 1/1 /home/admin/Documents/FEUP-CV/proj/task2/../datasets/extra-3/data/train/2024-03-28-15-41-19_mp4-0034_jpg.rf.02a8ae1337bb01deec0199d34aac2748.jpg: 640x640 1 pool_table, 7.6ms
Speed: 2.1ms preprocess, 7.6ms inference, 12.2ms postprocess per image at shape (1, 3, 640, 640)
Processing extra-3/data/train/2024-03-28-15-41-19_mp4-0047_jpg.rf.9fe3fa3232dee8d80c9801b4b7e0eefe.jpg...

image 1/1 /home/admin/Documents/FEUP-CV/proj/task2/../datasets/extra-3/data/train/2024-03-28-15-41-19_mp4-0047_jpg.rf.9fe3fa3232dee8d80c9801b4b7e0eefe.jpg: 640x640 1 pool_table, 5.6ms
Speed: 2.7ms preprocess, 5.6ms inference, 1.5ms postprocess per image at shape (1, 3, 640, 640)
Processing extra-3/data/train/IMG_20240319_122245_jpg.rf.a26788f9f0a165953602338351e94f2d.jpg...

image 1/1 /home/admin/Documents/FEUP-CV/proj/task2/../datasets/extra-3/data/train/IMG_20240319_122245_jpg.rf.a26788f9f0a165953602338351e94f2d.jpg: 640x640 1 pool_table, 7.4ms
Speed: 1.9ms preprocess, 7.4ms inference, 12.1ms postprocess per image at shape (1, 3, 640, 640)
Processing extra-3/data/train/2024-03-30-11-15-02_mp4-0035_jpg.rf.337b147d66ecc15342e1fae2e2716d50.jpg...

image 1/1 /home/admin/Documents/FEUP-CV/proj/task2/../datasets/extra-3/data/train/2024-03-30-11-15-02_mp4-0035_jpg.rf.337b147d66ecc15342e1fae2e2716d50.jpg: 640x640 1 pool_table, 7.2ms
Speed: 3.0ms preprocess, 7.2ms inference, 12.1ms postprocess per image at shape (1, 3, 640, 640)
Processing extra-3/data/train/2024-03-28-15-41-19_mp4-0053_jpg.rf.d7daaa30eb157aacb129d4ae4e581c48.jpg...

image 1/1 /home/admin/Documents/FEUP-CV/proj/task2/../datasets/extra-3/data/train/2024-03-28-15-41-19_mp4-0053_jpg.rf.d7daaa30eb157aacb129d4ae4e581c48.jpg: 640x640 1 pool_table, 4.3ms
Speed: 2.2ms preprocess, 4.3ms inference, 1.5ms postprocess per image at shape (1, 3, 640, 640)
Processing extra-3/data/train/2024-03-28-18-35-18_mp4-0005_jpg.rf.cd68a18151ce3ea575ffe0b3659f1572.jpg...

image 1/1 /home/admin/Documents/FEUP-CV/proj/task2/../datasets/extra-3/data/train/2024-03-28-18-35-18_mp4-0005_jpg.rf.cd68a18151ce3ea575ffe0b3659f1572.jpg: 640x640 1 pool_table, 7.4ms
Speed: 2.1ms preprocess, 7.4ms inference, 12.1ms postprocess per image at shape (1, 3, 640, 640)
Processing extra-3/data/train/2024-03-28-18-28-05_mp4-0043_jpg.rf.77ae4b217071f9985c41eabef44169b5.jpg...

image 1/1 /home/admin/Documents/FEUP-CV/proj/task2/../datasets/extra-3/data/train/2024-03-28-18-28-05_mp4-0043_jpg.rf.77ae4b217071f9985c41eabef44169b5.jpg: 640x640 1 pool_table, 6.4ms
Speed: 1.3ms preprocess, 6.4ms inference, 1.4ms postprocess per image at shape (1, 3, 640, 640)
Processing extra-3/data/train/2024-03-30-11-22-03_mp4-0009_jpg.rf.6b319584f0ee84a37a7ac1baf3f1803b.jpg...

image 1/1 /home/admin/Documents/FEUP-CV/proj/task2/../datasets/extra-3/data/train/2024-03-30-11-22-03_mp4-0009_jpg.rf.6b319584f0ee84a37a7ac1baf3f1803b.jpg: 640x640 1 pool_table, 7.5ms
Speed: 2.1ms preprocess, 7.5ms inference, 12.1ms postprocess per image at shape (1, 3, 640, 640)
Processing extra-3/data/train/IMG_20240319_121505_jpg.rf.0b7af077d0057aac7fa05eb40c1a5296.jpg...

image 1/1 /home/admin/Documents/FEUP-CV/proj/task2/../datasets/extra-3/data/train/IMG_20240319_121505_jpg.rf.0b7af077d0057aac7fa05eb40c1a5296.jpg: 640x640 1 pool_table, 4.2ms
Speed: 2.9ms preprocess, 4.2ms inference, 1.4ms postprocess per image at shape (1, 3, 640, 640)
Processing extra-3/data/train/2024-03-28-18-35-18_mp4-0018_jpg.rf.6af9e1940d086ded7902874cf2f806ef.jpg...

image 1/1 /home/admin/Documents/FEUP-CV/proj/task2/../datasets/extra-3/data/train/2024-03-28-18-35-18_mp4-0018_jpg.rf.6af9e1940d086ded7902874cf2f806ef.jpg: 640x640 1 pool_table, 7.4ms
Speed: 1.5ms preprocess, 7.4ms inference, 12.1ms postprocess per image at shape (1, 3, 640, 640)
Processing extra-3/data/train/2024-03-28-15-41-19_mp4-0009_jpg.rf.27f30234b4a4c3d2d13ad6cc87918163.jpg...

image 1/1 /home/admin/Documents/FEUP-CV/proj/task2/../datasets/extra-3/data/train/2024-03-28-15-41-19_mp4-0009_jpg.rf.27f30234b4a4c3d2d13ad6cc87918163.jpg: 640x640 1 pool_table, 7.0ms
Speed: 1.3ms preprocess, 7.0ms inference, 1.5ms postprocess per image at shape (1, 3, 640, 640)
Processing extra-3/data/train/2024-03-28-18-28-05_mp4-0025_jpg.rf.bc51d131e738a448d343df7bc2557199.jpg...

image 1/1 /home/admin/Documents/FEUP-CV/proj/task2/../datasets/extra-3/data/train/2024-03-28-18-28-05_mp4-0025_jpg.rf.bc51d131e738a448d343df7bc2557199.jpg: 640x640 1 pool_table, 7.5ms
Speed: 2.0ms preprocess, 7.5ms inference, 12.1ms postprocess per image at shape (1, 3, 640, 640)
Processing extra-3/data/train/2024-03-30-11-22-03_mp4-0047_jpg.rf.3447eed8b3a79d99cfd5c530cfd04649.jpg...

image 1/1 /home/admin/Documents/FEUP-CV/proj/task2/../datasets/extra-3/data/train/2024-03-30-11-22-03_mp4-0047_jpg.rf.3447eed8b3a79d99cfd5c530cfd04649.jpg: 640x640 1 pool_table, 7.3ms
Speed: 1.3ms preprocess, 7.3ms inference, 1.5ms postprocess per image at shape (1, 3, 640, 640)
Processing extra-3/data/train/2024-03-28-15-41-19_mp4-0070_jpg.rf.f32ca6cc5e075f1484e6576fb3d9b53a.jpg...

image 1/1 /home/admin/Documents/FEUP-CV/proj/task2/../datasets/extra-3/data/train/2024-03-28-15-41-19_mp4-0070_jpg.rf.f32ca6cc5e075f1484e6576fb3d9b53a.jpg: 640x640 1 pool_table, 7.6ms
Speed: 1.8ms preprocess, 7.6ms inference, 12.2ms postprocess per image at shape (1, 3, 640, 640)
Processing extra-3/data/train/2024-03-28-15-41-19_mp4-0015_jpg.rf.7474f10d09b15254aa0bef6cec7bc569.jpg...

image 1/1 /home/admin/Documents/FEUP-CV/proj/task2/../datasets/extra-3/data/train/2024-03-28-15-41-19_mp4-0015_jpg.rf.7474f10d09b15254aa0bef6cec7bc569.jpg: 640x640 1 pool_table, 7.5ms
Speed: 1.3ms preprocess, 7.5ms inference, 1.5ms postprocess per image at shape (1, 3, 640, 640)
Processing extra-3/data/train/IMG_20240319_120844_jpg.rf.e99e6da090097f42adc10dafd2cd2c49.jpg...

image 1/1 /home/admin/Documents/FEUP-CV/proj/task2/../datasets/extra-3/data/train/IMG_20240319_120844_jpg.rf.e99e6da090097f42adc10dafd2cd2c49.jpg: 640x640 1 pool_table, 7.4ms
Speed: 1.7ms preprocess, 7.4ms inference, 12.1ms postprocess per image at shape (1, 3, 640, 640)
Processing extra-3/data/train/2024-03-28-15-41-19_mp4-0052_jpg.rf.73a8d1884ffd039d97bf0c73df51312c.jpg...

image 1/1 /home/admin/Documents/FEUP-CV/proj/task2/../datasets/extra-3/data/train/2024-03-28-15-41-19_mp4-0052_jpg.rf.73a8d1884ffd039d97bf0c73df51312c.jpg: 640x640 1 pool_table, 5.1ms
Speed: 3.1ms preprocess, 5.1ms inference, 1.5ms postprocess per image at shape (1, 3, 640, 640)
Processing extra-3/data/train/IMG_20240319_120600_jpg.rf.fe14b61e5d7eba5a04678c70ed56bc7d.jpg...

image 1/1 /home/admin/Documents/FEUP-CV/proj/task2/../datasets/extra-3/data/train/IMG_20240319_120600_jpg.rf.fe14b61e5d7eba5a04678c70ed56bc7d.jpg: 640x640 1 pool_table, 7.4ms
Speed: 2.0ms preprocess, 7.4ms inference, 12.1ms postprocess per image at shape (1, 3, 640, 640)
Processing extra-3/data/train/2024-03-30-11-07-17_mp4-0028_jpg.rf.dc8fa0e3e44f6f1bc8f3c7b145318e97.jpg...

image 1/1 /home/admin/Documents/FEUP-CV/proj/task2/../datasets/extra-3/data/train/2024-03-30-11-07-17_mp4-0028_jpg.rf.dc8fa0e3e44f6f1bc8f3c7b145318e97.jpg: 640x640 1 pool_table, 6.4ms
Speed: 1.3ms preprocess, 6.4ms inference, 1.4ms postprocess per image at shape (1, 3, 640, 640)
Processing extra-3/data/train/IMG_20240319_122145_jpg.rf.fd2f4a90d4b69fd88f4e3e6de14c3e24.jpg...

image 1/1 /home/admin/Documents/FEUP-CV/proj/task2/../datasets/extra-3/data/train/IMG_20240319_122145_jpg.rf.fd2f4a90d4b69fd88f4e3e6de14c3e24.jpg: 640x640 1 pool_table, 7.4ms
Speed: 2.0ms preprocess, 7.4ms inference, 12.1ms postprocess per image at shape (1, 3, 640, 640)
Processing extra-3/data/train/2024-03-28-18-28-05_mp4-0026_jpg.rf.d690f6768db8003f1aa63f7ddfd1419c.jpg...

image 1/1 /home/admin/Documents/FEUP-CV/proj/task2/../datasets/extra-3/data/train/2024-03-28-18-28-05_mp4-0026_jpg.rf.d690f6768db8003f1aa63f7ddfd1419c.jpg: 640x640 1 pool_table, 4.1ms
Speed: 2.6ms preprocess, 4.1ms inference, 1.4ms postprocess per image at shape (1, 3, 640, 640)
Processing extra-3/data/train/2024-03-28-18-35-18_mp4-0005_jpg.rf.a2c9c68faa4a3a38b8e3247079172115.jpg...

image 1/1 /home/admin/Documents/FEUP-CV/proj/task2/../datasets/extra-3/data/train/2024-03-28-18-35-18_mp4-0005_jpg.rf.a2c9c68faa4a3a38b8e3247079172115.jpg: 640x640 1 pool_table, 7.4ms
Speed: 2.2ms preprocess, 7.4ms inference, 12.1ms postprocess per image at shape (1, 3, 640, 640)
Processing extra-3/data/train/2024-03-30-11-07-17_mp4-0036_jpg.rf.ad71efe4130f7a01c485c142f6b23661.jpg...

image 1/1 /home/admin/Documents/FEUP-CV/proj/task2/../datasets/extra-3/data/train/2024-03-30-11-07-17_mp4-0036_jpg.rf.ad71efe4130f7a01c485c142f6b23661.jpg: 640x640 1 pool_table, 5.9ms
Speed: 1.3ms preprocess, 5.9ms inference, 1.4ms postprocess per image at shape (1, 3, 640, 640)
Processing extra-3/data/train/2024-03-30-11-22-03_mp4-0035_jpg.rf.2a22bda18193e18310585ec1bc35dae2.jpg...

image 1/1 /home/admin/Documents/FEUP-CV/proj/task2/../datasets/extra-3/data/train/2024-03-30-11-22-03_mp4-0035_jpg.rf.2a22bda18193e18310585ec1bc35dae2.jpg: 640x640 1 pool_table, 7.3ms
Speed: 1.8ms preprocess, 7.3ms inference, 12.1ms postprocess per image at shape (1, 3, 640, 640)
Processing extra-3/data/train/2024-03-30-11-15-02_mp4-0035_jpg.rf.55b6951027dd52457e64ec03cc868431.jpg...

image 1/1 /home/admin/Documents/FEUP-CV/proj/task2/../datasets/extra-3/data/train/2024-03-30-11-15-02_mp4-0035_jpg.rf.55b6951027dd52457e64ec03cc868431.jpg: 640x640 1 pool_table, 4.1ms
Speed: 3.0ms preprocess, 4.1ms inference, 1.4ms postprocess per image at shape (1, 3, 640, 640)
Processing extra-3/data/train/2024-03-30-11-07-17_mp4-0057_jpg.rf.3765c89afaacdb1dc03d4dabbf3ba4d9.jpg...

image 1/1 /home/admin/Documents/FEUP-CV/proj/task2/../datasets/extra-3/data/train/2024-03-30-11-07-17_mp4-0057_jpg.rf.3765c89afaacdb1dc03d4dabbf3ba4d9.jpg: 640x640 1 pool_table, 7.6ms
Speed: 2.0ms preprocess, 7.6ms inference, 12.1ms postprocess per image at shape (1, 3, 640, 640)
Processing extra-3/data/train/2024-03-28-15-41-19_mp4-0009_jpg.rf.03a2597e9559ff404e09e8eeeb90d8ce.jpg...

image 1/1 /home/admin/Documents/FEUP-CV/proj/task2/../datasets/extra-3/data/train/2024-03-28-15-41-19_mp4-0009_jpg.rf.03a2597e9559ff404e09e8eeeb90d8ce.jpg: 640x640 1 pool_table, 5.2ms
Speed: 3.2ms preprocess, 5.2ms inference, 1.5ms postprocess per image at shape (1, 3, 640, 640)
Processing extra-3/data/train/2024-03-30-11-07-17_mp4-0009_jpg.rf.bfcd7c29e5990535a2915c3dc15228e0.jpg...

image 1/1 /home/admin/Documents/FEUP-CV/proj/task2/../datasets/extra-3/data/train/2024-03-30-11-07-17_mp4-0009_jpg.rf.bfcd7c29e5990535a2915c3dc15228e0.jpg: 640x640 1 pool_table, 7.5ms
Speed: 2.1ms preprocess, 7.5ms inference, 12.1ms postprocess per image at shape (1, 3, 640, 640)
Processing extra-3/data/train/IMG_20240319_121203_jpg.rf.b151058c1a6bea02ea3cb38229f32fb6.jpg...

image 1/1 /home/admin/Documents/FEUP-CV/proj/task2/../datasets/extra-3/data/train/IMG_20240319_121203_jpg.rf.b151058c1a6bea02ea3cb38229f32fb6.jpg: 640x640 1 pool_table, 5.3ms
Speed: 3.1ms preprocess, 5.3ms inference, 1.5ms postprocess per image at shape (1, 3, 640, 640)
Processing extra-3/data/train/2024-03-30-11-07-17_mp4-0039_jpg.rf.62b3025ef80682398a80767e83fd23e7.jpg...

image 1/1 /home/admin/Documents/FEUP-CV/proj/task2/../datasets/extra-3/data/train/2024-03-30-11-07-17_mp4-0039_jpg.rf.62b3025ef80682398a80767e83fd23e7.jpg: 640x640 1 pool_table, 7.6ms
Speed: 2.0ms preprocess, 7.6ms inference, 12.1ms postprocess per image at shape (1, 3, 640, 640)
Processing extra-3/data/train/2024-03-28-15-41-19_mp4-0009_jpg.rf.e430e83f084c5be30f71c40338d4cd9d.jpg...

image 1/1 /home/admin/Documents/FEUP-CV/proj/task2/../datasets/extra-3/data/train/2024-03-28-15-41-19_mp4-0009_jpg.rf.e430e83f084c5be30f71c40338d4cd9d.jpg: 640x640 1 pool_table, 7.4ms
Speed: 1.4ms preprocess, 7.4ms inference, 1.5ms postprocess per image at shape (1, 3, 640, 640)
Processing extra-3/data/train/20240328_171431_jpg.rf.3e7b85e1e65b254366be3645845f6e3a.jpg...

image 1/1 /home/admin/Documents/FEUP-CV/proj/task2/../datasets/extra-3/data/train/20240328_171431_jpg.rf.3e7b85e1e65b254366be3645845f6e3a.jpg: 640x640 1 pool_table, 7.5ms
Speed: 2.4ms preprocess, 7.5ms inference, 12.2ms postprocess per image at shape (1, 3, 640, 640)
Processing extra-3/data/train/2024-03-30-11-15-02_mp4-0012_jpg.rf.66439a4e856f022058df14e918eb3c2e.jpg...

image 1/1 /home/admin/Documents/FEUP-CV/proj/task2/../datasets/extra-3/data/train/2024-03-30-11-15-02_mp4-0012_jpg.rf.66439a4e856f022058df14e918eb3c2e.jpg: 640x640 1 pool_table, 5.1ms
Speed: 3.2ms preprocess, 5.1ms inference, 1.4ms postprocess per image at shape (1, 3, 640, 640)
Processing extra-3/data/train/IMG_20240319_122126_jpg.rf.64e34eb65b0d34b5a7d8149a63a7c010.jpg...

image 1/1 /home/admin/Documents/FEUP-CV/proj/task2/../datasets/extra-3/data/train/IMG_20240319_122126_jpg.rf.64e34eb65b0d34b5a7d8149a63a7c010.jpg: 640x640 1 pool_table, 7.3ms
Speed: 1.5ms preprocess, 7.3ms inference, 12.1ms postprocess per image at shape (1, 3, 640, 640)
Processing extra-3/data/train/2024-03-28-15-41-19_mp4-0021_jpg.rf.b11e6ae74c09fbed2a195b88bd3c3bad.jpg...

image 1/1 /home/admin/Documents/FEUP-CV/proj/task2/../datasets/extra-3/data/train/2024-03-28-15-41-19_mp4-0021_jpg.rf.b11e6ae74c09fbed2a195b88bd3c3bad.jpg: 640x640 1 pool_table, 4.5ms
Speed: 2.3ms preprocess, 4.5ms inference, 1.4ms postprocess per image at shape (1, 3, 640, 640)
Processing extra-3/data/train/2024-03-28-18-28-05_mp4-0022_jpg.rf.f5d37ee1796aa7cc872181be5bd18a2f.jpg...

image 1/1 /home/admin/Documents/FEUP-CV/proj/task2/../datasets/extra-3/data/train/2024-03-28-18-28-05_mp4-0022_jpg.rf.f5d37ee1796aa7cc872181be5bd18a2f.jpg: 640x640 1 pool_table, 7.3ms
Speed: 1.7ms preprocess, 7.3ms inference, 12.1ms postprocess per image at shape (1, 3, 640, 640)
Processing extra-3/data/train/2024-03-30-11-22-03_mp4-0009_jpg.rf.be819e4f96abbfca85fb956d53b12bf0.jpg...

image 1/1 /home/admin/Documents/FEUP-CV/proj/task2/../datasets/extra-3/data/train/2024-03-30-11-22-03_mp4-0009_jpg.rf.be819e4f96abbfca85fb956d53b12bf0.jpg: 640x640 1 pool_table, 5.5ms
Speed: 1.3ms preprocess, 5.5ms inference, 1.4ms postprocess per image at shape (1, 3, 640, 640)
Processing extra-3/data/train/2024-03-28-15-41-19_mp4-0093_jpg.rf.4f942fc80b27edf7648a64e58a6d3b60.jpg...

image 1/1 /home/admin/Documents/FEUP-CV/proj/task2/../datasets/extra-3/data/train/2024-03-28-15-41-19_mp4-0093_jpg.rf.4f942fc80b27edf7648a64e58a6d3b60.jpg: 640x640 1 pool_table, 7.3ms
Speed: 1.6ms preprocess, 7.3ms inference, 12.1ms postprocess per image at shape (1, 3, 640, 640)
Processing extra-3/data/train/2024-03-30-11-15-02_mp4-0057_jpg.rf.5974136c8171aa29bf7bcbe7f4bb14f2.jpg...

image 1/1 /home/admin/Documents/FEUP-CV/proj/task2/../datasets/extra-3/data/train/2024-03-30-11-15-02_mp4-0057_jpg.rf.5974136c8171aa29bf7bcbe7f4bb14f2.jpg: 640x640 1 pool_table, 4.4ms
Speed: 3.2ms preprocess, 4.4ms inference, 1.4ms postprocess per image at shape (1, 3, 640, 640)
Processing extra-3/data/train/IMG_20240319_120905_jpg.rf.f496ababbec3df0f99c5a7b89e18fd93.jpg...

image 1/1 /home/admin/Documents/FEUP-CV/proj/task2/../datasets/extra-3/data/train/IMG_20240319_120905_jpg.rf.f496ababbec3df0f99c5a7b89e18fd93.jpg: 640x640 1 pool_table, 7.3ms
Speed: 1.6ms preprocess, 7.3ms inference, 12.1ms postprocess per image at shape (1, 3, 640, 640)
Processing extra-3/data/train/2024-03-30-11-15-02_mp4-0017_jpg.rf.2e453d884fe5263e1ecf9eec2f6d85c2.jpg...

image 1/1 /home/admin/Documents/FEUP-CV/proj/task2/../datasets/extra-3/data/train/2024-03-30-11-15-02_mp4-0017_jpg.rf.2e453d884fe5263e1ecf9eec2f6d85c2.jpg: 640x640 1 pool_table, 4.2ms
Speed: 3.2ms preprocess, 4.2ms inference, 1.5ms postprocess per image at shape (1, 3, 640, 640)
Processing extra-3/data/train/2024-03-28-15-41-19_mp4-0022_jpg.rf.230deef74b380204e9a6e450d3011204.jpg...

image 1/1 /home/admin/Documents/FEUP-CV/proj/task2/../datasets/extra-3/data/train/2024-03-28-15-41-19_mp4-0022_jpg.rf.230deef74b380204e9a6e450d3011204.jpg: 640x640 1 pool_table, 7.6ms
Speed: 2.1ms preprocess, 7.6ms inference, 12.2ms postprocess per image at shape (1, 3, 640, 640)
Processing extra-3/data/train/2024-03-30-11-07-17_mp4-0046_jpg.rf.52779025cd96a07bade21c37e005d722.jpg...

image 1/1 /home/admin/Documents/FEUP-CV/proj/task2/../datasets/extra-3/data/train/2024-03-30-11-07-17_mp4-0046_jpg.rf.52779025cd96a07bade21c37e005d722.jpg: 640x640 1 pool_table, 7.6ms
Speed: 1.5ms preprocess, 7.6ms inference, 2.1ms postprocess per image at shape (1, 3, 640, 640)
Processing extra-3/data/train/2024-03-30-11-07-17_mp4-0047_jpg.rf.037eeaee3972429fc2ee26a30197aba6.jpg...

image 1/1 /home/admin/Documents/FEUP-CV/proj/task2/../datasets/extra-3/data/train/2024-03-30-11-07-17_mp4-0047_jpg.rf.037eeaee3972429fc2ee26a30197aba6.jpg: 640x640 1 pool_table, 7.6ms
Speed: 2.0ms preprocess, 7.6ms inference, 12.2ms postprocess per image at shape (1, 3, 640, 640)
Processing extra-3/data/train/2024-03-28-18-35-18_mp4-0003_jpg.rf.2109c519c13db354970e426dd9c42620.jpg...

image 1/1 /home/admin/Documents/FEUP-CV/proj/task2/../datasets/extra-3/data/train/2024-03-28-18-35-18_mp4-0003_jpg.rf.2109c519c13db354970e426dd9c42620.jpg: 640x640 1 pool_table, 7.5ms
Speed: 1.4ms preprocess, 7.5ms inference, 2.0ms postprocess per image at shape (1, 3, 640, 640)
Processing extra-3/data/train/IMG_20240319_121848_jpg.rf.fd322cd9a21c1a93fc840b0bea3e1ba4.jpg...

image 1/1 /home/admin/Documents/FEUP-CV/proj/task2/../datasets/extra-3/data/train/IMG_20240319_121848_jpg.rf.fd322cd9a21c1a93fc840b0bea3e1ba4.jpg: 640x640 2 pool_tables, 7.7ms
Speed: 2.0ms preprocess, 7.7ms inference, 12.2ms postprocess per image at shape (1, 3, 640, 640)
Processing extra-3/data/train/IMG_20240319_121811_jpg.rf.955ad8b3af32ab684e8f54c9f6af3aa9.jpg...

image 1/1 /home/admin/Documents/FEUP-CV/proj/task2/../datasets/extra-3/data/train/IMG_20240319_121811_jpg.rf.955ad8b3af32ab684e8f54c9f6af3aa9.jpg: 640x640 1 pool_table, 6.0ms
Speed: 3.0ms preprocess, 6.0ms inference, 1.5ms postprocess per image at shape (1, 3, 640, 640)
Processing extra-3/data/train/2024-03-30-11-15-02_mp4-0054_jpg.rf.51f8eae7518d1a9b7e869aeb4bbd3d95.jpg...

image 1/1 /home/admin/Documents/FEUP-CV/proj/task2/../datasets/extra-3/data/train/2024-03-30-11-15-02_mp4-0054_jpg.rf.51f8eae7518d1a9b7e869aeb4bbd3d95.jpg: 640x640 1 pool_table, 7.7ms
Speed: 1.8ms preprocess, 7.7ms inference, 12.1ms postprocess per image at shape (1, 3, 640, 640)
Processing extra-3/data/train/2024-03-28-18-35-18_mp4-0010_jpg.rf.8fd3e41cab303e8ad03780ecb2bfb69b.jpg...

image 1/1 /home/admin/Documents/FEUP-CV/proj/task2/../datasets/extra-3/data/train/2024-03-28-18-35-18_mp4-0010_jpg.rf.8fd3e41cab303e8ad03780ecb2bfb69b.jpg: 640x640 1 pool_table, 4.2ms
Speed: 3.2ms preprocess, 4.2ms inference, 1.3ms postprocess per image at shape (1, 3, 640, 640)
Processing extra-3/data/train/2024-03-30-11-07-17_mp4-0046_jpg.rf.f3fbaa92e3ae32a269871e6b0ec3f088.jpg...

image 1/1 /home/admin/Documents/FEUP-CV/proj/task2/../datasets/extra-3/data/train/2024-03-30-11-07-17_mp4-0046_jpg.rf.f3fbaa92e3ae32a269871e6b0ec3f088.jpg: 640x640 1 pool_table, 7.2ms
Speed: 1.9ms preprocess, 7.2ms inference, 11.9ms postprocess per image at shape (1, 3, 640, 640)
Processing extra-3/data/train/2024-03-28-15-41-19_mp4-0037_jpg.rf.e392093d95eb5fce935367dda46fc925.jpg...

image 1/1 /home/admin/Documents/FEUP-CV/proj/task2/../datasets/extra-3/data/train/2024-03-28-15-41-19_mp4-0037_jpg.rf.e392093d95eb5fce935367dda46fc925.jpg: 640x640 1 pool_table, 4.5ms
Speed: 1.4ms preprocess, 4.5ms inference, 1.3ms postprocess per image at shape (1, 3, 640, 640)
Processing extra-3/data/train/2024-03-28-15-41-19_mp4-0022_jpg.rf.36739071faddbe416a2262ffedd9afad.jpg...

image 1/1 /home/admin/Documents/FEUP-CV/proj/task2/../datasets/extra-3/data/train/2024-03-28-15-41-19_mp4-0022_jpg.rf.36739071faddbe416a2262ffedd9afad.jpg: 640x640 1 pool_table, 7.2ms
Speed: 2.0ms preprocess, 7.2ms inference, 12.0ms postprocess per image at shape (1, 3, 640, 640)
Processing extra-3/data/train/2024-03-28-15-41-19_mp4-0069_jpg.rf.b7ecea7c0c18bbdaa1d71aaeb30e5ed4.jpg...

image 1/1 /home/admin/Documents/FEUP-CV/proj/task2/../datasets/extra-3/data/train/2024-03-28-15-41-19_mp4-0069_jpg.rf.b7ecea7c0c18bbdaa1d71aaeb30e5ed4.jpg: 640x640 1 pool_table, 4.6ms
Speed: 1.5ms preprocess, 4.6ms inference, 1.3ms postprocess per image at shape (1, 3, 640, 640)
Processing extra-3/data/train/2024-03-28-18-35-18_mp4-0031_jpg.rf.7622669f0df881ac070225cd66f3fd43.jpg...

image 1/1 /home/admin/Documents/FEUP-CV/proj/task2/../datasets/extra-3/data/train/2024-03-28-18-35-18_mp4-0031_jpg.rf.7622669f0df881ac070225cd66f3fd43.jpg: 640x640 1 pool_table, 7.2ms
Speed: 2.2ms preprocess, 7.2ms inference, 12.0ms postprocess per image at shape (1, 3, 640, 640)
Processing extra-3/data/train/IMG_20240319_121139_jpg.rf.d97fce740a9eb11a0cfc039bd2d7fbb1.jpg...

image 1/1 /home/admin/Documents/FEUP-CV/proj/task2/../datasets/extra-3/data/train/IMG_20240319_121139_jpg.rf.d97fce740a9eb11a0cfc039bd2d7fbb1.jpg: 640x640 1 pool_table, 4.5ms
Speed: 2.6ms preprocess, 4.5ms inference, 1.4ms postprocess per image at shape (1, 3, 640, 640)
Processing extra-3/data/train/IMG_20240319_121811_jpg.rf.886ff66ca114915f5af5e435d95d99b5.jpg...

image 1/1 /home/admin/Documents/FEUP-CV/proj/task2/../datasets/extra-3/data/train/IMG_20240319_121811_jpg.rf.886ff66ca114915f5af5e435d95d99b5.jpg: 640x640 1 pool_table, 7.2ms
Speed: 3.1ms preprocess, 7.2ms inference, 12.0ms postprocess per image at shape (1, 3, 640, 640)
Processing extra-3/data/train/2024-03-28-15-41-19_mp4-0070_jpg.rf.37b7cca328142b5255f49a45b13ea3e7.jpg...

image 1/1 /home/admin/Documents/FEUP-CV/proj/task2/../datasets/extra-3/data/train/2024-03-28-15-41-19_mp4-0070_jpg.rf.37b7cca328142b5255f49a45b13ea3e7.jpg: 640x640 1 pool_table, 4.5ms
Speed: 1.2ms preprocess, 4.5ms inference, 9.9ms postprocess per image at shape (1, 3, 640, 640)
Processing extra-3/data/train/2024-03-28-15-41-19_mp4-0080_jpg.rf.fe5597715dc0a77d75b8c7cc10cb5911.jpg...

image 1/1 /home/admin/Documents/FEUP-CV/proj/task2/../datasets/extra-3/data/train/2024-03-28-15-41-19_mp4-0080_jpg.rf.fe5597715dc0a77d75b8c7cc10cb5911.jpg: 640x640 1 pool_table, 7.4ms
Speed: 1.6ms preprocess, 7.4ms inference, 12.0ms postprocess per image at shape (1, 3, 640, 640)
Processing extra-3/data/train/20240328_171434_jpg.rf.b925070aa9056532b937ec43abcda1ce.jpg...

image 1/1 /home/admin/Documents/FEUP-CV/proj/task2/../datasets/extra-3/data/train/20240328_171434_jpg.rf.b925070aa9056532b937ec43abcda1ce.jpg: 640x640 1 pool_table, 7.4ms
Speed: 2.0ms preprocess, 7.4ms inference, 12.1ms postprocess per image at shape (1, 3, 640, 640)
Processing extra-3/data/train/2024-03-28-18-28-05_mp4-0023_jpg.rf.144613f591a1386250ff0d3d138f9166.jpg...

image 1/1 /home/admin/Documents/FEUP-CV/proj/task2/../datasets/extra-3/data/train/2024-03-28-18-28-05_mp4-0023_jpg.rf.144613f591a1386250ff0d3d138f9166.jpg: 640x640 1 pool_table, 4.6ms
Speed: 2.7ms preprocess, 4.6ms inference, 1.4ms postprocess per image at shape (1, 3, 640, 640)
Processing extra-3/data/train/IMG_20240319_121500_jpg.rf.fd76f248b38cafcc0073fdb2f5b1d8ee.jpg...

image 1/1 /home/admin/Documents/FEUP-CV/proj/task2/../datasets/extra-3/data/train/IMG_20240319_121500_jpg.rf.fd76f248b38cafcc0073fdb2f5b1d8ee.jpg: 640x640 1 pool_table, 7.4ms
Speed: 1.6ms preprocess, 7.4ms inference, 12.1ms postprocess per image at shape (1, 3, 640, 640)
Processing extra-3/data/train/2024-03-30-11-15-02_mp4-0033_jpg.rf.45e8119c9c6a32e062ad6213cebe9c75.jpg...

image 1/1 /home/admin/Documents/FEUP-CV/proj/task2/../datasets/extra-3/data/train/2024-03-30-11-15-02_mp4-0033_jpg.rf.45e8119c9c6a32e062ad6213cebe9c75.jpg: 640x640 1 pool_table, 4.4ms
Speed: 3.0ms preprocess, 4.4ms inference, 1.4ms postprocess per image at shape (1, 3, 640, 640)
Processing extra-3/data/train/20240328_171206_jpg.rf.9024fad2901527c30778d1ae2fe870bc.jpg...

image 1/1 /home/admin/Documents/FEUP-CV/proj/task2/../datasets/extra-3/data/train/20240328_171206_jpg.rf.9024fad2901527c30778d1ae2fe870bc.jpg: 640x640 1 pool_table, 7.3ms
Speed: 1.9ms preprocess, 7.3ms inference, 12.1ms postprocess per image at shape (1, 3, 640, 640)
Processing extra-3/data/train/2024-03-28-18-35-18_mp4-0020_jpg.rf.a14f7bc55a9fd22f3582bb5e719b3343.jpg...

image 1/1 /home/admin/Documents/FEUP-CV/proj/task2/../datasets/extra-3/data/train/2024-03-28-18-35-18_mp4-0020_jpg.rf.a14f7bc55a9fd22f3582bb5e719b3343.jpg: 640x640 1 pool_table, 4.1ms
Speed: 2.3ms preprocess, 4.1ms inference, 1.5ms postprocess per image at shape (1, 3, 640, 640)
Processing extra-3/data/train/2024-03-28-15-41-19_mp4-0015_jpg.rf.d929d0815fad75a123e6a3197dd45a2b.jpg...

image 1/1 /home/admin/Documents/FEUP-CV/proj/task2/../datasets/extra-3/data/train/2024-03-28-15-41-19_mp4-0015_jpg.rf.d929d0815fad75a123e6a3197dd45a2b.jpg: 640x640 1 pool_table, 7.6ms
Speed: 1.9ms preprocess, 7.6ms inference, 12.2ms postprocess per image at shape (1, 3, 640, 640)
Processing extra-3/data/train/2024-03-28-15-41-19_mp4-0077_jpg.rf.dfbb0b5238f5f2854b958cbfecd5c9a7.jpg...

image 1/1 /home/admin/Documents/FEUP-CV/proj/task2/../datasets/extra-3/data/train/2024-03-28-15-41-19_mp4-0077_jpg.rf.dfbb0b5238f5f2854b958cbfecd5c9a7.jpg: 640x640 1 pool_table, 7.6ms
Speed: 1.2ms preprocess, 7.6ms inference, 2.0ms postprocess per image at shape (1, 3, 640, 640)
Processing extra-3/data/train/2024-03-28-18-35-18_mp4-0018_jpg.rf.a5463a766cab9575d953a7d7fea59b92.jpg...

image 1/1 /home/admin/Documents/FEUP-CV/proj/task2/../datasets/extra-3/data/train/2024-03-28-18-35-18_mp4-0018_jpg.rf.a5463a766cab9575d953a7d7fea59b92.jpg: 640x640 1 pool_table, 7.7ms
Speed: 2.3ms preprocess, 7.7ms inference, 12.2ms postprocess per image at shape (1, 3, 640, 640)
Processing extra-3/data/train/IMG_20240319_122152_jpg.rf.520c8222fa65d462b33835eebf7533b3.jpg...

image 1/1 /home/admin/Documents/FEUP-CV/proj/task2/../datasets/extra-3/data/train/IMG_20240319_122152_jpg.rf.520c8222fa65d462b33835eebf7533b3.jpg: 640x640 1 pool_table, 7.6ms
Speed: 1.2ms preprocess, 7.6ms inference, 1.8ms postprocess per image at shape (1, 3, 640, 640)
Processing extra-3/data/train/2024-03-30-11-15-02_mp4-0017_jpg.rf.f33c9b7a1ac0a64039f776026b00e2ca.jpg...

image 1/1 /home/admin/Documents/FEUP-CV/proj/task2/../datasets/extra-3/data/train/2024-03-30-11-15-02_mp4-0017_jpg.rf.f33c9b7a1ac0a64039f776026b00e2ca.jpg: 640x640 1 pool_table, 7.5ms
Speed: 1.3ms preprocess, 7.5ms inference, 12.2ms postprocess per image at shape (1, 3, 640, 640)
Processing extra-3/data/train/IMG_20240319_121505_jpg.rf.004329963ed7a002dacab2eeea6f3137.jpg...

image 1/1 /home/admin/Documents/FEUP-CV/proj/task2/../datasets/extra-3/data/train/IMG_20240319_121505_jpg.rf.004329963ed7a002dacab2eeea6f3137.jpg: 640x640 1 pool_table, 5.9ms
Speed: 3.3ms preprocess, 5.9ms inference, 1.5ms postprocess per image at shape (1, 3, 640, 640)
Processing extra-3/data/train/IMG_20240319_121821_jpg.rf.90e6962be4a402b7046aba4c71590342.jpg...

image 1/1 /home/admin/Documents/FEUP-CV/proj/task2/../datasets/extra-3/data/train/IMG_20240319_121821_jpg.rf.90e6962be4a402b7046aba4c71590342.jpg: 640x640 1 pool_table, 7.6ms
Speed: 1.4ms preprocess, 7.6ms inference, 12.2ms postprocess per image at shape (1, 3, 640, 640)
Processing extra-3/data/train/2024-03-30-11-07-17_mp4-0010_jpg.rf.517ee17e6e95062744a8daa671c44a3f.jpg...

image 1/1 /home/admin/Documents/FEUP-CV/proj/task2/../datasets/extra-3/data/train/2024-03-30-11-07-17_mp4-0010_jpg.rf.517ee17e6e95062744a8daa671c44a3f.jpg: 640x640 1 pool_table, 5.1ms
Speed: 3.1ms preprocess, 5.1ms inference, 1.4ms postprocess per image at shape (1, 3, 640, 640)
Processing extra-3/data/train/IMG_20240319_120722_jpg.rf.511e0ca9aff33a5326787af9aa20cd50.jpg...

image 1/1 /home/admin/Documents/FEUP-CV/proj/task2/../datasets/extra-3/data/train/IMG_20240319_120722_jpg.rf.511e0ca9aff33a5326787af9aa20cd50.jpg: 640x640 1 pool_table, 7.4ms
Speed: 1.7ms preprocess, 7.4ms inference, 12.1ms postprocess per image at shape (1, 3, 640, 640)
Processing extra-3/data/train/2024-03-28-15-41-19_mp4-0020_jpg.rf.a7108ae0e3ec879e0497a4c4fc01189f.jpg...

image 1/1 /home/admin/Documents/FEUP-CV/proj/task2/../datasets/extra-3/data/train/2024-03-28-15-41-19_mp4-0020_jpg.rf.a7108ae0e3ec879e0497a4c4fc01189f.jpg: 640x640 1 pool_table, 6.1ms
Speed: 1.4ms preprocess, 6.1ms inference, 1.4ms postprocess per image at shape (1, 3, 640, 640)
Processing extra-3/data/train/2024-03-28-18-28-05_mp4-0029_jpg.rf.9d49581e2c5f8d86403c12333403f3c2.jpg...

image 1/1 /home/admin/Documents/FEUP-CV/proj/task2/../datasets/extra-3/data/train/2024-03-28-18-28-05_mp4-0029_jpg.rf.9d49581e2c5f8d86403c12333403f3c2.jpg: 640x640 1 pool_table, 7.3ms
Speed: 2.0ms preprocess, 7.3ms inference, 12.1ms postprocess per image at shape (1, 3, 640, 640)
Processing extra-3/data/train/2024-03-28-15-41-19_mp4-0011_jpg.rf.f3a12177ae7575e5a550cb8f6c25e699.jpg...

image 1/1 /home/admin/Documents/FEUP-CV/proj/task2/../datasets/extra-3/data/train/2024-03-28-15-41-19_mp4-0011_jpg.rf.f3a12177ae7575e5a550cb8f6c25e699.jpg: 640x640 1 pool_table, 4.2ms
Speed: 3.3ms preprocess, 4.2ms inference, 1.4ms postprocess per image at shape (1, 3, 640, 640)
Processing extra-3/data/train/2024-03-28-18-28-05_mp4-0039_jpg.rf.4fc189e43119554a9fba2db8b06271fc.jpg...

image 1/1 /home/admin/Documents/FEUP-CV/proj/task2/../datasets/extra-3/data/train/2024-03-28-18-28-05_mp4-0039_jpg.rf.4fc189e43119554a9fba2db8b06271fc.jpg: 640x640 1 pool_table, 7.4ms
Speed: 2.3ms preprocess, 7.4ms inference, 12.0ms postprocess per image at shape (1, 3, 640, 640)
Processing extra-3/data/train/IMG_20240319_120600_jpg.rf.15fc5bbd776fa918315052da56329726.jpg...

image 1/1 /home/admin/Documents/FEUP-CV/proj/task2/../datasets/extra-3/data/train/IMG_20240319_120600_jpg.rf.15fc5bbd776fa918315052da56329726.jpg: 640x640 1 pool_table, 6.3ms
Speed: 1.4ms preprocess, 6.3ms inference, 1.4ms postprocess per image at shape (1, 3, 640, 640)
Processing extra-3/data/train/2024-03-28-15-41-19_mp4-0000_jpg.rf.2ebf70cc9bec85a3ac9b949f6000e63a.jpg...

image 1/1 /home/admin/Documents/FEUP-CV/proj/task2/../datasets/extra-3/data/train/2024-03-28-15-41-19_mp4-0000_jpg.rf.2ebf70cc9bec85a3ac9b949f6000e63a.jpg: 640x640 1 pool_table, 7.4ms
Speed: 2.1ms preprocess, 7.4ms inference, 12.1ms postprocess per image at shape (1, 3, 640, 640)
Processing extra-3/data/train/2024-03-28-18-28-05_mp4-0021_jpg.rf.2ea40e01333985ab3a47e3181ea04388.jpg...

image 1/1 /home/admin/Documents/FEUP-CV/proj/task2/../datasets/extra-3/data/train/2024-03-28-18-28-05_mp4-0021_jpg.rf.2ea40e01333985ab3a47e3181ea04388.jpg: 640x640 1 pool_table, 6.9ms
Speed: 1.6ms preprocess, 6.9ms inference, 1.5ms postprocess per image at shape (1, 3, 640, 640)
Processing extra-3/data/train/20240328_171450_jpg.rf.b538e89c833e3dc81e055be52893e8c7.jpg...

image 1/1 /home/admin/Documents/FEUP-CV/proj/task2/../datasets/extra-3/data/train/20240328_171450_jpg.rf.b538e89c833e3dc81e055be52893e8c7.jpg: 640x640 1 pool_table, 7.5ms
Speed: 1.9ms preprocess, 7.5ms inference, 12.1ms postprocess per image at shape (1, 3, 640, 640)
Processing extra-3/data/train/2024-03-28-15-41-19_mp4-0053_jpg.rf.80fdb0cfb6ea079e344139a12e6235b6.jpg...

image 1/1 /home/admin/Documents/FEUP-CV/proj/task2/../datasets/extra-3/data/train/2024-03-28-15-41-19_mp4-0053_jpg.rf.80fdb0cfb6ea079e344139a12e6235b6.jpg: 640x640 1 pool_table, 5.4ms
Speed: 3.2ms preprocess, 5.4ms inference, 1.5ms postprocess per image at shape (1, 3, 640, 640)
Processing extra-3/data/train/IMG_20240319_120652_jpg.rf.06c57db085ca14936c1d9d1df103dfcc.jpg...

image 1/1 /home/admin/Documents/FEUP-CV/proj/task2/../datasets/extra-3/data/train/IMG_20240319_120652_jpg.rf.06c57db085ca14936c1d9d1df103dfcc.jpg: 640x640 1 pool_table, 7.5ms
Speed: 1.9ms preprocess, 7.5ms inference, 12.2ms postprocess per image at shape (1, 3, 640, 640)
Processing extra-3/data/train/2024-03-28-18-35-18_mp4-0029_jpg.rf.44e6e39449d2ef7559f5c75c8443ee3a.jpg...

image 1/1 /home/admin/Documents/FEUP-CV/proj/task2/../datasets/extra-3/data/train/2024-03-28-18-35-18_mp4-0029_jpg.rf.44e6e39449d2ef7559f5c75c8443ee3a.jpg: 640x640 1 pool_table, 7.6ms
Speed: 1.3ms preprocess, 7.6ms inference, 1.6ms postprocess per image at shape (1, 3, 640, 640)
Processing extra-3/data/train/IMG_20240319_121159_jpg.rf.9a02d6f197fcf28d720466813ff6e247.jpg...

image 1/1 /home/admin/Documents/FEUP-CV/proj/task2/../datasets/extra-3/data/train/IMG_20240319_121159_jpg.rf.9a02d6f197fcf28d720466813ff6e247.jpg: 640x640 1 pool_table, 7.6ms
Speed: 1.9ms preprocess, 7.6ms inference, 12.2ms postprocess per image at shape (1, 3, 640, 640)
Processing extra-3/data/train/2024-03-28-15-41-19_mp4-0039_jpg.rf.ae6b5b5c2cc430ae05249b28e5788a13.jpg...

image 1/1 /home/admin/Documents/FEUP-CV/proj/task2/../datasets/extra-3/data/train/2024-03-28-15-41-19_mp4-0039_jpg.rf.ae6b5b5c2cc430ae05249b28e5788a13.jpg: 640x640 1 pool_table, 5.5ms
Speed: 3.1ms preprocess, 5.5ms inference, 1.5ms postprocess per image at shape (1, 3, 640, 640)
Processing extra-3/data/train/IMG_20240319_121734_jpg.rf.7d3eb519a2e279833260c4f07e53bce8.jpg...

image 1/1 /home/admin/Documents/FEUP-CV/proj/task2/../datasets/extra-3/data/train/IMG_20240319_121734_jpg.rf.7d3eb519a2e279833260c4f07e53bce8.jpg: 640x640 1 pool_table, 7.6ms
Speed: 2.3ms preprocess, 7.6ms inference, 12.0ms postprocess per image at shape (1, 3, 640, 640)
Processing extra-3/data/train/2024-03-30-11-07-17_mp4-0054_jpg.rf.f1ed4dfefd738677b10505d94bd9aa7c.jpg...

image 1/1 /home/admin/Documents/FEUP-CV/proj/task2/../datasets/extra-3/data/train/2024-03-30-11-07-17_mp4-0054_jpg.rf.f1ed4dfefd738677b10505d94bd9aa7c.jpg: 640x640 1 pool_table, 4.4ms
Speed: 2.9ms preprocess, 4.4ms inference, 1.4ms postprocess per image at shape (1, 3, 640, 640)
Processing extra-3/data/train/2024-03-28-18-28-05_mp4-0019_jpg.rf.78a641ff3dfb37f28931116ee015063b.jpg...

image 1/1 /home/admin/Documents/FEUP-CV/proj/task2/../datasets/extra-3/data/train/2024-03-28-18-28-05_mp4-0019_jpg.rf.78a641ff3dfb37f28931116ee015063b.jpg: 640x640 1 pool_table, 7.4ms
Speed: 1.9ms preprocess, 7.4ms inference, 12.0ms postprocess per image at shape (1, 3, 640, 640)
Processing extra-3/data/train/IMG_20240319_121811_jpg.rf.fe46b9e7f044f18d8099736d886a532a.jpg...

image 1/1 /home/admin/Documents/FEUP-CV/proj/task2/../datasets/extra-3/data/train/IMG_20240319_121811_jpg.rf.fe46b9e7f044f18d8099736d886a532a.jpg: 640x640 1 pool_table, 5.6ms
Speed: 1.3ms preprocess, 5.6ms inference, 1.4ms postprocess per image at shape (1, 3, 640, 640)
Processing extra-3/data/train/2024-03-28-15-41-19_mp4-0052_jpg.rf.16e5a0fc98eb2f5e044a33a6507264a9.jpg...

image 1/1 /home/admin/Documents/FEUP-CV/proj/task2/../datasets/extra-3/data/train/2024-03-28-15-41-19_mp4-0052_jpg.rf.16e5a0fc98eb2f5e044a33a6507264a9.jpg: 640x640 1 pool_table, 7.3ms
Speed: 1.6ms preprocess, 7.3ms inference, 12.0ms postprocess per image at shape (1, 3, 640, 640)
Processing extra-3/data/train/2024-03-28-18-28-05_mp4-0047_jpg.rf.fd36b4b69e8432ee61785fc471ac83fd.jpg...

image 1/1 /home/admin/Documents/FEUP-CV/proj/task2/../datasets/extra-3/data/train/2024-03-28-18-28-05_mp4-0047_jpg.rf.fd36b4b69e8432ee61785fc471ac83fd.jpg: 640x640 1 pool_table, 4.6ms
Speed: 3.2ms preprocess, 4.6ms inference, 1.4ms postprocess per image at shape (1, 3, 640, 640)
Processing extra-3/data/train/2024-03-30-11-07-17_mp4-0027_jpg.rf.bbe2572d3d6094a685b9c69fa7d36d52.jpg...

image 1/1 /home/admin/Documents/FEUP-CV/proj/task2/../datasets/extra-3/data/train/2024-03-30-11-07-17_mp4-0027_jpg.rf.bbe2572d3d6094a685b9c69fa7d36d52.jpg: 640x640 1 pool_table, 7.3ms
Speed: 1.6ms preprocess, 7.3ms inference, 12.0ms postprocess per image at shape (1, 3, 640, 640)
Processing extra-3/data/train/2024-03-28-18-35-18_mp4-0030_jpg.rf.e227dc933d29d52601eb10925ec4406b.jpg...

image 1/1 /home/admin/Documents/FEUP-CV/proj/task2/../datasets/extra-3/data/train/2024-03-28-18-35-18_mp4-0030_jpg.rf.e227dc933d29d52601eb10925ec4406b.jpg: 640x640 1 pool_table, 4.6ms
Speed: 3.0ms preprocess, 4.6ms inference, 1.4ms postprocess per image at shape (1, 3, 640, 640)
Processing extra-3/data/train/2024-03-30-11-15-02_mp4-0022_jpg.rf.ebda576b587bf632747daf1f2d0d1237.jpg...

image 1/1 /home/admin/Documents/FEUP-CV/proj/task2/../datasets/extra-3/data/train/2024-03-30-11-15-02_mp4-0022_jpg.rf.ebda576b587bf632747daf1f2d0d1237.jpg: 640x640 1 pool_table, 7.4ms
Speed: 1.7ms preprocess, 7.4ms inference, 12.1ms postprocess per image at shape (1, 3, 640, 640)
Processing extra-3/data/train/2024-03-30-11-07-17_mp4-0027_jpg.rf.8a91a141c693f52fb998c251f8f6ef2b.jpg...

image 1/1 /home/admin/Documents/FEUP-CV/proj/task2/../datasets/extra-3/data/train/2024-03-30-11-07-17_mp4-0027_jpg.rf.8a91a141c693f52fb998c251f8f6ef2b.jpg: 640x640 1 pool_table, 6.9ms
Speed: 1.5ms preprocess, 6.9ms inference, 1.5ms postprocess per image at shape (1, 3, 640, 640)
Processing extra-3/data/train/2024-03-28-15-41-19_mp4-0000_jpg.rf.22a95a2747838f22f294133635417f8b.jpg...

image 1/1 /home/admin/Documents/FEUP-CV/proj/task2/../datasets/extra-3/data/train/2024-03-28-15-41-19_mp4-0000_jpg.rf.22a95a2747838f22f294133635417f8b.jpg: 640x640 1 pool_table, 7.6ms
Speed: 2.4ms preprocess, 7.6ms inference, 12.1ms postprocess per image at shape (1, 3, 640, 640)
Processing extra-3/data/train/2024-03-28-18-28-05_mp4-0042_jpg.rf.ea1ccca20a61535667980f5e3c52cf12.jpg...

image 1/1 /home/admin/Documents/FEUP-CV/proj/task2/../datasets/extra-3/data/train/2024-03-28-18-28-05_mp4-0042_jpg.rf.ea1ccca20a61535667980f5e3c52cf12.jpg: 640x640 1 pool_table, 7.4ms
Speed: 1.3ms preprocess, 7.4ms inference, 1.5ms postprocess per image at shape (1, 3, 640, 640)
Processing extra-3/data/train/2024-03-30-11-07-17_mp4-0047_jpg.rf.a13bf0811c298d5020b54d71d15557ce.jpg...

image 1/1 /home/admin/Documents/FEUP-CV/proj/task2/../datasets/extra-3/data/train/2024-03-30-11-07-17_mp4-0047_jpg.rf.a13bf0811c298d5020b54d71d15557ce.jpg: 640x640 1 pool_table, 7.5ms
Speed: 2.2ms preprocess, 7.5ms inference, 12.1ms postprocess per image at shape (1, 3, 640, 640)
Processing extra-3/data/train/2024-03-30-11-22-03_mp4-0013_jpg.rf.6f5fbbf04590ff2cd9a8a45bd6fed7bd.jpg...

image 1/1 /home/admin/Documents/FEUP-CV/proj/task2/../datasets/extra-3/data/train/2024-03-30-11-22-03_mp4-0013_jpg.rf.6f5fbbf04590ff2cd9a8a45bd6fed7bd.jpg: 640x640 1 pool_table, 5.1ms
Speed: 3.2ms preprocess, 5.1ms inference, 1.5ms postprocess per image at shape (1, 3, 640, 640)
Processing extra-3/data/train/IMG_20240319_120855_jpg.rf.2f202c4dd21cd1d7d56084aecef7fb06.jpg...

image 1/1 /home/admin/Documents/FEUP-CV/proj/task2/../datasets/extra-3/data/train/IMG_20240319_120855_jpg.rf.2f202c4dd21cd1d7d56084aecef7fb06.jpg: 640x640 1 pool_table, 7.6ms
Speed: 1.5ms preprocess, 7.6ms inference, 12.1ms postprocess per image at shape (1, 3, 640, 640)
Processing extra-3/data/train/2024-03-28-18-28-05_mp4-0040_jpg.rf.8976d33d753563efb7a084cafc9a36de.jpg...

image 1/1 /home/admin/Documents/FEUP-CV/proj/task2/../datasets/extra-3/data/train/2024-03-28-18-28-05_mp4-0040_jpg.rf.8976d33d753563efb7a084cafc9a36de.jpg: 640x640 1 pool_table, 7.6ms
Speed: 1.4ms preprocess, 7.6ms inference, 1.5ms postprocess per image at shape (1, 3, 640, 640)
Processing extra-3/data/train/2024-03-30-11-15-02_mp4-0012_jpg.rf.ce93cdc5129a2f228ca78241f990eb39.jpg...

image 1/1 /home/admin/Documents/FEUP-CV/proj/task2/../datasets/extra-3/data/train/2024-03-30-11-15-02_mp4-0012_jpg.rf.ce93cdc5129a2f228ca78241f990eb39.jpg: 640x640 1 pool_table, 7.3ms
Speed: 2.0ms preprocess, 7.3ms inference, 12.1ms postprocess per image at shape (1, 3, 640, 640)
Processing extra-3/data/train/2024-03-30-11-15-02_mp4-0060_jpg.rf.d0a39f257ec072010e9a4433c2c40701.jpg...

image 1/1 /home/admin/Documents/FEUP-CV/proj/task2/../datasets/extra-3/data/train/2024-03-30-11-15-02_mp4-0060_jpg.rf.d0a39f257ec072010e9a4433c2c40701.jpg: 640x640 1 pool_table, 6.0ms
Speed: 1.4ms preprocess, 6.0ms inference, 1.4ms postprocess per image at shape (1, 3, 640, 640)
Processing extra-3/data/train/2024-03-30-11-22-03_mp4-0018_jpg.rf.57c635ffc446efee7a01212ce888f499.jpg...

image 1/1 /home/admin/Documents/FEUP-CV/proj/task2/../datasets/extra-3/data/train/2024-03-30-11-22-03_mp4-0018_jpg.rf.57c635ffc446efee7a01212ce888f499.jpg: 640x640 1 pool_table, 7.4ms
Speed: 2.1ms preprocess, 7.4ms inference, 12.1ms postprocess per image at shape (1, 3, 640, 640)
Processing extra-3/data/train/2024-03-30-11-15-02_mp4-0068_jpg.rf.e3f0a37721522c54f427c7ba87ef625e.jpg...

image 1/1 /home/admin/Documents/FEUP-CV/proj/task2/../datasets/extra-3/data/train/2024-03-30-11-15-02_mp4-0068_jpg.rf.e3f0a37721522c54f427c7ba87ef625e.jpg: 640x640 1 pool_table, 4.1ms
Speed: 3.1ms preprocess, 4.1ms inference, 1.4ms postprocess per image at shape (1, 3, 640, 640)
Processing extra-3/data/train/2024-03-30-11-07-17_mp4-0015_jpg.rf.9a895a814619afb9eb4a4dda0500a631.jpg...

image 1/1 /home/admin/Documents/FEUP-CV/proj/task2/../datasets/extra-3/data/train/2024-03-30-11-07-17_mp4-0015_jpg.rf.9a895a814619afb9eb4a4dda0500a631.jpg: 640x640 1 pool_table, 7.4ms
Speed: 1.7ms preprocess, 7.4ms inference, 12.1ms postprocess per image at shape (1, 3, 640, 640)
Processing extra-3/data/train/2024-03-30-11-15-02_mp4-0018_jpg.rf.eb1a1a3ea0b7d2793d760c3949fcd0bf.jpg...

image 1/1 /home/admin/Documents/FEUP-CV/proj/task2/../datasets/extra-3/data/train/2024-03-30-11-15-02_mp4-0018_jpg.rf.eb1a1a3ea0b7d2793d760c3949fcd0bf.jpg: 640x640 1 pool_table, 4.5ms
Speed: 3.1ms preprocess, 4.5ms inference, 1.4ms postprocess per image at shape (1, 3, 640, 640)
Processing extra-3/data/train/2024-03-30-11-15-02_mp4-0031_jpg.rf.f4c5a52bc27260fa317e573ef5d023df.jpg...

image 1/1 /home/admin/Documents/FEUP-CV/proj/task2/../datasets/extra-3/data/train/2024-03-30-11-15-02_mp4-0031_jpg.rf.f4c5a52bc27260fa317e573ef5d023df.jpg: 640x640 1 pool_table, 7.4ms
Speed: 1.7ms preprocess, 7.4ms inference, 12.0ms postprocess per image at shape (1, 3, 640, 640)
Processing extra-3/data/train/2024-03-30-11-07-17_mp4-0026_jpg.rf.6bdf286d533b73d4348d69061d0abe9a.jpg...

image 1/1 /home/admin/Documents/FEUP-CV/proj/task2/../datasets/extra-3/data/train/2024-03-30-11-07-17_mp4-0026_jpg.rf.6bdf286d533b73d4348d69061d0abe9a.jpg: 640x640 1 pool_table, 5.9ms
Speed: 1.4ms preprocess, 5.9ms inference, 1.4ms postprocess per image at shape (1, 3, 640, 640)
Processing extra-3/data/train/20240319_120445_jpg.rf.a1d91cdabc773b6ae7c7e0ec386b941c.jpg...

image 1/1 /home/admin/Documents/FEUP-CV/proj/task2/../datasets/extra-3/data/train/20240319_120445_jpg.rf.a1d91cdabc773b6ae7c7e0ec386b941c.jpg: 640x640 1 pool_table, 7.3ms
Speed: 1.5ms preprocess, 7.3ms inference, 12.1ms postprocess per image at shape (1, 3, 640, 640)
Processing extra-3/data/train/2024-03-30-11-22-03_mp4-0018_jpg.rf.b2e6ccf4747709b59d0a30dee5f15a52.jpg...

image 1/1 /home/admin/Documents/FEUP-CV/proj/task2/../datasets/extra-3/data/train/2024-03-30-11-22-03_mp4-0018_jpg.rf.b2e6ccf4747709b59d0a30dee5f15a52.jpg: 640x640 1 pool_table, 4.8ms
Speed: 1.7ms preprocess, 4.8ms inference, 1.5ms postprocess per image at shape (1, 3, 640, 640)
Processing extra-3/data/train/IMG_20240319_122123_jpg.rf.f4e7ca4376ffa3452b25ade5d79548a5.jpg...

image 1/1 /home/admin/Documents/FEUP-CV/proj/task2/../datasets/extra-3/data/train/IMG_20240319_122123_jpg.rf.f4e7ca4376ffa3452b25ade5d79548a5.jpg: 640x640 1 pool_table, 7.6ms
Speed: 3.3ms preprocess, 7.6ms inference, 12.1ms postprocess per image at shape (1, 3, 640, 640)
Processing extra-3/data/train/2024-03-28-18-28-05_mp4-0027_jpg.rf.f4cdeebaab61084945a5f76048eb103f.jpg...

image 1/1 /home/admin/Documents/FEUP-CV/proj/task2/../datasets/extra-3/data/train/2024-03-28-18-28-05_mp4-0027_jpg.rf.f4cdeebaab61084945a5f76048eb103f.jpg: 640x640 1 pool_table, 4.2ms
Speed: 2.3ms preprocess, 4.2ms inference, 1.5ms postprocess per image at shape (1, 3, 640, 640)
Processing extra-3/data/train/2024-03-28-18-28-05_mp4-0037_jpg.rf.73ffa46f9f6e692e8beca1953f38626e.jpg...

image 1/1 /home/admin/Documents/FEUP-CV/proj/task2/../datasets/extra-3/data/train/2024-03-28-18-28-05_mp4-0037_jpg.rf.73ffa46f9f6e692e8beca1953f38626e.jpg: 640x640 1 pool_table, 7.5ms
Speed: 2.3ms preprocess, 7.5ms inference, 12.2ms postprocess per image at shape (1, 3, 640, 640)
Processing extra-3/data/train/2024-03-28-18-28-05_mp4-0027_jpg.rf.0831703eee80bc30c982e7de0fe2388a.jpg...

image 1/1 /home/admin/Documents/FEUP-CV/proj/task2/../datasets/extra-3/data/train/2024-03-28-18-28-05_mp4-0027_jpg.rf.0831703eee80bc30c982e7de0fe2388a.jpg: 640x640 1 pool_table, 7.5ms
Speed: 1.6ms preprocess, 7.5ms inference, 1.6ms postprocess per image at shape (1, 3, 640, 640)
Processing extra-3/data/train/2024-03-28-15-41-19_mp4-0074_jpg.rf.c23ed48df090b1dbebf7dd9c100f91e5.jpg...

image 1/1 /home/admin/Documents/FEUP-CV/proj/task2/../datasets/extra-3/data/train/2024-03-28-15-41-19_mp4-0074_jpg.rf.c23ed48df090b1dbebf7dd9c100f91e5.jpg: 640x640 1 pool_table, 7.6ms
Speed: 1.8ms preprocess, 7.6ms inference, 12.2ms postprocess per image at shape (1, 3, 640, 640)
Processing extra-3/data/train/2024-03-30-11-07-17_mp4-0007_jpg.rf.b50d7917ebe9f8640e6e263586b4f51f.jpg...

image 1/1 /home/admin/Documents/FEUP-CV/proj/task2/../datasets/extra-3/data/train/2024-03-30-11-07-17_mp4-0007_jpg.rf.b50d7917ebe9f8640e6e263586b4f51f.jpg: 640x640 1 pool_table, 5.2ms
Speed: 3.2ms preprocess, 5.2ms inference, 1.5ms postprocess per image at shape (1, 3, 640, 640)
Processing extra-3/data/train/2024-03-30-11-07-17_mp4-0028_jpg.rf.580d9e1d1460ca2118fa0be3ac9bd30b.jpg...

image 1/1 /home/admin/Documents/FEUP-CV/proj/task2/../datasets/extra-3/data/train/2024-03-30-11-07-17_mp4-0028_jpg.rf.580d9e1d1460ca2118fa0be3ac9bd30b.jpg: 640x640 1 pool_table, 7.4ms
Speed: 1.8ms preprocess, 7.4ms inference, 12.0ms postprocess per image at shape (1, 3, 640, 640)
Processing extra-3/data/train/IMG_20240319_121130_jpg.rf.24dfdcb9ede28b68335370a46c514a0b.jpg...

image 1/1 /home/admin/Documents/FEUP-CV/proj/task2/../datasets/extra-3/data/train/IMG_20240319_121130_jpg.rf.24dfdcb9ede28b68335370a46c514a0b.jpg: 640x640 1 pool_table, 4.4ms
Speed: 3.0ms preprocess, 4.4ms inference, 1.4ms postprocess per image at shape (1, 3, 640, 640)
Processing extra-3/data/train/2024-03-30-11-15-02_mp4-0061_jpg.rf.7918b7f27d1132580cb62d1f4bd6a307.jpg...

image 1/1 /home/admin/Documents/FEUP-CV/proj/task2/../datasets/extra-3/data/train/2024-03-30-11-15-02_mp4-0061_jpg.rf.7918b7f27d1132580cb62d1f4bd6a307.jpg: 640x640 1 pool_table, 7.4ms
Speed: 2.0ms preprocess, 7.4ms inference, 12.1ms postprocess per image at shape (1, 3, 640, 640)
Processing extra-3/data/train/2024-03-28-15-41-19_mp4-0066_jpg.rf.0c366a901cce1eee8c4658c1587cc869.jpg...

image 1/1 /home/admin/Documents/FEUP-CV/proj/task2/../datasets/extra-3/data/train/2024-03-28-15-41-19_mp4-0066_jpg.rf.0c366a901cce1eee8c4658c1587cc869.jpg: 640x640 1 pool_table, 5.8ms
Speed: 1.3ms preprocess, 5.8ms inference, 1.4ms postprocess per image at shape (1, 3, 640, 640)
Processing extra-3/data/train/20240328_171453_jpg.rf.7582f3b559c471efc852ee9c7bc90017.jpg...

image 1/1 /home/admin/Documents/FEUP-CV/proj/task2/../datasets/extra-3/data/train/20240328_171453_jpg.rf.7582f3b559c471efc852ee9c7bc90017.jpg: 640x640 1 pool_table, 7.4ms
Speed: 2.0ms preprocess, 7.4ms inference, 12.1ms postprocess per image at shape (1, 3, 640, 640)
Processing extra-3/data/train/2024-03-30-11-07-17_mp4-0033_jpg.rf.83f4c757493e9c8d15f3defc6a12bae7.jpg...

image 1/1 /home/admin/Documents/FEUP-CV/proj/task2/../datasets/extra-3/data/train/2024-03-30-11-07-17_mp4-0033_jpg.rf.83f4c757493e9c8d15f3defc6a12bae7.jpg: 640x640 1 pool_table, 4.4ms
Speed: 2.7ms preprocess, 4.4ms inference, 1.4ms postprocess per image at shape (1, 3, 640, 640)
Processing extra-3/data/train/2024-03-28-15-41-19_mp4-0016_jpg.rf.6386f0395355dda67998558cfc8a442c.jpg...

image 1/1 /home/admin/Documents/FEUP-CV/proj/task2/../datasets/extra-3/data/train/2024-03-28-15-41-19_mp4-0016_jpg.rf.6386f0395355dda67998558cfc8a442c.jpg: 640x640 1 pool_table, 7.4ms
Speed: 1.6ms preprocess, 7.4ms inference, 12.1ms postprocess per image at shape (1, 3, 640, 640)
Processing extra-3/data/train/IMG_20240319_121153_jpg.rf.164f2a4e932af8eb3d064ce9b35db012.jpg...

image 1/1 /home/admin/Documents/FEUP-CV/proj/task2/../datasets/extra-3/data/train/IMG_20240319_121153_jpg.rf.164f2a4e932af8eb3d064ce9b35db012.jpg: 640x640 1 pool_table, 5.9ms
Speed: 1.3ms preprocess, 5.9ms inference, 1.4ms postprocess per image at shape (1, 3, 640, 640)
Processing extra-3/data/train/20240328_171414_jpg.rf.2cf7b020929a694bc59df82c7d27f5b5.jpg...

image 1/1 /home/admin/Documents/FEUP-CV/proj/task2/../datasets/extra-3/data/train/20240328_171414_jpg.rf.2cf7b020929a694bc59df82c7d27f5b5.jpg: 640x640 1 pool_table, 7.5ms
Speed: 1.9ms preprocess, 7.5ms inference, 12.1ms postprocess per image at shape (1, 3, 640, 640)
Processing extra-3/data/train/2024-03-28-15-41-19_mp4-0087_jpg.rf.a040e763e5d7eed6a612689f67a2316a.jpg...

image 1/1 /home/admin/Documents/FEUP-CV/proj/task2/../datasets/extra-3/data/train/2024-03-28-15-41-19_mp4-0087_jpg.rf.a040e763e5d7eed6a612689f67a2316a.jpg: 640x640 1 pool_table, 4.7ms
Speed: 3.1ms preprocess, 4.7ms inference, 1.4ms postprocess per image at shape (1, 3, 640, 640)
Processing extra-3/data/train/2024-03-30-11-07-17_mp4-0009_jpg.rf.d93c76b146f8e4e3a248452b712d9652.jpg...

image 1/1 /home/admin/Documents/FEUP-CV/proj/task2/../datasets/extra-3/data/train/2024-03-30-11-07-17_mp4-0009_jpg.rf.d93c76b146f8e4e3a248452b712d9652.jpg: 640x640 1 pool_table, 7.5ms
Speed: 2.4ms preprocess, 7.5ms inference, 12.1ms postprocess per image at shape (1, 3, 640, 640)
Processing extra-3/data/train/2024-03-30-11-07-17_mp4-0043_jpg.rf.9b88522d8f92db42dd707749d44c5132.jpg...

image 1/1 /home/admin/Documents/FEUP-CV/proj/task2/../datasets/extra-3/data/train/2024-03-30-11-07-17_mp4-0043_jpg.rf.9b88522d8f92db42dd707749d44c5132.jpg: 640x640 1 pool_table, 7.0ms
Speed: 1.5ms preprocess, 7.0ms inference, 1.5ms postprocess per image at shape (1, 3, 640, 640)
Processing extra-3/data/train/2024-03-30-11-15-02_mp4-0068_jpg.rf.fcea54847822ebec5d65c7f0895a0a37.jpg...

image 1/1 /home/admin/Documents/FEUP-CV/proj/task2/../datasets/extra-3/data/train/2024-03-30-11-15-02_mp4-0068_jpg.rf.fcea54847822ebec5d65c7f0895a0a37.jpg: 640x640 1 pool_table, 7.5ms
Speed: 2.2ms preprocess, 7.5ms inference, 12.2ms postprocess per image at shape (1, 3, 640, 640)
Processing extra-3/data/train/2024-03-30-11-07-17_mp4-0011_jpg.rf.2e75a9fc002621fd5497a20c9c8e5930.jpg...

image 1/1 /home/admin/Documents/FEUP-CV/proj/task2/../datasets/extra-3/data/train/2024-03-30-11-07-17_mp4-0011_jpg.rf.2e75a9fc002621fd5497a20c9c8e5930.jpg: 640x640 1 pool_table, 4.8ms
Speed: 3.4ms preprocess, 4.8ms inference, 1.4ms postprocess per image at shape (1, 3, 640, 640)
Processing extra-3/data/train/2024-03-30-11-07-17_mp4-0026_jpg.rf.0fdefc5f441f61e7c1878e7f7bbb90e7.jpg...

image 1/1 /home/admin/Documents/FEUP-CV/proj/task2/../datasets/extra-3/data/train/2024-03-30-11-07-17_mp4-0026_jpg.rf.0fdefc5f441f61e7c1878e7f7bbb90e7.jpg: 640x640 1 pool_table, 7.5ms
Speed: 1.9ms preprocess, 7.5ms inference, 12.1ms postprocess per image at shape (1, 3, 640, 640)
Processing extra-3/data/train/2024-03-28-18-28-05_mp4-0010_jpg.rf.2e12dae2c433ce8cd1c229d5652ace5e.jpg...

image 1/1 /home/admin/Documents/FEUP-CV/proj/task2/../datasets/extra-3/data/train/2024-03-28-18-28-05_mp4-0010_jpg.rf.2e12dae2c433ce8cd1c229d5652ace5e.jpg: 640x640 1 pool_table, 6.6ms
Speed: 1.3ms preprocess, 6.6ms inference, 1.4ms postprocess per image at shape (1, 3, 640, 640)
Processing extra-3/data/train/2024-03-28-15-41-19_mp4-0029_jpg.rf.5495caba32bb52f9cffaeabfed92e4fb.jpg...

image 1/1 /home/admin/Documents/FEUP-CV/proj/task2/../datasets/extra-3/data/train/2024-03-28-15-41-19_mp4-0029_jpg.rf.5495caba32bb52f9cffaeabfed92e4fb.jpg: 640x640 1 pool_table, 7.3ms
Speed: 1.9ms preprocess, 7.3ms inference, 12.1ms postprocess per image at shape (1, 3, 640, 640)
Processing extra-3/data/train/IMG_20240319_122208_jpg.rf.4490e558ef0b17c13ef045322bc0d67f.jpg...

image 1/1 /home/admin/Documents/FEUP-CV/proj/task2/../datasets/extra-3/data/train/IMG_20240319_122208_jpg.rf.4490e558ef0b17c13ef045322bc0d67f.jpg: 640x640 1 pool_table, 4.4ms
Speed: 2.8ms preprocess, 4.4ms inference, 1.4ms postprocess per image at shape (1, 3, 640, 640)
Processing extra-3/data/train/2024-03-30-11-07-17_mp4-0023_jpg.rf.0a550cde788add35726fef53e7f937bf.jpg...

image 1/1 /home/admin/Documents/FEUP-CV/proj/task2/../datasets/extra-3/data/train/2024-03-30-11-07-17_mp4-0023_jpg.rf.0a550cde788add35726fef53e7f937bf.jpg: 640x640 1 pool_table, 7.4ms
Speed: 3.0ms preprocess, 7.4ms inference, 12.0ms postprocess per image at shape (1, 3, 640, 640)
Processing extra-3/data/train/2024-03-28-15-41-19_mp4-0058_jpg.rf.68558aa26a2ddaed42c9ea69b71bf0cf.jpg...

image 1/1 /home/admin/Documents/FEUP-CV/proj/task2/../datasets/extra-3/data/train/2024-03-28-15-41-19_mp4-0058_jpg.rf.68558aa26a2ddaed42c9ea69b71bf0cf.jpg: 640x640 1 pool_table, 4.3ms
Speed: 1.4ms preprocess, 4.3ms inference, 1.4ms postprocess per image at shape (1, 3, 640, 640)
Processing extra-3/data/train/2024-03-30-11-15-02_mp4-0076_jpg.rf.ae5919a3b4604318149a53abc8155050.jpg...

image 1/1 /home/admin/Documents/FEUP-CV/proj/task2/../datasets/extra-3/data/train/2024-03-30-11-15-02_mp4-0076_jpg.rf.ae5919a3b4604318149a53abc8155050.jpg: 640x640 1 pool_table, 7.4ms
Speed: 2.1ms preprocess, 7.4ms inference, 12.1ms postprocess per image at shape (1, 3, 640, 640)
Processing extra-3/data/train/2024-03-28-15-41-19_mp4-0064_jpg.rf.49452845d8c115ecf8868b4c7d0491a6.jpg...

image 1/1 /home/admin/Documents/FEUP-CV/proj/task2/../datasets/extra-3/data/train/2024-03-28-15-41-19_mp4-0064_jpg.rf.49452845d8c115ecf8868b4c7d0491a6.jpg: 640x640 1 pool_table, 6.1ms
Speed: 1.4ms preprocess, 6.1ms inference, 1.4ms postprocess per image at shape (1, 3, 640, 640)
Processing extra-3/data/train/IMG_20240319_120753_jpg.rf.b4bec2e9e912a2ddb1e425b9916c8568.jpg...

image 1/1 /home/admin/Documents/FEUP-CV/proj/task2/../datasets/extra-3/data/train/IMG_20240319_120753_jpg.rf.b4bec2e9e912a2ddb1e425b9916c8568.jpg: 640x640 1 pool_table, 7.4ms
Speed: 1.9ms preprocess, 7.4ms inference, 12.1ms postprocess per image at shape (1, 3, 640, 640)
Processing extra-3/data/train/2024-03-28-15-41-19_mp4-0092_jpg.rf.b624ebce2bfcb08e390409dd96156b0a.jpg...

image 1/1 /home/admin/Documents/FEUP-CV/proj/task2/../datasets/extra-3/data/train/2024-03-28-15-41-19_mp4-0092_jpg.rf.b624ebce2bfcb08e390409dd96156b0a.jpg: 640x640 1 pool_table, 6.8ms
Speed: 1.4ms preprocess, 6.8ms inference, 1.5ms postprocess per image at shape (1, 3, 640, 640)
Processing extra-3/data/train/2024-03-30-11-07-17_mp4-0040_jpg.rf.e1b4808def03a5b18024f75b4d7ed204.jpg...

image 1/1 /home/admin/Documents/FEUP-CV/proj/task2/../datasets/extra-3/data/train/2024-03-30-11-07-17_mp4-0040_jpg.rf.e1b4808def03a5b18024f75b4d7ed204.jpg: 640x640 1 pool_table, 7.5ms
Speed: 2.5ms preprocess, 7.5ms inference, 12.1ms postprocess per image at shape (1, 3, 640, 640)
Processing extra-3/data/train/20240319_120445_jpg.rf.36623aba22caca2f453a14a7725edabf.jpg...

image 1/1 /home/admin/Documents/FEUP-CV/proj/task2/../datasets/extra-3/data/train/20240319_120445_jpg.rf.36623aba22caca2f453a14a7725edabf.jpg: 640x640 1 pool_table, 7.5ms
Speed: 1.4ms preprocess, 7.5ms inference, 1.6ms postprocess per image at shape (1, 3, 640, 640)
Processing extra-3/data/train/20240328_171419_jpg.rf.eaae01281df20fbb56a05990debcc3e2.jpg...

image 1/1 /home/admin/Documents/FEUP-CV/proj/task2/../datasets/extra-3/data/train/20240328_171419_jpg.rf.eaae01281df20fbb56a05990debcc3e2.jpg: 640x640 1 pool_table, 7.5ms
Speed: 3.1ms preprocess, 7.5ms inference, 12.1ms postprocess per image at shape (1, 3, 640, 640)
Processing extra-3/data/train/2024-03-28-15-41-19_mp4-0071_jpg.rf.a70ad1d37611019fedc8a4159b23ccfc.jpg...

image 1/1 /home/admin/Documents/FEUP-CV/proj/task2/../datasets/extra-3/data/train/2024-03-28-15-41-19_mp4-0071_jpg.rf.a70ad1d37611019fedc8a4159b23ccfc.jpg: 640x640 1 pool_table, 5.2ms
Speed: 1.3ms preprocess, 5.2ms inference, 1.5ms postprocess per image at shape (1, 3, 640, 640)
Processing extra-3/data/train/2024-03-30-11-22-03_mp4-0031_jpg.rf.602ad05303798ab96e3b6773150dd8c7.jpg...

image 1/1 /home/admin/Documents/FEUP-CV/proj/task2/../datasets/extra-3/data/train/2024-03-30-11-22-03_mp4-0031_jpg.rf.602ad05303798ab96e3b6773150dd8c7.jpg: 640x640 1 pool_table, 7.6ms
Speed: 1.8ms preprocess, 7.6ms inference, 12.1ms postprocess per image at shape (1, 3, 640, 640)
Processing extra-3/data/train/20240328_171206_jpg.rf.f9ba5eb476a4ff513bee29b0656d4418.jpg...

image 1/1 /home/admin/Documents/FEUP-CV/proj/task2/../datasets/extra-3/data/train/20240328_171206_jpg.rf.f9ba5eb476a4ff513bee29b0656d4418.jpg: 640x640 1 pool_table, 5.3ms
Speed: 2.7ms preprocess, 5.3ms inference, 1.5ms postprocess per image at shape (1, 3, 640, 640)
Processing extra-3/data/train/2024-03-28-15-41-19_mp4-0093_jpg.rf.4771ac5bc2ed19246b96ae6c703d7485.jpg...

image 1/1 /home/admin/Documents/FEUP-CV/proj/task2/../datasets/extra-3/data/train/2024-03-28-15-41-19_mp4-0093_jpg.rf.4771ac5bc2ed19246b96ae6c703d7485.jpg: 640x640 1 pool_table, 7.5ms
Speed: 3.1ms preprocess, 7.5ms inference, 12.1ms postprocess per image at shape (1, 3, 640, 640)
Processing extra-3/data/train/2024-03-30-11-07-17_mp4-0034_jpg.rf.d344423710e4428053e0e5a80ee5cd3f.jpg...

image 1/1 /home/admin/Documents/FEUP-CV/proj/task2/../datasets/extra-3/data/train/2024-03-30-11-07-17_mp4-0034_jpg.rf.d344423710e4428053e0e5a80ee5cd3f.jpg: 640x640 1 pool_table, 4.4ms
Speed: 1.4ms preprocess, 4.4ms inference, 1.3ms postprocess per image at shape (1, 3, 640, 640)
Processing extra-3/data/train/IMG_20240319_120652_jpg.rf.1421a1d0e4c1e9d16acb24a3c098a34f.jpg...

image 1/1 /home/admin/Documents/FEUP-CV/proj/task2/../datasets/extra-3/data/train/IMG_20240319_120652_jpg.rf.1421a1d0e4c1e9d16acb24a3c098a34f.jpg: 640x640 1 pool_table, 7.3ms
Speed: 1.5ms preprocess, 7.3ms inference, 11.9ms postprocess per image at shape (1, 3, 640, 640)
Processing extra-3/data/train/2024-03-30-11-15-02_mp4-0016_jpg.rf.f188b39e2db250844ef5026902c43636.jpg...

image 1/1 /home/admin/Documents/FEUP-CV/proj/task2/../datasets/extra-3/data/train/2024-03-30-11-15-02_mp4-0016_jpg.rf.f188b39e2db250844ef5026902c43636.jpg: 640x640 1 pool_table, 4.4ms
Speed: 3.2ms preprocess, 4.4ms inference, 1.4ms postprocess per image at shape (1, 3, 640, 640)
Processing extra-3/data/train/2024-03-30-11-15-02_mp4-0037_jpg.rf.73e992e5c96a4c2ae30e2df359f1ad90.jpg...

image 1/1 /home/admin/Documents/FEUP-CV/proj/task2/../datasets/extra-3/data/train/2024-03-30-11-15-02_mp4-0037_jpg.rf.73e992e5c96a4c2ae30e2df359f1ad90.jpg: 640x640 1 pool_table, 7.3ms
Speed: 2.0ms preprocess, 7.3ms inference, 12.0ms postprocess per image at shape (1, 3, 640, 640)
Processing extra-3/data/train/2024-03-28-15-41-19_mp4-0043_jpg.rf.dc710de7004dace234c8c24d245c2e28.jpg...

image 1/1 /home/admin/Documents/FEUP-CV/proj/task2/../datasets/extra-3/data/train/2024-03-28-15-41-19_mp4-0043_jpg.rf.dc710de7004dace234c8c24d245c2e28.jpg: 640x640 1 pool_table, 5.3ms
Speed: 1.3ms preprocess, 5.3ms inference, 1.4ms postprocess per image at shape (1, 3, 640, 640)
Processing extra-3/data/train/2024-03-28-15-41-19_mp4-0092_jpg.rf.3828a7219c0e5de65be0658235700031.jpg...

image 1/1 /home/admin/Documents/FEUP-CV/proj/task2/../datasets/extra-3/data/train/2024-03-28-15-41-19_mp4-0092_jpg.rf.3828a7219c0e5de65be0658235700031.jpg: 640x640 1 pool_table, 7.2ms
Speed: 2.3ms preprocess, 7.2ms inference, 11.9ms postprocess per image at shape (1, 3, 640, 640)
Processing extra-3/data/train/2024-03-30-11-22-03_mp4-0003_jpg.rf.6befc667820d5409e6885119d57bc0ac.jpg...

image 1/1 /home/admin/Documents/FEUP-CV/proj/task2/../datasets/extra-3/data/train/2024-03-30-11-22-03_mp4-0003_jpg.rf.6befc667820d5409e6885119d57bc0ac.jpg: 640x640 1 pool_table, 7.3ms
Speed: 1.4ms preprocess, 7.3ms inference, 12.1ms postprocess per image at shape (1, 3, 640, 640)
Processing extra-3/data/train/2024-03-30-11-15-02_mp4-0073_jpg.rf.8cb011dc833948fc6b62a88d9a893be5.jpg...

image 1/1 /home/admin/Documents/FEUP-CV/proj/task2/../datasets/extra-3/data/train/2024-03-30-11-15-02_mp4-0073_jpg.rf.8cb011dc833948fc6b62a88d9a893be5.jpg: 640x640 1 pool_table, 7.4ms
Speed: 2.6ms preprocess, 7.4ms inference, 12.2ms postprocess per image at shape (1, 3, 640, 640)
Processing extra-3/data/train/2024-03-28-15-41-19_mp4-0015_jpg.rf.946dab4d97db133aeec64adc0325d199.jpg...

image 1/1 /home/admin/Documents/FEUP-CV/proj/task2/../datasets/extra-3/data/train/2024-03-28-15-41-19_mp4-0015_jpg.rf.946dab4d97db133aeec64adc0325d199.jpg: 640x640 1 pool_table, 7.6ms
Speed: 1.3ms preprocess, 7.6ms inference, 12.3ms postprocess per image at shape (1, 3, 640, 640)
Processing extra-3/data/train/2024-03-30-11-15-02_mp4-0051_jpg.rf.9d9fb7b64eb734cec6489ac5b1dad1da.jpg...

image 1/1 /home/admin/Documents/FEUP-CV/proj/task2/../datasets/extra-3/data/train/2024-03-30-11-15-02_mp4-0051_jpg.rf.9d9fb7b64eb734cec6489ac5b1dad1da.jpg: 640x640 1 pool_table, 7.6ms
Speed: 1.5ms preprocess, 7.6ms inference, 12.2ms postprocess per image at shape (1, 3, 640, 640)
Processing extra-3/data/train/2024-03-30-11-15-02_mp4-0070_jpg.rf.bd2ac8e61437c662ab287a42e9c0aac7.jpg...

image 1/1 /home/admin/Documents/FEUP-CV/proj/task2/../datasets/extra-3/data/train/2024-03-30-11-15-02_mp4-0070_jpg.rf.bd2ac8e61437c662ab287a42e9c0aac7.jpg: 640x640 1 pool_table, 7.5ms
Speed: 1.4ms preprocess, 7.5ms inference, 12.1ms postprocess per image at shape (1, 3, 640, 640)
Processing extra-3/data/train/2024-03-30-11-07-17_mp4-0026_jpg.rf.17217f3ebaf0d6e847f365ac6908c740.jpg...

image 1/1 /home/admin/Documents/FEUP-CV/proj/task2/../datasets/extra-3/data/train/2024-03-30-11-07-17_mp4-0026_jpg.rf.17217f3ebaf0d6e847f365ac6908c740.jpg: 640x640 1 pool_table, 7.5ms
Speed: 1.4ms preprocess, 7.5ms inference, 12.2ms postprocess per image at shape (1, 3, 640, 640)
Processing extra-3/data/train/20240328_171450_jpg.rf.a637067f5ece50a3bbe36f84c653d2c9.jpg...

image 1/1 /home/admin/Documents/FEUP-CV/proj/task2/../datasets/extra-3/data/train/20240328_171450_jpg.rf.a637067f5ece50a3bbe36f84c653d2c9.jpg: 640x640 1 pool_table, 7.4ms
Speed: 3.1ms preprocess, 7.4ms inference, 12.1ms postprocess per image at shape (1, 3, 640, 640)
Processing extra-3/data/train/2024-03-30-11-15-02_mp4-0062_jpg.rf.c6be8793e078ebc67d7c318b12b6b283.jpg...

image 1/1 /home/admin/Documents/FEUP-CV/proj/task2/../datasets/extra-3/data/train/2024-03-30-11-15-02_mp4-0062_jpg.rf.c6be8793e078ebc67d7c318b12b6b283.jpg: 640x640 1 pool_table, 7.7ms
Speed: 3.1ms preprocess, 7.7ms inference, 12.3ms postprocess per image at shape (1, 3, 640, 640)
Processing extra-3/data/train/2024-03-30-11-22-03_mp4-0035_jpg.rf.afe0a675b473ac6b88f31c4609bba4a2.jpg...

image 1/1 /home/admin/Documents/FEUP-CV/proj/task2/../datasets/extra-3/data/train/2024-03-30-11-22-03_mp4-0035_jpg.rf.afe0a675b473ac6b88f31c4609bba4a2.jpg: 640x640 1 pool_table, 7.7ms
Speed: 3.2ms preprocess, 7.7ms inference, 12.3ms postprocess per image at shape (1, 3, 640, 640)
Processing extra-3/data/train/2024-03-30-11-07-17_mp4-0007_jpg.rf.a1ae02b95793c317f141f3d829a33a50.jpg...

image 1/1 /home/admin/Documents/FEUP-CV/proj/task2/../datasets/extra-3/data/train/2024-03-30-11-07-17_mp4-0007_jpg.rf.a1ae02b95793c317f141f3d829a33a50.jpg: 640x640 1 pool_table, 7.7ms
Speed: 3.1ms preprocess, 7.7ms inference, 12.3ms postprocess per image at shape (1, 3, 640, 640)
Processing extra-3/data/train/2024-03-28-15-41-19_mp4-0085_jpg.rf.f994ac5f1821a6f9b4dce801f3f17275.jpg...

image 1/1 /home/admin/Documents/FEUP-CV/proj/task2/../datasets/extra-3/data/train/2024-03-28-15-41-19_mp4-0085_jpg.rf.f994ac5f1821a6f9b4dce801f3f17275.jpg: 640x640 1 pool_table, 7.6ms
Speed: 3.3ms preprocess, 7.6ms inference, 12.1ms postprocess per image at shape (1, 3, 640, 640)
Processing extra-3/data/train/2024-03-30-11-22-03_mp4-0019_jpg.rf.256f086766f7274cb71858a210a581e7.jpg...

image 1/1 /home/admin/Documents/FEUP-CV/proj/task2/../datasets/extra-3/data/train/2024-03-30-11-22-03_mp4-0019_jpg.rf.256f086766f7274cb71858a210a581e7.jpg: 640x640 1 pool_table, 7.8ms
Speed: 3.2ms preprocess, 7.8ms inference, 12.2ms postprocess per image at shape (1, 3, 640, 640)
Processing extra-3/data/train/2024-03-28-18-28-05_mp4-0030_jpg.rf.00fc0c2480ab3fc83a8e15ab935bbea9.jpg...

image 1/1 /home/admin/Documents/FEUP-CV/proj/task2/../datasets/extra-3/data/train/2024-03-28-18-28-05_mp4-0030_jpg.rf.00fc0c2480ab3fc83a8e15ab935bbea9.jpg: 640x640 1 pool_table, 7.8ms
Speed: 2.8ms preprocess, 7.8ms inference, 12.4ms postprocess per image at shape (1, 3, 640, 640)
Processing extra-3/data/train/2024-03-30-11-22-03_mp4-0019_jpg.rf.a84782bb7f5e634a2afbba6ede1ede82.jpg...

image 1/1 /home/admin/Documents/FEUP-CV/proj/task2/../datasets/extra-3/data/train/2024-03-30-11-22-03_mp4-0019_jpg.rf.a84782bb7f5e634a2afbba6ede1ede82.jpg: 640x640 1 pool_table, 7.8ms
Speed: 1.3ms preprocess, 7.8ms inference, 12.4ms postprocess per image at shape (1, 3, 640, 640)
Processing extra-3/data/train/2024-03-30-11-07-17_mp4-0072_jpg.rf.23ee8d01f6459a43b6b88b426831fbb6.jpg...

image 1/1 /home/admin/Documents/FEUP-CV/proj/task2/../datasets/extra-3/data/train/2024-03-30-11-07-17_mp4-0072_jpg.rf.23ee8d01f6459a43b6b88b426831fbb6.jpg: 640x640 1 pool_table, 7.9ms
Speed: 2.7ms preprocess, 7.9ms inference, 12.4ms postprocess per image at shape (1, 3, 640, 640)
Processing extra-3/data/train/2024-03-30-11-07-17_mp4-0033_jpg.rf.87f91e4e765dbb6f9849c95e82257b34.jpg...

image 1/1 /home/admin/Documents/FEUP-CV/proj/task2/../datasets/extra-3/data/train/2024-03-30-11-07-17_mp4-0033_jpg.rf.87f91e4e765dbb6f9849c95e82257b34.jpg: 640x640 1 pool_table, 7.9ms
Speed: 3.3ms preprocess, 7.9ms inference, 12.4ms postprocess per image at shape (1, 3, 640, 640)
Processing extra-3/data/train/2024-03-30-11-15-02_mp4-0066_jpg.rf.bf7c386bbab40e89b3c41cb096491d72.jpg...

image 1/1 /home/admin/Documents/FEUP-CV/proj/task2/../datasets/extra-3/data/train/2024-03-30-11-15-02_mp4-0066_jpg.rf.bf7c386bbab40e89b3c41cb096491d72.jpg: 640x640 1 pool_table, 7.8ms
Speed: 1.3ms preprocess, 7.8ms inference, 12.4ms postprocess per image at shape (1, 3, 640, 640)
Processing extra-3/data/train/2024-03-30-11-15-02_mp4-0014_jpg.rf.bef07afcac1f1206dbdae0a880665b7d.jpg...

image 1/1 /home/admin/Documents/FEUP-CV/proj/task2/../datasets/extra-3/data/train/2024-03-30-11-15-02_mp4-0014_jpg.rf.bef07afcac1f1206dbdae0a880665b7d.jpg: 640x640 1 pool_table, 7.9ms
Speed: 1.4ms preprocess, 7.9ms inference, 12.3ms postprocess per image at shape (1, 3, 640, 640)
Processing extra-3/data/train/IMG_20240319_121511_jpg.rf.b31867e834590ed9d8d44e9ac886a69e.jpg...

image 1/1 /home/admin/Documents/FEUP-CV/proj/task2/../datasets/extra-3/data/train/IMG_20240319_121511_jpg.rf.b31867e834590ed9d8d44e9ac886a69e.jpg: 640x640 1 pool_table, 7.7ms
Speed: 1.4ms preprocess, 7.7ms inference, 12.2ms postprocess per image at shape (1, 3, 640, 640)
Processing extra-3/data/train/2024-03-28-18-35-18_mp4-0023_jpg.rf.b73476a27993c97a5da806940b4a024a.jpg...

image 1/1 /home/admin/Documents/FEUP-CV/proj/task2/../datasets/extra-3/data/train/2024-03-28-18-35-18_mp4-0023_jpg.rf.b73476a27993c97a5da806940b4a024a.jpg: 640x640 1 pool_table, 7.7ms
Speed: 3.2ms preprocess, 7.7ms inference, 12.2ms postprocess per image at shape (1, 3, 640, 640)
Processing extra-3/data/train/2024-03-28-18-28-05_mp4-0023_jpg.rf.fa8258de0117ed7d15f49243e3f5690c.jpg...

image 1/1 /home/admin/Documents/FEUP-CV/proj/task2/../datasets/extra-3/data/train/2024-03-28-18-28-05_mp4-0023_jpg.rf.fa8258de0117ed7d15f49243e3f5690c.jpg: 640x640 1 pool_table, 7.7ms
Speed: 1.5ms preprocess, 7.7ms inference, 12.2ms postprocess per image at shape (1, 3, 640, 640)
Processing extra-3/data/train/IMG_20240319_121511_jpg.rf.919c850906332a408482f2b32018be00.jpg...

image 1/1 /home/admin/Documents/FEUP-CV/proj/task2/../datasets/extra-3/data/train/IMG_20240319_121511_jpg.rf.919c850906332a408482f2b32018be00.jpg: 640x640 1 pool_table, 7.6ms
Speed: 1.4ms preprocess, 7.6ms inference, 12.3ms postprocess per image at shape (1, 3, 640, 640)
Processing extra-3/data/train/2024-03-30-11-07-17_mp4-0015_jpg.rf.d78a12edc61bf67b5d240e5098540395.jpg...

image 1/1 /home/admin/Documents/FEUP-CV/proj/task2/../datasets/extra-3/data/train/2024-03-30-11-07-17_mp4-0015_jpg.rf.d78a12edc61bf67b5d240e5098540395.jpg: 640x640 1 pool_table, 7.7ms
Speed: 3.1ms preprocess, 7.7ms inference, 12.2ms postprocess per image at shape (1, 3, 640, 640)
Processing extra-3/data/train/IMG_20240319_121920_jpg.rf.10a23351dac455fdb2640b0548eb5800.jpg...

image 1/1 /home/admin/Documents/FEUP-CV/proj/task2/../datasets/extra-3/data/train/IMG_20240319_121920_jpg.rf.10a23351dac455fdb2640b0548eb5800.jpg: 640x640 1 pool_table, 7.9ms
Speed: 3.1ms preprocess, 7.9ms inference, 12.3ms postprocess per image at shape (1, 3, 640, 640)
Processing extra-3/data/train/2024-03-30-11-22-03_mp4-0019_jpg.rf.d49163ecfdd59ceb884a83c4a2054104.jpg...

image 1/1 /home/admin/Documents/FEUP-CV/proj/task2/../datasets/extra-3/data/train/2024-03-30-11-22-03_mp4-0019_jpg.rf.d49163ecfdd59ceb884a83c4a2054104.jpg: 640x640 1 pool_table, 7.9ms
Speed: 3.1ms preprocess, 7.9ms inference, 12.5ms postprocess per image at shape (1, 3, 640, 640)
Processing extra-3/data/train/2024-03-28-15-41-19_mp4-0054_jpg.rf.c8a919e33f3f268cda024723b923c977.jpg...

image 1/1 /home/admin/Documents/FEUP-CV/proj/task2/../datasets/extra-3/data/train/2024-03-28-15-41-19_mp4-0054_jpg.rf.c8a919e33f3f268cda024723b923c977.jpg: 640x640 1 pool_table, 7.9ms
Speed: 3.1ms preprocess, 7.9ms inference, 12.3ms postprocess per image at shape (1, 3, 640, 640)
Processing extra-3/data/train/2024-03-30-11-15-02_mp4-0075_jpg.rf.1c6c726cc1401a8656d4b3a64bde93b6.jpg...

image 1/1 /home/admin/Documents/FEUP-CV/proj/task2/../datasets/extra-3/data/train/2024-03-30-11-15-02_mp4-0075_jpg.rf.1c6c726cc1401a8656d4b3a64bde93b6.jpg: 640x640 1 pool_table, 12.6ms
Speed: 4.9ms preprocess, 12.6ms inference, 12.4ms postprocess per image at shape (1, 3, 640, 640)
Processing extra-3/data/train/2024-03-30-11-07-17_mp4-0012_jpg.rf.9a6749cbf55b5386fd8e285da67aea0f.jpg...

image 1/1 /home/admin/Documents/FEUP-CV/proj/task2/../datasets/extra-3/data/train/2024-03-30-11-07-17_mp4-0012_jpg.rf.9a6749cbf55b5386fd8e285da67aea0f.jpg: 640x640 1 pool_table, 7.8ms
Speed: 1.5ms preprocess, 7.8ms inference, 12.3ms postprocess per image at shape (1, 3, 640, 640)
Processing extra-3/data/train/2024-03-28-18-28-05_mp4-0023_jpg.rf.b02deda784bcdb9fa1edc23e544290ff.jpg...

image 1/1 /home/admin/Documents/FEUP-CV/proj/task2/../datasets/extra-3/data/train/2024-03-28-18-28-05_mp4-0023_jpg.rf.b02deda784bcdb9fa1edc23e544290ff.jpg: 640x640 1 pool_table, 7.8ms
Speed: 1.4ms preprocess, 7.8ms inference, 12.3ms postprocess per image at shape (1, 3, 640, 640)
Processing extra-3/data/train/2024-03-28-15-41-19_mp4-0061_jpg.rf.c6aa0dbf71753357a3578bfe0e2a2f8d.jpg...

image 1/1 /home/admin/Documents/FEUP-CV/proj/task2/../datasets/extra-3/data/train/2024-03-28-15-41-19_mp4-0061_jpg.rf.c6aa0dbf71753357a3578bfe0e2a2f8d.jpg: 640x640 1 pool_table, 7.8ms
Speed: 1.5ms preprocess, 7.8ms inference, 12.3ms postprocess per image at shape (1, 3, 640, 640)
Processing extra-3/data/train/2024-03-30-11-07-17_mp4-0006_jpg.rf.950cf090de058e9cb2af91791cd284a0.jpg...

image 1/1 /home/admin/Documents/FEUP-CV/proj/task2/../datasets/extra-3/data/train/2024-03-30-11-07-17_mp4-0006_jpg.rf.950cf090de058e9cb2af91791cd284a0.jpg: 640x640 1 pool_table, 7.8ms
Speed: 1.6ms preprocess, 7.8ms inference, 12.4ms postprocess per image at shape (1, 3, 640, 640)
Processing extra-3/data/train/2024-03-30-11-15-02_mp4-0037_jpg.rf.42c31cf3bb1aefe4733c5247d7bc8951.jpg...

image 1/1 /home/admin/Documents/FEUP-CV/proj/task2/../datasets/extra-3/data/train/2024-03-30-11-15-02_mp4-0037_jpg.rf.42c31cf3bb1aefe4733c5247d7bc8951.jpg: 640x640 1 pool_table, 7.8ms
Speed: 1.3ms preprocess, 7.8ms inference, 12.2ms postprocess per image at shape (1, 3, 640, 640)
Processing extra-3/data/train/2024-03-30-11-15-02_mp4-0042_jpg.rf.4206e3d7758218d1be03a322c2c02ab1.jpg...

image 1/1 /home/admin/Documents/FEUP-CV/proj/task2/../datasets/extra-3/data/train/2024-03-30-11-15-02_mp4-0042_jpg.rf.4206e3d7758218d1be03a322c2c02ab1.jpg: 640x640 1 pool_table, 7.7ms
Speed: 1.5ms preprocess, 7.7ms inference, 12.3ms postprocess per image at shape (1, 3, 640, 640)
Processing extra-3/data/train/IMG_20240319_120824_jpg.rf.b4f46c43fcd35891993dda7d3af21741.jpg...

image 1/1 /home/admin/Documents/FEUP-CV/proj/task2/../datasets/extra-3/data/train/IMG_20240319_120824_jpg.rf.b4f46c43fcd35891993dda7d3af21741.jpg: 640x640 1 pool_table, 7.8ms
Speed: 1.4ms preprocess, 7.8ms inference, 12.2ms postprocess per image at shape (1, 3, 640, 640)
Processing extra-3/data/train/2024-03-28-15-41-19_mp4-0050_jpg.rf.32963bbf834ceaa780877b93ab371e4e.jpg...

image 1/1 /home/admin/Documents/FEUP-CV/proj/task2/../datasets/extra-3/data/train/2024-03-28-15-41-19_mp4-0050_jpg.rf.32963bbf834ceaa780877b93ab371e4e.jpg: 640x640 1 pool_table, 7.7ms
Speed: 1.3ms preprocess, 7.7ms inference, 12.3ms postprocess per image at shape (1, 3, 640, 640)
Processing extra-3/data/train/2024-03-28-18-28-05_mp4-0022_jpg.rf.9ff0e74bbb46588b551f29c29219026a.jpg...

image 1/1 /home/admin/Documents/FEUP-CV/proj/task2/../datasets/extra-3/data/train/2024-03-28-18-28-05_mp4-0022_jpg.rf.9ff0e74bbb46588b551f29c29219026a.jpg: 640x640 1 pool_table, 7.8ms
Speed: 3.3ms preprocess, 7.8ms inference, 12.3ms postprocess per image at shape (1, 3, 640, 640)
Processing extra-3/data/train/2024-03-28-18-28-05_mp4-0028_jpg.rf.68719324cc557f3fdf4ceccd2c2e90bb.jpg...

image 1/1 /home/admin/Documents/FEUP-CV/proj/task2/../datasets/extra-3/data/train/2024-03-28-18-28-05_mp4-0028_jpg.rf.68719324cc557f3fdf4ceccd2c2e90bb.jpg: 640x640 1 pool_table, 7.8ms
Speed: 3.2ms preprocess, 7.8ms inference, 12.3ms postprocess per image at shape (1, 3, 640, 640)
Processing extra-3/data/train/2024-03-30-11-07-17_mp4-0006_jpg.rf.1e1de81511572135403aaf458aa8e1eb.jpg...

image 1/1 /home/admin/Documents/FEUP-CV/proj/task2/../datasets/extra-3/data/train/2024-03-30-11-07-17_mp4-0006_jpg.rf.1e1de81511572135403aaf458aa8e1eb.jpg: 640x640 1 pool_table, 7.7ms
Speed: 1.5ms preprocess, 7.7ms inference, 12.2ms postprocess per image at shape (1, 3, 640, 640)
Processing extra-3/data/train/20240328_171153_jpg.rf.16d90861562ae09eadf44bda5ebeef08.jpg...

image 1/1 /home/admin/Documents/FEUP-CV/proj/task2/../datasets/extra-3/data/train/20240328_171153_jpg.rf.16d90861562ae09eadf44bda5ebeef08.jpg: 640x640 1 pool_table, 7.7ms
Speed: 3.2ms preprocess, 7.7ms inference, 12.3ms postprocess per image at shape (1, 3, 640, 640)
Processing extra-3/data/train/2024-03-30-11-07-17_mp4-0036_jpg.rf.b8f223f21189a85c6388869b4bd4f6c1.jpg...

image 1/1 /home/admin/Documents/FEUP-CV/proj/task2/../datasets/extra-3/data/train/2024-03-30-11-07-17_mp4-0036_jpg.rf.b8f223f21189a85c6388869b4bd4f6c1.jpg: 640x640 1 pool_table, 7.9ms
Speed: 2.4ms preprocess, 7.9ms inference, 12.4ms postprocess per image at shape (1, 3, 640, 640)
Processing extra-3/data/train/2024-03-28-18-35-18_mp4-0033_jpg.rf.0e06388eed372ba4d76928c4b6b2bb02.jpg...

image 1/1 /home/admin/Documents/FEUP-CV/proj/task2/../datasets/extra-3/data/train/2024-03-28-18-35-18_mp4-0033_jpg.rf.0e06388eed372ba4d76928c4b6b2bb02.jpg: 640x640 1 pool_table, 7.9ms
Speed: 3.2ms preprocess, 7.9ms inference, 12.4ms postprocess per image at shape (1, 3, 640, 640)
Processing extra-3/data/train/2024-03-28-18-28-05_mp4-0039_jpg.rf.6cd6f63eb42158aa0e9934940dd37cef.jpg...

image 1/1 /home/admin/Documents/FEUP-CV/proj/task2/../datasets/extra-3/data/train/2024-03-28-18-28-05_mp4-0039_jpg.rf.6cd6f63eb42158aa0e9934940dd37cef.jpg: 640x640 1 pool_table, 7.8ms
Speed: 3.2ms preprocess, 7.8ms inference, 12.3ms postprocess per image at shape (1, 3, 640, 640)
Processing extra-3/data/train/2024-03-28-15-41-19_mp4-0043_jpg.rf.6e83ce87e127f2ea66d4141d3145647e.jpg...

image 1/1 /home/admin/Documents/FEUP-CV/proj/task2/../datasets/extra-3/data/train/2024-03-28-15-41-19_mp4-0043_jpg.rf.6e83ce87e127f2ea66d4141d3145647e.jpg: 640x640 1 pool_table, 7.8ms
Speed: 1.5ms preprocess, 7.8ms inference, 12.3ms postprocess per image at shape (1, 3, 640, 640)
Processing extra-3/data/train/IMG_20240319_121930_jpg.rf.b4f0023955ded87c3fa8c40826986921.jpg...

image 1/1 /home/admin/Documents/FEUP-CV/proj/task2/../datasets/extra-3/data/train/IMG_20240319_121930_jpg.rf.b4f0023955ded87c3fa8c40826986921.jpg: 640x640 1 pool_table, 7.8ms
Speed: 1.5ms preprocess, 7.8ms inference, 12.3ms postprocess per image at shape (1, 3, 640, 640)
Processing extra-3/data/train/IMG_20240319_122238_jpg.rf.21ac13edd94a12bd1fd393b987e467b0.jpg...

image 1/1 /home/admin/Documents/FEUP-CV/proj/task2/../datasets/extra-3/data/train/IMG_20240319_122238_jpg.rf.21ac13edd94a12bd1fd393b987e467b0.jpg: 640x640 1 pool_table, 7.8ms
Speed: 3.0ms preprocess, 7.8ms inference, 12.3ms postprocess per image at shape (1, 3, 640, 640)
Processing extra-3/data/train/2024-03-30-11-15-02_mp4-0083_jpg.rf.ba966690e2f005a29fe783ab6a9be873.jpg...

image 1/1 /home/admin/Documents/FEUP-CV/proj/task2/../datasets/extra-3/data/train/2024-03-30-11-15-02_mp4-0083_jpg.rf.ba966690e2f005a29fe783ab6a9be873.jpg: 640x640 1 pool_table, 7.7ms
Speed: 3.2ms preprocess, 7.7ms inference, 12.3ms postprocess per image at shape (1, 3, 640, 640)
Processing extra-3/data/train/2024-03-28-18-35-18_mp4-0005_jpg.rf.5e64d9c0cf998e7b6dda8bf3ac5e5bbd.jpg...

image 1/1 /home/admin/Documents/FEUP-CV/proj/task2/../datasets/extra-3/data/train/2024-03-28-18-35-18_mp4-0005_jpg.rf.5e64d9c0cf998e7b6dda8bf3ac5e5bbd.jpg: 640x640 1 pool_table, 7.8ms
Speed: 1.4ms preprocess, 7.8ms inference, 12.3ms postprocess per image at shape (1, 3, 640, 640)
Processing extra-3/data/train/2024-03-30-11-15-02_mp4-0010_jpg.rf.a288a16c7ec9c3e72d3d5728c079afc3.jpg...

image 1/1 /home/admin/Documents/FEUP-CV/proj/task2/../datasets/extra-3/data/train/2024-03-30-11-15-02_mp4-0010_jpg.rf.a288a16c7ec9c3e72d3d5728c079afc3.jpg: 640x640 1 pool_table, 7.7ms
Speed: 1.2ms preprocess, 7.7ms inference, 12.3ms postprocess per image at shape (1, 3, 640, 640)
Processing extra-3/data/train/IMG_20240319_121037_jpg.rf.be9c0acf3707f229720c652338683a2d.jpg...

image 1/1 /home/admin/Documents/FEUP-CV/proj/task2/../datasets/extra-3/data/train/IMG_20240319_121037_jpg.rf.be9c0acf3707f229720c652338683a2d.jpg: 640x640 1 pool_table, 7.7ms
Speed: 1.4ms preprocess, 7.7ms inference, 12.3ms postprocess per image at shape (1, 3, 640, 640)
Processing extra-3/data/train/2024-03-30-11-15-02_mp4-0073_jpg.rf.3f143b43e6113cd30c539b737d927cf6.jpg...

image 1/1 /home/admin/Documents/FEUP-CV/proj/task2/../datasets/extra-3/data/train/2024-03-30-11-15-02_mp4-0073_jpg.rf.3f143b43e6113cd30c539b737d927cf6.jpg: 640x640 1 pool_table, 7.8ms
Speed: 1.5ms preprocess, 7.8ms inference, 12.4ms postprocess per image at shape (1, 3, 640, 640)
Processing extra-3/data/train/2024-03-28-18-35-18_mp4-0010_jpg.rf.bd644314ecc43ad2e0e79576ad00ad48.jpg...

image 1/1 /home/admin/Documents/FEUP-CV/proj/task2/../datasets/extra-3/data/train/2024-03-28-18-35-18_mp4-0010_jpg.rf.bd644314ecc43ad2e0e79576ad00ad48.jpg: 640x640 1 pool_table, 7.9ms
Speed: 1.4ms preprocess, 7.9ms inference, 12.4ms postprocess per image at shape (1, 3, 640, 640)
Processing extra-3/data/train/IMG_20240319_120530_jpg.rf.694b5a19b8636571de1a993edb64b9d0.jpg...

image 1/1 /home/admin/Documents/FEUP-CV/proj/task2/../datasets/extra-3/data/train/IMG_20240319_120530_jpg.rf.694b5a19b8636571de1a993edb64b9d0.jpg: 640x640 1 pool_table, 7.9ms
Speed: 1.4ms preprocess, 7.9ms inference, 12.4ms postprocess per image at shape (1, 3, 640, 640)
Processing extra-3/data/train/2024-03-28-18-28-05_mp4-0028_jpg.rf.cfd1899e12e3554658c4d3ca1aed696b.jpg...

image 1/1 /home/admin/Documents/FEUP-CV/proj/task2/../datasets/extra-3/data/train/2024-03-28-18-28-05_mp4-0028_jpg.rf.cfd1899e12e3554658c4d3ca1aed696b.jpg: 640x640 1 pool_table, 7.9ms
Speed: 1.3ms preprocess, 7.9ms inference, 12.4ms postprocess per image at shape (1, 3, 640, 640)
Processing extra-3/data/train/2024-03-28-15-41-19_mp4-0085_jpg.rf.61281f22d93e23ec3f323e189d55a5fd.jpg...

image 1/1 /home/admin/Documents/FEUP-CV/proj/task2/../datasets/extra-3/data/train/2024-03-28-15-41-19_mp4-0085_jpg.rf.61281f22d93e23ec3f323e189d55a5fd.jpg: 640x640 1 pool_table, 7.8ms
Speed: 1.2ms preprocess, 7.8ms inference, 12.3ms postprocess per image at shape (1, 3, 640, 640)
Processing extra-3/data/train/2024-03-30-11-15-02_mp4-0020_jpg.rf.d75f9215feef9f6b959311e6db335ee5.jpg...

image 1/1 /home/admin/Documents/FEUP-CV/proj/task2/../datasets/extra-3/data/train/2024-03-30-11-15-02_mp4-0020_jpg.rf.d75f9215feef9f6b959311e6db335ee5.jpg: 640x640 1 pool_table, 7.8ms
Speed: 1.7ms preprocess, 7.8ms inference, 12.4ms postprocess per image at shape (1, 3, 640, 640)
Processing extra-3/data/train/IMG_20240319_120600_jpg.rf.10593b912001bd386864ee9f9b8d8f18.jpg...

image 1/1 /home/admin/Documents/FEUP-CV/proj/task2/../datasets/extra-3/data/train/IMG_20240319_120600_jpg.rf.10593b912001bd386864ee9f9b8d8f18.jpg: 640x640 1 pool_table, 7.8ms
Speed: 1.4ms preprocess, 7.8ms inference, 12.3ms postprocess per image at shape (1, 3, 640, 640)
Processing extra-3/data/train/2024-03-30-11-15-02_mp4-0033_jpg.rf.50c96f7b265eb59b80b4d9892243e719.jpg...

image 1/1 /home/admin/Documents/FEUP-CV/proj/task2/../datasets/extra-3/data/train/2024-03-30-11-15-02_mp4-0033_jpg.rf.50c96f7b265eb59b80b4d9892243e719.jpg: 640x640 1 pool_table, 7.7ms
Speed: 3.2ms preprocess, 7.7ms inference, 12.2ms postprocess per image at shape (1, 3, 640, 640)
Processing extra-3/data/train/2024-03-30-11-22-03_mp4-0030_jpg.rf.f3da0475c33e1f4cefb8efeb5dc452a7.jpg...

image 1/1 /home/admin/Documents/FEUP-CV/proj/task2/../datasets/extra-3/data/train/2024-03-30-11-22-03_mp4-0030_jpg.rf.f3da0475c33e1f4cefb8efeb5dc452a7.jpg: 640x640 1 pool_table, 7.7ms
Speed: 3.1ms preprocess, 7.7ms inference, 12.3ms postprocess per image at shape (1, 3, 640, 640)
Processing extra-3/data/train/2024-03-28-18-28-05_mp4-0027_jpg.rf.33e1d0555d329642f0f386bbfaac847c.jpg...

image 1/1 /home/admin/Documents/FEUP-CV/proj/task2/../datasets/extra-3/data/train/2024-03-28-18-28-05_mp4-0027_jpg.rf.33e1d0555d329642f0f386bbfaac847c.jpg: 640x640 1 pool_table, 7.7ms
Speed: 3.0ms preprocess, 7.7ms inference, 12.2ms postprocess per image at shape (1, 3, 640, 640)
Processing extra-3/data/train/2024-03-30-11-07-17_mp4-0055_jpg.rf.81d45dc466135076aedebc0f60fbfc00.jpg...

image 1/1 /home/admin/Documents/FEUP-CV/proj/task2/../datasets/extra-3/data/train/2024-03-30-11-07-17_mp4-0055_jpg.rf.81d45dc466135076aedebc0f60fbfc00.jpg: 640x640 1 pool_table, 7.7ms
Speed: 3.2ms preprocess, 7.7ms inference, 12.3ms postprocess per image at shape (1, 3, 640, 640)
Processing extra-3/data/train/2024-03-30-11-15-02_mp4-0014_jpg.rf.801360b0d549f8d8e7b7ae8329bcc400.jpg...

image 1/1 /home/admin/Documents/FEUP-CV/proj/task2/../datasets/extra-3/data/train/2024-03-30-11-15-02_mp4-0014_jpg.rf.801360b0d549f8d8e7b7ae8329bcc400.jpg: 640x640 1 pool_table, 7.9ms
Speed: 1.5ms preprocess, 7.9ms inference, 12.3ms postprocess per image at shape (1, 3, 640, 640)
Processing extra-3/data/train/IMG_20240319_121837_jpg.rf.790aa21345dd761e17663257ec619913.jpg...

image 1/1 /home/admin/Documents/FEUP-CV/proj/task2/../datasets/extra-3/data/train/IMG_20240319_121837_jpg.rf.790aa21345dd761e17663257ec619913.jpg: 640x640 1 pool_table, 7.9ms
Speed: 3.2ms preprocess, 7.9ms inference, 12.5ms postprocess per image at shape (1, 3, 640, 640)
Processing extra-3/data/train/2024-03-30-11-07-17_mp4-0035_jpg.rf.7ebe42b983347c21c28aee76fda7e189.jpg...

image 1/1 /home/admin/Documents/FEUP-CV/proj/task2/../datasets/extra-3/data/train/2024-03-30-11-07-17_mp4-0035_jpg.rf.7ebe42b983347c21c28aee76fda7e189.jpg: 640x640 1 pool_table, 7.9ms
Speed: 1.3ms preprocess, 7.9ms inference, 12.4ms postprocess per image at shape (1, 3, 640, 640)
Processing extra-3/data/train/2024-03-30-11-22-03_mp4-0046_jpg.rf.c4271ceb6c0b912553a9cf8964332dcc.jpg...

image 1/1 /home/admin/Documents/FEUP-CV/proj/task2/../datasets/extra-3/data/train/2024-03-30-11-22-03_mp4-0046_jpg.rf.c4271ceb6c0b912553a9cf8964332dcc.jpg: 640x640 1 pool_table, 7.8ms
Speed: 3.2ms preprocess, 7.8ms inference, 12.4ms postprocess per image at shape (1, 3, 640, 640)
Processing extra-3/data/train/2024-03-30-11-22-03_mp4-0020_jpg.rf.2f3676ea7e8b9a5b374a8a3203cfb3aa.jpg...

image 1/1 /home/admin/Documents/FEUP-CV/proj/task2/../datasets/extra-3/data/train/2024-03-30-11-22-03_mp4-0020_jpg.rf.2f3676ea7e8b9a5b374a8a3203cfb3aa.jpg: 640x640 1 pool_table, 7.8ms
Speed: 2.6ms preprocess, 7.8ms inference, 12.4ms postprocess per image at shape (1, 3, 640, 640)
Processing extra-3/data/train/IMG_20240319_121920_jpg.rf.f2264b4a24682e9704c16d45d397c78f.jpg...

image 1/1 /home/admin/Documents/FEUP-CV/proj/task2/../datasets/extra-3/data/train/IMG_20240319_121920_jpg.rf.f2264b4a24682e9704c16d45d397c78f.jpg: 640x640 1 pool_table, 7.8ms
Speed: 2.7ms preprocess, 7.8ms inference, 12.2ms postprocess per image at shape (1, 3, 640, 640)
Processing extra-3/data/train/2024-03-28-18-28-05_mp4-0006_jpg.rf.809207b71aaebba95fef048114d99406.jpg...

image 1/1 /home/admin/Documents/FEUP-CV/proj/task2/../datasets/extra-3/data/train/2024-03-28-18-28-05_mp4-0006_jpg.rf.809207b71aaebba95fef048114d99406.jpg: 640x640 1 pool_table, 7.7ms
Speed: 3.1ms preprocess, 7.7ms inference, 12.3ms postprocess per image at shape (1, 3, 640, 640)
Processing extra-3/data/train/2024-03-28-15-41-19_mp4-0051_jpg.rf.ec68c15da14972d5bd7a8d81e2f629e7.jpg...

image 1/1 /home/admin/Documents/FEUP-CV/proj/task2/../datasets/extra-3/data/train/2024-03-28-15-41-19_mp4-0051_jpg.rf.ec68c15da14972d5bd7a8d81e2f629e7.jpg: 640x640 1 pool_table, 4.3ms
Speed: 1.2ms preprocess, 4.3ms inference, 0.8ms postprocess per image at shape (1, 3, 640, 640)
Processing extra-3/data/train/2024-03-30-11-07-17_mp4-0065_jpg.rf.81cae63ce4e5c115a71fb313a4f3ba8f.jpg...

image 1/1 /home/admin/Documents/FEUP-CV/proj/task2/../datasets/extra-3/data/train/2024-03-30-11-07-17_mp4-0065_jpg.rf.81cae63ce4e5c115a71fb313a4f3ba8f.jpg: 640x640 1 pool_table, 7.7ms
Speed: 1.2ms preprocess, 7.7ms inference, 12.3ms postprocess per image at shape (1, 3, 640, 640)
Processing extra-3/data/train/2024-03-28-18-28-05_mp4-0009_jpg.rf.b291da473751ae51bb834c084304a5b0.jpg...

image 1/1 /home/admin/Documents/FEUP-CV/proj/task2/../datasets/extra-3/data/train/2024-03-28-18-28-05_mp4-0009_jpg.rf.b291da473751ae51bb834c084304a5b0.jpg: 640x640 1 pool_table, 7.7ms
Speed: 1.2ms preprocess, 7.7ms inference, 5.9ms postprocess per image at shape (1, 3, 640, 640)
Processing extra-3/data/train/2024-03-30-11-22-03_mp4-0017_jpg.rf.b50902d81d868a73267bb9d875999dc1.jpg...

image 1/1 /home/admin/Documents/FEUP-CV/proj/task2/../datasets/extra-3/data/train/2024-03-30-11-22-03_mp4-0017_jpg.rf.b50902d81d868a73267bb9d875999dc1.jpg: 640x640 1 pool_table, 7.7ms
Speed: 2.5ms preprocess, 7.7ms inference, 12.2ms postprocess per image at shape (1, 3, 640, 640)
Processing extra-3/data/train/2024-03-28-18-28-05_mp4-0010_jpg.rf.3ec78958b82cbb1f170369a47dcb578e.jpg...

image 1/1 /home/admin/Documents/FEUP-CV/proj/task2/../datasets/extra-3/data/train/2024-03-28-18-28-05_mp4-0010_jpg.rf.3ec78958b82cbb1f170369a47dcb578e.jpg: 640x640 1 pool_table, 7.1ms
Speed: 3.1ms preprocess, 7.1ms inference, 1.6ms postprocess per image at shape (1, 3, 640, 640)
Processing extra-3/data/train/2024-03-30-11-07-17_mp4-0037_jpg.rf.fef48b4371c1c8895c5381732fe370f7.jpg...

image 1/1 /home/admin/Documents/FEUP-CV/proj/task2/../datasets/extra-3/data/train/2024-03-30-11-07-17_mp4-0037_jpg.rf.fef48b4371c1c8895c5381732fe370f7.jpg: 640x640 1 pool_table, 7.7ms
Speed: 2.5ms preprocess, 7.7ms inference, 12.1ms postprocess per image at shape (1, 3, 640, 640)
Processing extra-3/data/train/2024-03-30-11-22-03_mp4-0046_jpg.rf.7331408736180fbd7ca13a66280c24fb.jpg...

image 1/1 /home/admin/Documents/FEUP-CV/proj/task2/../datasets/extra-3/data/train/2024-03-30-11-22-03_mp4-0046_jpg.rf.7331408736180fbd7ca13a66280c24fb.jpg: 640x640 1 pool_table, 5.9ms
Speed: 3.0ms preprocess, 5.9ms inference, 1.4ms postprocess per image at shape (1, 3, 640, 640)
Processing extra-3/data/train/2024-03-30-11-22-03_mp4-0045_jpg.rf.dde40c0a3b2fbdceb9bb0a553c67ee61.jpg...

image 1/1 /home/admin/Documents/FEUP-CV/proj/task2/../datasets/extra-3/data/train/2024-03-30-11-22-03_mp4-0045_jpg.rf.dde40c0a3b2fbdceb9bb0a553c67ee61.jpg: 640x640 1 pool_table, 7.4ms
Speed: 3.3ms preprocess, 7.4ms inference, 12.1ms postprocess per image at shape (1, 3, 640, 640)
Processing extra-3/data/train/IMG_20240319_121153_jpg.rf.5c2f3f615c20fdc079d15c61f13cf4a9.jpg...

image 1/1 /home/admin/Documents/FEUP-CV/proj/task2/../datasets/extra-3/data/train/IMG_20240319_121153_jpg.rf.5c2f3f615c20fdc079d15c61f13cf4a9.jpg: 640x640 1 pool_table, 4.3ms
Speed: 1.9ms preprocess, 4.3ms inference, 1.5ms postprocess per image at shape (1, 3, 640, 640)
Processing extra-3/data/train/2024-03-30-11-07-17_mp4-0072_jpg.rf.93d5116e566085e1155eab46849064f3.jpg...

image 1/1 /home/admin/Documents/FEUP-CV/proj/task2/../datasets/extra-3/data/train/2024-03-30-11-07-17_mp4-0072_jpg.rf.93d5116e566085e1155eab46849064f3.jpg: 640x640 1 pool_table, 7.4ms
Speed: 1.9ms preprocess, 7.4ms inference, 12.1ms postprocess per image at shape (1, 3, 640, 640)
Processing extra-3/data/train/IMG_20240319_121816_jpg.rf.dacdf023c7690dead9ad347218218c8c.jpg...

image 1/1 /home/admin/Documents/FEUP-CV/proj/task2/../datasets/extra-3/data/train/IMG_20240319_121816_jpg.rf.dacdf023c7690dead9ad347218218c8c.jpg: 640x640 1 pool_table, 6.5ms
Speed: 1.4ms preprocess, 6.5ms inference, 1.4ms postprocess per image at shape (1, 3, 640, 640)
Processing extra-3/data/train/2024-03-30-11-22-03_mp4-0020_jpg.rf.3942f76382f83a367221a1934e8ca952.jpg...

image 1/1 /home/admin/Documents/FEUP-CV/proj/task2/../datasets/extra-3/data/train/2024-03-30-11-22-03_mp4-0020_jpg.rf.3942f76382f83a367221a1934e8ca952.jpg: 640x640 1 pool_table, 7.5ms
Speed: 1.7ms preprocess, 7.5ms inference, 12.1ms postprocess per image at shape (1, 3, 640, 640)
Processing extra-3/data/train/2024-03-28-15-41-19_mp4-0092_jpg.rf.1f29fdd8197ba023e6ba5dc836824aab.jpg...

image 1/1 /home/admin/Documents/FEUP-CV/proj/task2/../datasets/extra-3/data/train/2024-03-28-15-41-19_mp4-0092_jpg.rf.1f29fdd8197ba023e6ba5dc836824aab.jpg: 640x640 1 pool_table, 4.4ms
Speed: 3.0ms preprocess, 4.4ms inference, 1.4ms postprocess per image at shape (1, 3, 640, 640)
Processing extra-3/data/train/IMG_20240319_121739_jpg.rf.f9eabdec9297f58cdaafa99788ceaf2f.jpg...

image 1/1 /home/admin/Documents/FEUP-CV/proj/task2/../datasets/extra-3/data/train/IMG_20240319_121739_jpg.rf.f9eabdec9297f58cdaafa99788ceaf2f.jpg: 640x640 1 pool_table, 7.5ms
Speed: 1.8ms preprocess, 7.5ms inference, 12.0ms postprocess per image at shape (1, 3, 640, 640)
Processing extra-3/data/train/2024-03-30-11-07-17_mp4-0019_jpg.rf.32a92472f600ee9c98861e9dcba740c3.jpg...

image 1/1 /home/admin/Documents/FEUP-CV/proj/task2/../datasets/extra-3/data/train/2024-03-30-11-07-17_mp4-0019_jpg.rf.32a92472f600ee9c98861e9dcba740c3.jpg: 640x640 1 pool_table, 4.7ms
Speed: 3.2ms preprocess, 4.7ms inference, 1.5ms postprocess per image at shape (1, 3, 640, 640)
Processing extra-3/data/train/2024-03-28-15-41-19_mp4-0014_jpg.rf.e0c0f2e4f507a5a6c49729c3e6f1ca5a.jpg...

image 1/1 /home/admin/Documents/FEUP-CV/proj/task2/../datasets/extra-3/data/train/2024-03-28-15-41-19_mp4-0014_jpg.rf.e0c0f2e4f507a5a6c49729c3e6f1ca5a.jpg: 640x640 1 pool_table, 7.5ms
Speed: 2.2ms preprocess, 7.5ms inference, 12.2ms postprocess per image at shape (1, 3, 640, 640)
Processing extra-3/data/train/2024-03-28-15-41-19_mp4-0049_jpg.rf.b544e21f1c7a36ccf971c79ee4bfa8f2.jpg...

image 1/1 /home/admin/Documents/FEUP-CV/proj/task2/../datasets/extra-3/data/train/2024-03-28-15-41-19_mp4-0049_jpg.rf.b544e21f1c7a36ccf971c79ee4bfa8f2.jpg: 640x640 1 pool_table, 7.6ms
Speed: 1.6ms preprocess, 7.6ms inference, 1.6ms postprocess per image at shape (1, 3, 640, 640)
Processing extra-3/data/train/2024-03-30-11-15-02_mp4-0027_jpg.rf.caa44df24de0a1ed70db9ae1f420609e.jpg...

image 1/1 /home/admin/Documents/FEUP-CV/proj/task2/../datasets/extra-3/data/train/2024-03-30-11-15-02_mp4-0027_jpg.rf.caa44df24de0a1ed70db9ae1f420609e.jpg: 640x640 1 pool_table, 7.5ms
Speed: 2.3ms preprocess, 7.5ms inference, 12.2ms postprocess per image at shape (1, 3, 640, 640)
Processing extra-3/data/train/2024-03-28-18-28-05_mp4-0019_jpg.rf.6b09b941603758c445830c289b5bd16d.jpg...

image 1/1 /home/admin/Documents/FEUP-CV/proj/task2/../datasets/extra-3/data/train/2024-03-28-18-28-05_mp4-0019_jpg.rf.6b09b941603758c445830c289b5bd16d.jpg: 640x640 1 pool_table, 7.5ms
Speed: 1.4ms preprocess, 7.5ms inference, 1.6ms postprocess per image at shape (1, 3, 640, 640)
Processing extra-3/data/train/2024-03-28-18-35-18_mp4-0033_jpg.rf.70fb3fbbf20e77e799418e8ed66c3004.jpg...

image 1/1 /home/admin/Documents/FEUP-CV/proj/task2/../datasets/extra-3/data/train/2024-03-28-18-35-18_mp4-0033_jpg.rf.70fb3fbbf20e77e799418e8ed66c3004.jpg: 640x640 1 pool_table, 7.6ms
Speed: 2.2ms preprocess, 7.6ms inference, 12.1ms postprocess per image at shape (1, 3, 640, 640)
Processing extra-3/data/train/2024-03-28-15-41-19_mp4-0049_jpg.rf.68f8c07f402049872f65227476092739.jpg...

image 1/1 /home/admin/Documents/FEUP-CV/proj/task2/../datasets/extra-3/data/train/2024-03-28-15-41-19_mp4-0049_jpg.rf.68f8c07f402049872f65227476092739.jpg: 640x640 1 pool_table, 7.6ms
Speed: 1.4ms preprocess, 7.6ms inference, 1.5ms postprocess per image at shape (1, 3, 640, 640)
Processing extra-3/data/train/2024-03-30-11-15-02_mp4-0042_jpg.rf.4f1628aa1d083696c878f4c1892e3339.jpg...

image 1/1 /home/admin/Documents/FEUP-CV/proj/task2/../datasets/extra-3/data/train/2024-03-30-11-15-02_mp4-0042_jpg.rf.4f1628aa1d083696c878f4c1892e3339.jpg: 640x640 1 pool_table, 7.5ms
Speed: 2.5ms preprocess, 7.5ms inference, 12.0ms postprocess per image at shape (1, 3, 640, 640)
Processing extra-3/data/train/2024-03-28-18-28-05_mp4-0053_jpg.rf.0dc10940e7a0fe2e56f3463a0e73931a.jpg...

image 1/1 /home/admin/Documents/FEUP-CV/proj/task2/../datasets/extra-3/data/train/2024-03-28-18-28-05_mp4-0053_jpg.rf.0dc10940e7a0fe2e56f3463a0e73931a.jpg: 640x640 1 pool_table, 6.7ms
Speed: 1.5ms preprocess, 6.7ms inference, 1.4ms postprocess per image at shape (1, 3, 640, 640)
Processing extra-3/data/train/2024-03-30-11-15-02_mp4-0072_jpg.rf.3759b2b35351ff1e330e37c175727e68.jpg...

image 1/1 /home/admin/Documents/FEUP-CV/proj/task2/../datasets/extra-3/data/train/2024-03-30-11-15-02_mp4-0072_jpg.rf.3759b2b35351ff1e330e37c175727e68.jpg: 640x640 1 pool_table, 7.4ms
Speed: 2.4ms preprocess, 7.4ms inference, 12.1ms postprocess per image at shape (1, 3, 640, 640)
Processing extra-3/data/train/2024-03-30-11-22-03_mp4-0027_jpg.rf.2cb351218ca296ab3367d8980cf0eeee.jpg...

image 1/1 /home/admin/Documents/FEUP-CV/proj/task2/../datasets/extra-3/data/train/2024-03-30-11-22-03_mp4-0027_jpg.rf.2cb351218ca296ab3367d8980cf0eeee.jpg: 640x640 1 pool_table, 6.7ms
Speed: 1.3ms preprocess, 6.7ms inference, 1.4ms postprocess per image at shape (1, 3, 640, 640)
Processing extra-3/data/train/2024-03-28-18-28-05_mp4-0014_jpg.rf.9ea721c0bd5823621fbab546e954aab2.jpg...

image 1/1 /home/admin/Documents/FEUP-CV/proj/task2/../datasets/extra-3/data/train/2024-03-28-18-28-05_mp4-0014_jpg.rf.9ea721c0bd5823621fbab546e954aab2.jpg: 640x640 1 pool_table, 7.5ms
Speed: 1.7ms preprocess, 7.5ms inference, 12.1ms postprocess per image at shape (1, 3, 640, 640)
Processing extra-3/data/train/2024-03-28-15-41-19_mp4-0089_jpg.rf.27d54cfebebc4d0dd2fdcad75f1db902.jpg...

image 1/1 /home/admin/Documents/FEUP-CV/proj/task2/../datasets/extra-3/data/train/2024-03-28-15-41-19_mp4-0089_jpg.rf.27d54cfebebc4d0dd2fdcad75f1db902.jpg: 640x640 1 pool_table, 4.4ms
Speed: 3.2ms preprocess, 4.4ms inference, 1.4ms postprocess per image at shape (1, 3, 640, 640)
Processing extra-3/data/train/2024-03-30-11-15-02_mp4-0047_jpg.rf.2ddfac941eca94f0401e820742d841cc.jpg...

image 1/1 /home/admin/Documents/FEUP-CV/proj/task2/../datasets/extra-3/data/train/2024-03-30-11-15-02_mp4-0047_jpg.rf.2ddfac941eca94f0401e820742d841cc.jpg: 640x640 1 pool_table, 7.4ms
Speed: 2.4ms preprocess, 7.4ms inference, 12.0ms postprocess per image at shape (1, 3, 640, 640)
Processing extra-3/data/train/20240319_120445_jpg.rf.a87c8b0c2461914991f84bca03084d0c.jpg...

image 1/1 /home/admin/Documents/FEUP-CV/proj/task2/../datasets/extra-3/data/train/20240319_120445_jpg.rf.a87c8b0c2461914991f84bca03084d0c.jpg: 640x640 1 pool_table, 4.4ms
Speed: 3.1ms preprocess, 4.4ms inference, 1.4ms postprocess per image at shape (1, 3, 640, 640)
Processing extra-3/data/train/IMG_20240319_122228_jpg.rf.c7f7f985f7e20068cabc11071641c8cc.jpg...

image 1/1 /home/admin/Documents/FEUP-CV/proj/task2/../datasets/extra-3/data/train/IMG_20240319_122228_jpg.rf.c7f7f985f7e20068cabc11071641c8cc.jpg: 640x640 1 pool_table, 7.5ms
Speed: 2.8ms preprocess, 7.5ms inference, 12.1ms postprocess per image at shape (1, 3, 640, 640)
Processing extra-3/data/train/2024-03-28-15-41-19_mp4-0011_jpg.rf.f14e112051039016c579b5f847889682.jpg...

image 1/1 /home/admin/Documents/FEUP-CV/proj/task2/../datasets/extra-3/data/train/2024-03-28-15-41-19_mp4-0011_jpg.rf.f14e112051039016c579b5f847889682.jpg: 640x640 1 pool_table, 4.2ms
Speed: 2.7ms preprocess, 4.2ms inference, 1.5ms postprocess per image at shape (1, 3, 640, 640)
Processing extra-3/data/train/2024-03-28-15-41-19_mp4-0090_jpg.rf.61f6a95ff0b0cbb2038b903ce0a5d4bd.jpg...

image 1/1 /home/admin/Documents/FEUP-CV/proj/task2/../datasets/extra-3/data/train/2024-03-28-15-41-19_mp4-0090_jpg.rf.61f6a95ff0b0cbb2038b903ce0a5d4bd.jpg: 640x640 1 pool_table, 7.5ms
Speed: 1.9ms preprocess, 7.5ms inference, 12.2ms postprocess per image at shape (1, 3, 640, 640)
Processing extra-3/data/train/2024-03-30-11-07-17_mp4-0034_jpg.rf.c97ef7ff4760e9c8485165dac3fa5e98.jpg...

image 1/1 /home/admin/Documents/FEUP-CV/proj/task2/../datasets/extra-3/data/train/2024-03-30-11-07-17_mp4-0034_jpg.rf.c97ef7ff4760e9c8485165dac3fa5e98.jpg: 640x640 1 pool_table, 7.6ms
Speed: 1.7ms preprocess, 7.6ms inference, 1.5ms postprocess per image at shape (1, 3, 640, 640)
Processing extra-3/data/train/2024-03-30-11-07-17_mp4-0013_jpg.rf.8aeaef66740bae8e5b875c0d667559cf.jpg...

image 1/1 /home/admin/Documents/FEUP-CV/proj/task2/../datasets/extra-3/data/train/2024-03-30-11-07-17_mp4-0013_jpg.rf.8aeaef66740bae8e5b875c0d667559cf.jpg: 640x640 1 pool_table, 7.5ms
Speed: 2.1ms preprocess, 7.5ms inference, 12.1ms postprocess per image at shape (1, 3, 640, 640)
Processing extra-3/data/train/2024-03-30-11-07-17_mp4-0028_jpg.rf.4045e858db36f8f5dcc82142a832a43a.jpg...

image 1/1 /home/admin/Documents/FEUP-CV/proj/task2/../datasets/extra-3/data/train/2024-03-30-11-07-17_mp4-0028_jpg.rf.4045e858db36f8f5dcc82142a832a43a.jpg: 640x640 1 pool_table, 7.5ms
Speed: 1.4ms preprocess, 7.5ms inference, 1.5ms postprocess per image at shape (1, 3, 640, 640)
Processing extra-3/data/train/2024-03-28-18-35-18_mp4-0021_jpg.rf.d2fddd406d9c098f4d40c401ef3f6120.jpg...

image 1/1 /home/admin/Documents/FEUP-CV/proj/task2/../datasets/extra-3/data/train/2024-03-28-18-35-18_mp4-0021_jpg.rf.d2fddd406d9c098f4d40c401ef3f6120.jpg: 640x640 1 pool_table, 7.6ms
Speed: 2.2ms preprocess, 7.6ms inference, 12.2ms postprocess per image at shape (1, 3, 640, 640)
Processing extra-3/data/train/2024-03-30-11-15-02_mp4-0006_jpg.rf.df4e6b239dc472820d88f6a7ab54c4ab.jpg...

image 1/1 /home/admin/Documents/FEUP-CV/proj/task2/../datasets/extra-3/data/train/2024-03-30-11-15-02_mp4-0006_jpg.rf.df4e6b239dc472820d88f6a7ab54c4ab.jpg: 640x640 1 pool_table, 7.2ms
Speed: 1.3ms preprocess, 7.2ms inference, 1.4ms postprocess per image at shape (1, 3, 640, 640)
Processing extra-3/data/train/2024-03-28-18-35-18_mp4-0017_jpg.rf.1c4ca94a7eb37ed7a8ca95c61d84a0ee.jpg...

image 1/1 /home/admin/Documents/FEUP-CV/proj/task2/../datasets/extra-3/data/train/2024-03-28-18-35-18_mp4-0017_jpg.rf.1c4ca94a7eb37ed7a8ca95c61d84a0ee.jpg: 640x640 1 pool_table, 7.4ms
Speed: 2.1ms preprocess, 7.4ms inference, 12.0ms postprocess per image at shape (1, 3, 640, 640)
Processing extra-3/data/train/2024-03-30-11-07-17_mp4-0038_jpg.rf.57106be8e9754b2eb1ec9cd738869a42.jpg...

image 1/1 /home/admin/Documents/FEUP-CV/proj/task2/../datasets/extra-3/data/train/2024-03-30-11-07-17_mp4-0038_jpg.rf.57106be8e9754b2eb1ec9cd738869a42.jpg: 640x640 1 pool_table, 4.4ms
Speed: 3.3ms preprocess, 4.4ms inference, 1.4ms postprocess per image at shape (1, 3, 640, 640)
Processing extra-3/data/train/2024-03-28-15-41-19_mp4-0051_jpg.rf.a75718c9d06fc8d177c2153f9632f32c.jpg...

image 1/1 /home/admin/Documents/FEUP-CV/proj/task2/../datasets/extra-3/data/train/2024-03-28-15-41-19_mp4-0051_jpg.rf.a75718c9d06fc8d177c2153f9632f32c.jpg: 640x640 1 pool_table, 7.4ms
Speed: 1.8ms preprocess, 7.4ms inference, 12.0ms postprocess per image at shape (1, 3, 640, 640)
Processing extra-3/data/train/2024-03-30-11-07-17_mp4-0033_jpg.rf.43ea94c3d335d82f1a2114ef4f4fddd0.jpg...

image 1/1 /home/admin/Documents/FEUP-CV/proj/task2/../datasets/extra-3/data/train/2024-03-30-11-07-17_mp4-0033_jpg.rf.43ea94c3d335d82f1a2114ef4f4fddd0.jpg: 640x640 1 pool_table, 4.5ms
Speed: 3.2ms preprocess, 4.5ms inference, 1.4ms postprocess per image at shape (1, 3, 640, 640)
Processing extra-3/data/train/2024-03-28-15-41-19_mp4-0056_jpg.rf.bf908c9788b2eb53ec2eba2a581e95bc.jpg...

image 1/1 /home/admin/Documents/FEUP-CV/proj/task2/../datasets/extra-3/data/train/2024-03-28-15-41-19_mp4-0056_jpg.rf.bf908c9788b2eb53ec2eba2a581e95bc.jpg: 640x640 1 pool_table, 7.3ms
Speed: 2.2ms preprocess, 7.3ms inference, 12.0ms postprocess per image at shape (1, 3, 640, 640)
Processing extra-3/data/train/2024-03-28-15-41-19_mp4-0080_jpg.rf.e7b722f3a32e93d725b729b59b31745c.jpg...

image 1/1 /home/admin/Documents/FEUP-CV/proj/task2/../datasets/extra-3/data/train/2024-03-28-15-41-19_mp4-0080_jpg.rf.e7b722f3a32e93d725b729b59b31745c.jpg: 640x640 1 pool_table, 5.8ms
Speed: 1.5ms preprocess, 5.8ms inference, 1.4ms postprocess per image at shape (1, 3, 640, 640)
Processing extra-3/data/train/2024-03-30-11-22-03_mp4-0018_jpg.rf.7d60a22fc8a504fbb409d770e85ff2b8.jpg...

image 1/1 /home/admin/Documents/FEUP-CV/proj/task2/../datasets/extra-3/data/train/2024-03-30-11-22-03_mp4-0018_jpg.rf.7d60a22fc8a504fbb409d770e85ff2b8.jpg: 640x640 1 pool_table, 7.3ms
Speed: 2.3ms preprocess, 7.3ms inference, 12.1ms postprocess per image at shape (1, 3, 640, 640)
Processing extra-3/data/train/IMG_20240319_120753_jpg.rf.9d6e50939a6d50456248250f7cc20e55.jpg...

image 1/1 /home/admin/Documents/FEUP-CV/proj/task2/../datasets/extra-3/data/train/IMG_20240319_120753_jpg.rf.9d6e50939a6d50456248250f7cc20e55.jpg: 640x640 1 pool_table, 4.3ms
Speed: 2.7ms preprocess, 4.3ms inference, 1.5ms postprocess per image at shape (1, 3, 640, 640)
Processing extra-3/data/train/20240328_171404_jpg.rf.2d354f1bf6f4975a098616f4bff6821f.jpg...

image 1/1 /home/admin/Documents/FEUP-CV/proj/task2/../datasets/extra-3/data/train/20240328_171404_jpg.rf.2d354f1bf6f4975a098616f4bff6821f.jpg: 640x640 (no detections), 7.6ms
Speed: 2.1ms preprocess, 7.6ms inference, 4.8ms postprocess per image at shape (1, 3, 640, 640)
Processing extra-3/data/train/2024-03-30-11-07-17_mp4-0017_jpg.rf.16d69c7c83b655721f3c2e93639db1f4.jpg...

image 1/1 /home/admin/Documents/FEUP-CV/proj/task2/../datasets/extra-3/data/train/2024-03-30-11-07-17_mp4-0017_jpg.rf.16d69c7c83b655721f3c2e93639db1f4.jpg: 640x640 1 pool_table, 7.6ms
Speed: 2.1ms preprocess, 7.6ms inference, 12.1ms postprocess per image at shape (1, 3, 640, 640)
Processing extra-3/data/train/IMG_20240319_120753_jpg.rf.8e1e066765584d86c6c943f7fda40a65.jpg...

image 1/1 /home/admin/Documents/FEUP-CV/proj/task2/../datasets/extra-3/data/train/IMG_20240319_120753_jpg.rf.8e1e066765584d86c6c943f7fda40a65.jpg: 640x640 1 pool_table, 7.6ms
Speed: 2.3ms preprocess, 7.6ms inference, 12.1ms postprocess per image at shape (1, 3, 640, 640)
Processing extra-3/data/train/2024-03-28-18-35-18_mp4-0022_jpg.rf.aaecffcc15b5354f3fb0798e2bb15cd1.jpg...

image 1/1 /home/admin/Documents/FEUP-CV/proj/task2/../datasets/extra-3/data/train/2024-03-28-18-35-18_mp4-0022_jpg.rf.aaecffcc15b5354f3fb0798e2bb15cd1.jpg: 640x640 1 pool_table, 7.5ms
Speed: 1.3ms preprocess, 7.5ms inference, 1.5ms postprocess per image at shape (1, 3, 640, 640)
Processing extra-3/data/train/2024-03-28-18-35-18_mp4-0008_jpg.rf.d45515bc7c4a8406739866304e666332.jpg...

image 1/1 /home/admin/Documents/FEUP-CV/proj/task2/../datasets/extra-3/data/train/2024-03-28-18-35-18_mp4-0008_jpg.rf.d45515bc7c4a8406739866304e666332.jpg: 640x640 1 pool_table, 7.6ms
Speed: 2.1ms preprocess, 7.6ms inference, 12.2ms postprocess per image at shape (1, 3, 640, 640)
Processing extra-3/data/train/2024-03-30-11-15-02_mp4-0039_jpg.rf.c23313086fe54359bee09660b9659a17.jpg...

image 1/1 /home/admin/Documents/FEUP-CV/proj/task2/../datasets/extra-3/data/train/2024-03-30-11-15-02_mp4-0039_jpg.rf.c23313086fe54359bee09660b9659a17.jpg: 640x640 1 pool_table, 7.6ms
Speed: 1.3ms preprocess, 7.6ms inference, 1.6ms postprocess per image at shape (1, 3, 640, 640)
Processing extra-3/data/train/2024-03-30-11-15-02_mp4-0049_jpg.rf.b0389db55d67ff3011db8caccdd877e5.jpg...

image 1/1 /home/admin/Documents/FEUP-CV/proj/task2/../datasets/extra-3/data/train/2024-03-30-11-15-02_mp4-0049_jpg.rf.b0389db55d67ff3011db8caccdd877e5.jpg: 640x640 1 pool_table, 7.6ms
Speed: 2.4ms preprocess, 7.6ms inference, 12.1ms postprocess per image at shape (1, 3, 640, 640)
Processing extra-3/data/train/2024-03-30-11-07-17_mp4-0057_jpg.rf.82fdd18d3c1f004a5158c863d727cd67.jpg...

image 1/1 /home/admin/Documents/FEUP-CV/proj/task2/../datasets/extra-3/data/train/2024-03-30-11-07-17_mp4-0057_jpg.rf.82fdd18d3c1f004a5158c863d727cd67.jpg: 640x640 2 pool_tables, 5.0ms
Speed: 3.3ms preprocess, 5.0ms inference, 1.4ms postprocess per image at shape (1, 3, 640, 640)
Processing extra-3/data/train/IMG_20240319_120803_jpg.rf.065680f0be551c3f313f276c1a6fa5d8.jpg...

image 1/1 /home/admin/Documents/FEUP-CV/proj/task2/../datasets/extra-3/data/train/IMG_20240319_120803_jpg.rf.065680f0be551c3f313f276c1a6fa5d8.jpg: 640x640 1 pool_table, 7.3ms
Speed: 2.2ms preprocess, 7.3ms inference, 12.0ms postprocess per image at shape (1, 3, 640, 640)
Processing extra-3/data/train/2024-03-28-18-28-05_mp4-0036_jpg.rf.365335999b01a2e21f653814dba0975c.jpg...

image 1/1 /home/admin/Documents/FEUP-CV/proj/task2/../datasets/extra-3/data/train/2024-03-28-18-28-05_mp4-0036_jpg.rf.365335999b01a2e21f653814dba0975c.jpg: 640x640 1 pool_table, 4.1ms
Speed: 3.1ms preprocess, 4.1ms inference, 1.4ms postprocess per image at shape (1, 3, 640, 640)
Processing extra-3/data/train/IMG_20240319_122129_jpg.rf.2698aaf534607159b3f5b059703bbbb6.jpg...

image 1/1 /home/admin/Documents/FEUP-CV/proj/task2/../datasets/extra-3/data/train/IMG_20240319_122129_jpg.rf.2698aaf534607159b3f5b059703bbbb6.jpg: 640x640 1 pool_table, 7.3ms
Speed: 2.1ms preprocess, 7.3ms inference, 12.1ms postprocess per image at shape (1, 3, 640, 640)
Processing extra-3/data/train/2024-03-28-18-35-18_mp4-0034_jpg.rf.5fbc8bbd92119be41b785a01266d3e43.jpg...

image 1/1 /home/admin/Documents/FEUP-CV/proj/task2/../datasets/extra-3/data/train/2024-03-28-18-35-18_mp4-0034_jpg.rf.5fbc8bbd92119be41b785a01266d3e43.jpg: 640x640 1 pool_table, 4.2ms
Speed: 2.7ms preprocess, 4.2ms inference, 1.4ms postprocess per image at shape (1, 3, 640, 640)
Processing extra-3/data/train/2024-03-28-15-41-19_mp4-0073_jpg.rf.867d2c1b09e7226104210dc5c814f3ec.jpg...

image 1/1 /home/admin/Documents/FEUP-CV/proj/task2/../datasets/extra-3/data/train/2024-03-28-15-41-19_mp4-0073_jpg.rf.867d2c1b09e7226104210dc5c814f3ec.jpg: 640x640 1 pool_table, 7.3ms
Speed: 1.9ms preprocess, 7.3ms inference, 12.0ms postprocess per image at shape (1, 3, 640, 640)
Processing extra-3/data/train/2024-03-28-18-28-05_mp4-0025_jpg.rf.85c2e5f6bc6281526cc3aeeef3aec164.jpg...

image 1/1 /home/admin/Documents/FEUP-CV/proj/task2/../datasets/extra-3/data/train/2024-03-28-18-28-05_mp4-0025_jpg.rf.85c2e5f6bc6281526cc3aeeef3aec164.jpg: 640x640 1 pool_table, 5.4ms
Speed: 1.6ms preprocess, 5.4ms inference, 1.4ms postprocess per image at shape (1, 3, 640, 640)
Processing extra-3/data/train/2024-03-28-15-41-19_mp4-0089_jpg.rf.6278d342922287ef53860ce6fade3b5b.jpg...

image 1/1 /home/admin/Documents/FEUP-CV/proj/task2/../datasets/extra-3/data/train/2024-03-28-15-41-19_mp4-0089_jpg.rf.6278d342922287ef53860ce6fade3b5b.jpg: 640x640 1 pool_table, 7.3ms
Speed: 2.3ms preprocess, 7.3ms inference, 12.1ms postprocess per image at shape (1, 3, 640, 640)
Processing extra-3/data/train/2024-03-28-18-35-18_mp4-0019_jpg.rf.008a97cea9d4c98d69995d149a8cf49d.jpg...

image 1/1 /home/admin/Documents/FEUP-CV/proj/task2/../datasets/extra-3/data/train/2024-03-28-18-35-18_mp4-0019_jpg.rf.008a97cea9d4c98d69995d149a8cf49d.jpg: 640x640 1 pool_table, 4.5ms
Speed: 3.3ms preprocess, 4.5ms inference, 1.5ms postprocess per image at shape (1, 3, 640, 640)
Processing extra-3/data/train/2024-03-28-18-28-05_mp4-0046_jpg.rf.4dc5bc7dd54d1ffb44f256f4023cdec4.jpg...

image 1/1 /home/admin/Documents/FEUP-CV/proj/task2/../datasets/extra-3/data/train/2024-03-28-18-28-05_mp4-0046_jpg.rf.4dc5bc7dd54d1ffb44f256f4023cdec4.jpg: 640x640 1 pool_table, 7.5ms
Speed: 2.0ms preprocess, 7.5ms inference, 12.2ms postprocess per image at shape (1, 3, 640, 640)
Processing extra-3/data/train/2024-03-28-18-35-18_mp4-0004_jpg.rf.e9d660ccb9dd70105e3119e6ded2fbc5.jpg...

image 1/1 /home/admin/Documents/FEUP-CV/proj/task2/../datasets/extra-3/data/train/2024-03-28-18-35-18_mp4-0004_jpg.rf.e9d660ccb9dd70105e3119e6ded2fbc5.jpg: 640x640 1 pool_table, 6.0ms
Speed: 3.2ms preprocess, 6.0ms inference, 1.5ms postprocess per image at shape (1, 3, 640, 640)
Processing extra-3/data/train/2024-03-28-15-41-19_mp4-0036_jpg.rf.1a017d1a9b39679a3d370fb123a8a82d.jpg...

image 1/1 /home/admin/Documents/FEUP-CV/proj/task2/../datasets/extra-3/data/train/2024-03-28-15-41-19_mp4-0036_jpg.rf.1a017d1a9b39679a3d370fb123a8a82d.jpg: 640x640 1 pool_table, 7.6ms
Speed: 2.0ms preprocess, 7.6ms inference, 12.1ms postprocess per image at shape (1, 3, 640, 640)
Processing extra-3/data/train/2024-03-28-15-41-19_mp4-0093_jpg.rf.c4d6f663edede14d5e246a49b93cf11b.jpg...

image 1/1 /home/admin/Documents/FEUP-CV/proj/task2/../datasets/extra-3/data/train/2024-03-28-15-41-19_mp4-0093_jpg.rf.c4d6f663edede14d5e246a49b93cf11b.jpg: 640x640 1 pool_table, 7.6ms
Speed: 1.5ms preprocess, 7.6ms inference, 1.9ms postprocess per image at shape (1, 3, 640, 640)
Processing extra-3/data/train/IMG_20240319_120712_jpg.rf.599b6777961aed48159cb167aa190748.jpg...

image 1/1 /home/admin/Documents/FEUP-CV/proj/task2/../datasets/extra-3/data/train/IMG_20240319_120712_jpg.rf.599b6777961aed48159cb167aa190748.jpg: 640x640 1 pool_table, 7.6ms
Speed: 1.9ms preprocess, 7.6ms inference, 12.1ms postprocess per image at shape (1, 3, 640, 640)
Processing extra-3/data/train/IMG_20240319_121150_jpg.rf.156a42a43340e2c10395053545965b81.jpg...

image 1/1 /home/admin/Documents/FEUP-CV/proj/task2/../datasets/extra-3/data/train/IMG_20240319_121150_jpg.rf.156a42a43340e2c10395053545965b81.jpg: 640x640 1 pool_table, 7.6ms
Speed: 1.4ms preprocess, 7.6ms inference, 1.7ms postprocess per image at shape (1, 3, 640, 640)
Processing extra-3/data/train/2024-03-30-11-15-02_mp4-0042_jpg.rf.9aa6faebf07a5263122b61b76ff6c69c.jpg...

image 1/1 /home/admin/Documents/FEUP-CV/proj/task2/../datasets/extra-3/data/train/2024-03-30-11-15-02_mp4-0042_jpg.rf.9aa6faebf07a5263122b61b76ff6c69c.jpg: 640x640 1 pool_table, 7.6ms
Speed: 1.6ms preprocess, 7.6ms inference, 12.1ms postprocess per image at shape (1, 3, 640, 640)
Processing extra-3/data/train/20240328_171155_jpg.rf.7dca133384bdb55a502550ff9b051dfd.jpg...

image 1/1 /home/admin/Documents/FEUP-CV/proj/task2/../datasets/extra-3/data/train/20240328_171155_jpg.rf.7dca133384bdb55a502550ff9b051dfd.jpg: 640x640 2 pool_tables, 4.5ms
Speed: 3.0ms preprocess, 4.5ms inference, 1.4ms postprocess per image at shape (1, 3, 640, 640)
Processing extra-3/data/train/20240328_171411_jpg.rf.f2fed10c683178b423b9a1cbdd60b64b.jpg...

image 1/1 /home/admin/Documents/FEUP-CV/proj/task2/../datasets/extra-3/data/train/20240328_171411_jpg.rf.f2fed10c683178b423b9a1cbdd60b64b.jpg: 640x640 1 pool_table, 7.3ms
Speed: 3.1ms preprocess, 7.3ms inference, 12.1ms postprocess per image at shape (1, 3, 640, 640)
Processing extra-3/data/train/2024-03-28-18-35-18_mp4-0030_jpg.rf.b5b2a38928802b4b26ac05169e0b74e5.jpg...

image 1/1 /home/admin/Documents/FEUP-CV/proj/task2/../datasets/extra-3/data/train/2024-03-28-18-35-18_mp4-0030_jpg.rf.b5b2a38928802b4b26ac05169e0b74e5.jpg: 640x640 1 pool_table, 4.2ms
Speed: 1.2ms preprocess, 4.2ms inference, 1.4ms postprocess per image at shape (1, 3, 640, 640)
Processing extra-3/data/train/2024-03-30-11-15-02_mp4-0015_jpg.rf.fbadc2c686e6bef46fd0c6d1bf115870.jpg...

image 1/1 /home/admin/Documents/FEUP-CV/proj/task2/../datasets/extra-3/data/train/2024-03-30-11-15-02_mp4-0015_jpg.rf.fbadc2c686e6bef46fd0c6d1bf115870.jpg: 640x640 1 pool_table, 7.3ms
Speed: 1.4ms preprocess, 7.3ms inference, 12.1ms postprocess per image at shape (1, 3, 640, 640)
Processing extra-3/data/train/IMG_20240319_121516_jpg.rf.d7c57e65179eddc7890e7fe682b090b0.jpg...

image 1/1 /home/admin/Documents/FEUP-CV/proj/task2/../datasets/extra-3/data/train/IMG_20240319_121516_jpg.rf.d7c57e65179eddc7890e7fe682b090b0.jpg: 640x640 1 pool_table, 4.5ms
Speed: 3.3ms preprocess, 4.5ms inference, 1.4ms postprocess per image at shape (1, 3, 640, 640)
Processing extra-3/data/train/2024-03-30-11-15-02_mp4-0015_jpg.rf.46aa5b3f18a5d0669cf8f6f9cba99c98.jpg...

image 1/1 /home/admin/Documents/FEUP-CV/proj/task2/../datasets/extra-3/data/train/2024-03-30-11-15-02_mp4-0015_jpg.rf.46aa5b3f18a5d0669cf8f6f9cba99c98.jpg: 640x640 1 pool_table, 7.3ms
Speed: 1.5ms preprocess, 7.3ms inference, 12.0ms postprocess per image at shape (1, 3, 640, 640)
Processing extra-3/data/train/2024-03-30-11-15-02_mp4-0063_jpg.rf.989826ed63504d14a7ff757d7558a422.jpg...

image 1/1 /home/admin/Documents/FEUP-CV/proj/task2/../datasets/extra-3/data/train/2024-03-30-11-15-02_mp4-0063_jpg.rf.989826ed63504d14a7ff757d7558a422.jpg: 640x640 1 pool_table, 5.2ms
Speed: 1.3ms preprocess, 5.2ms inference, 1.4ms postprocess per image at shape (1, 3, 640, 640)
Processing extra-3/data/train/2024-03-30-11-22-03_mp4-0025_jpg.rf.e8925b7f62fc57465768dcad45e4998f.jpg...

image 1/1 /home/admin/Documents/FEUP-CV/proj/task2/../datasets/extra-3/data/train/2024-03-30-11-22-03_mp4-0025_jpg.rf.e8925b7f62fc57465768dcad45e4998f.jpg: 640x640 1 pool_table, 7.3ms
Speed: 1.8ms preprocess, 7.3ms inference, 12.1ms postprocess per image at shape (1, 3, 640, 640)
Processing extra-3/data/train/2024-03-30-11-15-02_mp4-0020_jpg.rf.567c8e1961ae8acd467c66e0bd688eea.jpg...

image 1/1 /home/admin/Documents/FEUP-CV/proj/task2/../datasets/extra-3/data/train/2024-03-30-11-15-02_mp4-0020_jpg.rf.567c8e1961ae8acd467c66e0bd688eea.jpg: 640x640 1 pool_table, 4.4ms
Speed: 3.2ms preprocess, 4.4ms inference, 1.5ms postprocess per image at shape (1, 3, 640, 640)
Processing extra-3/data/train/2024-03-28-18-35-18_mp4-0009_jpg.rf.0c3daeb926fe160b32ce7a9b2fbb22fe.jpg...

image 1/1 /home/admin/Documents/FEUP-CV/proj/task2/../datasets/extra-3/data/train/2024-03-28-18-35-18_mp4-0009_jpg.rf.0c3daeb926fe160b32ce7a9b2fbb22fe.jpg: 640x640 1 pool_table, 7.6ms
Speed: 1.8ms preprocess, 7.6ms inference, 12.2ms postprocess per image at shape (1, 3, 640, 640)
Processing extra-3/data/train/2024-03-28-18-35-18_mp4-0019_jpg.rf.270947915c7101659bac7eecfb489305.jpg...

image 1/1 /home/admin/Documents/FEUP-CV/proj/task2/../datasets/extra-3/data/train/2024-03-28-18-35-18_mp4-0019_jpg.rf.270947915c7101659bac7eecfb489305.jpg: 640x640 1 pool_table, 7.6ms
Speed: 1.3ms preprocess, 7.6ms inference, 1.6ms postprocess per image at shape (1, 3, 640, 640)
Processing extra-3/data/train/2024-03-28-18-28-05_mp4-0047_jpg.rf.63632dc85969876fad694de590bcfe06.jpg...

image 1/1 /home/admin/Documents/FEUP-CV/proj/task2/../datasets/extra-3/data/train/2024-03-28-18-28-05_mp4-0047_jpg.rf.63632dc85969876fad694de590bcfe06.jpg: 640x640 1 pool_table, 7.5ms
Speed: 2.3ms preprocess, 7.5ms inference, 12.2ms postprocess per image at shape (1, 3, 640, 640)
Processing extra-3/data/train/2024-03-30-11-22-03_mp4-0039_jpg.rf.84aafe509cd208646167a88ae56a15e4.jpg...

image 1/1 /home/admin/Documents/FEUP-CV/proj/task2/../datasets/extra-3/data/train/2024-03-30-11-22-03_mp4-0039_jpg.rf.84aafe509cd208646167a88ae56a15e4.jpg: 640x640 1 pool_table, 7.0ms
Speed: 1.5ms preprocess, 7.0ms inference, 1.5ms postprocess per image at shape (1, 3, 640, 640)
Processing extra-3/data/train/2024-03-30-11-15-02_mp4-0081_jpg.rf.bf93ffa1bef5cd880b5642e98b8f5c21.jpg...

image 1/1 /home/admin/Documents/FEUP-CV/proj/task2/../datasets/extra-3/data/train/2024-03-30-11-15-02_mp4-0081_jpg.rf.bf93ffa1bef5cd880b5642e98b8f5c21.jpg: 640x640 1 pool_table, 7.5ms
Speed: 1.6ms preprocess, 7.5ms inference, 12.1ms postprocess per image at shape (1, 3, 640, 640)
Processing extra-3/data/train/IMG_20240319_121837_jpg.rf.a69a75bd2c3124c2ce4ebfed9e7d30e2.jpg...

image 1/1 /home/admin/Documents/FEUP-CV/proj/task2/../datasets/extra-3/data/train/IMG_20240319_121837_jpg.rf.a69a75bd2c3124c2ce4ebfed9e7d30e2.jpg: 640x640 1 pool_table, 4.8ms
Speed: 3.0ms preprocess, 4.8ms inference, 1.5ms postprocess per image at shape (1, 3, 640, 640)
Processing extra-3/data/train/2024-03-30-11-07-17_mp4-0018_jpg.rf.3c3b6421bc85b607d1bf76fafd3c5483.jpg...

image 1/1 /home/admin/Documents/FEUP-CV/proj/task2/../datasets/extra-3/data/train/2024-03-30-11-07-17_mp4-0018_jpg.rf.3c3b6421bc85b607d1bf76fafd3c5483.jpg: 640x640 1 pool_table, 7.5ms
Speed: 1.8ms preprocess, 7.5ms inference, 12.1ms postprocess per image at shape (1, 3, 640, 640)
Processing extra-3/data/train/2024-03-28-15-41-19_mp4-0032_jpg.rf.20b28d8dc7d24c4a14f30adc36d04a3a.jpg...

image 1/1 /home/admin/Documents/FEUP-CV/proj/task2/../datasets/extra-3/data/train/2024-03-28-15-41-19_mp4-0032_jpg.rf.20b28d8dc7d24c4a14f30adc36d04a3a.jpg: 640x640 1 pool_table, 6.5ms
Speed: 1.4ms preprocess, 6.5ms inference, 1.4ms postprocess per image at shape (1, 3, 640, 640)
Processing extra-3/data/train/2024-03-28-18-28-05_mp4-0052_jpg.rf.89c8f89bc2ddd50e1ae90fd26e0999c2.jpg...

image 1/1 /home/admin/Documents/FEUP-CV/proj/task2/../datasets/extra-3/data/train/2024-03-28-18-28-05_mp4-0052_jpg.rf.89c8f89bc2ddd50e1ae90fd26e0999c2.jpg: 640x640 1 pool_table, 7.4ms
Speed: 1.9ms preprocess, 7.4ms inference, 12.0ms postprocess per image at shape (1, 3, 640, 640)
Processing extra-3/data/train/2024-03-30-11-22-03_mp4-0032_jpg.rf.2b86703e3bba3a09408533cdc8d89d9e.jpg...

image 1/1 /home/admin/Documents/FEUP-CV/proj/task2/../datasets/extra-3/data/train/2024-03-30-11-22-03_mp4-0032_jpg.rf.2b86703e3bba3a09408533cdc8d89d9e.jpg: 640x640 1 pool_table, 4.3ms
Speed: 3.0ms preprocess, 4.3ms inference, 1.4ms postprocess per image at shape (1, 3, 640, 640)
Processing extra-3/data/train/2024-03-30-11-15-02_mp4-0007_jpg.rf.e4b25679efa09eee97ff32c9da8c2487.jpg...

image 1/1 /home/admin/Documents/FEUP-CV/proj/task2/../datasets/extra-3/data/train/2024-03-30-11-15-02_mp4-0007_jpg.rf.e4b25679efa09eee97ff32c9da8c2487.jpg: 640x640 1 pool_table, 7.4ms
Speed: 1.5ms preprocess, 7.4ms inference, 12.1ms postprocess per image at shape (1, 3, 640, 640)
Processing extra-3/data/train/2024-03-30-11-22-03_mp4-0020_jpg.rf.31f1d34692ce110f7088cc18ad52f14b.jpg...

image 1/1 /home/admin/Documents/FEUP-CV/proj/task2/../datasets/extra-3/data/train/2024-03-30-11-22-03_mp4-0020_jpg.rf.31f1d34692ce110f7088cc18ad52f14b.jpg: 640x640 1 pool_table, 6.5ms
Speed: 1.3ms preprocess, 6.5ms inference, 1.4ms postprocess per image at shape (1, 3, 640, 640)
Processing extra-3/data/train/2024-03-30-11-07-17_mp4-0010_jpg.rf.c7e9fa1c0dec4ef2477729669c164cbe.jpg...

image 1/1 /home/admin/Documents/FEUP-CV/proj/task2/../datasets/extra-3/data/train/2024-03-30-11-07-17_mp4-0010_jpg.rf.c7e9fa1c0dec4ef2477729669c164cbe.jpg: 640x640 1 pool_table, 7.4ms
Speed: 1.5ms preprocess, 7.4ms inference, 12.1ms postprocess per image at shape (1, 3, 640, 640)
Processing extra-3/data/train/IMG_20240319_121827_jpg.rf.5269e0a7589592e154f15183511fd834.jpg...

image 1/1 /home/admin/Documents/FEUP-CV/proj/task2/../datasets/extra-3/data/train/IMG_20240319_121827_jpg.rf.5269e0a7589592e154f15183511fd834.jpg: 640x640 1 pool_table, 6.2ms
Speed: 1.3ms preprocess, 6.2ms inference, 1.4ms postprocess per image at shape (1, 3, 640, 640)
Processing extra-3/data/train/2024-03-28-15-41-19_mp4-0055_jpg.rf.b6d15569aa4f775cacd925e0c5688ca7.jpg...

image 1/1 /home/admin/Documents/FEUP-CV/proj/task2/../datasets/extra-3/data/train/2024-03-28-15-41-19_mp4-0055_jpg.rf.b6d15569aa4f775cacd925e0c5688ca7.jpg: 640x640 1 pool_table, 7.3ms
Speed: 1.9ms preprocess, 7.3ms inference, 12.1ms postprocess per image at shape (1, 3, 640, 640)
Processing extra-3/data/train/2024-03-28-15-41-19_mp4-0013_jpg.rf.2a0f755d7f63254876c9f465edc25f40.jpg...

image 1/1 /home/admin/Documents/FEUP-CV/proj/task2/../datasets/extra-3/data/train/2024-03-28-15-41-19_mp4-0013_jpg.rf.2a0f755d7f63254876c9f465edc25f40.jpg: 640x640 1 pool_table, 4.4ms
Speed: 3.3ms preprocess, 4.4ms inference, 1.4ms postprocess per image at shape (1, 3, 640, 640)
Processing extra-3/data/train/20240328_171453_jpg.rf.13c7d5b8a8e5663cd490064c1a2a6fe6.jpg...

image 1/1 /home/admin/Documents/FEUP-CV/proj/task2/../datasets/extra-3/data/train/20240328_171453_jpg.rf.13c7d5b8a8e5663cd490064c1a2a6fe6.jpg: 640x640 1 pool_table, 7.5ms
Speed: 1.8ms preprocess, 7.5ms inference, 12.2ms postprocess per image at shape (1, 3, 640, 640)
Processing extra-3/data/train/2024-03-30-11-07-17_mp4-0036_jpg.rf.bc10af51f87d5036d6a32f78bcd1d840.jpg...

image 1/1 /home/admin/Documents/FEUP-CV/proj/task2/../datasets/extra-3/data/train/2024-03-30-11-07-17_mp4-0036_jpg.rf.bc10af51f87d5036d6a32f78bcd1d840.jpg: 640x640 1 pool_table, 4.9ms
Speed: 2.9ms preprocess, 4.9ms inference, 1.4ms postprocess per image at shape (1, 3, 640, 640)
Processing extra-3/data/train/2024-03-30-11-22-03_mp4-0032_jpg.rf.6817bd6f5b0471388ae12119202e1b5e.jpg...

image 1/1 /home/admin/Documents/FEUP-CV/proj/task2/../datasets/extra-3/data/train/2024-03-30-11-22-03_mp4-0032_jpg.rf.6817bd6f5b0471388ae12119202e1b5e.jpg: 640x640 1 pool_table, 7.5ms
Speed: 2.0ms preprocess, 7.5ms inference, 12.1ms postprocess per image at shape (1, 3, 640, 640)
Processing extra-3/data/train/2024-03-30-11-07-17_mp4-0012_jpg.rf.366af486ec74e8f09bd6bfa2311738d8.jpg...

image 1/1 /home/admin/Documents/FEUP-CV/proj/task2/../datasets/extra-3/data/train/2024-03-30-11-07-17_mp4-0012_jpg.rf.366af486ec74e8f09bd6bfa2311738d8.jpg: 640x640 1 pool_table, 4.7ms
Speed: 2.9ms preprocess, 4.7ms inference, 1.4ms postprocess per image at shape (1, 3, 640, 640)
Processing extra-3/data/train/2024-03-30-11-22-03_mp4-0036_jpg.rf.7ed95476fb1efe14f86176118fd9448f.jpg...

image 1/1 /home/admin/Documents/FEUP-CV/proj/task2/../datasets/extra-3/data/train/2024-03-30-11-22-03_mp4-0036_jpg.rf.7ed95476fb1efe14f86176118fd9448f.jpg: 640x640 1 pool_table, 7.5ms
Speed: 1.7ms preprocess, 7.5ms inference, 12.1ms postprocess per image at shape (1, 3, 640, 640)
Processing extra-3/data/train/2024-03-30-11-07-17_mp4-0007_jpg.rf.372bb8235bd149c76f407284a406a9ee.jpg...

image 1/1 /home/admin/Documents/FEUP-CV/proj/task2/../datasets/extra-3/data/train/2024-03-30-11-07-17_mp4-0007_jpg.rf.372bb8235bd149c76f407284a406a9ee.jpg: 640x640 1 pool_table, 4.7ms
Speed: 2.5ms preprocess, 4.7ms inference, 1.4ms postprocess per image at shape (1, 3, 640, 640)
Processing extra-3/data/train/2024-03-30-11-15-02_mp4-0078_jpg.rf.3fb5ee58941ef9d51643ad4bf6855f54.jpg...

image 1/1 /home/admin/Documents/FEUP-CV/proj/task2/../datasets/extra-3/data/train/2024-03-30-11-15-02_mp4-0078_jpg.rf.3fb5ee58941ef9d51643ad4bf6855f54.jpg: 640x640 1 pool_table, 7.4ms
Speed: 2.1ms preprocess, 7.4ms inference, 12.1ms postprocess per image at shape (1, 3, 640, 640)
Processing extra-3/data/train/2024-03-30-11-07-17_mp4-0044_jpg.rf.ab2021316bae2a8c61e9ffcb1cceec38.jpg...

image 1/1 /home/admin/Documents/FEUP-CV/proj/task2/../datasets/extra-3/data/train/2024-03-30-11-07-17_mp4-0044_jpg.rf.ab2021316bae2a8c61e9ffcb1cceec38.jpg: 640x640 1 pool_table, 6.5ms
Speed: 1.4ms preprocess, 6.5ms inference, 1.4ms postprocess per image at shape (1, 3, 640, 640)
Processing extra-3/data/train/2024-03-30-11-15-02_mp4-0010_jpg.rf.09860c0f527de1ec5d895f028076f272.jpg...

image 1/1 /home/admin/Documents/FEUP-CV/proj/task2/../datasets/extra-3/data/train/2024-03-30-11-15-02_mp4-0010_jpg.rf.09860c0f527de1ec5d895f028076f272.jpg: 640x640 1 pool_table, 7.4ms
Speed: 2.1ms preprocess, 7.4ms inference, 12.0ms postprocess per image at shape (1, 3, 640, 640)
Processing extra-3/data/train/2024-03-28-15-41-19_mp4-0035_jpg.rf.d9a49b9a84876bc053660d142e6a58ed.jpg...

image 1/1 /home/admin/Documents/FEUP-CV/proj/task2/../datasets/extra-3/data/train/2024-03-28-15-41-19_mp4-0035_jpg.rf.d9a49b9a84876bc053660d142e6a58ed.jpg: 640x640 1 pool_table, 4.6ms
Speed: 3.2ms preprocess, 4.6ms inference, 1.4ms postprocess per image at shape (1, 3, 640, 640)
Processing extra-3/data/train/2024-03-28-18-35-18_mp4-0028_jpg.rf.54c51b04d63072ae2e2f71ac949acba0.jpg...

image 1/1 /home/admin/Documents/FEUP-CV/proj/task2/../datasets/extra-3/data/train/2024-03-28-18-35-18_mp4-0028_jpg.rf.54c51b04d63072ae2e2f71ac949acba0.jpg: 640x640 1 pool_table, 7.4ms
Speed: 2.0ms preprocess, 7.4ms inference, 12.0ms postprocess per image at shape (1, 3, 640, 640)
Processing extra-3/data/train/20240328_171450_jpg.rf.07ab6eb3efb54b894bc1577374918ce6.jpg...

image 1/1 /home/admin/Documents/FEUP-CV/proj/task2/../datasets/extra-3/data/train/20240328_171450_jpg.rf.07ab6eb3efb54b894bc1577374918ce6.jpg: 640x640 1 pool_table, 4.2ms
Speed: 3.1ms preprocess, 4.2ms inference, 1.4ms postprocess per image at shape (1, 3, 640, 640)
Processing extra-3/data/train/IMG_20240319_121816_jpg.rf.49dc276fe1baf1afd5ae7a7009e6751d.jpg...

image 1/1 /home/admin/Documents/FEUP-CV/proj/task2/../datasets/extra-3/data/train/IMG_20240319_121816_jpg.rf.49dc276fe1baf1afd5ae7a7009e6751d.jpg: 640x640 1 pool_table, 7.4ms
Speed: 1.5ms preprocess, 7.4ms inference, 12.1ms postprocess per image at shape (1, 3, 640, 640)
Processing extra-3/data/train/2024-03-30-11-22-03_mp4-0025_jpg.rf.f2867858be36e10b381994dff00bd1c3.jpg...

image 1/1 /home/admin/Documents/FEUP-CV/proj/task2/../datasets/extra-3/data/train/2024-03-30-11-22-03_mp4-0025_jpg.rf.f2867858be36e10b381994dff00bd1c3.jpg: 640x640 1 pool_table, 4.2ms
Speed: 3.3ms preprocess, 4.2ms inference, 1.4ms postprocess per image at shape (1, 3, 640, 640)
Processing extra-3/data/train/2024-03-28-18-35-18_mp4-0034_jpg.rf.4fd8733755c495e2bcd17eeca90e081b.jpg...

image 1/1 /home/admin/Documents/FEUP-CV/proj/task2/../datasets/extra-3/data/train/2024-03-28-18-35-18_mp4-0034_jpg.rf.4fd8733755c495e2bcd17eeca90e081b.jpg: 640x640 1 pool_table, 7.4ms
Speed: 1.5ms preprocess, 7.4ms inference, 12.1ms postprocess per image at shape (1, 3, 640, 640)
Processing extra-3/data/train/2024-03-30-11-15-02_mp4-0054_jpg.rf.fe1b2969c2274445d96d6a4c4b703e3c.jpg...

image 1/1 /home/admin/Documents/FEUP-CV/proj/task2/../datasets/extra-3/data/train/2024-03-30-11-15-02_mp4-0054_jpg.rf.fe1b2969c2274445d96d6a4c4b703e3c.jpg: 640x640 1 pool_table, 6.7ms
Speed: 1.4ms preprocess, 6.7ms inference, 1.4ms postprocess per image at shape (1, 3, 640, 640)
Processing extra-3/data/train/2024-03-30-11-15-02_mp4-0056_jpg.rf.0ae2738a521ccfe0ae75f18e4af1d886.jpg...

image 1/1 /home/admin/Documents/FEUP-CV/proj/task2/../datasets/extra-3/data/train/2024-03-30-11-15-02_mp4-0056_jpg.rf.0ae2738a521ccfe0ae75f18e4af1d886.jpg: 640x640 1 pool_table, 7.5ms
Speed: 2.3ms preprocess, 7.5ms inference, 12.1ms postprocess per image at shape (1, 3, 640, 640)
Processing extra-3/data/train/IMG_20240319_121755_jpg.rf.ea93ba90e888c12d5d2be6f24f37959b.jpg...

image 1/1 /home/admin/Documents/FEUP-CV/proj/task2/../datasets/extra-3/data/train/IMG_20240319_121755_jpg.rf.ea93ba90e888c12d5d2be6f24f37959b.jpg: 640x640 1 pool_table, 4.4ms
Speed: 3.2ms preprocess, 4.4ms inference, 1.4ms postprocess per image at shape (1, 3, 640, 640)
Processing extra-3/data/train/2024-03-28-18-35-18_mp4-0009_jpg.rf.c2ee538246f89b1b126ae55292b74491.jpg...

image 1/1 /home/admin/Documents/FEUP-CV/proj/task2/../datasets/extra-3/data/train/2024-03-28-18-35-18_mp4-0009_jpg.rf.c2ee538246f89b1b126ae55292b74491.jpg: 640x640 1 pool_table, 7.4ms
Speed: 1.8ms preprocess, 7.4ms inference, 12.1ms postprocess per image at shape (1, 3, 640, 640)
Processing extra-3/data/train/2024-03-28-18-28-05_mp4-0014_jpg.rf.5f303104704c316a102183d9b13d6110.jpg...

image 1/1 /home/admin/Documents/FEUP-CV/proj/task2/../datasets/extra-3/data/train/2024-03-28-18-28-05_mp4-0014_jpg.rf.5f303104704c316a102183d9b13d6110.jpg: 640x640 1 pool_table, 4.6ms
Speed: 2.9ms preprocess, 4.6ms inference, 1.4ms postprocess per image at shape (1, 3, 640, 640)
Processing extra-3/data/train/2024-03-30-11-07-17_mp4-0046_jpg.rf.cdb5c51e1414a59b5a70aa886174c157.jpg...

image 1/1 /home/admin/Documents/FEUP-CV/proj/task2/../datasets/extra-3/data/train/2024-03-30-11-07-17_mp4-0046_jpg.rf.cdb5c51e1414a59b5a70aa886174c157.jpg: 640x640 1 pool_table, 7.5ms
Speed: 2.6ms preprocess, 7.5ms inference, 12.1ms postprocess per image at shape (1, 3, 640, 640)
Processing extra-3/data/train/2024-03-30-11-07-17_mp4-0017_jpg.rf.fd382888d91b9d195f612eda519fd752.jpg...

image 1/1 /home/admin/Documents/FEUP-CV/proj/task2/../datasets/extra-3/data/train/2024-03-30-11-07-17_mp4-0017_jpg.rf.fd382888d91b9d195f612eda519fd752.jpg: 640x640 1 pool_table, 6.8ms
Speed: 1.5ms preprocess, 6.8ms inference, 1.4ms postprocess per image at shape (1, 3, 640, 640)
Processing extra-3/data/train/20240328_171147_jpg.rf.18bed3e2149feb6e95efca079b06b69a.jpg...

image 1/1 /home/admin/Documents/FEUP-CV/proj/task2/../datasets/extra-3/data/train/20240328_171147_jpg.rf.18bed3e2149feb6e95efca079b06b69a.jpg: 640x640 1 pool_table, 7.4ms
Speed: 2.1ms preprocess, 7.4ms inference, 12.1ms postprocess per image at shape (1, 3, 640, 640)
Processing extra-3/data/train/2024-03-30-11-15-02_mp4-0071_jpg.rf.6f2f8d587360e835611739de3397a7a1.jpg...

image 1/1 /home/admin/Documents/FEUP-CV/proj/task2/../datasets/extra-3/data/train/2024-03-30-11-15-02_mp4-0071_jpg.rf.6f2f8d587360e835611739de3397a7a1.jpg: 640x640 1 pool_table, 4.1ms
Speed: 3.0ms preprocess, 4.1ms inference, 1.4ms postprocess per image at shape (1, 3, 640, 640)
Processing extra-3/data/train/2024-03-30-11-15-02_mp4-0006_jpg.rf.d4a9f823236dc2de407810a12bac9a22.jpg...

image 1/1 /home/admin/Documents/FEUP-CV/proj/task2/../datasets/extra-3/data/train/2024-03-30-11-15-02_mp4-0006_jpg.rf.d4a9f823236dc2de407810a12bac9a22.jpg: 640x640 1 pool_table, 7.4ms
Speed: 2.2ms preprocess, 7.4ms inference, 12.0ms postprocess per image at shape (1, 3, 640, 640)
Processing extra-3/data/train/2024-03-28-15-41-19_mp4-0025_jpg.rf.721ced78c937d459a45aedd4b8b95d03.jpg...

image 1/1 /home/admin/Documents/FEUP-CV/proj/task2/../datasets/extra-3/data/train/2024-03-28-15-41-19_mp4-0025_jpg.rf.721ced78c937d459a45aedd4b8b95d03.jpg: 640x640 1 pool_table, 4.2ms
Speed: 3.2ms preprocess, 4.2ms inference, 1.4ms postprocess per image at shape (1, 3, 640, 640)
Processing extra-3/data/train/IMG_20240319_120611_jpg.rf.ceba96c80f8737368c67775f123ae4cd.jpg...

image 1/1 /home/admin/Documents/FEUP-CV/proj/task2/../datasets/extra-3/data/train/IMG_20240319_120611_jpg.rf.ceba96c80f8737368c67775f123ae4cd.jpg: 640x640 1 pool_table, 7.4ms
Speed: 2.0ms preprocess, 7.4ms inference, 12.1ms postprocess per image at shape (1, 3, 640, 640)
Processing extra-3/data/train/2024-03-28-18-28-05_mp4-0006_jpg.rf.254a91094d19b1d2b2fc473c0aca2ef7.jpg...

image 1/1 /home/admin/Documents/FEUP-CV/proj/task2/../datasets/extra-3/data/train/2024-03-28-18-28-05_mp4-0006_jpg.rf.254a91094d19b1d2b2fc473c0aca2ef7.jpg: 640x640 1 pool_table, 4.4ms
Speed: 3.2ms preprocess, 4.4ms inference, 1.4ms postprocess per image at shape (1, 3, 640, 640)
Processing extra-3/data/train/2024-03-28-15-41-19_mp4-0064_jpg.rf.53c6d8960d811249be6f270a40f76032.jpg...

image 1/1 /home/admin/Documents/FEUP-CV/proj/task2/../datasets/extra-3/data/train/2024-03-28-15-41-19_mp4-0064_jpg.rf.53c6d8960d811249be6f270a40f76032.jpg: 640x640 1 pool_table, 7.3ms
Speed: 1.7ms preprocess, 7.3ms inference, 12.0ms postprocess per image at shape (1, 3, 640, 640)
Processing extra-3/data/train/IMG_20240319_122149_jpg.rf.d70445064b5f65b551ca5a821685b8ad.jpg...

image 1/1 /home/admin/Documents/FEUP-CV/proj/task2/../datasets/extra-3/data/train/IMG_20240319_122149_jpg.rf.d70445064b5f65b551ca5a821685b8ad.jpg: 640x640 1 pool_table, 4.5ms
Speed: 3.1ms preprocess, 4.5ms inference, 1.4ms postprocess per image at shape (1, 3, 640, 640)
Processing extra-3/data/train/IMG_20240319_121930_jpg.rf.4c643134ed9a1c092fe0e620b85f78af.jpg...

image 1/1 /home/admin/Documents/FEUP-CV/proj/task2/../datasets/extra-3/data/train/IMG_20240319_121930_jpg.rf.4c643134ed9a1c092fe0e620b85f78af.jpg: 640x640 1 pool_table, 7.5ms
Speed: 1.5ms preprocess, 7.5ms inference, 12.1ms postprocess per image at shape (1, 3, 640, 640)
Processing extra-3/data/train/20240328_171416_jpg.rf.979367693547f6ac1e69322ddbac81a3.jpg...

image 1/1 /home/admin/Documents/FEUP-CV/proj/task2/../datasets/extra-3/data/train/20240328_171416_jpg.rf.979367693547f6ac1e69322ddbac81a3.jpg: 640x640 1 pool_table, 4.7ms
Speed: 2.9ms preprocess, 4.7ms inference, 1.4ms postprocess per image at shape (1, 3, 640, 640)
Processing extra-3/data/train/2024-03-28-18-28-05_mp4-0039_jpg.rf.7b97057cd7c681b97b172d928f267343.jpg...

image 1/1 /home/admin/Documents/FEUP-CV/proj/task2/../datasets/extra-3/data/train/2024-03-28-18-28-05_mp4-0039_jpg.rf.7b97057cd7c681b97b172d928f267343.jpg: 640x640 1 pool_table, 7.5ms
Speed: 1.8ms preprocess, 7.5ms inference, 12.1ms postprocess per image at shape (1, 3, 640, 640)
Processing extra-3/data/train/2024-03-30-11-15-02_mp4-0051_jpg.rf.8b7c6a164cca639fff0a7c3edba3be36.jpg...

image 1/1 /home/admin/Documents/FEUP-CV/proj/task2/../datasets/extra-3/data/train/2024-03-30-11-15-02_mp4-0051_jpg.rf.8b7c6a164cca639fff0a7c3edba3be36.jpg: 640x640 1 pool_table, 7.0ms
Speed: 1.3ms preprocess, 7.0ms inference, 1.5ms postprocess per image at shape (1, 3, 640, 640)
Processing extra-3/data/train/2024-03-28-18-28-05_mp4-0046_jpg.rf.71be395b7f272ecaad34e98f59da8597.jpg...

image 1/1 /home/admin/Documents/FEUP-CV/proj/task2/../datasets/extra-3/data/train/2024-03-28-18-28-05_mp4-0046_jpg.rf.71be395b7f272ecaad34e98f59da8597.jpg: 640x640 1 pool_table, 7.5ms
Speed: 1.9ms preprocess, 7.5ms inference, 12.1ms postprocess per image at shape (1, 3, 640, 640)
Processing extra-3/data/train/20240328_171149_jpg.rf.4d417a3d8f5ca296d57861e57efe06a3.jpg...

image 1/1 /home/admin/Documents/FEUP-CV/proj/task2/../datasets/extra-3/data/train/20240328_171149_jpg.rf.4d417a3d8f5ca296d57861e57efe06a3.jpg: 640x640 1 pool_table, 6.9ms
Speed: 1.4ms preprocess, 6.9ms inference, 1.5ms postprocess per image at shape (1, 3, 640, 640)
Processing extra-3/data/train/2024-03-30-11-15-02_mp4-0058_jpg.rf.f63d040d4ff72e83c7988c90831eb383.jpg...

image 1/1 /home/admin/Documents/FEUP-CV/proj/task2/../datasets/extra-3/data/train/2024-03-30-11-15-02_mp4-0058_jpg.rf.f63d040d4ff72e83c7988c90831eb383.jpg: 640x640 1 pool_table, 7.5ms
Speed: 1.2ms preprocess, 7.5ms inference, 12.1ms postprocess per image at shape (1, 3, 640, 640)
Processing extra-3/data/train/IMG_20240319_121146_jpg.rf.1b97edb07b8e7f7f73eb186f41320881.jpg...

image 1/1 /home/admin/Documents/FEUP-CV/proj/task2/../datasets/extra-3/data/train/IMG_20240319_121146_jpg.rf.1b97edb07b8e7f7f73eb186f41320881.jpg: 640x640 1 pool_table, 4.5ms
Speed: 3.1ms preprocess, 4.5ms inference, 1.4ms postprocess per image at shape (1, 3, 640, 640)
Processing extra-3/data/train/2024-03-28-18-35-18_mp4-0025_jpg.rf.704ed6fffbaa5ea1951aced773cc5516.jpg...

image 1/1 /home/admin/Documents/FEUP-CV/proj/task2/../datasets/extra-3/data/train/2024-03-28-18-35-18_mp4-0025_jpg.rf.704ed6fffbaa5ea1951aced773cc5516.jpg: 640x640 1 pool_table, 7.4ms
Speed: 1.4ms preprocess, 7.4ms inference, 12.1ms postprocess per image at shape (1, 3, 640, 640)
Processing extra-3/data/train/2024-03-28-15-41-19_mp4-0051_jpg.rf.6b04c9da5db365e659dff3d0f0bacc6f.jpg...

image 1/1 /home/admin/Documents/FEUP-CV/proj/task2/../datasets/extra-3/data/train/2024-03-28-15-41-19_mp4-0051_jpg.rf.6b04c9da5db365e659dff3d0f0bacc6f.jpg: 640x640 1 pool_table, 5.8ms
Speed: 1.3ms preprocess, 5.8ms inference, 1.4ms postprocess per image at shape (1, 3, 640, 640)
Processing extra-3/data/train/2024-03-30-11-15-02_mp4-0009_jpg.rf.3e9c7a8cab8f6b4247dd7ac1a90e2e4b.jpg...

image 1/1 /home/admin/Documents/FEUP-CV/proj/task2/../datasets/extra-3/data/train/2024-03-30-11-15-02_mp4-0009_jpg.rf.3e9c7a8cab8f6b4247dd7ac1a90e2e4b.jpg: 640x640 1 pool_table, 7.4ms
Speed: 2.4ms preprocess, 7.4ms inference, 12.1ms postprocess per image at shape (1, 3, 640, 640)
Processing extra-3/data/train/IMG_20240319_121734_jpg.rf.41b889c314cd073b1d78256177c495fd.jpg...

image 1/1 /home/admin/Documents/FEUP-CV/proj/task2/../datasets/extra-3/data/train/IMG_20240319_121734_jpg.rf.41b889c314cd073b1d78256177c495fd.jpg: 640x640 1 pool_table, 6.0ms
Speed: 1.3ms preprocess, 6.0ms inference, 1.4ms postprocess per image at shape (1, 3, 640, 640)
Processing extra-3/data/train/2024-03-28-15-41-19_mp4-0016_jpg.rf.88b3cbb507390d56d2f1ddedeb9a8aff.jpg...

image 1/1 /home/admin/Documents/FEUP-CV/proj/task2/../datasets/extra-3/data/train/2024-03-28-15-41-19_mp4-0016_jpg.rf.88b3cbb507390d56d2f1ddedeb9a8aff.jpg: 640x640 2 pool_tables, 7.3ms
Speed: 2.0ms preprocess, 7.3ms inference, 12.1ms postprocess per image at shape (1, 3, 640, 640)
Processing extra-3/data/train/2024-03-30-11-07-17_mp4-0039_jpg.rf.2f16845033c016e43f03652750a920c3.jpg...

image 1/1 /home/admin/Documents/FEUP-CV/proj/task2/../datasets/extra-3/data/train/2024-03-30-11-07-17_mp4-0039_jpg.rf.2f16845033c016e43f03652750a920c3.jpg: 640x640 1 pool_table, 5.8ms
Speed: 1.5ms preprocess, 5.8ms inference, 1.4ms postprocess per image at shape (1, 3, 640, 640)
Processing extra-3/data/train/2024-03-28-15-41-19_mp4-0050_jpg.rf.7df69098b6b55f7161c61458c37cb123.jpg...

image 1/1 /home/admin/Documents/FEUP-CV/proj/task2/../datasets/extra-3/data/train/2024-03-28-15-41-19_mp4-0050_jpg.rf.7df69098b6b55f7161c61458c37cb123.jpg: 640x640 1 pool_table, 7.4ms
Speed: 2.0ms preprocess, 7.4ms inference, 12.1ms postprocess per image at shape (1, 3, 640, 640)
Processing extra-3/data/train/2024-03-28-18-28-05_mp4-0032_jpg.rf.f5887c095371ca0da2feef486fe5c331.jpg...

image 1/1 /home/admin/Documents/FEUP-CV/proj/task2/../datasets/extra-3/data/train/2024-03-28-18-28-05_mp4-0032_jpg.rf.f5887c095371ca0da2feef486fe5c331.jpg: 640x640 1 pool_table, 6.5ms
Speed: 1.7ms preprocess, 6.5ms inference, 1.5ms postprocess per image at shape (1, 3, 640, 640)
Processing extra-3/data/train/2024-03-30-11-07-17_mp4-0013_jpg.rf.7ba7f758d9c7bb05975b3ac157bdfbbe.jpg...

image 1/1 /home/admin/Documents/FEUP-CV/proj/task2/../datasets/extra-3/data/train/2024-03-30-11-07-17_mp4-0013_jpg.rf.7ba7f758d9c7bb05975b3ac157bdfbbe.jpg: 640x640 1 pool_table, 7.5ms
Speed: 2.4ms preprocess, 7.5ms inference, 12.1ms postprocess per image at shape (1, 3, 640, 640)
Processing extra-3/data/train/2024-03-30-11-22-03_mp4-0030_jpg.rf.c216fcf4241d77a141213b8b19e0d6a0.jpg...

image 1/1 /home/admin/Documents/FEUP-CV/proj/task2/../datasets/extra-3/data/train/2024-03-30-11-22-03_mp4-0030_jpg.rf.c216fcf4241d77a141213b8b19e0d6a0.jpg: 640x640 1 pool_table, 5.1ms
Speed: 3.1ms preprocess, 5.1ms inference, 1.5ms postprocess per image at shape (1, 3, 640, 640)
Processing extra-3/data/train/IMG_20240319_121027_jpg.rf.b49c92dfa127f5055c2f601a409cbf05.jpg...

image 1/1 /home/admin/Documents/FEUP-CV/proj/task2/../datasets/extra-3/data/train/IMG_20240319_121027_jpg.rf.b49c92dfa127f5055c2f601a409cbf05.jpg: 640x640 1 pool_table, 7.6ms
Speed: 1.3ms preprocess, 7.6ms inference, 12.2ms postprocess per image at shape (1, 3, 640, 640)
Processing extra-3/data/train/2024-03-28-15-41-19_mp4-0069_jpg.rf.e7d20cd847fe9337193758b0abb6ceb5.jpg...

image 1/1 /home/admin/Documents/FEUP-CV/proj/task2/../datasets/extra-3/data/train/2024-03-28-15-41-19_mp4-0069_jpg.rf.e7d20cd847fe9337193758b0abb6ceb5.jpg: 640x640 1 pool_table, 7.3ms
Speed: 1.5ms preprocess, 7.3ms inference, 1.5ms postprocess per image at shape (1, 3, 640, 640)
Processing extra-3/data/train/2024-03-28-15-41-19_mp4-0061_jpg.rf.585468ff46894bac4bbed348f8b2a893.jpg...

image 1/1 /home/admin/Documents/FEUP-CV/proj/task2/../datasets/extra-3/data/train/2024-03-28-15-41-19_mp4-0061_jpg.rf.585468ff46894bac4bbed348f8b2a893.jpg: 640x640 1 pool_table, 7.5ms
Speed: 1.9ms preprocess, 7.5ms inference, 12.2ms postprocess per image at shape (1, 3, 640, 640)
Processing extra-3/data/train/2024-03-28-15-41-19_mp4-0061_jpg.rf.287001ab89465cf917b66141372587bc.jpg...

image 1/1 /home/admin/Documents/FEUP-CV/proj/task2/../datasets/extra-3/data/train/2024-03-28-15-41-19_mp4-0061_jpg.rf.287001ab89465cf917b66141372587bc.jpg: 640x640 1 pool_table, 7.4ms
Speed: 1.5ms preprocess, 7.4ms inference, 1.5ms postprocess per image at shape (1, 3, 640, 640)
Processing extra-3/data/train/2024-03-30-11-07-17_mp4-0035_jpg.rf.83ddfa33901582faae6943fc8fa06388.jpg...

image 1/1 /home/admin/Documents/FEUP-CV/proj/task2/../datasets/extra-3/data/train/2024-03-30-11-07-17_mp4-0035_jpg.rf.83ddfa33901582faae6943fc8fa06388.jpg: 640x640 1 pool_table, 7.6ms
Speed: 2.3ms preprocess, 7.6ms inference, 12.2ms postprocess per image at shape (1, 3, 640, 640)
Processing extra-3/data/train/2024-03-28-15-41-19_mp4-0027_jpg.rf.c1424a6e29ebef01b9f93fade2f6865c.jpg...

image 1/1 /home/admin/Documents/FEUP-CV/proj/task2/../datasets/extra-3/data/train/2024-03-28-15-41-19_mp4-0027_jpg.rf.c1424a6e29ebef01b9f93fade2f6865c.jpg: 640x640 1 pool_table, 6.5ms
Speed: 1.4ms preprocess, 6.5ms inference, 1.4ms postprocess per image at shape (1, 3, 640, 640)
Processing extra-3/data/train/IMG_20240319_121500_jpg.rf.47ddaaeafe6c2898a73342fc3f5076a3.jpg...

image 1/1 /home/admin/Documents/FEUP-CV/proj/task2/../datasets/extra-3/data/train/IMG_20240319_121500_jpg.rf.47ddaaeafe6c2898a73342fc3f5076a3.jpg: 640x640 1 pool_table, 7.3ms
Speed: 2.2ms preprocess, 7.3ms inference, 12.1ms postprocess per image at shape (1, 3, 640, 640)
Processing extra-3/data/train/IMG_20240319_121821_jpg.rf.84f47e2e13891a23101db658beb90536.jpg...

image 1/1 /home/admin/Documents/FEUP-CV/proj/task2/../datasets/extra-3/data/train/IMG_20240319_121821_jpg.rf.84f47e2e13891a23101db658beb90536.jpg: 640x640 1 pool_table, 4.5ms
Speed: 3.1ms preprocess, 4.5ms inference, 1.4ms postprocess per image at shape (1, 3, 640, 640)
Processing extra-3/data/train/2024-03-30-11-07-17_mp4-0063_jpg.rf.123b7f4b26565eebf3902a93c249e112.jpg...

image 1/1 /home/admin/Documents/FEUP-CV/proj/task2/../datasets/extra-3/data/train/2024-03-30-11-07-17_mp4-0063_jpg.rf.123b7f4b26565eebf3902a93c249e112.jpg: 640x640 1 pool_table, 7.3ms
Speed: 1.8ms preprocess, 7.3ms inference, 12.1ms postprocess per image at shape (1, 3, 640, 640)
Processing extra-3/data/train/2024-03-30-11-22-03_mp4-0012_jpg.rf.cd653fb58624e2b78627f5d351788190.jpg...

image 1/1 /home/admin/Documents/FEUP-CV/proj/task2/../datasets/extra-3/data/train/2024-03-30-11-22-03_mp4-0012_jpg.rf.cd653fb58624e2b78627f5d351788190.jpg: 640x640 1 pool_table, 4.5ms
Speed: 1.6ms preprocess, 4.5ms inference, 1.4ms postprocess per image at shape (1, 3, 640, 640)
Processing extra-3/data/train/2024-03-30-11-07-17_mp4-0042_jpg.rf.6324476e149fb172f392a8e8779dce84.jpg...

image 1/1 /home/admin/Documents/FEUP-CV/proj/task2/../datasets/extra-3/data/train/2024-03-30-11-07-17_mp4-0042_jpg.rf.6324476e149fb172f392a8e8779dce84.jpg: 640x640 1 pool_table, 7.3ms
Speed: 3.2ms preprocess, 7.3ms inference, 12.1ms postprocess per image at shape (1, 3, 640, 640)
Processing extra-3/data/train/20240319_120449_jpg.rf.4d7686611dbd04517696da6d8f21849f.jpg...

image 1/1 /home/admin/Documents/FEUP-CV/proj/task2/../datasets/extra-3/data/train/20240319_120449_jpg.rf.4d7686611dbd04517696da6d8f21849f.jpg: 640x640 1 pool_table, 4.4ms
Speed: 1.3ms preprocess, 4.4ms inference, 1.5ms postprocess per image at shape (1, 3, 640, 640)
Processing extra-3/data/train/IMG_20240319_121925_jpg.rf.a4f39deda3321334d99d58780b9f18d6.jpg...

image 1/1 /home/admin/Documents/FEUP-CV/proj/task2/../datasets/extra-3/data/train/IMG_20240319_121925_jpg.rf.a4f39deda3321334d99d58780b9f18d6.jpg: 640x640 1 pool_table, 7.2ms
Speed: 2.4ms preprocess, 7.2ms inference, 12.0ms postprocess per image at shape (1, 3, 640, 640)
Processing extra-3/data/train/2024-03-30-11-07-17_mp4-0006_jpg.rf.95e29666f8ed48b64a71c22c578962f5.jpg...

image 1/1 /home/admin/Documents/FEUP-CV/proj/task2/../datasets/extra-3/data/train/2024-03-30-11-07-17_mp4-0006_jpg.rf.95e29666f8ed48b64a71c22c578962f5.jpg: 640x640 1 pool_table, 4.6ms
Speed: 1.3ms preprocess, 4.6ms inference, 1.6ms postprocess per image at shape (1, 3, 640, 640)
Processing extra-3/data/train/IMG_20240319_121936_jpg.rf.c76838c5c52de4711687c9561344a85d.jpg...

image 1/1 /home/admin/Documents/FEUP-CV/proj/task2/../datasets/extra-3/data/train/IMG_20240319_121936_jpg.rf.c76838c5c52de4711687c9561344a85d.jpg: 640x640 1 pool_table, 7.6ms
Speed: 1.6ms preprocess, 7.6ms inference, 12.2ms postprocess per image at shape (1, 3, 640, 640)
Processing extra-3/data/train/2024-03-28-15-41-19_mp4-0068_jpg.rf.ac7fb8c74901a3571166fd551e3d545a.jpg...

image 1/1 /home/admin/Documents/FEUP-CV/proj/task2/../datasets/extra-3/data/train/2024-03-28-15-41-19_mp4-0068_jpg.rf.ac7fb8c74901a3571166fd551e3d545a.jpg: 640x640 1 pool_table, 5.5ms
Speed: 3.1ms preprocess, 5.5ms inference, 1.5ms postprocess per image at shape (1, 3, 640, 640)
Processing extra-3/data/train/2024-03-28-18-35-18_mp4-0020_jpg.rf.04599c171deff84f059857d916c4f20d.jpg...

image 1/1 /home/admin/Documents/FEUP-CV/proj/task2/../datasets/extra-3/data/train/2024-03-28-18-35-18_mp4-0020_jpg.rf.04599c171deff84f059857d916c4f20d.jpg: 640x640 1 pool_table, 7.5ms
Speed: 2.1ms preprocess, 7.5ms inference, 12.1ms postprocess per image at shape (1, 3, 640, 640)
Processing extra-3/data/train/IMG_20240319_120834_jpg.rf.2e59cd274a3a8b66a168e695959ee6c2.jpg...

image 1/1 /home/admin/Documents/FEUP-CV/proj/task2/../datasets/extra-3/data/train/IMG_20240319_120834_jpg.rf.2e59cd274a3a8b66a168e695959ee6c2.jpg: 640x640 1 pool_table, 5.3ms
Speed: 3.1ms preprocess, 5.3ms inference, 1.5ms postprocess per image at shape (1, 3, 640, 640)
Processing extra-3/data/train/IMG_20240319_121027_jpg.rf.18e6382b78edd9cdb57807f190ce8a2b.jpg...

image 1/1 /home/admin/Documents/FEUP-CV/proj/task2/../datasets/extra-3/data/train/IMG_20240319_121027_jpg.rf.18e6382b78edd9cdb57807f190ce8a2b.jpg: 640x640 1 pool_table, 7.6ms
Speed: 2.1ms preprocess, 7.6ms inference, 12.2ms postprocess per image at shape (1, 3, 640, 640)
Processing extra-3/data/train/2024-03-30-11-15-02_mp4-0060_jpg.rf.95ca27ffb7854be5c0444c8365b38a93.jpg...

image 1/1 /home/admin/Documents/FEUP-CV/proj/task2/../datasets/extra-3/data/train/2024-03-30-11-15-02_mp4-0060_jpg.rf.95ca27ffb7854be5c0444c8365b38a93.jpg: 640x640 1 pool_table, 7.5ms
Speed: 1.6ms preprocess, 7.5ms inference, 1.8ms postprocess per image at shape (1, 3, 640, 640)
Processing extra-3/data/train/20240319_120449_jpg.rf.dccf51d727d88ae25f555f1630adf4c6.jpg...

image 1/1 /home/admin/Documents/FEUP-CV/proj/task2/../datasets/extra-3/data/train/20240319_120449_jpg.rf.dccf51d727d88ae25f555f1630adf4c6.jpg: 640x640 1 pool_table, 7.6ms
Speed: 2.0ms preprocess, 7.6ms inference, 12.2ms postprocess per image at shape (1, 3, 640, 640)
Processing extra-3/data/train/2024-03-28-15-41-19_mp4-0021_jpg.rf.b6c9242227ae7d3e2c30f18e2ea4a566.jpg...

image 1/1 /home/admin/Documents/FEUP-CV/proj/task2/../datasets/extra-3/data/train/2024-03-28-15-41-19_mp4-0021_jpg.rf.b6c9242227ae7d3e2c30f18e2ea4a566.jpg: 640x640 1 pool_table, 4.5ms
Speed: 2.0ms preprocess, 4.5ms inference, 1.4ms postprocess per image at shape (1, 3, 640, 640)
Processing extra-3/data/train/2024-03-28-18-28-05_mp4-0038_jpg.rf.45eb1658ee3bc3b1ac1a0be5e8b23fac.jpg...

image 1/1 /home/admin/Documents/FEUP-CV/proj/task2/../datasets/extra-3/data/train/2024-03-28-18-28-05_mp4-0038_jpg.rf.45eb1658ee3bc3b1ac1a0be5e8b23fac.jpg: 640x640 1 pool_table, 7.3ms
Speed: 1.9ms preprocess, 7.3ms inference, 12.1ms postprocess per image at shape (1, 3, 640, 640)
Processing extra-3/data/train/IMG_20240319_121143_jpg.rf.73c451b76e34659308db50a9b90eb32f.jpg...

image 1/1 /home/admin/Documents/FEUP-CV/proj/task2/../datasets/extra-3/data/train/IMG_20240319_121143_jpg.rf.73c451b76e34659308db50a9b90eb32f.jpg: 640x640 1 pool_table, 4.5ms
Speed: 2.8ms preprocess, 4.5ms inference, 1.4ms postprocess per image at shape (1, 3, 640, 640)
Processing extra-3/data/train/IMG_20240319_122211_jpg.rf.18a93fdc55d5fbf9133a9e785cb99b7c.jpg...

image 1/1 /home/admin/Documents/FEUP-CV/proj/task2/../datasets/extra-3/data/train/IMG_20240319_122211_jpg.rf.18a93fdc55d5fbf9133a9e785cb99b7c.jpg: 640x640 1 pool_table, 7.3ms
Speed: 3.1ms preprocess, 7.3ms inference, 12.1ms postprocess per image at shape (1, 3, 640, 640)
Processing extra-3/data/train/2024-03-28-15-41-19_mp4-0028_jpg.rf.eabbc56132c91dc067ed8e62eefe5be6.jpg...

image 1/1 /home/admin/Documents/FEUP-CV/proj/task2/../datasets/extra-3/data/train/2024-03-28-15-41-19_mp4-0028_jpg.rf.eabbc56132c91dc067ed8e62eefe5be6.jpg: 640x640 1 pool_table, 7.3ms
Speed: 2.4ms preprocess, 7.3ms inference, 12.1ms postprocess per image at shape (1, 3, 640, 640)
Processing extra-3/data/train/2024-03-28-15-41-19_mp4-0053_jpg.rf.02cceffebe7f0c1b4f804aa9ecb5cd93.jpg...

image 1/1 /home/admin/Documents/FEUP-CV/proj/task2/../datasets/extra-3/data/train/2024-03-28-15-41-19_mp4-0053_jpg.rf.02cceffebe7f0c1b4f804aa9ecb5cd93.jpg: 640x640 1 pool_table, 7.2ms
Speed: 3.1ms preprocess, 7.2ms inference, 1.5ms postprocess per image at shape (1, 3, 640, 640)
Processing extra-3/data/train/2024-03-30-11-15-02_mp4-0031_jpg.rf.be8007693e235a51e471b5c916218d12.jpg...

image 1/1 /home/admin/Documents/FEUP-CV/proj/task2/../datasets/extra-3/data/train/2024-03-30-11-15-02_mp4-0031_jpg.rf.be8007693e235a51e471b5c916218d12.jpg: 640x640 1 pool_table, 7.3ms
Speed: 2.4ms preprocess, 7.3ms inference, 12.1ms postprocess per image at shape (1, 3, 640, 640)
Processing extra-3/data/train/2024-03-30-11-22-03_mp4-0031_jpg.rf.6ea3d0c4395ceceffa47425851d27f77.jpg...

image 1/1 /home/admin/Documents/FEUP-CV/proj/task2/../datasets/extra-3/data/train/2024-03-30-11-22-03_mp4-0031_jpg.rf.6ea3d0c4395ceceffa47425851d27f77.jpg: 640x640 1 pool_table, 6.3ms
Speed: 1.3ms preprocess, 6.3ms inference, 1.5ms postprocess per image at shape (1, 3, 640, 640)
Processing extra-3/data/train/2024-03-30-11-07-17_mp4-0017_jpg.rf.553ca286543a8931f22001a2fed9ed72.jpg...

image 1/1 /home/admin/Documents/FEUP-CV/proj/task2/../datasets/extra-3/data/train/2024-03-30-11-07-17_mp4-0017_jpg.rf.553ca286543a8931f22001a2fed9ed72.jpg: 640x640 1 pool_table, 7.6ms
Speed: 1.6ms preprocess, 7.6ms inference, 12.2ms postprocess per image at shape (1, 3, 640, 640)
Processing extra-3/data/train/20240328_171147_jpg.rf.dacf06002c6332ddb52072441e2c586d.jpg...

image 1/1 /home/admin/Documents/FEUP-CV/proj/task2/../datasets/extra-3/data/train/20240328_171147_jpg.rf.dacf06002c6332ddb52072441e2c586d.jpg: 640x640 1 pool_table, 5.9ms
Speed: 2.9ms preprocess, 5.9ms inference, 1.5ms postprocess per image at shape (1, 3, 640, 640)
Processing extra-3/data/train/2024-03-30-11-22-03_mp4-0030_jpg.rf.0c07b3c2e52d9d9bce1151425f8521cb.jpg...

image 1/1 /home/admin/Documents/FEUP-CV/proj/task2/../datasets/extra-3/data/train/2024-03-30-11-22-03_mp4-0030_jpg.rf.0c07b3c2e52d9d9bce1151425f8521cb.jpg: 640x640 1 pool_table, 7.5ms
Speed: 1.6ms preprocess, 7.5ms inference, 12.2ms postprocess per image at shape (1, 3, 640, 640)
Processing extra-3/data/train/2024-03-28-18-35-18_mp4-0011_jpg.rf.591d5d47f1f30b7294dc54390e2dc96c.jpg...

image 1/1 /home/admin/Documents/FEUP-CV/proj/task2/../datasets/extra-3/data/train/2024-03-28-18-35-18_mp4-0011_jpg.rf.591d5d47f1f30b7294dc54390e2dc96c.jpg: 640x640 1 pool_table, 5.5ms
Speed: 2.5ms preprocess, 5.5ms inference, 1.5ms postprocess per image at shape (1, 3, 640, 640)
Processing extra-3/data/train/IMG_20240319_120956_jpg.rf.44993caa89be5ed44b3f3c2bdf3f2bac.jpg...

image 1/1 /home/admin/Documents/FEUP-CV/proj/task2/../datasets/extra-3/data/train/IMG_20240319_120956_jpg.rf.44993caa89be5ed44b3f3c2bdf3f2bac.jpg: 640x640 1 pool_table, 7.6ms
Speed: 1.8ms preprocess, 7.6ms inference, 12.2ms postprocess per image at shape (1, 3, 640, 640)
Processing extra-3/data/train/2024-03-28-18-28-05_mp4-0029_jpg.rf.e9812f475ce437118bf891b148e14fbf.jpg...

image 1/1 /home/admin/Documents/FEUP-CV/proj/task2/../datasets/extra-3/data/train/2024-03-28-18-28-05_mp4-0029_jpg.rf.e9812f475ce437118bf891b148e14fbf.jpg: 640x640 1 pool_table, 7.5ms
Speed: 1.4ms preprocess, 7.5ms inference, 1.5ms postprocess per image at shape (1, 3, 640, 640)
Processing extra-3/data/train/2024-03-28-15-41-19_mp4-0012_jpg.rf.9ddc6b94e13dc036af3e54643a47beed.jpg...

image 1/1 /home/admin/Documents/FEUP-CV/proj/task2/../datasets/extra-3/data/train/2024-03-28-15-41-19_mp4-0012_jpg.rf.9ddc6b94e13dc036af3e54643a47beed.jpg: 640x640 1 pool_table, 7.5ms
Speed: 2.3ms preprocess, 7.5ms inference, 12.0ms postprocess per image at shape (1, 3, 640, 640)
Processing extra-3/data/train/2024-03-30-11-15-02_mp4-0007_jpg.rf.f1e719fef53cb8b8f4b936221fbda596.jpg...

image 1/1 /home/admin/Documents/FEUP-CV/proj/task2/../datasets/extra-3/data/train/2024-03-30-11-15-02_mp4-0007_jpg.rf.f1e719fef53cb8b8f4b936221fbda596.jpg: 640x640 1 pool_table, 6.1ms
Speed: 1.5ms preprocess, 6.1ms inference, 1.4ms postprocess per image at shape (1, 3, 640, 640)
Processing extra-3/data/train/IMG_20240319_121037_jpg.rf.484e9db4beb26ec2a0e20d367016474d.jpg...

image 1/1 /home/admin/Documents/FEUP-CV/proj/task2/../datasets/extra-3/data/train/IMG_20240319_121037_jpg.rf.484e9db4beb26ec2a0e20d367016474d.jpg: 640x640 1 pool_table, 7.3ms
Speed: 1.7ms preprocess, 7.3ms inference, 12.1ms postprocess per image at shape (1, 3, 640, 640)
Processing extra-3/data/train/2024-03-28-15-41-19_mp4-0054_jpg.rf.60a357d79e0d9d526612aebccad7f047.jpg...

image 1/1 /home/admin/Documents/FEUP-CV/proj/task2/../datasets/extra-3/data/train/2024-03-28-15-41-19_mp4-0054_jpg.rf.60a357d79e0d9d526612aebccad7f047.jpg: 640x640 1 pool_table, 4.3ms
Speed: 3.3ms preprocess, 4.3ms inference, 1.4ms postprocess per image at shape (1, 3, 640, 640)
Processing extra-3/data/train/2024-03-28-18-28-05_mp4-0030_jpg.rf.74d79c7d8d7f40455aeed2f30797612d.jpg...

image 1/1 /home/admin/Documents/FEUP-CV/proj/task2/../datasets/extra-3/data/train/2024-03-28-18-28-05_mp4-0030_jpg.rf.74d79c7d8d7f40455aeed2f30797612d.jpg: 640x640 1 pool_table, 7.3ms
Speed: 2.1ms preprocess, 7.3ms inference, 12.1ms postprocess per image at shape (1, 3, 640, 640)
Processing extra-3/data/train/2024-03-28-18-35-18_mp4-0023_jpg.rf.735e342de95a7ae552545254ffb1f5e1.jpg...

image 1/1 /home/admin/Documents/FEUP-CV/proj/task2/../datasets/extra-3/data/train/2024-03-28-18-35-18_mp4-0023_jpg.rf.735e342de95a7ae552545254ffb1f5e1.jpg: 640x640 1 pool_table, 5.6ms
Speed: 1.5ms preprocess, 5.6ms inference, 1.4ms postprocess per image at shape (1, 3, 640, 640)
Processing extra-3/data/train/2024-03-30-11-07-17_mp4-0040_jpg.rf.a547c4dfb1394ffbfa84e92290b7e652.jpg...

image 1/1 /home/admin/Documents/FEUP-CV/proj/task2/../datasets/extra-3/data/train/2024-03-30-11-07-17_mp4-0040_jpg.rf.a547c4dfb1394ffbfa84e92290b7e652.jpg: 640x640 1 pool_table, 7.3ms
Speed: 2.0ms preprocess, 7.3ms inference, 12.1ms postprocess per image at shape (1, 3, 640, 640)
Processing extra-3/data/train/2024-03-30-11-07-17_mp4-0042_jpg.rf.c470e1e8d6c1780236db6de428ea1c25.jpg...

image 1/1 /home/admin/Documents/FEUP-CV/proj/task2/../datasets/extra-3/data/train/2024-03-30-11-07-17_mp4-0042_jpg.rf.c470e1e8d6c1780236db6de428ea1c25.jpg: 640x640 1 pool_table, 5.7ms
Speed: 1.5ms preprocess, 5.7ms inference, 1.4ms postprocess per image at shape (1, 3, 640, 640)
Processing extra-3/data/train/2024-03-30-11-07-17_mp4-0037_jpg.rf.27efe6c44468df1d16fff14a88e6dc76.jpg...

image 1/1 /home/admin/Documents/FEUP-CV/proj/task2/../datasets/extra-3/data/train/2024-03-30-11-07-17_mp4-0037_jpg.rf.27efe6c44468df1d16fff14a88e6dc76.jpg: 640x640 1 pool_table, 7.3ms
Speed: 2.2ms preprocess, 7.3ms inference, 12.0ms postprocess per image at shape (1, 3, 640, 640)
Processing extra-3/data/train/2024-03-30-11-07-17_mp4-0014_jpg.rf.8e31aade786bd1207566f538d7ddf9f3.jpg...

image 1/1 /home/admin/Documents/FEUP-CV/proj/task2/../datasets/extra-3/data/train/2024-03-30-11-07-17_mp4-0014_jpg.rf.8e31aade786bd1207566f538d7ddf9f3.jpg: 640x640 1 pool_table, 6.5ms
Speed: 1.5ms preprocess, 6.5ms inference, 1.5ms postprocess per image at shape (1, 3, 640, 640)
Processing extra-3/data/train/2024-03-30-11-22-03_mp4-0031_jpg.rf.eae075016021e91fcac755ca22f5824b.jpg...

image 1/1 /home/admin/Documents/FEUP-CV/proj/task2/../datasets/extra-3/data/train/2024-03-30-11-22-03_mp4-0031_jpg.rf.eae075016021e91fcac755ca22f5824b.jpg: 640x640 1 pool_table, 7.5ms
Speed: 2.0ms preprocess, 7.5ms inference, 12.2ms postprocess per image at shape (1, 3, 640, 640)
Processing extra-3/data/train/2024-03-30-11-07-17_mp4-0043_jpg.rf.2f2f5571438fba0922a66a83e6e1e8f7.jpg...

image 1/1 /home/admin/Documents/FEUP-CV/proj/task2/../datasets/extra-3/data/train/2024-03-30-11-07-17_mp4-0043_jpg.rf.2f2f5571438fba0922a66a83e6e1e8f7.jpg: 640x640 1 pool_table, 5.0ms
Speed: 3.2ms preprocess, 5.0ms inference, 1.4ms postprocess per image at shape (1, 3, 640, 640)
Processing extra-3/data/train/2024-03-28-15-41-19_mp4-0025_jpg.rf.4bd2077272358b729d257274508ec1af.jpg...

image 1/1 /home/admin/Documents/FEUP-CV/proj/task2/../datasets/extra-3/data/train/2024-03-28-15-41-19_mp4-0025_jpg.rf.4bd2077272358b729d257274508ec1af.jpg: 640x640 1 pool_table, 7.5ms
Speed: 2.3ms preprocess, 7.5ms inference, 12.1ms postprocess per image at shape (1, 3, 640, 640)
Processing extra-3/data/train/2024-03-28-15-41-19_mp4-0032_jpg.rf.c2f74c9b7a6d2090b9677a1e85a2ac30.jpg...

image 1/1 /home/admin/Documents/FEUP-CV/proj/task2/../datasets/extra-3/data/train/2024-03-28-15-41-19_mp4-0032_jpg.rf.c2f74c9b7a6d2090b9677a1e85a2ac30.jpg: 640x640 1 pool_table, 7.1ms
Speed: 1.2ms preprocess, 7.1ms inference, 1.5ms postprocess per image at shape (1, 3, 640, 640)
Processing extra-3/data/train/2024-03-30-11-15-02_mp4-0071_jpg.rf.44a7b76a07ef7053f9b57b3cedc34b9f.jpg...

image 1/1 /home/admin/Documents/FEUP-CV/proj/task2/../datasets/extra-3/data/train/2024-03-30-11-15-02_mp4-0071_jpg.rf.44a7b76a07ef7053f9b57b3cedc34b9f.jpg: 640x640 1 pool_table, 7.5ms
Speed: 2.3ms preprocess, 7.5ms inference, 12.2ms postprocess per image at shape (1, 3, 640, 640)
Processing extra-3/data/train/2024-03-28-15-41-19_mp4-0005_jpg.rf.572637f95fff725cdc4de27ae67db286.jpg...

image 1/1 /home/admin/Documents/FEUP-CV/proj/task2/../datasets/extra-3/data/train/2024-03-28-15-41-19_mp4-0005_jpg.rf.572637f95fff725cdc4de27ae67db286.jpg: 640x640 1 pool_table, 4.9ms
Speed: 3.3ms preprocess, 4.9ms inference, 1.4ms postprocess per image at shape (1, 3, 640, 640)
Processing extra-3/data/train/IMG_20240319_122002_jpg.rf.5b05ea2a29065ecaee2ebc0d68615f86.jpg...

image 1/1 /home/admin/Documents/FEUP-CV/proj/task2/../datasets/extra-3/data/train/IMG_20240319_122002_jpg.rf.5b05ea2a29065ecaee2ebc0d68615f86.jpg: 640x640 1 pool_table, 7.4ms
Speed: 1.8ms preprocess, 7.4ms inference, 12.0ms postprocess per image at shape (1, 3, 640, 640)
Processing extra-3/data/train/2024-03-30-11-22-03_mp4-0025_jpg.rf.45f273ed399c495d17afe1e5b0b0546d.jpg...

image 1/1 /home/admin/Documents/FEUP-CV/proj/task2/../datasets/extra-3/data/train/2024-03-30-11-22-03_mp4-0025_jpg.rf.45f273ed399c495d17afe1e5b0b0546d.jpg: 640x640 1 pool_table, 4.4ms
Speed: 2.8ms preprocess, 4.4ms inference, 1.4ms postprocess per image at shape (1, 3, 640, 640)
Processing extra-3/data/train/2024-03-28-15-41-19_mp4-0062_jpg.rf.e1f77024a396081dd419f343c00d1323.jpg...

image 1/1 /home/admin/Documents/FEUP-CV/proj/task2/../datasets/extra-3/data/train/2024-03-28-15-41-19_mp4-0062_jpg.rf.e1f77024a396081dd419f343c00d1323.jpg: 640x640 1 pool_table, 7.4ms
Speed: 1.6ms preprocess, 7.4ms inference, 12.1ms postprocess per image at shape (1, 3, 640, 640)
Processing extra-3/data/train/IMG_20240319_121139_jpg.rf.e64e91fa24ef48ad5d71fd1b979eea88.jpg...

image 1/1 /home/admin/Documents/FEUP-CV/proj/task2/../datasets/extra-3/data/train/IMG_20240319_121139_jpg.rf.e64e91fa24ef48ad5d71fd1b979eea88.jpg: 640x640 1 pool_table, 6.6ms
Speed: 1.5ms preprocess, 6.6ms inference, 1.4ms postprocess per image at shape (1, 3, 640, 640)
Processing extra-3/data/train/2024-03-28-18-35-18_mp4-0023_jpg.rf.107eb6d88de1a63766f823fb1945528e.jpg...

image 1/1 /home/admin/Documents/FEUP-CV/proj/task2/../datasets/extra-3/data/train/2024-03-28-18-35-18_mp4-0023_jpg.rf.107eb6d88de1a63766f823fb1945528e.jpg: 640x640 1 pool_table, 7.3ms
Speed: 1.7ms preprocess, 7.3ms inference, 12.0ms postprocess per image at shape (1, 3, 640, 640)
Processing extra-3/data/train/2024-03-28-18-28-05_mp4-0006_jpg.rf.9608c36d2717e531f338da8d80dbdaa0.jpg...

image 1/1 /home/admin/Documents/FEUP-CV/proj/task2/../datasets/extra-3/data/train/2024-03-28-18-28-05_mp4-0006_jpg.rf.9608c36d2717e531f338da8d80dbdaa0.jpg: 640x640 1 pool_table, 6.3ms
Speed: 1.3ms preprocess, 6.3ms inference, 1.4ms postprocess per image at shape (1, 3, 640, 640)
Processing extra-3/data/train/IMG_20240319_120956_jpg.rf.880858fc7ee7ce36ecec7da64f0955b8.jpg...

image 1/1 /home/admin/Documents/FEUP-CV/proj/task2/../datasets/extra-3/data/train/IMG_20240319_120956_jpg.rf.880858fc7ee7ce36ecec7da64f0955b8.jpg: 640x640 1 pool_table, 7.4ms
Speed: 2.2ms preprocess, 7.4ms inference, 12.1ms postprocess per image at shape (1, 3, 640, 640)
Processing extra-3/data/train/2024-03-28-18-35-18_mp4-0011_jpg.rf.5cd0f1e057b7b0e205ce7d03a368b9cc.jpg...

image 1/1 /home/admin/Documents/FEUP-CV/proj/task2/../datasets/extra-3/data/train/2024-03-28-18-35-18_mp4-0011_jpg.rf.5cd0f1e057b7b0e205ce7d03a368b9cc.jpg: 640x640 1 pool_table, 6.4ms
Speed: 1.4ms preprocess, 6.4ms inference, 1.4ms postprocess per image at shape (1, 3, 640, 640)
Processing extra-3/data/train/2024-03-28-18-35-18_mp4-0022_jpg.rf.44210c1d31d71d9255f9722b541bd5c3.jpg...

image 1/1 /home/admin/Documents/FEUP-CV/proj/task2/../datasets/extra-3/data/train/2024-03-28-18-35-18_mp4-0022_jpg.rf.44210c1d31d71d9255f9722b541bd5c3.jpg: 640x640 1 pool_table, 7.4ms
Speed: 1.9ms preprocess, 7.4ms inference, 12.1ms postprocess per image at shape (1, 3, 640, 640)
Processing extra-3/data/train/2024-03-30-11-07-17_mp4-0056_jpg.rf.efbe9c54d6423dcc56ed6f3e1649687a.jpg...

image 1/1 /home/admin/Documents/FEUP-CV/proj/task2/../datasets/extra-3/data/train/2024-03-30-11-07-17_mp4-0056_jpg.rf.efbe9c54d6423dcc56ed6f3e1649687a.jpg: 640x640 1 pool_table, 6.7ms
Speed: 1.5ms preprocess, 6.7ms inference, 1.4ms postprocess per image at shape (1, 3, 640, 640)
Processing extra-3/data/train/2024-03-30-11-15-02_mp4-0003_jpg.rf.ab4d91018f71561a42b0b98b35a5eee0.jpg...

image 1/1 /home/admin/Documents/FEUP-CV/proj/task2/../datasets/extra-3/data/train/2024-03-30-11-15-02_mp4-0003_jpg.rf.ab4d91018f71561a42b0b98b35a5eee0.jpg: 640x640 1 pool_table, 7.5ms
Speed: 2.2ms preprocess, 7.5ms inference, 12.1ms postprocess per image at shape (1, 3, 640, 640)
Processing extra-3/data/train/IMG_20240319_121734_jpg.rf.23d2b061d115f86d1714fd8743d4614e.jpg...

image 1/1 /home/admin/Documents/FEUP-CV/proj/task2/../datasets/extra-3/data/train/IMG_20240319_121734_jpg.rf.23d2b061d115f86d1714fd8743d4614e.jpg: 640x640 1 pool_table, 4.5ms
Speed: 2.9ms preprocess, 4.5ms inference, 1.4ms postprocess per image at shape (1, 3, 640, 640)
Processing extra-3/data/train/20240319_120440_jpg.rf.443aa59dd18bd6172f7b6f7432f25cfc.jpg...

image 1/1 /home/admin/Documents/FEUP-CV/proj/task2/../datasets/extra-3/data/train/20240319_120440_jpg.rf.443aa59dd18bd6172f7b6f7432f25cfc.jpg: 640x640 1 pool_table, 7.4ms
Speed: 1.3ms preprocess, 7.4ms inference, 12.1ms postprocess per image at shape (1, 3, 640, 640)
Processing extra-3/data/train/2024-03-28-15-41-19_mp4-0028_jpg.rf.e3f0207e86bdc294ce72b2e4d77fdc6f.jpg...

image 1/1 /home/admin/Documents/FEUP-CV/proj/task2/../datasets/extra-3/data/train/2024-03-28-15-41-19_mp4-0028_jpg.rf.e3f0207e86bdc294ce72b2e4d77fdc6f.jpg: 640x640 1 pool_table, 4.6ms
Speed: 2.0ms preprocess, 4.6ms inference, 1.4ms postprocess per image at shape (1, 3, 640, 640)
Processing extra-3/data/train/2024-03-28-15-41-19_mp4-0062_jpg.rf.c438fa4ac4fe6cdccb62e84e29000eb7.jpg...

image 1/1 /home/admin/Documents/FEUP-CV/proj/task2/../datasets/extra-3/data/train/2024-03-28-15-41-19_mp4-0062_jpg.rf.c438fa4ac4fe6cdccb62e84e29000eb7.jpg: 640x640 1 pool_table, 7.5ms
Speed: 2.3ms preprocess, 7.5ms inference, 12.1ms postprocess per image at shape (1, 3, 640, 640)
Processing extra-3/data/train/IMG_20240319_121827_jpg.rf.79846abaf224eab85924595f1309cd97.jpg...

image 1/1 /home/admin/Documents/FEUP-CV/proj/task2/../datasets/extra-3/data/train/IMG_20240319_121827_jpg.rf.79846abaf224eab85924595f1309cd97.jpg: 640x640 1 pool_table, 6.7ms
Speed: 1.4ms preprocess, 6.7ms inference, 1.4ms postprocess per image at shape (1, 3, 640, 640)
Processing extra-3/data/train/20240328_171414_jpg.rf.1059c80968de5252f2e139533b2c38c4.jpg...

image 1/1 /home/admin/Documents/FEUP-CV/proj/task2/../datasets/extra-3/data/train/20240328_171414_jpg.rf.1059c80968de5252f2e139533b2c38c4.jpg: 640x640 1 pool_table, 7.5ms
Speed: 1.3ms preprocess, 7.5ms inference, 12.0ms postprocess per image at shape (1, 3, 640, 640)
Processing extra-3/data/train/2024-03-30-11-07-17_mp4-0023_jpg.rf.06ff67ecccea12793a4211c223854870.jpg...

image 1/1 /home/admin/Documents/FEUP-CV/proj/task2/../datasets/extra-3/data/train/2024-03-30-11-07-17_mp4-0023_jpg.rf.06ff67ecccea12793a4211c223854870.jpg: 640x640 1 pool_table, 4.5ms
Speed: 3.0ms preprocess, 4.5ms inference, 1.4ms postprocess per image at shape (1, 3, 640, 640)
Processing extra-3/data/train/2024-03-30-11-15-02_mp4-0009_jpg.rf.adf02a2d8e37973216d5411dff8c7020.jpg...

image 1/1 /home/admin/Documents/FEUP-CV/proj/task2/../datasets/extra-3/data/train/2024-03-30-11-15-02_mp4-0009_jpg.rf.adf02a2d8e37973216d5411dff8c7020.jpg: 640x640 1 pool_table, 7.4ms
Speed: 2.0ms preprocess, 7.4ms inference, 12.1ms postprocess per image at shape (1, 3, 640, 640)
Processing extra-3/data/train/2024-03-30-11-15-02_mp4-0037_jpg.rf.bb8ed66171cc296155a3bcc06e7eb212.jpg...

image 1/1 /home/admin/Documents/FEUP-CV/proj/task2/../datasets/extra-3/data/train/2024-03-30-11-15-02_mp4-0037_jpg.rf.bb8ed66171cc296155a3bcc06e7eb212.jpg: 640x640 1 pool_table, 4.5ms
Speed: 3.3ms preprocess, 4.5ms inference, 1.4ms postprocess per image at shape (1, 3, 640, 640)
Processing extra-3/data/train/2024-03-30-11-07-17_mp4-0011_jpg.rf.24676487823916340e42aba45e169927.jpg...

image 1/1 /home/admin/Documents/FEUP-CV/proj/task2/../datasets/extra-3/data/train/2024-03-30-11-07-17_mp4-0011_jpg.rf.24676487823916340e42aba45e169927.jpg: 640x640 1 pool_table, 7.5ms
Speed: 2.1ms preprocess, 7.5ms inference, 12.1ms postprocess per image at shape (1, 3, 640, 640)
Processing extra-3/data/train/2024-03-28-18-28-05_mp4-0037_jpg.rf.cf93bb01ac21e8466ab8dc3b192937bf.jpg...

image 1/1 /home/admin/Documents/FEUP-CV/proj/task2/../datasets/extra-3/data/train/2024-03-28-18-28-05_mp4-0037_jpg.rf.cf93bb01ac21e8466ab8dc3b192937bf.jpg: 640x640 1 pool_table, 6.3ms
Speed: 1.3ms preprocess, 6.3ms inference, 1.4ms postprocess per image at shape (1, 3, 640, 640)
Processing extra-3/data/train/2024-03-30-11-07-17_mp4-0036_jpg.rf.232358b2077043a8164fa1d51297e198.jpg...

image 1/1 /home/admin/Documents/FEUP-CV/proj/task2/../datasets/extra-3/data/train/2024-03-30-11-07-17_mp4-0036_jpg.rf.232358b2077043a8164fa1d51297e198.jpg: 640x640 1 pool_table, 7.4ms
Speed: 2.0ms preprocess, 7.4ms inference, 12.0ms postprocess per image at shape (1, 3, 640, 640)
Processing extra-3/data/train/2024-03-30-11-15-02_mp4-0051_jpg.rf.162779079dcaf8e7aa7734cd0ac9416c.jpg...

image 1/1 /home/admin/Documents/FEUP-CV/proj/task2/../datasets/extra-3/data/train/2024-03-30-11-15-02_mp4-0051_jpg.rf.162779079dcaf8e7aa7734cd0ac9416c.jpg: 640x640 1 pool_table, 6.2ms
Speed: 1.3ms preprocess, 6.2ms inference, 1.4ms postprocess per image at shape (1, 3, 640, 640)
Processing extra-3/data/train/20240328_171411_jpg.rf.8878d8d577454641a5926fb7133b1988.jpg...

image 1/1 /home/admin/Documents/FEUP-CV/proj/task2/../datasets/extra-3/data/train/20240328_171411_jpg.rf.8878d8d577454641a5926fb7133b1988.jpg: 640x640 1 pool_table, 7.4ms
Speed: 1.9ms preprocess, 7.4ms inference, 12.1ms postprocess per image at shape (1, 3, 640, 640)
Processing extra-3/data/train/2024-03-30-11-07-17_mp4-0014_jpg.rf.ccd9437902bdfa59c6f49f0d898deb45.jpg...

image 1/1 /home/admin/Documents/FEUP-CV/proj/task2/../datasets/extra-3/data/train/2024-03-30-11-07-17_mp4-0014_jpg.rf.ccd9437902bdfa59c6f49f0d898deb45.jpg: 640x640 1 pool_table, 4.4ms
Speed: 2.6ms preprocess, 4.4ms inference, 1.4ms postprocess per image at shape (1, 3, 640, 640)
Processing extra-3/data/train/IMG_20240319_120803_jpg.rf.ab97683db2a434ba84e55e82f410a66b.jpg...

image 1/1 /home/admin/Documents/FEUP-CV/proj/task2/../datasets/extra-3/data/train/IMG_20240319_120803_jpg.rf.ab97683db2a434ba84e55e82f410a66b.jpg: 640x640 1 pool_table, 7.5ms
Speed: 1.9ms preprocess, 7.5ms inference, 12.0ms postprocess per image at shape (1, 3, 640, 640)
Processing extra-3/data/train/20240328_171428_jpg.rf.1ab7d15241dcfe0615cb16803f2f7b20.jpg...

image 1/1 /home/admin/Documents/FEUP-CV/proj/task2/../datasets/extra-3/data/train/20240328_171428_jpg.rf.1ab7d15241dcfe0615cb16803f2f7b20.jpg: 640x640 1 pool_table, 4.5ms
Speed: 3.2ms preprocess, 4.5ms inference, 1.4ms postprocess per image at shape (1, 3, 640, 640)
Processing extra-3/data/train/2024-03-30-11-07-17_mp4-0040_jpg.rf.1ee2b9b962bf267734b1b40c44d498e6.jpg...

image 1/1 /home/admin/Documents/FEUP-CV/proj/task2/../datasets/extra-3/data/train/2024-03-30-11-07-17_mp4-0040_jpg.rf.1ee2b9b962bf267734b1b40c44d498e6.jpg: 640x640 1 pool_table, 7.5ms
Speed: 1.2ms preprocess, 7.5ms inference, 12.1ms postprocess per image at shape (1, 3, 640, 640)
Processing extra-3/data/train/20240328_171414_jpg.rf.78e43ab2cbe022c709c8b34547df452a.jpg...

image 1/1 /home/admin/Documents/FEUP-CV/proj/task2/../datasets/extra-3/data/train/20240328_171414_jpg.rf.78e43ab2cbe022c709c8b34547df452a.jpg: 640x640 1 pool_table, 6.5ms
Speed: 1.6ms preprocess, 6.5ms inference, 1.4ms postprocess per image at shape (1, 3, 640, 640)
Processing extra-3/data/train/20240328_171416_jpg.rf.ef31e74bacd0fbba5b2d16069dedcc57.jpg...

image 1/1 /home/admin/Documents/FEUP-CV/proj/task2/../datasets/extra-3/data/train/20240328_171416_jpg.rf.ef31e74bacd0fbba5b2d16069dedcc57.jpg: 640x640 1 pool_table, 7.4ms
Speed: 1.7ms preprocess, 7.4ms inference, 12.1ms postprocess per image at shape (1, 3, 640, 640)
Processing extra-3/data/train/2024-03-30-11-15-02_mp4-0059_jpg.rf.ca3ce46f3019293fe728a412a36a3094.jpg...

image 1/1 /home/admin/Documents/FEUP-CV/proj/task2/../datasets/extra-3/data/train/2024-03-30-11-15-02_mp4-0059_jpg.rf.ca3ce46f3019293fe728a412a36a3094.jpg: 640x640 1 pool_table, 4.3ms
Speed: 3.0ms preprocess, 4.3ms inference, 1.4ms postprocess per image at shape (1, 3, 640, 640)
Processing extra-3/data/train/IMG_20240319_121505_jpg.rf.6bbb6dbbf5aeef71715d6bafafb92e3b.jpg...

image 1/1 /home/admin/Documents/FEUP-CV/proj/task2/../datasets/extra-3/data/train/IMG_20240319_121505_jpg.rf.6bbb6dbbf5aeef71715d6bafafb92e3b.jpg: 640x640 1 pool_table, 7.3ms
Speed: 2.1ms preprocess, 7.3ms inference, 12.0ms postprocess per image at shape (1, 3, 640, 640)
Processing extra-3/data/train/2024-03-30-11-22-03_mp4-0027_jpg.rf.41d1baf14eaca91daa8b87a09b7e07e8.jpg...

image 1/1 /home/admin/Documents/FEUP-CV/proj/task2/../datasets/extra-3/data/train/2024-03-30-11-22-03_mp4-0027_jpg.rf.41d1baf14eaca91daa8b87a09b7e07e8.jpg: 640x640 1 pool_table, 4.1ms
Speed: 2.7ms preprocess, 4.1ms inference, 1.4ms postprocess per image at shape (1, 3, 640, 640)
Processing extra-3/data/train/2024-03-28-15-41-19_mp4-0058_jpg.rf.5c777f2a1a425b4694dd9fb2f31c43af.jpg...

image 1/1 /home/admin/Documents/FEUP-CV/proj/task2/../datasets/extra-3/data/train/2024-03-28-15-41-19_mp4-0058_jpg.rf.5c777f2a1a425b4694dd9fb2f31c43af.jpg: 640x640 1 pool_table, 7.3ms
Speed: 1.4ms preprocess, 7.3ms inference, 12.0ms postprocess per image at shape (1, 3, 640, 640)
Processing extra-3/data/train/2024-03-28-18-35-18_mp4-0004_jpg.rf.dd385bd48faafb39a09873eef014f74f.jpg...

image 1/1 /home/admin/Documents/FEUP-CV/proj/task2/../datasets/extra-3/data/train/2024-03-28-18-35-18_mp4-0004_jpg.rf.dd385bd48faafb39a09873eef014f74f.jpg: 640x640 1 pool_table, 4.6ms
Speed: 3.1ms preprocess, 4.6ms inference, 1.4ms postprocess per image at shape (1, 3, 640, 640)
Processing extra-3/data/train/2024-03-28-18-35-18_mp4-0021_jpg.rf.7f395f0887e665f0f9c689d66f461945.jpg...

image 1/1 /home/admin/Documents/FEUP-CV/proj/task2/../datasets/extra-3/data/train/2024-03-28-18-35-18_mp4-0021_jpg.rf.7f395f0887e665f0f9c689d66f461945.jpg: 640x640 1 pool_table, 7.4ms
Speed: 1.8ms preprocess, 7.4ms inference, 12.1ms postprocess per image at shape (1, 3, 640, 640)
Processing extra-3/data/train/2024-03-30-11-15-02_mp4-0018_jpg.rf.c983276713d5ba3735e4021acbcba7a4.jpg...

image 1/1 /home/admin/Documents/FEUP-CV/proj/task2/../datasets/extra-3/data/train/2024-03-30-11-15-02_mp4-0018_jpg.rf.c983276713d5ba3735e4021acbcba7a4.jpg: 640x640 1 pool_table, 4.4ms
Speed: 3.2ms preprocess, 4.4ms inference, 1.4ms postprocess per image at shape (1, 3, 640, 640)
Processing extra-3/data/train/2024-03-30-11-22-03_mp4-0037_jpg.rf.84309d51d28d14ddc39472160e408fc1.jpg...

image 1/1 /home/admin/Documents/FEUP-CV/proj/task2/../datasets/extra-3/data/train/2024-03-30-11-22-03_mp4-0037_jpg.rf.84309d51d28d14ddc39472160e408fc1.jpg: 640x640 1 pool_table, 7.4ms
Speed: 1.6ms preprocess, 7.4ms inference, 12.1ms postprocess per image at shape (1, 3, 640, 640)
Processing extra-3/data/train/20240328_171404_jpg.rf.7a66c9456dc48f0f21052da8e171d3b9.jpg...

image 1/1 /home/admin/Documents/FEUP-CV/proj/task2/../datasets/extra-3/data/train/20240328_171404_jpg.rf.7a66c9456dc48f0f21052da8e171d3b9.jpg: 640x640 (no detections), 4.5ms
Speed: 2.7ms preprocess, 4.5ms inference, 0.6ms postprocess per image at shape (1, 3, 640, 640)
Processing extra-3/data/train/2024-03-28-15-41-19_mp4-0052_jpg.rf.6b274111efc8a9d99d36cd412d6d43a0.jpg...

image 1/1 /home/admin/Documents/FEUP-CV/proj/task2/../datasets/extra-3/data/train/2024-03-28-15-41-19_mp4-0052_jpg.rf.6b274111efc8a9d99d36cd412d6d43a0.jpg: 640x640 1 pool_table, 7.4ms
Speed: 2.9ms preprocess, 7.4ms inference, 12.1ms postprocess per image at shape (1, 3, 640, 640)
Processing extra-3/data/train/2024-03-28-18-28-05_mp4-0046_jpg.rf.614740b8e7bbbca976d968710dcec90d.jpg...

image 1/1 /home/admin/Documents/FEUP-CV/proj/task2/../datasets/extra-3/data/train/2024-03-28-18-28-05_mp4-0046_jpg.rf.614740b8e7bbbca976d968710dcec90d.jpg: 640x640 1 pool_table, 6.7ms
Speed: 1.4ms preprocess, 6.7ms inference, 1.4ms postprocess per image at shape (1, 3, 640, 640)
Processing extra-3/data/train/2024-03-28-15-41-19_mp4-0073_jpg.rf.515c4e2678c03933fb832816dc5501fa.jpg...

image 1/1 /home/admin/Documents/FEUP-CV/proj/task2/../datasets/extra-3/data/train/2024-03-28-15-41-19_mp4-0073_jpg.rf.515c4e2678c03933fb832816dc5501fa.jpg: 640x640 1 pool_table, 7.5ms
Speed: 2.3ms preprocess, 7.5ms inference, 12.1ms postprocess per image at shape (1, 3, 640, 640)
Processing extra-3/data/train/2024-03-28-15-41-19_mp4-0066_jpg.rf.cb5c60d1c1087f22acc4d1085c33c1e8.jpg...

image 1/1 /home/admin/Documents/FEUP-CV/proj/task2/../datasets/extra-3/data/train/2024-03-28-15-41-19_mp4-0066_jpg.rf.cb5c60d1c1087f22acc4d1085c33c1e8.jpg: 640x640 1 pool_table, 6.6ms
Speed: 1.5ms preprocess, 6.6ms inference, 1.4ms postprocess per image at shape (1, 3, 640, 640)
Processing extra-3/data/train/2024-03-28-15-41-19_mp4-0087_jpg.rf.1957bc31d7d9a2fdaf0c753b50281b76.jpg...

image 1/1 /home/admin/Documents/FEUP-CV/proj/task2/../datasets/extra-3/data/train/2024-03-28-15-41-19_mp4-0087_jpg.rf.1957bc31d7d9a2fdaf0c753b50281b76.jpg: 640x640 1 pool_table, 7.4ms
Speed: 2.2ms preprocess, 7.4ms inference, 12.0ms postprocess per image at shape (1, 3, 640, 640)
Processing extra-3/data/train/2024-03-30-11-15-02_mp4-0063_jpg.rf.6e22fd97e2824010a2b55ea3fc40e717.jpg...

image 1/1 /home/admin/Documents/FEUP-CV/proj/task2/../datasets/extra-3/data/train/2024-03-30-11-15-02_mp4-0063_jpg.rf.6e22fd97e2824010a2b55ea3fc40e717.jpg: 640x640 1 pool_table, 6.6ms
Speed: 1.6ms preprocess, 6.6ms inference, 1.4ms postprocess per image at shape (1, 3, 640, 640)
Processing extra-3/data/train/IMG_20240319_122145_jpg.rf.93514281400b9d3e6ed91c051cdf425c.jpg...

image 1/1 /home/admin/Documents/FEUP-CV/proj/task2/../datasets/extra-3/data/train/IMG_20240319_122145_jpg.rf.93514281400b9d3e6ed91c051cdf425c.jpg: 640x640 1 pool_table, 7.4ms
Speed: 1.9ms preprocess, 7.4ms inference, 12.1ms postprocess per image at shape (1, 3, 640, 640)
Processing extra-3/data/train/2024-03-30-11-07-17_mp4-0047_jpg.rf.e5cf3fbda01a4b67c355dd1c828ff381.jpg...

image 1/1 /home/admin/Documents/FEUP-CV/proj/task2/../datasets/extra-3/data/train/2024-03-30-11-07-17_mp4-0047_jpg.rf.e5cf3fbda01a4b67c355dd1c828ff381.jpg: 640x640 1 pool_table, 4.3ms
Speed: 2.2ms preprocess, 4.3ms inference, 1.4ms postprocess per image at shape (1, 3, 640, 640)
Processing extra-3/data/train/2024-03-28-18-28-05_mp4-0040_jpg.rf.d48a8f277d83d7c6679275a71db33e5e.jpg...

image 1/1 /home/admin/Documents/FEUP-CV/proj/task2/../datasets/extra-3/data/train/2024-03-28-18-28-05_mp4-0040_jpg.rf.d48a8f277d83d7c6679275a71db33e5e.jpg: 640x640 1 pool_table, 7.4ms
Speed: 2.2ms preprocess, 7.4ms inference, 12.0ms postprocess per image at shape (1, 3, 640, 640)
Processing extra-3/data/train/IMG_20240319_122123_jpg.rf.fb1464973db421ae9713dc5b5959b8bd.jpg...

image 1/1 /home/admin/Documents/FEUP-CV/proj/task2/../datasets/extra-3/data/train/IMG_20240319_122123_jpg.rf.fb1464973db421ae9713dc5b5959b8bd.jpg: 640x640 1 pool_table, 6.3ms
Speed: 1.4ms preprocess, 6.3ms inference, 1.4ms postprocess per image at shape (1, 3, 640, 640)
Processing extra-3/data/train/2024-03-28-15-41-19_mp4-0049_jpg.rf.e93ce456728a44071772799afaa618bb.jpg...

image 1/1 /home/admin/Documents/FEUP-CV/proj/task2/../datasets/extra-3/data/train/2024-03-28-15-41-19_mp4-0049_jpg.rf.e93ce456728a44071772799afaa618bb.jpg: 640x640 1 pool_table, 7.4ms
Speed: 1.3ms preprocess, 7.4ms inference, 12.1ms postprocess per image at shape (1, 3, 640, 640)
Processing extra-3/data/train/2024-03-28-15-41-19_mp4-0070_jpg.rf.045cfc262acd8e13d52c6eb7e6c67ed3.jpg...

image 1/1 /home/admin/Documents/FEUP-CV/proj/task2/../datasets/extra-3/data/train/2024-03-28-15-41-19_mp4-0070_jpg.rf.045cfc262acd8e13d52c6eb7e6c67ed3.jpg: 640x640 1 pool_table, 6.4ms
Speed: 1.7ms preprocess, 6.4ms inference, 1.4ms postprocess per image at shape (1, 3, 640, 640)
Processing extra-3/data/train/2024-03-28-15-41-19_mp4-0056_jpg.rf.51d8dfee15d94c64aa2ab3d670992f9a.jpg...

image 1/1 /home/admin/Documents/FEUP-CV/proj/task2/../datasets/extra-3/data/train/2024-03-28-15-41-19_mp4-0056_jpg.rf.51d8dfee15d94c64aa2ab3d670992f9a.jpg: 640x640 1 pool_table, 7.3ms
Speed: 2.4ms preprocess, 7.3ms inference, 12.0ms postprocess per image at shape (1, 3, 640, 640)
Processing extra-3/data/train/2024-03-28-15-41-19_mp4-0058_jpg.rf.1d297aeffbcb11ce6b69a0178ce51693.jpg...

image 1/1 /home/admin/Documents/FEUP-CV/proj/task2/../datasets/extra-3/data/train/2024-03-28-15-41-19_mp4-0058_jpg.rf.1d297aeffbcb11ce6b69a0178ce51693.jpg: 640x640 1 pool_table, 6.3ms
Speed: 1.6ms preprocess, 6.3ms inference, 1.4ms postprocess per image at shape (1, 3, 640, 640)
Processing extra-3/data/train/2024-03-30-11-15-02_mp4-0054_jpg.rf.803bd696bc370c3e26f2fe5dcb6f8ae9.jpg...

image 1/1 /home/admin/Documents/FEUP-CV/proj/task2/../datasets/extra-3/data/train/2024-03-30-11-15-02_mp4-0054_jpg.rf.803bd696bc370c3e26f2fe5dcb6f8ae9.jpg: 640x640 1 pool_table, 7.4ms
Speed: 2.4ms preprocess, 7.4ms inference, 12.1ms postprocess per image at shape (1, 3, 640, 640)
Processing extra-3/data/train/IMG_20240319_122208_jpg.rf.a88fef7d2b00a2078201e339de4d6d47.jpg...

image 1/1 /home/admin/Documents/FEUP-CV/proj/task2/../datasets/extra-3/data/train/IMG_20240319_122208_jpg.rf.a88fef7d2b00a2078201e339de4d6d47.jpg: 640x640 1 pool_table, 4.5ms
Speed: 2.9ms preprocess, 4.5ms inference, 1.4ms postprocess per image at shape (1, 3, 640, 640)
Processing extra-3/data/train/IMG_20240319_121159_jpg.rf.040ea9ab31712352a156a24d8544434c.jpg...

image 1/1 /home/admin/Documents/FEUP-CV/proj/task2/../datasets/extra-3/data/train/IMG_20240319_121159_jpg.rf.040ea9ab31712352a156a24d8544434c.jpg: 640x640 1 pool_table, 7.4ms
Speed: 3.1ms preprocess, 7.4ms inference, 12.1ms postprocess per image at shape (1, 3, 640, 640)
Processing extra-3/data/train/2024-03-28-18-28-05_mp4-0032_jpg.rf.8eed1861e17f6c44b7820ced4df53240.jpg...

image 1/1 /home/admin/Documents/FEUP-CV/proj/task2/../datasets/extra-3/data/train/2024-03-28-18-28-05_mp4-0032_jpg.rf.8eed1861e17f6c44b7820ced4df53240.jpg: 640x640 1 pool_table, 4.3ms
Speed: 2.0ms preprocess, 4.3ms inference, 1.5ms postprocess per image at shape (1, 3, 640, 640)
Processing extra-3/data/train/2024-03-28-15-41-19_mp4-0090_jpg.rf.9f2572a08fae4cfc821e0392f386cd4c.jpg...

image 1/1 /home/admin/Documents/FEUP-CV/proj/task2/../datasets/extra-3/data/train/2024-03-28-15-41-19_mp4-0090_jpg.rf.9f2572a08fae4cfc821e0392f386cd4c.jpg: 640x640 1 pool_table, 7.4ms
Speed: 2.3ms preprocess, 7.4ms inference, 12.1ms postprocess per image at shape (1, 3, 640, 640)
Processing extra-3/data/train/2024-03-30-11-07-17_mp4-0034_jpg.rf.d447c19641c4d23d4e0267afa4a47c22.jpg...

image 1/1 /home/admin/Documents/FEUP-CV/proj/task2/../datasets/extra-3/data/train/2024-03-30-11-07-17_mp4-0034_jpg.rf.d447c19641c4d23d4e0267afa4a47c22.jpg: 640x640 1 pool_table, 6.5ms
Speed: 1.3ms preprocess, 6.5ms inference, 1.4ms postprocess per image at shape (1, 3, 640, 640)
Processing extra-3/data/train/20240328_171438_jpg.rf.e715dc063f671ef452146f1500426d7b.jpg...

image 1/1 /home/admin/Documents/FEUP-CV/proj/task2/../datasets/extra-3/data/train/20240328_171438_jpg.rf.e715dc063f671ef452146f1500426d7b.jpg: 640x640 1 pool_table, 7.4ms
Speed: 2.0ms preprocess, 7.4ms inference, 12.1ms postprocess per image at shape (1, 3, 640, 640)
Processing extra-3/data/test/2024-03-28-15-41-19_mp4-0072_jpg.rf.ce528ab694332a3b3cf6d9cce7d03a58.jpg...

image 1/1 /home/admin/Documents/FEUP-CV/proj/task2/../datasets/extra-3/data/test/2024-03-28-15-41-19_mp4-0072_jpg.rf.ce528ab694332a3b3cf6d9cce7d03a58.jpg: 640x640 1 pool_table, 4.3ms
Speed: 3.1ms preprocess, 4.3ms inference, 1.4ms postprocess per image at shape (1, 3, 640, 640)
Processing extra-3/data/test/IMG_20240319_121750_jpg.rf.c5c4aa8161dabb6a6d97e62d27c4eaca.jpg...

image 1/1 /home/admin/Documents/FEUP-CV/proj/task2/../datasets/extra-3/data/test/IMG_20240319_121750_jpg.rf.c5c4aa8161dabb6a6d97e62d27c4eaca.jpg: 640x640 1 pool_table, 7.4ms
Speed: 2.1ms preprocess, 7.4ms inference, 12.1ms postprocess per image at shape (1, 3, 640, 640)
Processing extra-3/data/test/2024-03-30-11-22-03_mp4-0026_jpg.rf.d8149885342c6948e4f7c44bc29f1ba8.jpg...

image 1/1 /home/admin/Documents/FEUP-CV/proj/task2/../datasets/extra-3/data/test/2024-03-30-11-22-03_mp4-0026_jpg.rf.d8149885342c6948e4f7c44bc29f1ba8.jpg: 640x640 1 pool_table, 4.1ms
Speed: 2.9ms preprocess, 4.1ms inference, 1.4ms postprocess per image at shape (1, 3, 640, 640)
Processing extra-3/data/test/2024-03-28-18-28-05_mp4-0031_jpg.rf.860004b5b4efafcd30da8104970357f6.jpg...

image 1/1 /home/admin/Documents/FEUP-CV/proj/task2/../datasets/extra-3/data/test/2024-03-28-18-28-05_mp4-0031_jpg.rf.860004b5b4efafcd30da8104970357f6.jpg: 640x640 1 pool_table, 7.3ms
Speed: 1.5ms preprocess, 7.3ms inference, 12.0ms postprocess per image at shape (1, 3, 640, 640)
Processing extra-3/data/test/2024-03-30-11-07-17_mp4-0005_jpg.rf.99103b29bb638f4642b537394e22320b.jpg...

image 1/1 /home/admin/Documents/FEUP-CV/proj/task2/../datasets/extra-3/data/test/2024-03-30-11-07-17_mp4-0005_jpg.rf.99103b29bb638f4642b537394e22320b.jpg: 640x640 1 pool_table, 7.4ms
Speed: 1.5ms preprocess, 7.4ms inference, 12.1ms postprocess per image at shape (1, 3, 640, 640)
Processing extra-3/data/test/IMG_20240319_122142_jpg.rf.7bea7ed9094ed7bb08e1ab2d6845f660.jpg...

image 1/1 /home/admin/Documents/FEUP-CV/proj/task2/../datasets/extra-3/data/test/IMG_20240319_122142_jpg.rf.7bea7ed9094ed7bb08e1ab2d6845f660.jpg: 640x640 1 pool_table, 7.6ms
Speed: 3.2ms preprocess, 7.6ms inference, 12.2ms postprocess per image at shape (1, 3, 640, 640)
Processing extra-3/data/test/2024-03-28-15-41-19_mp4-0007_jpg.rf.17e005182cdccb6be0f43b4fcd5877c6.jpg...

image 1/1 /home/admin/Documents/FEUP-CV/proj/task2/../datasets/extra-3/data/test/2024-03-28-15-41-19_mp4-0007_jpg.rf.17e005182cdccb6be0f43b4fcd5877c6.jpg: 640x640 1 pool_table, 7.5ms
Speed: 2.4ms preprocess, 7.5ms inference, 12.1ms postprocess per image at shape (1, 3, 640, 640)
Processing extra-3/data/test/2024-03-30-11-15-02_mp4-0025_jpg.rf.3fb2cd5f149144d94bfca5eb67b84bdd.jpg...

image 1/1 /home/admin/Documents/FEUP-CV/proj/task2/../datasets/extra-3/data/test/2024-03-30-11-15-02_mp4-0025_jpg.rf.3fb2cd5f149144d94bfca5eb67b84bdd.jpg: 640x640 1 pool_table, 7.6ms
Speed: 1.5ms preprocess, 7.6ms inference, 12.2ms postprocess per image at shape (1, 3, 640, 640)
Processing extra-3/data/test/2024-03-28-15-41-19_mp4-0057_jpg.rf.1ab8a8d7744ef32e83e6ec07b07a1f5c.jpg...

image 1/1 /home/admin/Documents/FEUP-CV/proj/task2/../datasets/extra-3/data/test/2024-03-28-15-41-19_mp4-0057_jpg.rf.1ab8a8d7744ef32e83e6ec07b07a1f5c.jpg: 640x640 1 pool_table, 7.5ms
Speed: 1.5ms preprocess, 7.5ms inference, 12.4ms postprocess per image at shape (1, 3, 640, 640)
Processing extra-3/data/test/2024-03-28-18-35-18_mp4-0006_jpg.rf.4942406da19a058ddc72a51e823fbca2.jpg...

image 1/1 /home/admin/Documents/FEUP-CV/proj/task2/../datasets/extra-3/data/test/2024-03-28-18-35-18_mp4-0006_jpg.rf.4942406da19a058ddc72a51e823fbca2.jpg: 640x640 1 pool_table, 7.7ms
Speed: 1.6ms preprocess, 7.7ms inference, 12.3ms postprocess per image at shape (1, 3, 640, 640)
Processing extra-3/data/test/2024-03-28-15-41-19_mp4-0017_jpg.rf.515049ca6360c0b4a49c58ff54772403.jpg...

image 1/1 /home/admin/Documents/FEUP-CV/proj/task2/../datasets/extra-3/data/test/2024-03-28-15-41-19_mp4-0017_jpg.rf.515049ca6360c0b4a49c58ff54772403.jpg: 640x640 1 pool_table, 7.8ms
Speed: 1.4ms preprocess, 7.8ms inference, 12.3ms postprocess per image at shape (1, 3, 640, 640)
Processing extra-3/data/test/2024-03-28-15-41-19_mp4-0024_jpg.rf.162190220e51a3b314832ce3ee849d54.jpg...

image 1/1 /home/admin/Documents/FEUP-CV/proj/task2/../datasets/extra-3/data/test/2024-03-28-15-41-19_mp4-0024_jpg.rf.162190220e51a3b314832ce3ee849d54.jpg: 640x640 1 pool_table, 7.7ms
Speed: 1.6ms preprocess, 7.7ms inference, 12.3ms postprocess per image at shape (1, 3, 640, 640)
Processing extra-3/data/test/2024-03-28-15-41-19_mp4-0010_jpg.rf.477c10ec98bb67f55ca144de160a5a30.jpg...

image 1/1 /home/admin/Documents/FEUP-CV/proj/task2/../datasets/extra-3/data/test/2024-03-28-15-41-19_mp4-0010_jpg.rf.477c10ec98bb67f55ca144de160a5a30.jpg: 640x640 1 pool_table, 7.7ms
Speed: 1.4ms preprocess, 7.7ms inference, 12.4ms postprocess per image at shape (1, 3, 640, 640)
Processing extra-3/data/test/2024-03-30-11-22-03_mp4-0008_jpg.rf.000f8a72a6b6d235e36d6414c6a9b8d0.jpg...

image 1/1 /home/admin/Documents/FEUP-CV/proj/task2/../datasets/extra-3/data/test/2024-03-30-11-22-03_mp4-0008_jpg.rf.000f8a72a6b6d235e36d6414c6a9b8d0.jpg: 640x640 1 pool_table, 7.7ms
Speed: 3.0ms preprocess, 7.7ms inference, 12.2ms postprocess per image at shape (1, 3, 640, 640)
Processing extra-3/data/test/2024-03-28-18-28-05_mp4-0035_jpg.rf.a39a4f72a482510dfadff7b5a3a96e06.jpg...

image 1/1 /home/admin/Documents/FEUP-CV/proj/task2/../datasets/extra-3/data/test/2024-03-28-18-28-05_mp4-0035_jpg.rf.a39a4f72a482510dfadff7b5a3a96e06.jpg: 640x640 1 pool_table, 7.6ms
Speed: 2.1ms preprocess, 7.6ms inference, 12.2ms postprocess per image at shape (1, 3, 640, 640)
Processing extra-3/data/test/IMG_20240319_121800_jpg.rf.18b2e6b1a3feb4f72690921ea107e45a.jpg...

image 1/1 /home/admin/Documents/FEUP-CV/proj/task2/../datasets/extra-3/data/test/IMG_20240319_121800_jpg.rf.18b2e6b1a3feb4f72690921ea107e45a.jpg: 640x640 1 pool_table, 7.6ms
Speed: 2.8ms preprocess, 7.6ms inference, 12.2ms postprocess per image at shape (1, 3, 640, 640)
Processing extra-3/data/test/2024-03-28-18-28-05_mp4-0012_jpg.rf.c2659b76bba2e3e304094727b8eb932a.jpg...

image 1/1 /home/admin/Documents/FEUP-CV/proj/task2/../datasets/extra-3/data/test/2024-03-28-18-28-05_mp4-0012_jpg.rf.c2659b76bba2e3e304094727b8eb932a.jpg: 640x640 1 pool_table, 7.6ms
Speed: 2.6ms preprocess, 7.6ms inference, 12.3ms postprocess per image at shape (1, 3, 640, 640)
Processing extra-3/data/test/2024-03-28-18-28-05_mp4-0013_jpg.rf.839c60e9ae870ee2902af9bb6425c346.jpg...

image 1/1 /home/admin/Documents/FEUP-CV/proj/task2/../datasets/extra-3/data/test/2024-03-28-18-28-05_mp4-0013_jpg.rf.839c60e9ae870ee2902af9bb6425c346.jpg: 640x640 1 pool_table, 7.7ms
Speed: 2.9ms preprocess, 7.7ms inference, 12.3ms postprocess per image at shape (1, 3, 640, 640)
Processing extra-3/data/test/2024-03-30-11-07-17_mp4-0041_jpg.rf.e3627a468ad308e16331668aed130d1c.jpg...

image 1/1 /home/admin/Documents/FEUP-CV/proj/task2/../datasets/extra-3/data/test/2024-03-30-11-07-17_mp4-0041_jpg.rf.e3627a468ad308e16331668aed130d1c.jpg: 640x640 1 pool_table, 7.6ms
Speed: 3.0ms preprocess, 7.6ms inference, 12.2ms postprocess per image at shape (1, 3, 640, 640)
Processing extra-3/data/test/2024-03-28-18-28-05_mp4-0024_jpg.rf.02106aa996dcb58ce08d6b48af7775b0.jpg...

image 1/1 /home/admin/Documents/FEUP-CV/proj/task2/../datasets/extra-3/data/test/2024-03-28-18-28-05_mp4-0024_jpg.rf.02106aa996dcb58ce08d6b48af7775b0.jpg: 640x640 1 pool_table, 7.8ms
Speed: 2.7ms preprocess, 7.8ms inference, 12.4ms postprocess per image at shape (1, 3, 640, 640)
Processing extra-3/data/test/IMG_20240319_121006_jpg.rf.fc32ff2d9a8d04f3c1f34fc2fde9757f.jpg...

image 1/1 /home/admin/Documents/FEUP-CV/proj/task2/../datasets/extra-3/data/test/IMG_20240319_121006_jpg.rf.fc32ff2d9a8d04f3c1f34fc2fde9757f.jpg: 640x640 1 pool_table, 7.9ms
Speed: 3.3ms preprocess, 7.9ms inference, 12.4ms postprocess per image at shape (1, 3, 640, 640)
Processing extra-3/data/test/2024-03-28-18-35-18_mp4-0024_jpg.rf.cf008ecc4f9c78a479f357715e4e2a86.jpg...

image 1/1 /home/admin/Documents/FEUP-CV/proj/task2/../datasets/extra-3/data/test/2024-03-28-18-35-18_mp4-0024_jpg.rf.cf008ecc4f9c78a479f357715e4e2a86.jpg: 640x640 1 pool_table, 7.9ms
Speed: 3.3ms preprocess, 7.9ms inference, 12.3ms postprocess per image at shape (1, 3, 640, 640)
Processing extra-3/data/test/2024-03-30-11-15-02_mp4-0023_jpg.rf.0971da2e23d3a4c6a5aeffe7fb8098a2.jpg...

image 1/1 /home/admin/Documents/FEUP-CV/proj/task2/../datasets/extra-3/data/test/2024-03-30-11-15-02_mp4-0023_jpg.rf.0971da2e23d3a4c6a5aeffe7fb8098a2.jpg: 640x640 1 pool_table, 7.9ms
Speed: 1.4ms preprocess, 7.9ms inference, 12.3ms postprocess per image at shape (1, 3, 640, 640)
Processing extra-3/data/test/IMG_20240319_121843_jpg.rf.06f15b866e63a15f851a948f5d04be3d.jpg...

image 1/1 /home/admin/Documents/FEUP-CV/proj/task2/../datasets/extra-3/data/test/IMG_20240319_121843_jpg.rf.06f15b866e63a15f851a948f5d04be3d.jpg: 640x640 1 pool_table, 7.9ms
Speed: 1.3ms preprocess, 7.9ms inference, 12.3ms postprocess per image at shape (1, 3, 640, 640)
Processing extra-3/data/test/2024-03-30-11-15-02_mp4-0028_jpg.rf.83a7ec8aa6d1afcfdec46db7cb093147.jpg...

image 1/1 /home/admin/Documents/FEUP-CV/proj/task2/../datasets/extra-3/data/test/2024-03-30-11-15-02_mp4-0028_jpg.rf.83a7ec8aa6d1afcfdec46db7cb093147.jpg: 640x640 1 pool_table, 7.7ms
Speed: 3.3ms preprocess, 7.7ms inference, 12.2ms postprocess per image at shape (1, 3, 640, 640)
Processing extra-3/data/test/IMG_20240319_122132_jpg.rf.4a7261c26ab0bff66f31e5e1b983fbb7.jpg...

image 1/1 /home/admin/Documents/FEUP-CV/proj/task2/../datasets/extra-3/data/test/IMG_20240319_122132_jpg.rf.4a7261c26ab0bff66f31e5e1b983fbb7.jpg: 640x640 1 pool_table, 7.7ms
Speed: 3.3ms preprocess, 7.7ms inference, 12.2ms postprocess per image at shape (1, 3, 640, 640)
Processing extra-3/data/test/2024-03-30-11-15-02_mp4-0040_jpg.rf.74771632e839c748c7a40f1f47d1ac51.jpg...

image 1/1 /home/admin/Documents/FEUP-CV/proj/task2/../datasets/extra-3/data/test/2024-03-30-11-15-02_mp4-0040_jpg.rf.74771632e839c748c7a40f1f47d1ac51.jpg: 640x640 1 pool_table, 7.6ms
Speed: 2.6ms preprocess, 7.6ms inference, 12.3ms postprocess per image at shape (1, 3, 640, 640)
Processing extra-3/data/test/2024-03-30-11-15-02_mp4-0036_jpg.rf.6780c3f39edf80957c65ace0197aeb30.jpg...

image 1/1 /home/admin/Documents/FEUP-CV/proj/task2/../datasets/extra-3/data/test/2024-03-30-11-15-02_mp4-0036_jpg.rf.6780c3f39edf80957c65ace0197aeb30.jpg: 640x640 1 pool_table, 7.6ms
Speed: 1.5ms preprocess, 7.6ms inference, 12.2ms postprocess per image at shape (1, 3, 640, 640)
Processing extra-3/data/test/2024-03-30-11-22-03_mp4-0021_jpg.rf.4ed9b787bda159b6a40aacd19b09d609.jpg...

image 1/1 /home/admin/Documents/FEUP-CV/proj/task2/../datasets/extra-3/data/test/2024-03-30-11-22-03_mp4-0021_jpg.rf.4ed9b787bda159b6a40aacd19b09d609.jpg: 640x640 1 pool_table, 7.6ms
Speed: 3.3ms preprocess, 7.6ms inference, 12.2ms postprocess per image at shape (1, 3, 640, 640)
Processing extra-3/data/test/20240328_171445_jpg.rf.e30d7b1aec27bb57cc9242c3889985c4.jpg...

image 1/1 /home/admin/Documents/FEUP-CV/proj/task2/../datasets/extra-3/data/test/20240328_171445_jpg.rf.e30d7b1aec27bb57cc9242c3889985c4.jpg: 640x640 1 pool_table, 7.7ms
Speed: 2.7ms preprocess, 7.7ms inference, 12.3ms postprocess per image at shape (1, 3, 640, 640)
Processing extra-3/data/test/20240328_171200_jpg.rf.b464aa6ed10d9946951ae9c1b3170d3b.jpg...

image 1/1 /home/admin/Documents/FEUP-CV/proj/task2/../datasets/extra-3/data/test/20240328_171200_jpg.rf.b464aa6ed10d9946951ae9c1b3170d3b.jpg: 640x640 1 pool_table, 7.9ms
Speed: 2.9ms preprocess, 7.9ms inference, 12.3ms postprocess per image at shape (1, 3, 640, 640)
Processing extra-3/data/test/2024-03-28-15-41-19_mp4-0046_jpg.rf.eea1d17a4571bd95a2455f419341ecea.jpg...

image 1/1 /home/admin/Documents/FEUP-CV/proj/task2/../datasets/extra-3/data/test/2024-03-28-15-41-19_mp4-0046_jpg.rf.eea1d17a4571bd95a2455f419341ecea.jpg: 640x640 1 pool_table, 7.9ms
Speed: 2.6ms preprocess, 7.9ms inference, 12.4ms postprocess per image at shape (1, 3, 640, 640)
Processing extra-3/data/test/2024-03-30-11-07-17_mp4-0030_jpg.rf.808c0025836fd0360f5bc5315e5b18ac.jpg...

image 1/1 /home/admin/Documents/FEUP-CV/proj/task2/../datasets/extra-3/data/test/2024-03-30-11-07-17_mp4-0030_jpg.rf.808c0025836fd0360f5bc5315e5b18ac.jpg: 640x640 1 pool_table, 7.9ms
Speed: 1.7ms preprocess, 7.9ms inference, 12.3ms postprocess per image at shape (1, 3, 640, 640)
Processing extra-3/data/test/2024-03-28-15-41-19_mp4-0079_jpg.rf.38c7d4f0095e2699b4f93523f7b3cdcf.jpg...

image 1/1 /home/admin/Documents/FEUP-CV/proj/task2/../datasets/extra-3/data/test/2024-03-28-15-41-19_mp4-0079_jpg.rf.38c7d4f0095e2699b4f93523f7b3cdcf.jpg: 640x640 1 pool_table, 7.9ms
Speed: 1.6ms preprocess, 7.9ms inference, 12.4ms postprocess per image at shape (1, 3, 640, 640)
Processing extra-3/data/test/IMG_20240319_122248_jpg.rf.c76b2a9cd9ab6d705ab3fb080e123f6c.jpg...

image 1/1 /home/admin/Documents/FEUP-CV/proj/task2/../datasets/extra-3/data/test/IMG_20240319_122248_jpg.rf.c76b2a9cd9ab6d705ab3fb080e123f6c.jpg: 640x640 1 pool_table, 7.9ms
Speed: 1.6ms preprocess, 7.9ms inference, 12.3ms postprocess per image at shape (1, 3, 640, 640)
Processing extra-3/data/test/IMG_20240319_120733_jpg.rf.6c22b671ad38aa4f632958951a94f674.jpg...

image 1/1 /home/admin/Documents/FEUP-CV/proj/task2/../datasets/extra-3/data/test/IMG_20240319_120733_jpg.rf.6c22b671ad38aa4f632958951a94f674.jpg: 640x640 1 pool_table, 7.9ms
Speed: 3.3ms preprocess, 7.9ms inference, 12.3ms postprocess per image at shape (1, 3, 640, 640)
Processing extra-3/data/test/2024-03-28-18-35-18_mp4-0035_jpg.rf.3350134d3fba32e1ec4ab1ab50b6c22f.jpg...

image 1/1 /home/admin/Documents/FEUP-CV/proj/task2/../datasets/extra-3/data/test/2024-03-28-18-35-18_mp4-0035_jpg.rf.3350134d3fba32e1ec4ab1ab50b6c22f.jpg: 640x640 1 pool_table, 7.6ms
Speed: 3.3ms preprocess, 7.6ms inference, 12.3ms postprocess per image at shape (1, 3, 640, 640)
Processing extra-3/data/test/2024-03-28-15-41-19_mp4-0091_jpg.rf.e280a6ecbce69d1d9448d7277346749f.jpg...

image 1/1 /home/admin/Documents/FEUP-CV/proj/task2/../datasets/extra-3/data/test/2024-03-28-15-41-19_mp4-0091_jpg.rf.e280a6ecbce69d1d9448d7277346749f.jpg: 640x640 1 pool_table, 7.6ms
Speed: 1.3ms preprocess, 7.6ms inference, 12.2ms postprocess per image at shape (1, 3, 640, 640)
Processing extra-3/data/test/2024-03-30-11-15-02_mp4-0067_jpg.rf.59507800700a6e6795ad586c48b1915a.jpg...

image 1/1 /home/admin/Documents/FEUP-CV/proj/task2/../datasets/extra-3/data/test/2024-03-30-11-15-02_mp4-0067_jpg.rf.59507800700a6e6795ad586c48b1915a.jpg: 640x640 1 pool_table, 7.7ms
Speed: 1.6ms preprocess, 7.7ms inference, 12.2ms postprocess per image at shape (1, 3, 640, 640)
Processing extra-3/data/test/2024-03-30-11-15-02_mp4-0084_jpg.rf.26a1b2c92a6887559a9c6ed7360b7e8c.jpg...

image 1/1 /home/admin/Documents/FEUP-CV/proj/task2/../datasets/extra-3/data/test/2024-03-30-11-15-02_mp4-0084_jpg.rf.26a1b2c92a6887559a9c6ed7360b7e8c.jpg: 640x640 1 pool_table, 7.7ms
Speed: 1.5ms preprocess, 7.7ms inference, 12.3ms postprocess per image at shape (1, 3, 640, 640)
Processing extra-3/data/test/IMG_20240319_121133_jpg.rf.3e492afde4fbf5e348c7001dbb0ba426.jpg...

image 1/1 /home/admin/Documents/FEUP-CV/proj/task2/../datasets/extra-3/data/test/IMG_20240319_121133_jpg.rf.3e492afde4fbf5e348c7001dbb0ba426.jpg: 640x640 1 pool_table, 7.7ms
Speed: 1.4ms preprocess, 7.7ms inference, 12.2ms postprocess per image at shape (1, 3, 640, 640)
Processing extra-3/data/test/2024-03-30-11-07-17_mp4-0066_jpg.rf.7ea2546890de4a991608e86828a942fd.jpg...

image 1/1 /home/admin/Documents/FEUP-CV/proj/task2/../datasets/extra-3/data/test/2024-03-30-11-07-17_mp4-0066_jpg.rf.7ea2546890de4a991608e86828a942fd.jpg: 640x640 1 pool_table, 7.8ms
Speed: 3.1ms preprocess, 7.8ms inference, 12.4ms postprocess per image at shape (1, 3, 640, 640)
Processing extra-3/data/test/2024-03-30-11-07-17_mp4-0000_jpg.rf.226485c68911d4384bed5402251a06f5.jpg...

image 1/1 /home/admin/Documents/FEUP-CV/proj/task2/../datasets/extra-3/data/test/2024-03-30-11-07-17_mp4-0000_jpg.rf.226485c68911d4384bed5402251a06f5.jpg: 640x640 1 pool_table, 7.8ms
Speed: 1.4ms preprocess, 7.8ms inference, 12.3ms postprocess per image at shape (1, 3, 640, 640)
Processing extra-3/data/test/2024-03-30-11-07-17_mp4-0004_jpg.rf.bee9856d69f9c7ecc3a18da2ff6b6281.jpg...

image 1/1 /home/admin/Documents/FEUP-CV/proj/task2/../datasets/extra-3/data/test/2024-03-30-11-07-17_mp4-0004_jpg.rf.bee9856d69f9c7ecc3a18da2ff6b6281.jpg: 640x640 1 pool_table, 7.9ms
Speed: 1.4ms preprocess, 7.9ms inference, 12.3ms postprocess per image at shape (1, 3, 640, 640)
Processing extra-3/data/test/20240319_120447_jpg.rf.10a50a88c6d25b5f08d6056571178131.jpg...

image 1/1 /home/admin/Documents/FEUP-CV/proj/task2/../datasets/extra-3/data/test/20240319_120447_jpg.rf.10a50a88c6d25b5f08d6056571178131.jpg: 640x640 1 pool_table, 7.8ms
Speed: 3.0ms preprocess, 7.8ms inference, 12.3ms postprocess per image at shape (1, 3, 640, 640)
Processing extra-3/data/test/2024-03-30-11-22-03_mp4-0004_jpg.rf.8a5b5fddad0d12d46a9139280360982f.jpg...

image 1/1 /home/admin/Documents/FEUP-CV/proj/task2/../datasets/extra-3/data/test/2024-03-30-11-22-03_mp4-0004_jpg.rf.8a5b5fddad0d12d46a9139280360982f.jpg: 640x640 1 pool_table, 7.8ms
Speed: 1.9ms preprocess, 7.8ms inference, 12.3ms postprocess per image at shape (1, 3, 640, 640)
Processing extra-3/data/valid/IMG_20240319_121156_jpg.rf.428affd72c6dd93818f47c4a2e6a692a.jpg...

image 1/1 /home/admin/Documents/FEUP-CV/proj/task2/../datasets/extra-3/data/valid/IMG_20240319_121156_jpg.rf.428affd72c6dd93818f47c4a2e6a692a.jpg: 640x640 1 pool_table, 7.7ms
Speed: 2.8ms preprocess, 7.7ms inference, 12.3ms postprocess per image at shape (1, 3, 640, 640)
Processing extra-3/data/valid/2024-03-28-18-28-05_mp4-0050_jpg.rf.2e202a2842c5b5a412bee2b0fb043ed3.jpg...

image 1/1 /home/admin/Documents/FEUP-CV/proj/task2/../datasets/extra-3/data/valid/2024-03-28-18-28-05_mp4-0050_jpg.rf.2e202a2842c5b5a412bee2b0fb043ed3.jpg: 640x640 1 pool_table, 7.8ms
Speed: 3.0ms preprocess, 7.8ms inference, 12.3ms postprocess per image at shape (1, 3, 640, 640)
Processing extra-3/data/valid/2024-03-30-11-15-02_mp4-0044_jpg.rf.a6039cce384bb07d191652be6fa1f1c1.jpg...

image 1/1 /home/admin/Documents/FEUP-CV/proj/task2/../datasets/extra-3/data/valid/2024-03-30-11-15-02_mp4-0044_jpg.rf.a6039cce384bb07d191652be6fa1f1c1.jpg: 640x640 1 pool_table, 7.7ms
Speed: 1.7ms preprocess, 7.7ms inference, 12.2ms postprocess per image at shape (1, 3, 640, 640)
Processing extra-3/data/valid/2024-03-30-11-15-02_mp4-0064_jpg.rf.0b9e96b1abb6e5783a4ac6b5786a7c87.jpg...

image 1/1 /home/admin/Documents/FEUP-CV/proj/task2/../datasets/extra-3/data/valid/2024-03-30-11-15-02_mp4-0064_jpg.rf.0b9e96b1abb6e5783a4ac6b5786a7c87.jpg: 640x640 1 pool_table, 7.8ms
Speed: 1.6ms preprocess, 7.8ms inference, 12.3ms postprocess per image at shape (1, 3, 640, 640)
Processing extra-3/data/valid/IMG_20240319_121745_jpg.rf.ca25b525216614ef0fba394d549b5398.jpg...

image 1/1 /home/admin/Documents/FEUP-CV/proj/task2/../datasets/extra-3/data/valid/IMG_20240319_121745_jpg.rf.ca25b525216614ef0fba394d549b5398.jpg: 640x640 1 pool_table, 7.8ms
Speed: 3.3ms preprocess, 7.8ms inference, 12.3ms postprocess per image at shape (1, 3, 640, 640)
Processing extra-3/data/valid/IMG_20240319_121729_jpg.rf.04aa90fdc204b2e7ee103e0661256c91.jpg...

image 1/1 /home/admin/Documents/FEUP-CV/proj/task2/../datasets/extra-3/data/valid/IMG_20240319_121729_jpg.rf.04aa90fdc204b2e7ee103e0661256c91.jpg: 640x640 1 pool_table, 7.7ms
Speed: 3.1ms preprocess, 7.7ms inference, 12.3ms postprocess per image at shape (1, 3, 640, 640)
Processing extra-3/data/valid/2024-03-28-15-41-19_mp4-0095_jpg.rf.c8b764d4ef34b4dca202e81de3c0074a.jpg...

image 1/1 /home/admin/Documents/FEUP-CV/proj/task2/../datasets/extra-3/data/valid/2024-03-28-15-41-19_mp4-0095_jpg.rf.c8b764d4ef34b4dca202e81de3c0074a.jpg: 640x640 1 pool_table, 7.9ms
Speed: 1.5ms preprocess, 7.9ms inference, 12.4ms postprocess per image at shape (1, 3, 640, 640)
Processing extra-3/data/valid/2024-03-28-18-28-05_mp4-0054_jpg.rf.3bfbf4ef2c4ba8b02434a6ee56ccdc61.jpg...

image 1/1 /home/admin/Documents/FEUP-CV/proj/task2/../datasets/extra-3/data/valid/2024-03-28-18-28-05_mp4-0054_jpg.rf.3bfbf4ef2c4ba8b02434a6ee56ccdc61.jpg: 640x640 1 pool_table, 7.8ms
Speed: 1.7ms preprocess, 7.8ms inference, 12.3ms postprocess per image at shape (1, 3, 640, 640)
Processing extra-3/data/valid/2024-03-28-18-28-05_mp4-0033_jpg.rf.4652505c125ffe811493a1f7eb4f6fcb.jpg...

image 1/1 /home/admin/Documents/FEUP-CV/proj/task2/../datasets/extra-3/data/valid/2024-03-28-18-28-05_mp4-0033_jpg.rf.4652505c125ffe811493a1f7eb4f6fcb.jpg: 640x640 1 pool_table, 7.9ms
Speed: 1.6ms preprocess, 7.9ms inference, 12.4ms postprocess per image at shape (1, 3, 640, 640)
Processing extra-3/data/valid/2024-03-30-11-15-02_mp4-0069_jpg.rf.dc90f6fbfc6d725b0610cb9792119ce6.jpg...

image 1/1 /home/admin/Documents/FEUP-CV/proj/task2/../datasets/extra-3/data/valid/2024-03-30-11-15-02_mp4-0069_jpg.rf.dc90f6fbfc6d725b0610cb9792119ce6.jpg: 640x640 1 pool_table, 7.9ms
Speed: 1.6ms preprocess, 7.9ms inference, 12.3ms postprocess per image at shape (1, 3, 640, 640)
Processing extra-3/data/valid/2024-03-30-11-15-02_mp4-0050_jpg.rf.31661f7ca7e3ff5d346dc47cb4d0a658.jpg...

image 1/1 /home/admin/Documents/FEUP-CV/proj/task2/../datasets/extra-3/data/valid/2024-03-30-11-15-02_mp4-0050_jpg.rf.31661f7ca7e3ff5d346dc47cb4d0a658.jpg: 640x640 1 pool_table, 7.8ms
Speed: 1.4ms preprocess, 7.8ms inference, 12.2ms postprocess per image at shape (1, 3, 640, 640)
Processing extra-3/data/valid/2024-03-30-11-07-17_mp4-0053_jpg.rf.cf430240e10131835c9a2fb4553a8b3e.jpg...

image 1/1 /home/admin/Documents/FEUP-CV/proj/task2/../datasets/extra-3/data/valid/2024-03-30-11-07-17_mp4-0053_jpg.rf.cf430240e10131835c9a2fb4553a8b3e.jpg: 640x640 1 pool_table, 7.8ms
Speed: 1.4ms preprocess, 7.8ms inference, 12.4ms postprocess per image at shape (1, 3, 640, 640)
Processing extra-3/data/valid/IMG_20240319_122225_jpg.rf.8eeffade3ebbda7ffb974635e1961a19.jpg...

image 1/1 /home/admin/Documents/FEUP-CV/proj/task2/../datasets/extra-3/data/valid/IMG_20240319_122225_jpg.rf.8eeffade3ebbda7ffb974635e1961a19.jpg: 640x640 1 pool_table, 7.7ms
Speed: 3.3ms preprocess, 7.7ms inference, 12.3ms postprocess per image at shape (1, 3, 640, 640)
Processing extra-3/data/valid/IMG_20240319_122136_jpg.rf.d9f179371b0b32d9b2e0e71d0f888060.jpg...

image 1/1 /home/admin/Documents/FEUP-CV/proj/task2/../datasets/extra-3/data/valid/IMG_20240319_122136_jpg.rf.d9f179371b0b32d9b2e0e71d0f888060.jpg: 640x640 1 pool_table, 7.7ms
Speed: 2.4ms preprocess, 7.7ms inference, 12.3ms postprocess per image at shape (1, 3, 640, 640)
Processing extra-3/data/valid/IMG_20240319_120702_jpg.rf.d14f1cc50d572aa42bfc0580966b1ce8.jpg...

image 1/1 /home/admin/Documents/FEUP-CV/proj/task2/../datasets/extra-3/data/valid/IMG_20240319_120702_jpg.rf.d14f1cc50d572aa42bfc0580966b1ce8.jpg: 640x640 1 pool_table, 7.6ms
Speed: 2.3ms preprocess, 7.6ms inference, 12.2ms postprocess per image at shape (1, 3, 640, 640)
Processing extra-3/data/valid/2024-03-28-15-41-19_mp4-0067_jpg.rf.44161e7519f3c69538a12506d225ebce.jpg...

image 1/1 /home/admin/Documents/FEUP-CV/proj/task2/../datasets/extra-3/data/valid/2024-03-28-15-41-19_mp4-0067_jpg.rf.44161e7519f3c69538a12506d225ebce.jpg: 640x640 1 pool_table, 7.7ms
Speed: 1.5ms preprocess, 7.7ms inference, 12.2ms postprocess per image at shape (1, 3, 640, 640)
Processing extra-3/data/valid/20240328_171441_jpg.rf.abe18db11cb064e92096107b5ec72a1f.jpg...

image 1/1 /home/admin/Documents/FEUP-CV/proj/task2/../datasets/extra-3/data/valid/20240328_171441_jpg.rf.abe18db11cb064e92096107b5ec72a1f.jpg: 640x640 1 pool_table, 7.7ms
Speed: 1.5ms preprocess, 7.7ms inference, 12.4ms postprocess per image at shape (1, 3, 640, 640)
Processing extra-3/data/valid/2024-03-30-11-07-17_mp4-0064_jpg.rf.5d4f5d0855c311a0b1d54773b6a7ca14.jpg...

image 1/1 /home/admin/Documents/FEUP-CV/proj/task2/../datasets/extra-3/data/valid/2024-03-30-11-07-17_mp4-0064_jpg.rf.5d4f5d0855c311a0b1d54773b6a7ca14.jpg: 640x640 1 pool_table, 7.9ms
Speed: 2.9ms preprocess, 7.9ms inference, 12.4ms postprocess per image at shape (1, 3, 640, 640)
Processing extra-3/data/valid/IMG_20240319_120641_jpg.rf.edbf253d563c976fc5223be1fa23303a.jpg...

image 1/1 /home/admin/Documents/FEUP-CV/proj/task2/../datasets/extra-3/data/valid/IMG_20240319_120641_jpg.rf.edbf253d563c976fc5223be1fa23303a.jpg: 640x640 1 pool_table, 7.9ms
Speed: 1.3ms preprocess, 7.9ms inference, 12.4ms postprocess per image at shape (1, 3, 640, 640)
Processing extra-3/data/valid/2024-03-28-15-41-19_mp4-0096_jpg.rf.72073d0092e0919899f58b5aa96caf01.jpg...

image 1/1 /home/admin/Documents/FEUP-CV/proj/task2/../datasets/extra-3/data/valid/2024-03-28-15-41-19_mp4-0096_jpg.rf.72073d0092e0919899f58b5aa96caf01.jpg: 640x640 1 pool_table, 7.9ms
Speed: 1.4ms preprocess, 7.9ms inference, 12.3ms postprocess per image at shape (1, 3, 640, 640)
Processing extra-3/data/valid/2024-03-28-18-35-18_mp4-0027_jpg.rf.b501fe7052063b7e05dcf6686f40f1db.jpg...

image 1/1 /home/admin/Documents/FEUP-CV/proj/task2/../datasets/extra-3/data/valid/2024-03-28-18-35-18_mp4-0027_jpg.rf.b501fe7052063b7e05dcf6686f40f1db.jpg: 640x640 1 pool_table, 7.9ms
Speed: 1.6ms preprocess, 7.9ms inference, 12.3ms postprocess per image at shape (1, 3, 640, 640)
Processing extra-3/data/valid/2024-03-28-18-28-05_mp4-0051_jpg.rf.707a89e1e823ba0657642b55ca2f41e1.jpg...

image 1/1 /home/admin/Documents/FEUP-CV/proj/task2/../datasets/extra-3/data/valid/2024-03-28-18-28-05_mp4-0051_jpg.rf.707a89e1e823ba0657642b55ca2f41e1.jpg: 640x640 1 pool_table, 7.8ms
Speed: 1.3ms preprocess, 7.8ms inference, 12.2ms postprocess per image at shape (1, 3, 640, 640)
Processing extra-3/data/valid/2024-03-30-11-07-17_mp4-0058_jpg.rf.d867a9810b1f693ed9f29bb9155bda73.jpg...

image 1/1 /home/admin/Documents/FEUP-CV/proj/task2/../datasets/extra-3/data/valid/2024-03-30-11-07-17_mp4-0058_jpg.rf.d867a9810b1f693ed9f29bb9155bda73.jpg: 640x640 1 pool_table, 7.8ms
Speed: 1.7ms preprocess, 7.8ms inference, 12.3ms postprocess per image at shape (1, 3, 640, 640)
Processing extra-3/data/valid/2024-03-30-11-15-02_mp4-0079_jpg.rf.7992527310b7eb78cede604e91472e03.jpg...

image 1/1 /home/admin/Documents/FEUP-CV/proj/task2/../datasets/extra-3/data/valid/2024-03-30-11-15-02_mp4-0079_jpg.rf.7992527310b7eb78cede604e91472e03.jpg: 640x640 1 pool_table, 7.7ms
Speed: 1.6ms preprocess, 7.7ms inference, 12.3ms postprocess per image at shape (1, 3, 640, 640)
Processing extra-3/data/valid/2024-03-30-11-22-03_mp4-0002_jpg.rf.a7b2cd636f2b393f520fb5c7b2eb4ff8.jpg...

image 1/1 /home/admin/Documents/FEUP-CV/proj/task2/../datasets/extra-3/data/valid/2024-03-30-11-22-03_mp4-0002_jpg.rf.a7b2cd636f2b393f520fb5c7b2eb4ff8.jpg: 640x640 1 pool_table, 7.7ms
Speed: 3.3ms preprocess, 7.7ms inference, 12.3ms postprocess per image at shape (1, 3, 640, 640)
Processing extra-3/data/valid/2024-03-28-15-41-19_mp4-0097_jpg.rf.6bbdebde80d4da4e39eb4d42ff8b82bd.jpg...

image 1/1 /home/admin/Documents/FEUP-CV/proj/task2/../datasets/extra-3/data/valid/2024-03-28-15-41-19_mp4-0097_jpg.rf.6bbdebde80d4da4e39eb4d42ff8b82bd.jpg: 640x640 1 pool_table, 7.6ms
Speed: 2.7ms preprocess, 7.6ms inference, 12.2ms postprocess per image at shape (1, 3, 640, 640)
Processing extra-3/data/valid/2024-03-28-15-41-19_mp4-0002_jpg.rf.b626233604ff7b04bb89b575f8888d22.jpg...

image 1/1 /home/admin/Documents/FEUP-CV/proj/task2/../datasets/extra-3/data/valid/2024-03-28-15-41-19_mp4-0002_jpg.rf.b626233604ff7b04bb89b575f8888d22.jpg: 640x640 1 pool_table, 7.0ms
Speed: 1.7ms preprocess, 7.0ms inference, 0.8ms postprocess per image at shape (1, 3, 640, 640)
Processing extra-3/data/valid/2024-03-28-18-28-05_mp4-0008_jpg.rf.2bf2cd480e07a1d22f5383197965d6c1.jpg...

image 1/1 /home/admin/Documents/FEUP-CV/proj/task2/../datasets/extra-3/data/valid/2024-03-28-18-28-05_mp4-0008_jpg.rf.2bf2cd480e07a1d22f5383197965d6c1.jpg: 640x640 1 pool_table, 4.1ms
Speed: 1.0ms preprocess, 4.1ms inference, 0.8ms postprocess per image at shape (1, 3, 640, 640)
Processing extra-3/data/valid/2024-03-28-18-35-18_mp4-0026_jpg.rf.67349a9983f4953c4aef5fb691bca31f.jpg...

image 1/1 /home/admin/Documents/FEUP-CV/proj/task2/../datasets/extra-3/data/valid/2024-03-28-18-35-18_mp4-0026_jpg.rf.67349a9983f4953c4aef5fb691bca31f.jpg: 640x640 1 pool_table, 7.6ms
Speed: 1.4ms preprocess, 7.6ms inference, 12.2ms postprocess per image at shape (1, 3, 640, 640)
Processing extra-3/data/valid/2024-03-28-15-41-19_mp4-0082_jpg.rf.e6734aae7ab9657d753770b0d8ef7a70.jpg...

image 1/1 /home/admin/Documents/FEUP-CV/proj/task2/../datasets/extra-3/data/valid/2024-03-28-15-41-19_mp4-0082_jpg.rf.e6734aae7ab9657d753770b0d8ef7a70.jpg: 640x640 1 pool_table, 4.5ms
Speed: 1.2ms preprocess, 4.5ms inference, 1.6ms postprocess per image at shape (1, 3, 640, 640)
Processing extra-3/data/valid/2024-03-30-11-22-03_mp4-0010_jpg.rf.9e09fb60683d81c5ae1a411a1f058207.jpg...

image 1/1 /home/admin/Documents/FEUP-CV/proj/task2/../datasets/extra-3/data/valid/2024-03-30-11-22-03_mp4-0010_jpg.rf.9e09fb60683d81c5ae1a411a1f058207.jpg: 640x640 1 pool_table, 7.7ms
Speed: 1.7ms preprocess, 7.7ms inference, 12.2ms postprocess per image at shape (1, 3, 640, 640)
Processing extra-3/data/valid/2024-03-28-18-35-18_mp4-0007_jpg.rf.382ef9d6b54b68bca34cea7bad542175.jpg...

image 1/1 /home/admin/Documents/FEUP-CV/proj/task2/../datasets/extra-3/data/valid/2024-03-28-18-35-18_mp4-0007_jpg.rf.382ef9d6b54b68bca34cea7bad542175.jpg: 640x640 1 pool_table, 6.6ms
Speed: 2.8ms preprocess, 6.6ms inference, 1.6ms postprocess per image at shape (1, 3, 640, 640)
Processing extra-3/data/valid/2024-03-28-15-41-19_mp4-0008_jpg.rf.4dd08b712ed25306b649eac4f37c7e2c.jpg...

image 1/1 /home/admin/Documents/FEUP-CV/proj/task2/../datasets/extra-3/data/valid/2024-03-28-15-41-19_mp4-0008_jpg.rf.4dd08b712ed25306b649eac4f37c7e2c.jpg: 640x640 1 pool_table, 7.7ms
Speed: 2.0ms preprocess, 7.7ms inference, 12.2ms postprocess per image at shape (1, 3, 640, 640)
Processing extra-3/data/valid/2024-03-28-18-35-18_mp4-0032_jpg.rf.23bce9107231f7b272ef87e3d6a39800.jpg...

image 1/1 /home/admin/Documents/FEUP-CV/proj/task2/../datasets/extra-3/data/valid/2024-03-28-18-35-18_mp4-0032_jpg.rf.23bce9107231f7b272ef87e3d6a39800.jpg: 640x640 1 pool_table, 7.6ms
Speed: 1.4ms preprocess, 7.6ms inference, 2.6ms postprocess per image at shape (1, 3, 640, 640)
Processing extra-3/data/valid/20240328_171426_jpg.rf.5f7b4aac8d04d6e4b9bda871a0fc5cb3.jpg...

image 1/1 /home/admin/Documents/FEUP-CV/proj/task2/../datasets/extra-3/data/valid/20240328_171426_jpg.rf.5f7b4aac8d04d6e4b9bda871a0fc5cb3.jpg: 640x640 1 pool_table, 7.6ms
Speed: 1.8ms preprocess, 7.6ms inference, 12.2ms postprocess per image at shape (1, 3, 640, 640)
Processing extra-3/data/valid/2024-03-30-11-15-02_mp4-0002_jpg.rf.fca7930da5428960297fabbf364a1cea.jpg...

image 1/1 /home/admin/Documents/FEUP-CV/proj/task2/../datasets/extra-3/data/valid/2024-03-30-11-15-02_mp4-0002_jpg.rf.fca7930da5428960297fabbf364a1cea.jpg: 640x640 1 pool_table, 6.1ms
Speed: 2.6ms preprocess, 6.1ms inference, 1.5ms postprocess per image at shape (1, 3, 640, 640)
Processing extra-3/data/valid/IMG_20240319_120915_jpg.rf.dc04fc91580f95ae57bd310d412b9867.jpg...

image 1/1 /home/admin/Documents/FEUP-CV/proj/task2/../datasets/extra-3/data/valid/IMG_20240319_120915_jpg.rf.dc04fc91580f95ae57bd310d412b9867.jpg: 640x640 1 pool_table, 7.6ms
Speed: 2.0ms preprocess, 7.6ms inference, 12.1ms postprocess per image at shape (1, 3, 640, 640)
Processing extra-3/data/valid/2024-03-28-15-41-19_mp4-0006_jpg.rf.7c72a8130b08ccad007dafda723aa1d9.jpg...

image 1/1 /home/admin/Documents/FEUP-CV/proj/task2/../datasets/extra-3/data/valid/2024-03-28-15-41-19_mp4-0006_jpg.rf.7c72a8130b08ccad007dafda723aa1d9.jpg: 640x640 1 pool_table, 6.8ms
Speed: 1.3ms preprocess, 6.8ms inference, 1.4ms postprocess per image at shape (1, 3, 640, 640)
Processing extra-3/data/valid/20240319_120443_jpg.rf.e941c27a604a07c1e51ba053f4915748.jpg...

image 1/1 /home/admin/Documents/FEUP-CV/proj/task2/../datasets/extra-3/data/valid/20240319_120443_jpg.rf.e941c27a604a07c1e51ba053f4915748.jpg: 640x640 1 pool_table, 7.3ms
Speed: 1.8ms preprocess, 7.3ms inference, 12.0ms postprocess per image at shape (1, 3, 640, 640)
Processing extra-3/data/valid/2024-03-28-18-28-05_mp4-0011_jpg.rf.308d2537462d6be451da298bbef8298a.jpg...

image 1/1 /home/admin/Documents/FEUP-CV/proj/task2/../datasets/extra-3/data/valid/2024-03-28-18-28-05_mp4-0011_jpg.rf.308d2537462d6be451da298bbef8298a.jpg: 640x640 1 pool_table, 4.6ms
Speed: 1.7ms preprocess, 4.6ms inference, 1.4ms postprocess per image at shape (1, 3, 640, 640)
Processing extra-3/data/valid/2024-03-30-11-07-17_mp4-0020_jpg.rf.614939eff900123324892008c308f6f5.jpg...

image 1/1 /home/admin/Documents/FEUP-CV/proj/task2/../datasets/extra-3/data/valid/2024-03-30-11-07-17_mp4-0020_jpg.rf.614939eff900123324892008c308f6f5.jpg: 640x640 1 pool_table, 7.3ms
Speed: 2.1ms preprocess, 7.3ms inference, 12.0ms postprocess per image at shape (1, 3, 640, 640)
Processing extra-3/data/valid/2024-03-30-11-07-17_mp4-0045_jpg.rf.ba907740a12bf299f9382e017a987403.jpg...

image 1/1 /home/admin/Documents/FEUP-CV/proj/task2/../datasets/extra-3/data/valid/2024-03-30-11-07-17_mp4-0045_jpg.rf.ba907740a12bf299f9382e017a987403.jpg: 640x640 1 pool_table, 5.6ms
Speed: 1.4ms preprocess, 5.6ms inference, 1.4ms postprocess per image at shape (1, 3, 640, 640)
Processing extra-3/data/valid/2024-03-30-11-15-02_mp4-0019_jpg.rf.deb862eb55c91ce7cb1f42ae7e351c8a.jpg...

image 1/1 /home/admin/Documents/FEUP-CV/proj/task2/../datasets/extra-3/data/valid/2024-03-30-11-15-02_mp4-0019_jpg.rf.deb862eb55c91ce7cb1f42ae7e351c8a.jpg: 640x640 1 pool_table, 7.4ms
Speed: 2.2ms preprocess, 7.4ms inference, 12.1ms postprocess per image at shape (1, 3, 640, 640)
Processing extra-3/data/valid/2024-03-30-11-15-02_mp4-0055_jpg.rf.27a9569012b541faaf2c921b0f2358aa.jpg...

image 1/1 /home/admin/Documents/FEUP-CV/proj/task2/../datasets/extra-3/data/valid/2024-03-30-11-15-02_mp4-0055_jpg.rf.27a9569012b541faaf2c921b0f2358aa.jpg: 640x640 1 pool_table, 5.8ms
Speed: 1.4ms preprocess, 5.8ms inference, 1.4ms postprocess per image at shape (1, 3, 640, 640)
Processing extra-3/data/valid/2024-03-28-15-41-19_mp4-0063_jpg.rf.85f0de0ef3a007b5e8e8089f715ececa.jpg...

image 1/1 /home/admin/Documents/FEUP-CV/proj/task2/../datasets/extra-3/data/valid/2024-03-28-15-41-19_mp4-0063_jpg.rf.85f0de0ef3a007b5e8e8089f715ececa.jpg: 640x640 1 pool_table, 7.4ms
Speed: 2.3ms preprocess, 7.4ms inference, 12.0ms postprocess per image at shape (1, 3, 640, 640)
Processing extra-3/data/valid/2024-03-28-15-41-19_mp4-0065_jpg.rf.1b928a51b2d377c64668813e7cec7a5e.jpg...

image 1/1 /home/admin/Documents/FEUP-CV/proj/task2/../datasets/extra-3/data/valid/2024-03-28-15-41-19_mp4-0065_jpg.rf.1b928a51b2d377c64668813e7cec7a5e.jpg: 640x640 1 pool_table, 6.4ms
Speed: 1.6ms preprocess, 6.4ms inference, 1.5ms postprocess per image at shape (1, 3, 640, 640)
Processing extra-3/data/valid/2024-03-30-11-22-03_mp4-0005_jpg.rf.3fd1f2b997396c9e0df4de3382f0c3a8.jpg...

image 1/1 /home/admin/Documents/FEUP-CV/proj/task2/../datasets/extra-3/data/valid/2024-03-30-11-22-03_mp4-0005_jpg.rf.3fd1f2b997396c9e0df4de3382f0c3a8.jpg: 640x640 1 pool_table, 7.5ms
Speed: 2.2ms preprocess, 7.5ms inference, 12.1ms postprocess per image at shape (1, 3, 640, 640)
Processing extra-3/data/valid/IMG_20240319_121957_jpg.rf.473d7d27ffa05846891639f89cf1e4a2.jpg...

image 1/1 /home/admin/Documents/FEUP-CV/proj/task2/../datasets/extra-3/data/valid/IMG_20240319_121957_jpg.rf.473d7d27ffa05846891639f89cf1e4a2.jpg: 640x640 1 pool_table, 5.4ms
Speed: 2.7ms preprocess, 5.4ms inference, 1.5ms postprocess per image at shape (1, 3, 640, 640)
Processing extra-3/data/valid/2024-03-30-11-15-02_mp4-0021_jpg.rf.04b3be0672f96839bf981fce7c260194.jpg...

image 1/1 /home/admin/Documents/FEUP-CV/proj/task2/../datasets/extra-3/data/valid/2024-03-30-11-15-02_mp4-0021_jpg.rf.04b3be0672f96839bf981fce7c260194.jpg: 640x640 1 pool_table, 7.5ms
Speed: 1.7ms preprocess, 7.5ms inference, 12.2ms postprocess per image at shape (1, 3, 640, 640)
Processing extra-3/data/valid/IMG_20240319_120743_jpg.rf.62db89a8992acc4adcaae0fe4300f382.jpg...

image 1/1 /home/admin/Documents/FEUP-CV/proj/task2/../datasets/extra-3/data/valid/IMG_20240319_120743_jpg.rf.62db89a8992acc4adcaae0fe4300f382.jpg: 640x640 1 pool_table, 7.4ms
Speed: 1.2ms preprocess, 7.4ms inference, 1.5ms postprocess per image at shape (1, 3, 640, 640)
Processing extra-3/data/valid/2024-03-30-11-07-17_mp4-0060_jpg.rf.9bfc6c91974fa80e8634e411b5ef7109.jpg...

image 1/1 /home/admin/Documents/FEUP-CV/proj/task2/../datasets/extra-3/data/valid/2024-03-30-11-07-17_mp4-0060_jpg.rf.9bfc6c91974fa80e8634e411b5ef7109.jpg: 640x640 1 pool_table, 7.6ms
Speed: 2.2ms preprocess, 7.6ms inference, 12.2ms postprocess per image at shape (1, 3, 640, 640)
Processing extra-3/data/valid/2024-03-30-11-15-02_mp4-0008_jpg.rf.de630515a5251eee264c9ea64152ad22.jpg...

image 1/1 /home/admin/Documents/FEUP-CV/proj/task2/../datasets/extra-3/data/valid/2024-03-30-11-15-02_mp4-0008_jpg.rf.de630515a5251eee264c9ea64152ad22.jpg: 640x640 1 pool_table, 7.5ms
Speed: 1.3ms preprocess, 7.5ms inference, 1.5ms postprocess per image at shape (1, 3, 640, 640)
Processing extra-3/data/valid/2024-03-28-18-35-18_mp4-0013_jpg.rf.60c8b43c02af967badb74995ae6864a3.jpg...

image 1/1 /home/admin/Documents/FEUP-CV/proj/task2/../datasets/extra-3/data/valid/2024-03-28-18-35-18_mp4-0013_jpg.rf.60c8b43c02af967badb74995ae6864a3.jpg: 640x640 1 pool_table, 7.4ms
Speed: 2.1ms preprocess, 7.4ms inference, 12.0ms postprocess per image at shape (1, 3, 640, 640)
Processing extra-3/data/valid/2024-03-28-15-41-19_mp4-0033_jpg.rf.8685068dfe9194b973d4cc8c2a96a571.jpg...

image 1/1 /home/admin/Documents/FEUP-CV/proj/task2/../datasets/extra-3/data/valid/2024-03-28-15-41-19_mp4-0033_jpg.rf.8685068dfe9194b973d4cc8c2a96a571.jpg: 640x640 1 pool_table, 6.8ms
Speed: 1.3ms preprocess, 6.8ms inference, 1.4ms postprocess per image at shape (1, 3, 640, 640)
Processing extra-3/data/valid/2024-03-28-15-41-19_mp4-0088_jpg.rf.2e409348bd555adca53903f61af8254a.jpg...

image 1/1 /home/admin/Documents/FEUP-CV/proj/task2/../datasets/extra-3/data/valid/2024-03-28-15-41-19_mp4-0088_jpg.rf.2e409348bd555adca53903f61af8254a.jpg: 640x640 1 pool_table, 7.5ms
Speed: 2.4ms preprocess, 7.5ms inference, 12.1ms postprocess per image at shape (1, 3, 640, 640)
Processing extra-3/data/valid/2024-03-28-15-41-19_mp4-0018_jpg.rf.2c2a43b28cd1942815a5447cb95ea650.jpg...

image 1/1 /home/admin/Documents/FEUP-CV/proj/task2/../datasets/extra-3/data/valid/2024-03-28-15-41-19_mp4-0018_jpg.rf.2c2a43b28cd1942815a5447cb95ea650.jpg: 640x640 1 pool_table, 6.9ms
Speed: 1.8ms preprocess, 6.9ms inference, 1.4ms postprocess per image at shape (1, 3, 640, 640)
Processing extra-3/data/valid/2024-03-30-11-07-17_mp4-0061_jpg.rf.7674508898664adfd895c8b885c4094e.jpg...

image 1/1 /home/admin/Documents/FEUP-CV/proj/task2/../datasets/extra-3/data/valid/2024-03-30-11-07-17_mp4-0061_jpg.rf.7674508898664adfd895c8b885c4094e.jpg: 640x640 1 pool_table, 7.5ms
Speed: 2.4ms preprocess, 7.5ms inference, 12.1ms postprocess per image at shape (1, 3, 640, 640)
Processing extra-3/data/valid/2024-03-28-15-41-19_mp4-0023_jpg.rf.113c41f2519fb5eca8b30042c725d981.jpg...

image 1/1 /home/admin/Documents/FEUP-CV/proj/task2/../datasets/extra-3/data/valid/2024-03-28-15-41-19_mp4-0023_jpg.rf.113c41f2519fb5eca8b30042c725d981.jpg: 640x640 1 pool_table, 6.6ms
Speed: 1.4ms preprocess, 6.6ms inference, 1.4ms postprocess per image at shape (1, 3, 640, 640)
Processing extra-3/data/valid/2024-03-28-18-28-05_mp4-0020_jpg.rf.4759ae55c514b6a5cee87293b20ddd55.jpg...

image 1/1 /home/admin/Documents/FEUP-CV/proj/task2/../datasets/extra-3/data/valid/2024-03-28-18-28-05_mp4-0020_jpg.rf.4759ae55c514b6a5cee87293b20ddd55.jpg: 640x640 1 pool_table, 7.4ms
Speed: 2.3ms preprocess, 7.4ms inference, 12.2ms postprocess per image at shape (1, 3, 640, 640)
Processing extra-3/data/valid/2024-03-28-15-41-19_mp4-0083_jpg.rf.bcb74068d430c14e903cb0c26bb0aed5.jpg...

image 1/1 /home/admin/Documents/FEUP-CV/proj/task2/../datasets/extra-3/data/valid/2024-03-28-15-41-19_mp4-0083_jpg.rf.bcb74068d430c14e903cb0c26bb0aed5.jpg: 640x640 1 pool_table, 6.8ms
Speed: 1.5ms preprocess, 6.8ms inference, 1.4ms postprocess per image at shape (1, 3, 640, 640)
Processing extra-3/data/valid/2024-03-30-11-22-03_mp4-0007_jpg.rf.2dc6d6a0115e3c0d559ea6ae31cae658.jpg...

image 1/1 /home/admin/Documents/FEUP-CV/proj/task2/../datasets/extra-3/data/valid/2024-03-30-11-22-03_mp4-0007_jpg.rf.2dc6d6a0115e3c0d559ea6ae31cae658.jpg: 640x640 1 pool_table, 7.5ms
Speed: 2.1ms preprocess, 7.5ms inference, 12.1ms postprocess per image at shape (1, 3, 640, 640)
Processing extra-3/data/valid/2024-03-30-11-07-17_mp4-0024_jpg.rf.720031ca50646938961a7ba17f638e0c.jpg...

image 1/1 /home/admin/Documents/FEUP-CV/proj/task2/../datasets/extra-3/data/valid/2024-03-30-11-07-17_mp4-0024_jpg.rf.720031ca50646938961a7ba17f638e0c.jpg: 640x640 1 pool_table, 4.7ms
Speed: 2.9ms preprocess, 4.7ms inference, 1.4ms postprocess per image at shape (1, 3, 640, 640)
Processing extra-3/data/valid/2024-03-30-11-15-02_mp4-0031_jpg.rf.72f679b9fc6f0276c53a4c777ca4c886.jpg...

image 1/1 /home/admin/Documents/FEUP-CV/proj/task2/../datasets/extra-3/data/valid/2024-03-30-11-15-02_mp4-0031_jpg.rf.72f679b9fc6f0276c53a4c777ca4c886.jpg: 640x640 1 pool_table, 7.5ms
Speed: 2.2ms preprocess, 7.5ms inference, 12.1ms postprocess per image at shape (1, 3, 640, 640)
Processing extra-3/data/valid/20240328_171210_jpg.rf.55ff4a1f5bc4a7db24de52cd1c6fa223.jpg...

image 1/1 /home/admin/Documents/FEUP-CV/proj/task2/../datasets/extra-3/data/valid/20240328_171210_jpg.rf.55ff4a1f5bc4a7db24de52cd1c6fa223.jpg: 640x640 3 pool_tables, 7.0ms
Speed: 1.2ms preprocess, 7.0ms inference, 1.5ms postprocess per image at shape (1, 3, 640, 640)
Processing extra-3/data/valid/20240328_171151_jpg.rf.ec743240351dc3fce6a922d3bcdddea2.jpg...

image 1/1 /home/admin/Documents/FEUP-CV/proj/task2/../datasets/extra-3/data/valid/20240328_171151_jpg.rf.ec743240351dc3fce6a922d3bcdddea2.jpg: 640x640 1 pool_table, 7.5ms
Speed: 1.5ms preprocess, 7.5ms inference, 12.1ms postprocess per image at shape (1, 3, 640, 640)
Processing extra-3/data/valid/2024-03-28-15-41-19_mp4-0019_jpg.rf.e513b898195026b9abf1a6bf59b0cf1a.jpg...

image 1/1 /home/admin/Documents/FEUP-CV/proj/task2/../datasets/extra-3/data/valid/2024-03-28-15-41-19_mp4-0019_jpg.rf.e513b898195026b9abf1a6bf59b0cf1a.jpg: 640x640 1 pool_table, 4.5ms
Speed: 2.3ms preprocess, 4.5ms inference, 1.4ms postprocess per image at shape (1, 3, 640, 640)
Processing extra-3/data/valid/2024-03-30-11-07-17_mp4-0016_jpg.rf.2671b69dd8be0b2a3c360947635936f0.jpg...

image 1/1 /home/admin/Documents/FEUP-CV/proj/task2/../datasets/extra-3/data/valid/2024-03-30-11-07-17_mp4-0016_jpg.rf.2671b69dd8be0b2a3c360947635936f0.jpg: 640x640 1 pool_table, 7.5ms
Speed: 2.3ms preprocess, 7.5ms inference, 12.1ms postprocess per image at shape (1, 3, 640, 640)
Processing extra-3/data/valid/2024-03-28-18-35-18_mp4-0012_jpg.rf.d401921743a81cd82b6762278d676542.jpg...

image 1/1 /home/admin/Documents/FEUP-CV/proj/task2/../datasets/extra-3/data/valid/2024-03-28-18-35-18_mp4-0012_jpg.rf.d401921743a81cd82b6762278d676542.jpg: 640x640 1 pool_table, 4.6ms
Speed: 3.3ms preprocess, 4.6ms inference, 1.4ms postprocess per image at shape (1, 3, 640, 640)
Processing extra-3/data/valid/2024-03-30-11-22-03_mp4-0014_jpg.rf.22bae034acbfab813a20e2f69ef8e76a.jpg...

image 1/1 /home/admin/Documents/FEUP-CV/proj/task2/../datasets/extra-3/data/valid/2024-03-30-11-22-03_mp4-0014_jpg.rf.22bae034acbfab813a20e2f69ef8e76a.jpg: 640x640 1 pool_table, 7.4ms
Speed: 1.9ms preprocess, 7.4ms inference, 12.1ms postprocess per image at shape (1, 3, 640, 640)
Processing extra-3/data/valid/2024-03-30-11-22-03_mp4-0040_jpg.rf.2d8c2e3d98ab134a412b7943a77a3a38.jpg...

image 1/1 /home/admin/Documents/FEUP-CV/proj/task2/../datasets/extra-3/data/valid/2024-03-30-11-22-03_mp4-0040_jpg.rf.2d8c2e3d98ab134a412b7943a77a3a38.jpg: 640x640 1 pool_table, 4.5ms
Speed: 2.7ms preprocess, 4.5ms inference, 1.4ms postprocess per image at shape (1, 3, 640, 640)
Processing extra-3/data/valid/2024-03-28-15-41-19_mp4-0044_jpg.rf.267efda10d44e2a8de54384cfe6b2ac0.jpg...

image 1/1 /home/admin/Documents/FEUP-CV/proj/task2/../datasets/extra-3/data/valid/2024-03-28-15-41-19_mp4-0044_jpg.rf.267efda10d44e2a8de54384cfe6b2ac0.jpg: 640x640 1 pool_table, 7.5ms
Speed: 1.4ms preprocess, 7.5ms inference, 12.1ms postprocess per image at shape (1, 3, 640, 640)
Processing extra-3/data/valid/2024-03-30-11-22-03_mp4-0023_jpg.rf.b5ffdfec202e7d193e11718f15f9fe07.jpg...

image 1/1 /home/admin/Documents/FEUP-CV/proj/task2/../datasets/extra-3/data/valid/2024-03-30-11-22-03_mp4-0023_jpg.rf.b5ffdfec202e7d193e11718f15f9fe07.jpg: 640x640 1 pool_table, 6.7ms
Speed: 1.4ms preprocess, 6.7ms inference, 1.4ms postprocess per image at shape (1, 3, 640, 640)
Processing extra-3/data/valid/2024-03-28-15-41-19_mp4-0045_jpg.rf.547174ed2d54101a9b26be0f85816b24.jpg...

image 1/1 /home/admin/Documents/FEUP-CV/proj/task2/../datasets/extra-3/data/valid/2024-03-28-15-41-19_mp4-0045_jpg.rf.547174ed2d54101a9b26be0f85816b24.jpg: 640x640 1 pool_table, 7.4ms
Speed: 1.9ms preprocess, 7.4ms inference, 12.1ms postprocess per image at shape (1, 3, 640, 640)
Processing extra-3/data/valid/2024-03-30-11-22-03_mp4-0024_jpg.rf.b296adf458b6af8328c014f7ca189acb.jpg...

image 1/1 /home/admin/Documents/FEUP-CV/proj/task2/../datasets/extra-3/data/valid/2024-03-30-11-22-03_mp4-0024_jpg.rf.b296adf458b6af8328c014f7ca189acb.jpg: 640x640 1 pool_table, 6.5ms
Speed: 1.3ms preprocess, 6.5ms inference, 1.4ms postprocess per image at shape (1, 3, 640, 640)
Processing extra-3/data/valid/IMG_20240319_121941_jpg.rf.4180dd697c0b74327ca6d5dc34ea565a.jpg...

image 1/1 /home/admin/Documents/FEUP-CV/proj/task2/../datasets/extra-3/data/valid/IMG_20240319_121941_jpg.rf.4180dd697c0b74327ca6d5dc34ea565a.jpg: 640x640 1 pool_table, 7.4ms
Speed: 1.4ms preprocess, 7.4ms inference, 12.1ms postprocess per image at shape (1, 3, 640, 640)
Processing extra-3/data/valid/2024-03-30-11-07-17_mp4-0025_jpg.rf.d32b7c0733d4d45fcd0650b3ce3fbf37.jpg...

image 1/1 /home/admin/Documents/FEUP-CV/proj/task2/../datasets/extra-3/data/valid/2024-03-30-11-07-17_mp4-0025_jpg.rf.d32b7c0733d4d45fcd0650b3ce3fbf37.jpg: 640x640 1 pool_table, 4.2ms
Speed: 3.2ms preprocess, 4.2ms inference, 1.4ms postprocess per image at shape (1, 3, 640, 640)
Processing extra-3/data/valid/2024-03-28-18-35-18_mp4-0014_jpg.rf.64d8e2ff12da5c4536512157bb2ab080.jpg...

image 1/1 /home/admin/Documents/FEUP-CV/proj/task2/../datasets/extra-3/data/valid/2024-03-28-18-35-18_mp4-0014_jpg.rf.64d8e2ff12da5c4536512157bb2ab080.jpg: 640x640 1 pool_table, 7.4ms
Speed: 2.0ms preprocess, 7.4ms inference, 12.0ms postprocess per image at shape (1, 3, 640, 640)
Processing extra-3/data/valid/IMG_20240319_121806_jpg.rf.21dd692b68287af57b9137e83ca1f494.jpg...

image 1/1 /home/admin/Documents/FEUP-CV/proj/task2/../datasets/extra-3/data/valid/IMG_20240319_121806_jpg.rf.21dd692b68287af57b9137e83ca1f494.jpg: 640x640 1 pool_table, 4.3ms
Speed: 3.1ms preprocess, 4.3ms inference, 1.4ms postprocess per image at shape (1, 3, 640, 640)
Processing extra-3/data/valid/IMG_20240319_120946_jpg.rf.438587875e75d6835007e61d67939aff.jpg...

image 1/1 /home/admin/Documents/FEUP-CV/proj/task2/../datasets/extra-3/data/valid/IMG_20240319_120946_jpg.rf.438587875e75d6835007e61d67939aff.jpg: 640x640 1 pool_table, 7.4ms
Speed: 1.5ms preprocess, 7.4ms inference, 12.1ms postprocess per image at shape (1, 3, 640, 640)
Processing extra-3/data/valid/2024-03-28-18-28-05_mp4-0045_jpg.rf.94f46e5fb0b8ef05cf251b7995245698.jpg...

image 1/1 /home/admin/Documents/FEUP-CV/proj/task2/../datasets/extra-3/data/valid/2024-03-28-18-28-05_mp4-0045_jpg.rf.94f46e5fb0b8ef05cf251b7995245698.jpg: 640x640 1 pool_table, 6.8ms
Speed: 1.4ms preprocess, 6.8ms inference, 1.4ms postprocess per image at shape (1, 3, 640, 640)
Processing extra-3/data/valid/IMG_20240319_121832_jpg.rf.57c78dad8d89d4b19e2765ebd324fb0d.jpg...

image 1/1 /home/admin/Documents/FEUP-CV/proj/task2/../datasets/extra-3/data/valid/IMG_20240319_121832_jpg.rf.57c78dad8d89d4b19e2765ebd324fb0d.jpg: 640x640 1 pool_table, 7.5ms
Speed: 2.2ms preprocess, 7.5ms inference, 12.1ms postprocess per image at shape (1, 3, 640, 640)
Processing extra-3/data/valid/IMG_20240319_120631_jpg.rf.5ac2ba3907f3b7c11115d36fe6848b1d.jpg...

image 1/1 /home/admin/Documents/FEUP-CV/proj/task2/../datasets/extra-3/data/valid/IMG_20240319_120631_jpg.rf.5ac2ba3907f3b7c11115d36fe6848b1d.jpg: 640x640 1 pool_table, 4.3ms
Speed: 3.0ms preprocess, 4.3ms inference, 1.4ms postprocess per image at shape (1, 3, 640, 640)
Processing extra-3/data/valid/IMG_20240319_121853_jpg.rf.cfeaafd59307b82c48428044d1b5aaa5.jpg...

image 1/1 /home/admin/Documents/FEUP-CV/proj/task2/../datasets/extra-3/data/valid/IMG_20240319_121853_jpg.rf.cfeaafd59307b82c48428044d1b5aaa5.jpg: 640x640 1 pool_table, 7.5ms
Speed: 1.9ms preprocess, 7.5ms inference, 12.1ms postprocess per image at shape (1, 3, 640, 640)
Processing extra-3/data/valid/2024-03-30-11-15-02_mp4-0030_jpg.rf.611dcb58fd4a917adeb01f347b4a7ae5.jpg...

image 1/1 /home/admin/Documents/FEUP-CV/proj/task2/../datasets/extra-3/data/valid/2024-03-30-11-15-02_mp4-0030_jpg.rf.611dcb58fd4a917adeb01f347b4a7ae5.jpg: 640x640 1 pool_table, 4.3ms
Speed: 3.2ms preprocess, 4.3ms inference, 1.4ms postprocess per image at shape (1, 3, 640, 640)
Processing extra-3/data/valid/2024-03-28-18-28-05_mp4-0016_jpg.rf.9f47cc301743b73508a4f83a7687b14b.jpg...

image 1/1 /home/admin/Documents/FEUP-CV/proj/task2/../datasets/extra-3/data/valid/2024-03-28-18-28-05_mp4-0016_jpg.rf.9f47cc301743b73508a4f83a7687b14b.jpg: 640x640 1 pool_table, 7.4ms
Speed: 2.2ms preprocess, 7.4ms inference, 12.0ms postprocess per image at shape (1, 3, 640, 640)
Processing extra-3/data/valid/2024-03-30-11-07-17_mp4-0049_jpg.rf.522f9bddb8b29eb8cdec8a9d3f45f72a.jpg...

image 1/1 /home/admin/Documents/FEUP-CV/proj/task2/../datasets/extra-3/data/valid/2024-03-30-11-07-17_mp4-0049_jpg.rf.522f9bddb8b29eb8cdec8a9d3f45f72a.jpg: 640x640 1 pool_table, 6.6ms
Speed: 1.5ms preprocess, 6.6ms inference, 1.4ms postprocess per image at shape (1, 3, 640, 640)
Processing extra-3/data/valid/2024-03-30-11-15-02_mp4-0043_jpg.rf.035f76d98bd115d632cc9e18624aeb5d.jpg...

image 1/1 /home/admin/Documents/FEUP-CV/proj/task2/../datasets/extra-3/data/valid/2024-03-30-11-15-02_mp4-0043_jpg.rf.035f76d98bd115d632cc9e18624aeb5d.jpg: 640x640 1 pool_table, 7.4ms
Speed: 2.2ms preprocess, 7.4ms inference, 12.1ms postprocess per image at shape (1, 3, 640, 640)
Processing extra-3/data/valid/2024-03-30-11-15-02_mp4-0045_jpg.rf.04ffc7bbabdc0804bad4119240a09c3a.jpg...

image 1/1 /home/admin/Documents/FEUP-CV/proj/task2/../datasets/extra-3/data/valid/2024-03-30-11-15-02_mp4-0045_jpg.rf.04ffc7bbabdc0804bad4119240a09c3a.jpg: 640x640 1 pool_table, 6.7ms
Speed: 1.4ms preprocess, 6.7ms inference, 1.4ms postprocess per image at shape (1, 3, 640, 640)
Processing extra-3/data/valid/20240328_171406_jpg.rf.3060b8b94f8df08a42aa2c99b781cf05.jpg...

image 1/1 /home/admin/Documents/FEUP-CV/proj/task2/../datasets/extra-3/data/valid/20240328_171406_jpg.rf.3060b8b94f8df08a42aa2c99b781cf05.jpg: 640x640 (no detections), 7.5ms
Speed: 2.2ms preprocess, 7.5ms inference, 4.8ms postprocess per image at shape (1, 3, 640, 640)
Processing extra-3/data/valid/IMG_20240319_122215_jpg.rf.0e85cd303929ef5da59be0406e42d0a9.jpg...

image 1/1 /home/admin/Documents/FEUP-CV/proj/task2/../datasets/extra-3/data/valid/IMG_20240319_122215_jpg.rf.0e85cd303929ef5da59be0406e42d0a9.jpg: 640x640 1 pool_table, 7.4ms
Speed: 1.9ms preprocess, 7.4ms inference, 12.1ms postprocess per image at shape (1, 3, 640, 640)
Processing extra-3/data/valid/2024-03-30-11-07-17_mp4-0048_jpg.rf.173a54d5cdcec7a929458ecdc5e0c573.jpg...

image 1/1 /home/admin/Documents/FEUP-CV/proj/task2/../datasets/extra-3/data/valid/2024-03-30-11-07-17_mp4-0048_jpg.rf.173a54d5cdcec7a929458ecdc5e0c573.jpg: 640x640 1 pool_table, 7.5ms
Speed: 1.6ms preprocess, 7.5ms inference, 12.1ms postprocess per image at shape (1, 3, 640, 640)
Processing extra-3/data/valid/IMG_20240319_122241_jpg.rf.4ef30ff272d9281df9efd766eceaa3e5.jpg...

image 1/1 /home/admin/Documents/FEUP-CV/proj/task2/../datasets/extra-3/data/valid/IMG_20240319_122241_jpg.rf.4ef30ff272d9281df9efd766eceaa3e5.jpg: 640x640 1 pool_table, 6.3ms
Speed: 1.5ms preprocess, 6.3ms inference, 1.4ms postprocess per image at shape (1, 3, 640, 640)
Processing extra-1/data/train/288_sct-mon1_170x250_850x560_png.rf.01b91692b4a76a31feb24c75b476a8c2.jpg...

image 1/1 /home/admin/Documents/FEUP-CV/proj/task2/../datasets/extra-1/data/train/288_sct-mon1_170x250_850x560_png.rf.01b91692b4a76a31feb24c75b476a8c2.jpg: 640x640 1 pool_table, 7.4ms
Speed: 3.4ms preprocess, 7.4ms inference, 12.1ms postprocess per image at shape (1, 3, 640, 640)
Processing extra-1/data/train/72_sct-mon1_170x250_850x560_png.rf.0103cd2213ec4797a3980836e7e36ef5.jpg...

image 1/1 /home/admin/Documents/FEUP-CV/proj/task2/../datasets/extra-1/data/train/72_sct-mon1_170x250_850x560_png.rf.0103cd2213ec4797a3980836e7e36ef5.jpg: 640x640 1 pool_table, 6.5ms
Speed: 3.2ms preprocess, 6.5ms inference, 1.4ms postprocess per image at shape (1, 3, 640, 640)
Processing extra-1/data/train/334_sct-mon1_170x250_850x560_png.rf.00741089a2df065ebc9e8e877a319818.jpg...

image 1/1 /home/admin/Documents/FEUP-CV/proj/task2/../datasets/extra-1/data/train/334_sct-mon1_170x250_850x560_png.rf.00741089a2df065ebc9e8e877a319818.jpg: 640x640 1 pool_table, 7.4ms
Speed: 1.8ms preprocess, 7.4ms inference, 12.1ms postprocess per image at shape (1, 3, 640, 640)
Processing extra-1/data/train/q92_sct-mon1_170x250_850x560_png.rf.026c3376688b7fa140123ed3a9fe0af9.jpg...

image 1/1 /home/admin/Documents/FEUP-CV/proj/task2/../datasets/extra-1/data/train/q92_sct-mon1_170x250_850x560_png.rf.026c3376688b7fa140123ed3a9fe0af9.jpg: 640x640 1 pool_table, 7.4ms
Speed: 3.2ms preprocess, 7.4ms inference, 2.6ms postprocess per image at shape (1, 3, 640, 640)
Processing extra-1/data/train/123_sct-mon1_170x250_850x560_png.rf.03ea26eb7411eb33d67e37e64736e28a.jpg...

image 1/1 /home/admin/Documents/FEUP-CV/proj/task2/../datasets/extra-1/data/train/123_sct-mon1_170x250_850x560_png.rf.03ea26eb7411eb33d67e37e64736e28a.jpg: 640x640 1 pool_table, 7.4ms
Speed: 3.8ms preprocess, 7.4ms inference, 12.1ms postprocess per image at shape (1, 3, 640, 640)
Processing extra-1/data/train/324_sct-mon1_170x250_850x560_png.rf.041ffa459ca787038872e4893cdfa7ae.jpg...

image 1/1 /home/admin/Documents/FEUP-CV/proj/task2/../datasets/extra-1/data/train/324_sct-mon1_170x250_850x560_png.rf.041ffa459ca787038872e4893cdfa7ae.jpg: 640x640 1 pool_table, 6.4ms
Speed: 3.1ms preprocess, 6.4ms inference, 1.4ms postprocess per image at shape (1, 3, 640, 640)
Processing extra-1/data/train/463_sct-mon1_170x250_850x560_png.rf.04e25fe3c9bd2bbeaa8110dd5c54018d.jpg...

image 1/1 /home/admin/Documents/FEUP-CV/proj/task2/../datasets/extra-1/data/train/463_sct-mon1_170x250_850x560_png.rf.04e25fe3c9bd2bbeaa8110dd5c54018d.jpg: 640x640 1 pool_table, 7.4ms
Speed: 1.8ms preprocess, 7.4ms inference, 12.1ms postprocess per image at shape (1, 3, 640, 640)
Processing extra-1/data/train/115_sct-mon1_170x250_850x560_png.rf.05cdeb9b08e91b21716274dd7b704557.jpg...

image 1/1 /home/admin/Documents/FEUP-CV/proj/task2/../datasets/extra-1/data/train/115_sct-mon1_170x250_850x560_png.rf.05cdeb9b08e91b21716274dd7b704557.jpg: 640x640 2 pool_tables, 7.5ms
Speed: 3.1ms preprocess, 7.5ms inference, 2.6ms postprocess per image at shape (1, 3, 640, 640)
Processing extra-1/data/train/180_sct-mon1_170x250_850x560_png.rf.0628926de170ab0e51ce633eef25f718.jpg...

image 1/1 /home/admin/Documents/FEUP-CV/proj/task2/../datasets/extra-1/data/train/180_sct-mon1_170x250_850x560_png.rf.0628926de170ab0e51ce633eef25f718.jpg: 640x640 2 pool_tables, 7.5ms
Speed: 3.9ms preprocess, 7.5ms inference, 12.1ms postprocess per image at shape (1, 3, 640, 640)
Processing extra-1/data/train/q10_sct-mon1_170x250_850x560_png.rf.0697e04c2e95b32f472ad457739894d0.jpg...

image 1/1 /home/admin/Documents/FEUP-CV/proj/task2/../datasets/extra-1/data/train/q10_sct-mon1_170x250_850x560_png.rf.0697e04c2e95b32f472ad457739894d0.jpg: 640x640 1 pool_table, 6.6ms
Speed: 3.0ms preprocess, 6.6ms inference, 1.4ms postprocess per image at shape (1, 3, 640, 640)
Processing extra-1/data/train/161_sct-mon1_170x250_850x560_png.rf.0705d889b6fd76353575ea35bf3be172.jpg...

image 1/1 /home/admin/Documents/FEUP-CV/proj/task2/../datasets/extra-1/data/train/161_sct-mon1_170x250_850x560_png.rf.0705d889b6fd76353575ea35bf3be172.jpg: 640x640 1 pool_table, 7.5ms
Speed: 3.8ms preprocess, 7.5ms inference, 12.1ms postprocess per image at shape (1, 3, 640, 640)
Processing extra-1/data/train/275_sct-mon1_170x250_850x560_png.rf.073e138f79bb965079d08b8c76538944.jpg...

image 1/1 /home/admin/Documents/FEUP-CV/proj/task2/../datasets/extra-1/data/train/275_sct-mon1_170x250_850x560_png.rf.073e138f79bb965079d08b8c76538944.jpg: 640x640 1 pool_table, 6.9ms
Speed: 3.2ms preprocess, 6.9ms inference, 1.4ms postprocess per image at shape (1, 3, 640, 640)
Processing extra-1/data/train/365_sct-mon1_170x250_850x560_png.rf.08ca8671b6380288cee35b90e24040c9.jpg...

image 1/1 /home/admin/Documents/FEUP-CV/proj/task2/../datasets/extra-1/data/train/365_sct-mon1_170x250_850x560_png.rf.08ca8671b6380288cee35b90e24040c9.jpg: 640x640 1 pool_table, 7.4ms
Speed: 1.9ms preprocess, 7.4ms inference, 12.1ms postprocess per image at shape (1, 3, 640, 640)
Processing extra-1/data/train/291_sct-mon1_170x250_850x560_png.rf.08d3223235a432c1adb9f29eb195b044.jpg...

image 1/1 /home/admin/Documents/FEUP-CV/proj/task2/../datasets/extra-1/data/train/291_sct-mon1_170x250_850x560_png.rf.08d3223235a432c1adb9f29eb195b044.jpg: 640x640 1 pool_table, 7.4ms
Speed: 3.1ms preprocess, 7.4ms inference, 3.0ms postprocess per image at shape (1, 3, 640, 640)
Processing extra-1/data/train/338_sct-mon1_170x250_850x560_png.rf.0a9eecb0d7658067e0750171f7efbfa3.jpg...

image 1/1 /home/admin/Documents/FEUP-CV/proj/task2/../datasets/extra-1/data/train/338_sct-mon1_170x250_850x560_png.rf.0a9eecb0d7658067e0750171f7efbfa3.jpg: 640x640 2 pool_tables, 7.4ms
Speed: 1.9ms preprocess, 7.4ms inference, 12.1ms postprocess per image at shape (1, 3, 640, 640)
Processing extra-1/data/train/224_sct-mon1_170x250_850x560_png.rf.0b000b732394a9202a47cc948b0c51b3.jpg...

image 1/1 /home/admin/Documents/FEUP-CV/proj/task2/../datasets/extra-1/data/train/224_sct-mon1_170x250_850x560_png.rf.0b000b732394a9202a47cc948b0c51b3.jpg: 640x640 1 pool_table, 7.4ms
Speed: 3.1ms preprocess, 7.4ms inference, 2.9ms postprocess per image at shape (1, 3, 640, 640)
Processing extra-1/data/train/388_sct-mon1_170x250_850x560_png.rf.0c590eff5ed06fbb5376132c9ed3a873.jpg...

image 1/1 /home/admin/Documents/FEUP-CV/proj/task2/../datasets/extra-1/data/train/388_sct-mon1_170x250_850x560_png.rf.0c590eff5ed06fbb5376132c9ed3a873.jpg: 640x640 2 pool_tables, 7.4ms
Speed: 1.9ms preprocess, 7.4ms inference, 12.1ms postprocess per image at shape (1, 3, 640, 640)
Processing extra-1/data/train/257_sct-mon1_170x250_850x560_png.rf.0c8373a4858aa3813a887d6692da48d9.jpg...

image 1/1 /home/admin/Documents/FEUP-CV/proj/task2/../datasets/extra-1/data/train/257_sct-mon1_170x250_850x560_png.rf.0c8373a4858aa3813a887d6692da48d9.jpg: 640x640 2 pool_tables, 7.4ms
Speed: 3.1ms preprocess, 7.4ms inference, 2.6ms postprocess per image at shape (1, 3, 640, 640)
Processing extra-1/data/train/213_sct-mon1_170x250_850x560_png.rf.0d6daf2df05926e6cd497639b6c52034.jpg...

image 1/1 /home/admin/Documents/FEUP-CV/proj/task2/../datasets/extra-1/data/train/213_sct-mon1_170x250_850x560_png.rf.0d6daf2df05926e6cd497639b6c52034.jpg: 640x640 1 pool_table, 7.4ms
Speed: 1.8ms preprocess, 7.4ms inference, 12.1ms postprocess per image at shape (1, 3, 640, 640)
Processing extra-1/data/train/q78_sct-mon1_170x250_850x560_png.rf.0c909ec356fab8afc4e82203a4d0420e.jpg...

image 1/1 /home/admin/Documents/FEUP-CV/proj/task2/../datasets/extra-1/data/train/q78_sct-mon1_170x250_850x560_png.rf.0c909ec356fab8afc4e82203a4d0420e.jpg: 640x640 1 pool_table, 7.4ms
Speed: 3.1ms preprocess, 7.4ms inference, 2.5ms postprocess per image at shape (1, 3, 640, 640)
Processing extra-1/data/train/122_sct-mon1_170x250_850x560_png.rf.0d95fadf0ce1cabf97d96ed059460c90.jpg...

image 1/1 /home/admin/Documents/FEUP-CV/proj/task2/../datasets/extra-1/data/train/122_sct-mon1_170x250_850x560_png.rf.0d95fadf0ce1cabf97d96ed059460c90.jpg: 640x640 1 pool_table, 7.3ms
Speed: 3.7ms preprocess, 7.3ms inference, 12.0ms postprocess per image at shape (1, 3, 640, 640)
Processing extra-1/data/train/268_sct-mon1_170x250_850x560_png.rf.0d7169a16386dbcda86a3fd59e33c707.jpg...

image 1/1 /home/admin/Documents/FEUP-CV/proj/task2/../datasets/extra-1/data/train/268_sct-mon1_170x250_850x560_png.rf.0d7169a16386dbcda86a3fd59e33c707.jpg: 640x640 2 pool_tables, 6.1ms
Speed: 2.9ms preprocess, 6.1ms inference, 1.4ms postprocess per image at shape (1, 3, 640, 640)
Processing extra-1/data/train/472_sct-mon1_170x250_850x560_png.rf.0d9a36e47d0ca56b10e89cf5e8e0d0b0.jpg...

image 1/1 /home/admin/Documents/FEUP-CV/proj/task2/../datasets/extra-1/data/train/472_sct-mon1_170x250_850x560_png.rf.0d9a36e47d0ca56b10e89cf5e8e0d0b0.jpg: 640x640 1 pool_table, 7.4ms
Speed: 3.8ms preprocess, 7.4ms inference, 12.0ms postprocess per image at shape (1, 3, 640, 640)
Processing extra-1/data/train/q31_sct-mon1_170x250_850x560_png.rf.0e65d634a8f283d38822e4bdac83937f.jpg...

image 1/1 /home/admin/Documents/FEUP-CV/proj/task2/../datasets/extra-1/data/train/q31_sct-mon1_170x250_850x560_png.rf.0e65d634a8f283d38822e4bdac83937f.jpg: 640x640 1 pool_table, 6.5ms
Speed: 3.2ms preprocess, 6.5ms inference, 1.4ms postprocess per image at shape (1, 3, 640, 640)
Processing extra-1/data/train/481_sct-mon1_170x250_850x560_png.rf.0f1eb06db4848b26f82339bbc7234940.jpg...

image 1/1 /home/admin/Documents/FEUP-CV/proj/task2/../datasets/extra-1/data/train/481_sct-mon1_170x250_850x560_png.rf.0f1eb06db4848b26f82339bbc7234940.jpg: 640x640 1 pool_table, 7.5ms
Speed: 3.8ms preprocess, 7.5ms inference, 12.1ms postprocess per image at shape (1, 3, 640, 640)
Processing extra-1/data/train/q13_sct-mon1_170x250_850x560_png.rf.0f204b198ac160f71d0afe0682a2d8be.jpg...

image 1/1 /home/admin/Documents/FEUP-CV/proj/task2/../datasets/extra-1/data/train/q13_sct-mon1_170x250_850x560_png.rf.0f204b198ac160f71d0afe0682a2d8be.jpg: 640x640 1 pool_table, 6.8ms
Speed: 3.2ms preprocess, 6.8ms inference, 1.4ms postprocess per image at shape (1, 3, 640, 640)
Processing extra-1/data/train/206_sct-mon1_170x250_850x560_png.rf.0f569d32461a39ed95500dd80ee22635.jpg...

image 1/1 /home/admin/Documents/FEUP-CV/proj/task2/../datasets/extra-1/data/train/206_sct-mon1_170x250_850x560_png.rf.0f569d32461a39ed95500dd80ee22635.jpg: 640x640 1 pool_table, 7.5ms
Speed: 3.8ms preprocess, 7.5ms inference, 12.1ms postprocess per image at shape (1, 3, 640, 640)
Processing extra-1/data/train/216_sct-mon1_170x250_850x560_png.rf.0f5bd6e10d27dd36fc58979df464af8e.jpg...

image 1/1 /home/admin/Documents/FEUP-CV/proj/task2/../datasets/extra-1/data/train/216_sct-mon1_170x250_850x560_png.rf.0f5bd6e10d27dd36fc58979df464af8e.jpg: 640x640 1 pool_table, 6.8ms
Speed: 3.2ms preprocess, 6.8ms inference, 1.4ms postprocess per image at shape (1, 3, 640, 640)
Processing extra-1/data/train/282_sct-mon1_170x250_850x560_png.rf.0fc5700ab3ee6d3332d7504fc73e78ed.jpg...

image 1/1 /home/admin/Documents/FEUP-CV/proj/task2/../datasets/extra-1/data/train/282_sct-mon1_170x250_850x560_png.rf.0fc5700ab3ee6d3332d7504fc73e78ed.jpg: 640x640 1 pool_table, 7.5ms
Speed: 3.8ms preprocess, 7.5ms inference, 12.0ms postprocess per image at shape (1, 3, 640, 640)
Processing extra-1/data/train/5_sct-mon1_170x250_850x560_png.rf.10f853e52c8d2d5879a7cf51c1943536.jpg...

image 1/1 /home/admin/Documents/FEUP-CV/proj/task2/../datasets/extra-1/data/train/5_sct-mon1_170x250_850x560_png.rf.10f853e52c8d2d5879a7cf51c1943536.jpg: 640x640 1 pool_table, 6.7ms
Speed: 3.1ms preprocess, 6.7ms inference, 1.4ms postprocess per image at shape (1, 3, 640, 640)
Processing extra-1/data/train/40_sct-mon1_170x250_850x560_png.rf.124337d58a8968717d390af98b289968.jpg...

image 1/1 /home/admin/Documents/FEUP-CV/proj/task2/../datasets/extra-1/data/train/40_sct-mon1_170x250_850x560_png.rf.124337d58a8968717d390af98b289968.jpg: 640x640 1 pool_table, 7.5ms
Speed: 1.9ms preprocess, 7.5ms inference, 12.1ms postprocess per image at shape (1, 3, 640, 640)
Processing extra-1/data/train/492_sct-mon1_170x250_850x560_png.rf.124735df4118b53a14c06033ac6cc37a.jpg...

image 1/1 /home/admin/Documents/FEUP-CV/proj/task2/../datasets/extra-1/data/train/492_sct-mon1_170x250_850x560_png.rf.124735df4118b53a14c06033ac6cc37a.jpg: 640x640 1 pool_table, 7.4ms
Speed: 3.1ms preprocess, 7.4ms inference, 2.8ms postprocess per image at shape (1, 3, 640, 640)
Processing extra-1/data/train/85_sct-mon1_170x250_850x560_png.rf.12588e1c2036b8da3ad9ef08ebfdb73c.jpg...

image 1/1 /home/admin/Documents/FEUP-CV/proj/task2/../datasets/extra-1/data/train/85_sct-mon1_170x250_850x560_png.rf.12588e1c2036b8da3ad9ef08ebfdb73c.jpg: 640x640 1 pool_table, 7.4ms
Speed: 1.9ms preprocess, 7.4ms inference, 12.1ms postprocess per image at shape (1, 3, 640, 640)
Processing extra-1/data/train/q36_sct-mon1_170x250_850x560_png.rf.12c5e74a97d0f5e6cf7636b5808d6f36.jpg...

image 1/1 /home/admin/Documents/FEUP-CV/proj/task2/../datasets/extra-1/data/train/q36_sct-mon1_170x250_850x560_png.rf.12c5e74a97d0f5e6cf7636b5808d6f36.jpg: 640x640 1 pool_table, 7.4ms
Speed: 3.2ms preprocess, 7.4ms inference, 2.6ms postprocess per image at shape (1, 3, 640, 640)
Processing extra-1/data/train/q96_sct-mon1_170x250_850x560_png.rf.1332995b24ffca2355a78c42ea5d438c.jpg...

image 1/1 /home/admin/Documents/FEUP-CV/proj/task2/../datasets/extra-1/data/train/q96_sct-mon1_170x250_850x560_png.rf.1332995b24ffca2355a78c42ea5d438c.jpg: 640x640 1 pool_table, 7.4ms
Speed: 3.9ms preprocess, 7.4ms inference, 12.1ms postprocess per image at shape (1, 3, 640, 640)
Processing extra-1/data/train/45_sct-mon1_170x250_850x560_png.rf.14598294b6e6b61c483aaec78bf0409b.jpg...

image 1/1 /home/admin/Documents/FEUP-CV/proj/task2/../datasets/extra-1/data/train/45_sct-mon1_170x250_850x560_png.rf.14598294b6e6b61c483aaec78bf0409b.jpg: 640x640 1 pool_table, 6.4ms
Speed: 2.9ms preprocess, 6.4ms inference, 1.4ms postprocess per image at shape (1, 3, 640, 640)
Processing extra-1/data/train/253_sct-mon1_170x250_850x560_png.rf.1806a9e54310aa95acaa105a4d61a7f6.jpg...

image 1/1 /home/admin/Documents/FEUP-CV/proj/task2/../datasets/extra-1/data/train/253_sct-mon1_170x250_850x560_png.rf.1806a9e54310aa95acaa105a4d61a7f6.jpg: 640x640 1 pool_table, 7.4ms
Speed: 3.9ms preprocess, 7.4ms inference, 12.1ms postprocess per image at shape (1, 3, 640, 640)
Processing extra-1/data/train/80_sct-mon1_170x250_850x560_png.rf.18776b9ea2373ff4b75d93022a3699b4.jpg...

image 1/1 /home/admin/Documents/FEUP-CV/proj/task2/../datasets/extra-1/data/train/80_sct-mon1_170x250_850x560_png.rf.18776b9ea2373ff4b75d93022a3699b4.jpg: 640x640 1 pool_table, 6.5ms
Speed: 3.1ms preprocess, 6.5ms inference, 1.4ms postprocess per image at shape (1, 3, 640, 640)
Processing extra-1/data/train/48_sct-mon1_170x250_850x560_png.rf.18c9e1e2ec7042ce8204a4cdc5f07c3f.jpg...

image 1/1 /home/admin/Documents/FEUP-CV/proj/task2/../datasets/extra-1/data/train/48_sct-mon1_170x250_850x560_png.rf.18c9e1e2ec7042ce8204a4cdc5f07c3f.jpg: 640x640 1 pool_table, 7.4ms
Speed: 1.8ms preprocess, 7.4ms inference, 12.1ms postprocess per image at shape (1, 3, 640, 640)
Processing extra-1/data/train/269_sct-mon1_170x250_850x560_png.rf.18f062554e23897f6673c9b0a12ef429.jpg...

image 1/1 /home/admin/Documents/FEUP-CV/proj/task2/../datasets/extra-1/data/train/269_sct-mon1_170x250_850x560_png.rf.18f062554e23897f6673c9b0a12ef429.jpg: 640x640 2 pool_tables, 7.4ms
Speed: 3.2ms preprocess, 7.4ms inference, 2.7ms postprocess per image at shape (1, 3, 640, 640)
Processing extra-1/data/train/112_sct-mon1_170x250_850x560_png.rf.191507790bb207f8c90f22fbe046c585.jpg...

image 1/1 /home/admin/Documents/FEUP-CV/proj/task2/../datasets/extra-1/data/train/112_sct-mon1_170x250_850x560_png.rf.191507790bb207f8c90f22fbe046c585.jpg: 640x640 1 pool_table, 7.5ms
Speed: 3.9ms preprocess, 7.5ms inference, 12.1ms postprocess per image at shape (1, 3, 640, 640)
Processing extra-1/data/train/112_sct-mon1_170x250_850x560_png.rf.19f86915595d7a0bed1af73854a393bc.jpg...

image 1/1 /home/admin/Documents/FEUP-CV/proj/task2/../datasets/extra-1/data/train/112_sct-mon1_170x250_850x560_png.rf.19f86915595d7a0bed1af73854a393bc.jpg: 640x640 1 pool_table, 6.7ms
Speed: 3.2ms preprocess, 6.7ms inference, 1.4ms postprocess per image at shape (1, 3, 640, 640)
Processing extra-1/data/train/109_sct-mon1_170x250_850x560_png.rf.1a5ec80d06f50eb1214a712a1b95a32c.jpg...

image 1/1 /home/admin/Documents/FEUP-CV/proj/task2/../datasets/extra-1/data/train/109_sct-mon1_170x250_850x560_png.rf.1a5ec80d06f50eb1214a712a1b95a32c.jpg: 640x640 1 pool_table, 7.4ms
Speed: 1.9ms preprocess, 7.4ms inference, 12.1ms postprocess per image at shape (1, 3, 640, 640)
Processing extra-1/data/train/q43_sct-mon1_170x250_850x560_png.rf.1b5b205c1c4b030d0f057c6ea495b463.jpg...

image 1/1 /home/admin/Documents/FEUP-CV/proj/task2/../datasets/extra-1/data/train/q43_sct-mon1_170x250_850x560_png.rf.1b5b205c1c4b030d0f057c6ea495b463.jpg: 640x640 1 pool_table, 7.3ms
Speed: 3.1ms preprocess, 7.3ms inference, 2.8ms postprocess per image at shape (1, 3, 640, 640)
Processing extra-1/data/train/174_sct-mon1_170x250_850x560_png.rf.1b7085327fb1cb557d51ff5776609543.jpg...

image 1/1 /home/admin/Documents/FEUP-CV/proj/task2/../datasets/extra-1/data/train/174_sct-mon1_170x250_850x560_png.rf.1b7085327fb1cb557d51ff5776609543.jpg: 640x640 1 pool_table, 7.4ms
Speed: 3.8ms preprocess, 7.4ms inference, 12.0ms postprocess per image at shape (1, 3, 640, 640)
Processing extra-1/data/train/290_sct-mon1_170x250_850x560_png.rf.1bcadfea72e550f411d92235862bf290.jpg...

image 1/1 /home/admin/Documents/FEUP-CV/proj/task2/../datasets/extra-1/data/train/290_sct-mon1_170x250_850x560_png.rf.1bcadfea72e550f411d92235862bf290.jpg: 640x640 2 pool_tables, 6.6ms
Speed: 3.2ms preprocess, 6.6ms inference, 1.4ms postprocess per image at shape (1, 3, 640, 640)
Processing extra-1/data/train/q106_sct-mon1_170x250_850x560_png.rf.1bef5c8853e7b0312c702294a700066a.jpg...

image 1/1 /home/admin/Documents/FEUP-CV/proj/task2/../datasets/extra-1/data/train/q106_sct-mon1_170x250_850x560_png.rf.1bef5c8853e7b0312c702294a700066a.jpg: 640x640 1 pool_table, 7.4ms
Speed: 1.8ms preprocess, 7.4ms inference, 12.0ms postprocess per image at shape (1, 3, 640, 640)
Processing extra-1/data/train/230_sct-mon1_170x250_850x560_png.rf.1d6f0728cf543dd8aea9d9790ca7f182.jpg...

image 1/1 /home/admin/Documents/FEUP-CV/proj/task2/../datasets/extra-1/data/train/230_sct-mon1_170x250_850x560_png.rf.1d6f0728cf543dd8aea9d9790ca7f182.jpg: 640x640 1 pool_table, 7.4ms
Speed: 2.9ms preprocess, 7.4ms inference, 2.6ms postprocess per image at shape (1, 3, 640, 640)
Processing extra-1/data/train/272_sct-mon1_170x250_850x560_png.rf.1dc181ff940e7cde9fe4dba1ef3666e1.jpg...

image 1/1 /home/admin/Documents/FEUP-CV/proj/task2/../datasets/extra-1/data/train/272_sct-mon1_170x250_850x560_png.rf.1dc181ff940e7cde9fe4dba1ef3666e1.jpg: 640x640 2 pool_tables, 7.4ms
Speed: 3.8ms preprocess, 7.4ms inference, 12.1ms postprocess per image at shape (1, 3, 640, 640)
Processing extra-1/data/train/371_sct-mon1_170x250_850x560_png.rf.1e4aee139ff785932dd52434153d85b2.jpg...

image 1/1 /home/admin/Documents/FEUP-CV/proj/task2/../datasets/extra-1/data/train/371_sct-mon1_170x250_850x560_png.rf.1e4aee139ff785932dd52434153d85b2.jpg: 640x640 1 pool_table, 6.4ms
Speed: 3.2ms preprocess, 6.4ms inference, 1.4ms postprocess per image at shape (1, 3, 640, 640)
Processing extra-1/data/train/83_sct-mon1_170x250_850x560_png.rf.1d16c8858be16a637dded6acedae49cf.jpg...

image 1/1 /home/admin/Documents/FEUP-CV/proj/task2/../datasets/extra-1/data/train/83_sct-mon1_170x250_850x560_png.rf.1d16c8858be16a637dded6acedae49cf.jpg: 640x640 1 pool_table, 7.4ms
Speed: 1.8ms preprocess, 7.4ms inference, 12.1ms postprocess per image at shape (1, 3, 640, 640)
Processing extra-1/data/train/395_sct-mon1_170x250_850x560_png.rf.1f62b15a93aa5b7e767c9c96e49b931d.jpg...

image 1/1 /home/admin/Documents/FEUP-CV/proj/task2/../datasets/extra-1/data/train/395_sct-mon1_170x250_850x560_png.rf.1f62b15a93aa5b7e767c9c96e49b931d.jpg: 640x640 2 pool_tables, 7.4ms
Speed: 3.2ms preprocess, 7.4ms inference, 2.6ms postprocess per image at shape (1, 3, 640, 640)
Processing extra-1/data/train/444_sct-mon1_170x250_850x560_png.rf.20172b2c6ea4c365e4de1aa9dab7fe18.jpg...

image 1/1 /home/admin/Documents/FEUP-CV/proj/task2/../datasets/extra-1/data/train/444_sct-mon1_170x250_850x560_png.rf.20172b2c6ea4c365e4de1aa9dab7fe18.jpg: 640x640 1 pool_table, 7.4ms
Speed: 1.9ms preprocess, 7.4ms inference, 12.1ms postprocess per image at shape (1, 3, 640, 640)
Processing extra-1/data/train/196_sct-mon1_170x250_850x560_png.rf.204c4256a2e91f766590f3d15efe20f9.jpg...

image 1/1 /home/admin/Documents/FEUP-CV/proj/task2/../datasets/extra-1/data/train/196_sct-mon1_170x250_850x560_png.rf.204c4256a2e91f766590f3d15efe20f9.jpg: 640x640 1 pool_table, 7.4ms
Speed: 3.2ms preprocess, 7.4ms inference, 2.6ms postprocess per image at shape (1, 3, 640, 640)
Processing extra-1/data/train/234_sct-mon1_170x250_850x560_png.rf.20a6dc3bd46c61380c10828e3c69faa5.jpg...

image 1/1 /home/admin/Documents/FEUP-CV/proj/task2/../datasets/extra-1/data/train/234_sct-mon1_170x250_850x560_png.rf.20a6dc3bd46c61380c10828e3c69faa5.jpg: 640x640 1 pool_table, 7.4ms
Speed: 1.8ms preprocess, 7.4ms inference, 12.1ms postprocess per image at shape (1, 3, 640, 640)
Processing extra-1/data/train/332_sct-mon1_170x250_850x560_png.rf.20a8fa282c6675ad0f789b2e27fb5890.jpg...

image 1/1 /home/admin/Documents/FEUP-CV/proj/task2/../datasets/extra-1/data/train/332_sct-mon1_170x250_850x560_png.rf.20a8fa282c6675ad0f789b2e27fb5890.jpg: 640x640 1 pool_table, 7.4ms
Speed: 3.2ms preprocess, 7.4ms inference, 2.8ms postprocess per image at shape (1, 3, 640, 640)
Processing extra-1/data/train/487_sct-mon1_170x250_850x560_png.rf.217c531fbbffbb40852ff32361d60c16.jpg...

image 1/1 /home/admin/Documents/FEUP-CV/proj/task2/../datasets/extra-1/data/train/487_sct-mon1_170x250_850x560_png.rf.217c531fbbffbb40852ff32361d60c16.jpg: 640x640 2 pool_tables, 7.4ms
Speed: 1.9ms preprocess, 7.4ms inference, 12.1ms postprocess per image at shape (1, 3, 640, 640)
Processing extra-1/data/train/79_sct-mon1_170x250_850x560_png.rf.2182ccdc1a1b052ece528e0114c6c841.jpg...

image 1/1 /home/admin/Documents/FEUP-CV/proj/task2/../datasets/extra-1/data/train/79_sct-mon1_170x250_850x560_png.rf.2182ccdc1a1b052ece528e0114c6c841.jpg: 640x640 1 pool_table, 7.4ms
Speed: 3.2ms preprocess, 7.4ms inference, 3.0ms postprocess per image at shape (1, 3, 640, 640)
Processing extra-1/data/train/375_sct-mon1_170x250_850x560_png.rf.2184c30044e1f6238db7580334ba17fd.jpg...

image 1/1 /home/admin/Documents/FEUP-CV/proj/task2/../datasets/extra-1/data/train/375_sct-mon1_170x250_850x560_png.rf.2184c30044e1f6238db7580334ba17fd.jpg: 640x640 1 pool_table, 7.4ms
Speed: 1.8ms preprocess, 7.4ms inference, 12.1ms postprocess per image at shape (1, 3, 640, 640)
Processing extra-1/data/train/140_sct-mon1_170x250_850x560_png.rf.23776415f938ba153318fcc6fd10d01f.jpg...

image 1/1 /home/admin/Documents/FEUP-CV/proj/task2/../datasets/extra-1/data/train/140_sct-mon1_170x250_850x560_png.rf.23776415f938ba153318fcc6fd10d01f.jpg: 640x640 1 pool_table, 7.4ms
Speed: 3.2ms preprocess, 7.4ms inference, 2.7ms postprocess per image at shape (1, 3, 640, 640)
Processing extra-1/data/train/136_sct-mon1_170x250_850x560_png.rf.238953b0e17e49a843000bee67dbc6ce.jpg...

image 1/1 /home/admin/Documents/FEUP-CV/proj/task2/../datasets/extra-1/data/train/136_sct-mon1_170x250_850x560_png.rf.238953b0e17e49a843000bee67dbc6ce.jpg: 640x640 1 pool_table, 7.4ms
Speed: 4.0ms preprocess, 7.4ms inference, 12.1ms postprocess per image at shape (1, 3, 640, 640)
Processing extra-1/data/train/98_sct-mon1_170x250_850x560_png.rf.23f27834ccac6e5f62945fc0fa82812c.jpg...

image 1/1 /home/admin/Documents/FEUP-CV/proj/task2/../datasets/extra-1/data/train/98_sct-mon1_170x250_850x560_png.rf.23f27834ccac6e5f62945fc0fa82812c.jpg: 640x640 1 pool_table, 6.5ms
Speed: 3.1ms preprocess, 6.5ms inference, 1.4ms postprocess per image at shape (1, 3, 640, 640)
Processing extra-1/data/train/q51_sct-mon1_170x250_850x560_png.rf.2280c732f50b34fe3e048d3886218b19.jpg...

image 1/1 /home/admin/Documents/FEUP-CV/proj/task2/../datasets/extra-1/data/train/q51_sct-mon1_170x250_850x560_png.rf.2280c732f50b34fe3e048d3886218b19.jpg: 640x640 1 pool_table, 7.4ms
Speed: 1.8ms preprocess, 7.4ms inference, 12.1ms postprocess per image at shape (1, 3, 640, 640)
Processing extra-1/data/train/468_sct-mon1_170x250_850x560_png.rf.25c7a785a0ebb1113613d1cb55a743a9.jpg...

image 1/1 /home/admin/Documents/FEUP-CV/proj/task2/../datasets/extra-1/data/train/468_sct-mon1_170x250_850x560_png.rf.25c7a785a0ebb1113613d1cb55a743a9.jpg: 640x640 1 pool_table, 7.4ms
Speed: 3.0ms preprocess, 7.4ms inference, 2.7ms postprocess per image at shape (1, 3, 640, 640)
Processing extra-1/data/train/q81_sct-mon1_170x250_850x560_png.rf.25cc0819f73a5cff0a341a064154aed4.jpg...

image 1/1 /home/admin/Documents/FEUP-CV/proj/task2/../datasets/extra-1/data/train/q81_sct-mon1_170x250_850x560_png.rf.25cc0819f73a5cff0a341a064154aed4.jpg: 640x640 1 pool_table, 7.4ms
Speed: 1.8ms preprocess, 7.4ms inference, 12.1ms postprocess per image at shape (1, 3, 640, 640)
Processing extra-1/data/train/406_sct-mon1_170x250_850x560_png.rf.24adc8ad21a836242a6ea9d6ad40cb5e.jpg...

image 1/1 /home/admin/Documents/FEUP-CV/proj/task2/../datasets/extra-1/data/train/406_sct-mon1_170x250_850x560_png.rf.24adc8ad21a836242a6ea9d6ad40cb5e.jpg: 640x640 1 pool_table, 7.4ms
Speed: 3.0ms preprocess, 7.4ms inference, 2.7ms postprocess per image at shape (1, 3, 640, 640)
Processing extra-1/data/train/q59_sct-mon1_170x250_850x560_png.rf.2768cc451d339ad53306abc2977cec2b.jpg...

image 1/1 /home/admin/Documents/FEUP-CV/proj/task2/../datasets/extra-1/data/train/q59_sct-mon1_170x250_850x560_png.rf.2768cc451d339ad53306abc2977cec2b.jpg: 640x640 1 pool_table, 7.4ms
Speed: 1.8ms preprocess, 7.4ms inference, 12.1ms postprocess per image at shape (1, 3, 640, 640)
Processing extra-1/data/train/354_sct-mon1_170x250_850x560_png.rf.2726f61257e896401650c122c6aab35b.jpg...

image 1/1 /home/admin/Documents/FEUP-CV/proj/task2/../datasets/extra-1/data/train/354_sct-mon1_170x250_850x560_png.rf.2726f61257e896401650c122c6aab35b.jpg: 640x640 1 pool_table, 7.4ms
Speed: 3.0ms preprocess, 7.4ms inference, 2.7ms postprocess per image at shape (1, 3, 640, 640)
Processing extra-1/data/train/256_sct-mon1_170x250_850x560_png.rf.277ede17af209a5f4a4a589571c99ff2.jpg...

image 1/1 /home/admin/Documents/FEUP-CV/proj/task2/../datasets/extra-1/data/train/256_sct-mon1_170x250_850x560_png.rf.277ede17af209a5f4a4a589571c99ff2.jpg: 640x640 1 pool_table, 7.5ms
Speed: 1.8ms preprocess, 7.5ms inference, 12.1ms postprocess per image at shape (1, 3, 640, 640)
Processing extra-1/data/train/350_sct-mon1_170x250_850x560_png.rf.286f6d97e7a37284f42988733c02edf5.jpg...

image 1/1 /home/admin/Documents/FEUP-CV/proj/task2/../datasets/extra-1/data/train/350_sct-mon1_170x250_850x560_png.rf.286f6d97e7a37284f42988733c02edf5.jpg: 640x640 1 pool_table, 7.4ms
Speed: 3.1ms preprocess, 7.4ms inference, 2.7ms postprocess per image at shape (1, 3, 640, 640)
Processing extra-1/data/train/337_sct-mon1_170x250_850x560_png.rf.2961e77a9aae5f4f10699a2bb0e6e3dc.jpg...

image 1/1 /home/admin/Documents/FEUP-CV/proj/task2/../datasets/extra-1/data/train/337_sct-mon1_170x250_850x560_png.rf.2961e77a9aae5f4f10699a2bb0e6e3dc.jpg: 640x640 1 pool_table, 7.5ms
Speed: 1.8ms preprocess, 7.5ms inference, 12.1ms postprocess per image at shape (1, 3, 640, 640)
Processing extra-1/data/train/236_sct-mon1_170x250_850x560_png.rf.29d5c9be202d23b8d4bef464ed12d1b1.jpg...

image 1/1 /home/admin/Documents/FEUP-CV/proj/task2/../datasets/extra-1/data/train/236_sct-mon1_170x250_850x560_png.rf.29d5c9be202d23b8d4bef464ed12d1b1.jpg: 640x640 1 pool_table, 7.5ms
Speed: 3.1ms preprocess, 7.5ms inference, 2.9ms postprocess per image at shape (1, 3, 640, 640)
Processing extra-1/data/train/11_sct-mon1_170x250_850x560_png.rf.2a6a4f6f983d37b7a594391ba73ce645.jpg...

image 1/1 /home/admin/Documents/FEUP-CV/proj/task2/../datasets/extra-1/data/train/11_sct-mon1_170x250_850x560_png.rf.2a6a4f6f983d37b7a594391ba73ce645.jpg: 640x640 1 pool_table, 7.4ms
Speed: 1.9ms preprocess, 7.4ms inference, 12.1ms postprocess per image at shape (1, 3, 640, 640)
Processing extra-1/data/train/101_sct-mon1_170x250_850x560_png.rf.2b26d53a1c6f397f216c9e0ef242ffb0.jpg...

image 1/1 /home/admin/Documents/FEUP-CV/proj/task2/../datasets/extra-1/data/train/101_sct-mon1_170x250_850x560_png.rf.2b26d53a1c6f397f216c9e0ef242ffb0.jpg: 640x640 1 pool_table, 7.5ms
Speed: 3.1ms preprocess, 7.5ms inference, 3.0ms postprocess per image at shape (1, 3, 640, 640)
Processing extra-1/data/train/284_sct-mon1_170x250_850x560_png.rf.2b1d545c5d62fbddc7c2cddbf4c038db.jpg...

image 1/1 /home/admin/Documents/FEUP-CV/proj/task2/../datasets/extra-1/data/train/284_sct-mon1_170x250_850x560_png.rf.2b1d545c5d62fbddc7c2cddbf4c038db.jpg: 640x640 2 pool_tables, 7.4ms
Speed: 1.9ms preprocess, 7.4ms inference, 12.1ms postprocess per image at shape (1, 3, 640, 640)
Processing extra-1/data/train/223_sct-mon1_170x250_850x560_png.rf.2bb761d14a440dfd423d4978b9bab0f1.jpg...

image 1/1 /home/admin/Documents/FEUP-CV/proj/task2/../datasets/extra-1/data/train/223_sct-mon1_170x250_850x560_png.rf.2bb761d14a440dfd423d4978b9bab0f1.jpg: 640x640 1 pool_table, 7.4ms
Speed: 3.1ms preprocess, 7.4ms inference, 3.0ms postprocess per image at shape (1, 3, 640, 640)
Processing extra-1/data/train/217_sct-mon1_170x250_850x560_png.rf.2bf4935ac903d6d355eb844581488be9.jpg...

image 1/1 /home/admin/Documents/FEUP-CV/proj/task2/../datasets/extra-1/data/train/217_sct-mon1_170x250_850x560_png.rf.2bf4935ac903d6d355eb844581488be9.jpg: 640x640 1 pool_table, 7.4ms
Speed: 2.1ms preprocess, 7.4ms inference, 12.0ms postprocess per image at shape (1, 3, 640, 640)
Processing extra-1/data/train/222_sct-mon1_170x250_850x560_png.rf.2d919a3dbc93e8b7a82f3b21766ef9de.jpg...

image 1/1 /home/admin/Documents/FEUP-CV/proj/task2/../datasets/extra-1/data/train/222_sct-mon1_170x250_850x560_png.rf.2d919a3dbc93e8b7a82f3b21766ef9de.jpg: 640x640 1 pool_table, 7.4ms
Speed: 3.2ms preprocess, 7.4ms inference, 2.8ms postprocess per image at shape (1, 3, 640, 640)
Processing extra-1/data/train/18_sct-mon1_170x250_850x560_png.rf.2db08eb0af3727cf97adec235c37a0c4.jpg...

image 1/1 /home/admin/Documents/FEUP-CV/proj/task2/../datasets/extra-1/data/train/18_sct-mon1_170x250_850x560_png.rf.2db08eb0af3727cf97adec235c37a0c4.jpg: 640x640 1 pool_table, 7.3ms
Speed: 1.9ms preprocess, 7.3ms inference, 12.1ms postprocess per image at shape (1, 3, 640, 640)
Processing extra-1/data/train/176_sct-mon1_170x250_850x560_png.rf.2db131e86d806dc5f723a35018f38ac5.jpg...

image 1/1 /home/admin/Documents/FEUP-CV/proj/task2/../datasets/extra-1/data/train/176_sct-mon1_170x250_850x560_png.rf.2db131e86d806dc5f723a35018f38ac5.jpg: 640x640 2 pool_tables, 7.4ms
Speed: 3.2ms preprocess, 7.4ms inference, 2.5ms postprocess per image at shape (1, 3, 640, 640)
Processing extra-1/data/train/152_sct-mon1_170x250_850x560_png.rf.2c91fb3bb91e80bc81a6720770e75cb6.jpg...

image 1/1 /home/admin/Documents/FEUP-CV/proj/task2/../datasets/extra-1/data/train/152_sct-mon1_170x250_850x560_png.rf.2c91fb3bb91e80bc81a6720770e75cb6.jpg: 640x640 1 pool_table, 7.3ms
Speed: 1.8ms preprocess, 7.3ms inference, 12.1ms postprocess per image at shape (1, 3, 640, 640)
Processing extra-1/data/train/227_sct-mon1_170x250_850x560_png.rf.2dd10d472e91077b8dfadc805d706761.jpg...

image 1/1 /home/admin/Documents/FEUP-CV/proj/task2/../datasets/extra-1/data/train/227_sct-mon1_170x250_850x560_png.rf.2dd10d472e91077b8dfadc805d706761.jpg: 640x640 1 pool_table, 7.4ms
Speed: 3.2ms preprocess, 7.4ms inference, 2.4ms postprocess per image at shape (1, 3, 640, 640)
Processing extra-1/data/train/450_sct-mon1_170x250_850x560_png.rf.2e7ecb7659c19765a53fba2809596820.jpg...

image 1/1 /home/admin/Documents/FEUP-CV/proj/task2/../datasets/extra-1/data/train/450_sct-mon1_170x250_850x560_png.rf.2e7ecb7659c19765a53fba2809596820.jpg: 640x640 1 pool_table, 7.4ms
Speed: 2.0ms preprocess, 7.4ms inference, 12.1ms postprocess per image at shape (1, 3, 640, 640)
Processing extra-1/data/train/q99_sct-mon1_170x250_850x560_png.rf.2ec24104db0a7ac3df50ee286c136475.jpg...

image 1/1 /home/admin/Documents/FEUP-CV/proj/task2/../datasets/extra-1/data/train/q99_sct-mon1_170x250_850x560_png.rf.2ec24104db0a7ac3df50ee286c136475.jpg: 640x640 1 pool_table, 7.5ms
Speed: 3.2ms preprocess, 7.5ms inference, 2.5ms postprocess per image at shape (1, 3, 640, 640)
Processing extra-1/data/train/372_sct-mon1_170x250_850x560_png.rf.2ead7bf73959314049fd4190cc10e172.jpg...

image 1/1 /home/admin/Documents/FEUP-CV/proj/task2/../datasets/extra-1/data/train/372_sct-mon1_170x250_850x560_png.rf.2ead7bf73959314049fd4190cc10e172.jpg: 640x640 2 pool_tables, 7.3ms
Speed: 3.9ms preprocess, 7.3ms inference, 12.1ms postprocess per image at shape (1, 3, 640, 640)
Processing extra-1/data/train/157_sct-mon1_170x250_850x560_png.rf.3019704f75edba8a376d6455f1fd4026.jpg...

image 1/1 /home/admin/Documents/FEUP-CV/proj/task2/../datasets/extra-1/data/train/157_sct-mon1_170x250_850x560_png.rf.3019704f75edba8a376d6455f1fd4026.jpg: 640x640 1 pool_table, 6.4ms
Speed: 3.2ms preprocess, 6.4ms inference, 1.4ms postprocess per image at shape (1, 3, 640, 640)
Processing extra-1/data/train/q63_sct-mon1_170x250_850x560_png.rf.310270f556d8c45ee5f3ac57b2d7cb9a.jpg...

image 1/1 /home/admin/Documents/FEUP-CV/proj/task2/../datasets/extra-1/data/train/q63_sct-mon1_170x250_850x560_png.rf.310270f556d8c45ee5f3ac57b2d7cb9a.jpg: 640x640 1 pool_table, 7.4ms
Speed: 1.8ms preprocess, 7.4ms inference, 12.0ms postprocess per image at shape (1, 3, 640, 640)
Processing extra-1/data/train/157_sct-mon1_170x250_850x560_png.rf.3267502be034e8f4193fb46d3de0ddf9.jpg...

image 1/1 /home/admin/Documents/FEUP-CV/proj/task2/../datasets/extra-1/data/train/157_sct-mon1_170x250_850x560_png.rf.3267502be034e8f4193fb46d3de0ddf9.jpg: 640x640 1 pool_table, 7.5ms
Speed: 3.0ms preprocess, 7.5ms inference, 2.8ms postprocess per image at shape (1, 3, 640, 640)
Processing extra-1/data/train/19_sct-mon1_170x250_850x560_png.rf.31999615ea46a67f0a828bd4826f3bfb.jpg...

image 1/1 /home/admin/Documents/FEUP-CV/proj/task2/../datasets/extra-1/data/train/19_sct-mon1_170x250_850x560_png.rf.31999615ea46a67f0a828bd4826f3bfb.jpg: 640x640 1 pool_table, 7.4ms
Speed: 3.9ms preprocess, 7.4ms inference, 12.0ms postprocess per image at shape (1, 3, 640, 640)
Processing extra-1/data/train/258_sct-mon1_170x250_850x560_png.rf.329f635c121c3eaaa4305eac26fc6323.jpg...

image 1/1 /home/admin/Documents/FEUP-CV/proj/task2/../datasets/extra-1/data/train/258_sct-mon1_170x250_850x560_png.rf.329f635c121c3eaaa4305eac26fc6323.jpg: 640x640 2 pool_tables, 6.6ms
Speed: 3.2ms preprocess, 6.6ms inference, 1.4ms postprocess per image at shape (1, 3, 640, 640)
Processing extra-1/data/train/q80_sct-mon1_170x250_850x560_png.rf.32df63b4d3e13bddeaef2f760c98afd3.jpg...

image 1/1 /home/admin/Documents/FEUP-CV/proj/task2/../datasets/extra-1/data/train/q80_sct-mon1_170x250_850x560_png.rf.32df63b4d3e13bddeaef2f760c98afd3.jpg: 640x640 1 pool_table, 7.4ms
Speed: 1.9ms preprocess, 7.4ms inference, 12.0ms postprocess per image at shape (1, 3, 640, 640)
Processing extra-1/data/train/451_sct-mon1_170x250_850x560_png.rf.32f517639490b4a94b6a9ec78d0dd4fb.jpg...

image 1/1 /home/admin/Documents/FEUP-CV/proj/task2/../datasets/extra-1/data/train/451_sct-mon1_170x250_850x560_png.rf.32f517639490b4a94b6a9ec78d0dd4fb.jpg: 640x640 1 pool_table, 7.4ms
Speed: 3.0ms preprocess, 7.4ms inference, 2.7ms postprocess per image at shape (1, 3, 640, 640)
Processing extra-1/data/train/374_sct-mon1_170x250_850x560_png.rf.3324a97cc9551290215966307ccaa715.jpg...

image 1/1 /home/admin/Documents/FEUP-CV/proj/task2/../datasets/extra-1/data/train/374_sct-mon1_170x250_850x560_png.rf.3324a97cc9551290215966307ccaa715.jpg: 640x640 1 pool_table, 7.4ms
Speed: 1.9ms preprocess, 7.4ms inference, 12.1ms postprocess per image at shape (1, 3, 640, 640)
Processing extra-1/data/train/340_sct-mon1_170x250_850x560_png.rf.3382be9760a01641f040f259055dab90.jpg...

image 1/1 /home/admin/Documents/FEUP-CV/proj/task2/../datasets/extra-1/data/train/340_sct-mon1_170x250_850x560_png.rf.3382be9760a01641f040f259055dab90.jpg: 640x640 1 pool_table, 7.4ms
Speed: 3.1ms preprocess, 7.4ms inference, 2.6ms postprocess per image at shape (1, 3, 640, 640)
Processing extra-1/data/train/261_sct-mon1_170x250_850x560_png.rf.35fa0709e08a37d4f3b89c0f0613467b.jpg...

image 1/1 /home/admin/Documents/FEUP-CV/proj/task2/../datasets/extra-1/data/train/261_sct-mon1_170x250_850x560_png.rf.35fa0709e08a37d4f3b89c0f0613467b.jpg: 640x640 2 pool_tables, 7.4ms
Speed: 3.9ms preprocess, 7.4ms inference, 12.1ms postprocess per image at shape (1, 3, 640, 640)
Processing extra-1/data/train/362_sct-mon1_170x250_850x560_png.rf.34518eab871fb2382a3529ef9ebfe6cf.jpg...

image 1/1 /home/admin/Documents/FEUP-CV/proj/task2/../datasets/extra-1/data/train/362_sct-mon1_170x250_850x560_png.rf.34518eab871fb2382a3529ef9ebfe6cf.jpg: 640x640 1 pool_table, 6.3ms
Speed: 3.0ms preprocess, 6.3ms inference, 1.4ms postprocess per image at shape (1, 3, 640, 640)
Processing extra-1/data/train/243_sct-mon1_170x250_850x560_png.rf.361a1112ff6837789682fd129b9c06a3.jpg...

image 1/1 /home/admin/Documents/FEUP-CV/proj/task2/../datasets/extra-1/data/train/243_sct-mon1_170x250_850x560_png.rf.361a1112ff6837789682fd129b9c06a3.jpg: 640x640 1 pool_table, 7.4ms
Speed: 1.9ms preprocess, 7.4ms inference, 12.1ms postprocess per image at shape (1, 3, 640, 640)
Processing extra-1/data/train/83_sct-mon1_170x250_850x560_png.rf.38fbc501a00222f0b65bd573867512ed.jpg...

image 1/1 /home/admin/Documents/FEUP-CV/proj/task2/../datasets/extra-1/data/train/83_sct-mon1_170x250_850x560_png.rf.38fbc501a00222f0b65bd573867512ed.jpg: 640x640 1 pool_table, 7.4ms
Speed: 3.1ms preprocess, 7.4ms inference, 2.5ms postprocess per image at shape (1, 3, 640, 640)
Processing extra-1/data/train/288_sct-mon1_170x250_850x560_png.rf.3a98894a772af3a04870db2b72eb1c96.jpg...

image 1/1 /home/admin/Documents/FEUP-CV/proj/task2/../datasets/extra-1/data/train/288_sct-mon1_170x250_850x560_png.rf.3a98894a772af3a04870db2b72eb1c96.jpg: 640x640 1 pool_table, 7.4ms
Speed: 1.9ms preprocess, 7.4ms inference, 12.1ms postprocess per image at shape (1, 3, 640, 640)
Processing extra-1/data/train/171_sct-mon1_170x250_850x560_png.rf.3ab7e9b9d614105e40f2d77538cb06dd.jpg...

image 1/1 /home/admin/Documents/FEUP-CV/proj/task2/../datasets/extra-1/data/train/171_sct-mon1_170x250_850x560_png.rf.3ab7e9b9d614105e40f2d77538cb06dd.jpg: 640x640 1 pool_table, 7.4ms
Speed: 3.2ms preprocess, 7.4ms inference, 2.5ms postprocess per image at shape (1, 3, 640, 640)
Processing extra-1/data/train/271_sct-mon1_170x250_850x560_png.rf.3ade80acbab5738bd71917e80adae304.jpg...

image 1/1 /home/admin/Documents/FEUP-CV/proj/task2/../datasets/extra-1/data/train/271_sct-mon1_170x250_850x560_png.rf.3ade80acbab5738bd71917e80adae304.jpg: 640x640 2 pool_tables, 7.4ms
Speed: 1.9ms preprocess, 7.4ms inference, 12.1ms postprocess per image at shape (1, 3, 640, 640)
Processing extra-1/data/train/82_sct-mon1_170x250_850x560_png.rf.3b5df30f86b615403bb4ed14765c0f5d.jpg...

image 1/1 /home/admin/Documents/FEUP-CV/proj/task2/../datasets/extra-1/data/train/82_sct-mon1_170x250_850x560_png.rf.3b5df30f86b615403bb4ed14765c0f5d.jpg: 640x640 1 pool_table, 7.5ms
Speed: 3.1ms preprocess, 7.5ms inference, 2.7ms postprocess per image at shape (1, 3, 640, 640)
Processing extra-1/data/train/162_sct-mon1_170x250_850x560_png.rf.3c30e6aec29740ebd0661482908472ce.jpg...

image 1/1 /home/admin/Documents/FEUP-CV/proj/task2/../datasets/extra-1/data/train/162_sct-mon1_170x250_850x560_png.rf.3c30e6aec29740ebd0661482908472ce.jpg: 640x640 1 pool_table, 7.4ms
Speed: 1.8ms preprocess, 7.4ms inference, 12.0ms postprocess per image at shape (1, 3, 640, 640)
Processing extra-1/data/train/q83_sct-mon1_170x250_850x560_png.rf.3c60c14e3f753e562ea43e10e364f18a.jpg...

image 1/1 /home/admin/Documents/FEUP-CV/proj/task2/../datasets/extra-1/data/train/q83_sct-mon1_170x250_850x560_png.rf.3c60c14e3f753e562ea43e10e364f18a.jpg: 640x640 1 pool_table, 7.4ms
Speed: 3.1ms preprocess, 7.4ms inference, 2.7ms postprocess per image at shape (1, 3, 640, 640)
Processing extra-1/data/train/q34_sct-mon1_170x250_850x560_png.rf.3c8e02124142da35c7bb25af5619ed5b.jpg...

image 1/1 /home/admin/Documents/FEUP-CV/proj/task2/../datasets/extra-1/data/train/q34_sct-mon1_170x250_850x560_png.rf.3c8e02124142da35c7bb25af5619ed5b.jpg: 640x640 1 pool_table, 7.5ms
Speed: 3.8ms preprocess, 7.5ms inference, 12.1ms postprocess per image at shape (1, 3, 640, 640)
Processing extra-1/data/train/93_sct-mon1_170x250_850x560_png.rf.3ce6eb33460be255ad806ea69d38e4a7.jpg...

image 1/1 /home/admin/Documents/FEUP-CV/proj/task2/../datasets/extra-1/data/train/93_sct-mon1_170x250_850x560_png.rf.3ce6eb33460be255ad806ea69d38e4a7.jpg: 640x640 1 pool_table, 6.9ms
Speed: 3.0ms preprocess, 6.9ms inference, 1.4ms postprocess per image at shape (1, 3, 640, 640)
Processing extra-1/data/train/193_sct-mon1_170x250_850x560_png.rf.3d6ab25d61160f6b76c563ab405e85bb.jpg...

image 1/1 /home/admin/Documents/FEUP-CV/proj/task2/../datasets/extra-1/data/train/193_sct-mon1_170x250_850x560_png.rf.3d6ab25d61160f6b76c563ab405e85bb.jpg: 640x640 1 pool_table, 7.4ms
Speed: 1.9ms preprocess, 7.4ms inference, 12.1ms postprocess per image at shape (1, 3, 640, 640)
Processing extra-1/data/train/28_sct-mon1_170x250_850x560_png.rf.3d7f5cb67ce31f61835ba64f25c2c23e.jpg...

image 1/1 /home/admin/Documents/FEUP-CV/proj/task2/../datasets/extra-1/data/train/28_sct-mon1_170x250_850x560_png.rf.3d7f5cb67ce31f61835ba64f25c2c23e.jpg: 640x640 1 pool_table, 7.4ms
Speed: 3.0ms preprocess, 7.4ms inference, 3.0ms postprocess per image at shape (1, 3, 640, 640)
Processing extra-1/data/train/409_sct-mon1_170x250_850x560_png.rf.3dc233ce0709ce66738518638eb4f954.jpg...

image 1/1 /home/admin/Documents/FEUP-CV/proj/task2/../datasets/extra-1/data/train/409_sct-mon1_170x250_850x560_png.rf.3dc233ce0709ce66738518638eb4f954.jpg: 640x640 1 pool_table, 7.4ms
Speed: 1.8ms preprocess, 7.4ms inference, 12.1ms postprocess per image at shape (1, 3, 640, 640)
Processing extra-1/data/train/16_sct-mon1_170x250_850x560_png.rf.3dda000aaab1fada423c7cf66d8caf6f.jpg...

image 1/1 /home/admin/Documents/FEUP-CV/proj/task2/../datasets/extra-1/data/train/16_sct-mon1_170x250_850x560_png.rf.3dda000aaab1fada423c7cf66d8caf6f.jpg: 640x640 1 pool_table, 7.4ms
Speed: 3.2ms preprocess, 7.4ms inference, 2.8ms postprocess per image at shape (1, 3, 640, 640)
Processing extra-1/data/train/78_sct-mon1_170x250_850x560_png.rf.3e5394b3748017a0c193662ccb8f1b0e.jpg...

image 1/1 /home/admin/Documents/FEUP-CV/proj/task2/../datasets/extra-1/data/train/78_sct-mon1_170x250_850x560_png.rf.3e5394b3748017a0c193662ccb8f1b0e.jpg: 640x640 1 pool_table, 7.4ms
Speed: 1.8ms preprocess, 7.4ms inference, 12.1ms postprocess per image at shape (1, 3, 640, 640)
Processing extra-1/data/train/195_sct-mon1_170x250_850x560_png.rf.40905df2d1fb1c3df2644d8287b25c03.jpg...

image 1/1 /home/admin/Documents/FEUP-CV/proj/task2/../datasets/extra-1/data/train/195_sct-mon1_170x250_850x560_png.rf.40905df2d1fb1c3df2644d8287b25c03.jpg: 640x640 1 pool_table, 7.4ms
Speed: 3.2ms preprocess, 7.4ms inference, 2.4ms postprocess per image at shape (1, 3, 640, 640)
Processing extra-1/data/train/369_sct-mon1_170x250_850x560_png.rf.3f69b754c7b15c6c9ee1c963fc3c8a81.jpg...

image 1/1 /home/admin/Documents/FEUP-CV/proj/task2/../datasets/extra-1/data/train/369_sct-mon1_170x250_850x560_png.rf.3f69b754c7b15c6c9ee1c963fc3c8a81.jpg: 640x640 1 pool_table, 7.4ms
Speed: 1.9ms preprocess, 7.4ms inference, 12.1ms postprocess per image at shape (1, 3, 640, 640)
Processing extra-1/data/train/166_sct-mon1_170x250_850x560_png.rf.40a5c781cb5a875ae13a9284ffa98989.jpg...

image 1/1 /home/admin/Documents/FEUP-CV/proj/task2/../datasets/extra-1/data/train/166_sct-mon1_170x250_850x560_png.rf.40a5c781cb5a875ae13a9284ffa98989.jpg: 640x640 1 pool_table, 7.4ms
Speed: 3.1ms preprocess, 7.4ms inference, 2.4ms postprocess per image at shape (1, 3, 640, 640)
Processing extra-1/data/train/286_sct-mon1_170x250_850x560_png.rf.4166fb7714018bae1ecbf9a1a6f75d55.jpg...

image 1/1 /home/admin/Documents/FEUP-CV/proj/task2/../datasets/extra-1/data/train/286_sct-mon1_170x250_850x560_png.rf.4166fb7714018bae1ecbf9a1a6f75d55.jpg: 640x640 1 pool_table, 7.4ms
Speed: 1.9ms preprocess, 7.4ms inference, 12.1ms postprocess per image at shape (1, 3, 640, 640)
Processing extra-1/data/train/q49_sct-mon1_170x250_850x560_png.rf.417136c90bebcd02399e852cbbb1202c.jpg...

image 1/1 /home/admin/Documents/FEUP-CV/proj/task2/../datasets/extra-1/data/train/q49_sct-mon1_170x250_850x560_png.rf.417136c90bebcd02399e852cbbb1202c.jpg: 640x640 1 pool_table, 7.3ms
Speed: 3.1ms preprocess, 7.3ms inference, 2.4ms postprocess per image at shape (1, 3, 640, 640)
Processing extra-1/data/train/q3_sct-mon1_170x250_850x560_png.rf.41853430d58925afec1ffca3db82b674.jpg...

image 1/1 /home/admin/Documents/FEUP-CV/proj/task2/../datasets/extra-1/data/train/q3_sct-mon1_170x250_850x560_png.rf.41853430d58925afec1ffca3db82b674.jpg: 640x640 1 pool_table, 7.4ms
Speed: 3.8ms preprocess, 7.4ms inference, 12.1ms postprocess per image at shape (1, 3, 640, 640)
Processing extra-1/data/train/172_sct-mon1_170x250_850x560_png.rf.4239f5d2a3a4a4c1637e68fef971456e.jpg...

image 1/1 /home/admin/Documents/FEUP-CV/proj/task2/../datasets/extra-1/data/train/172_sct-mon1_170x250_850x560_png.rf.4239f5d2a3a4a4c1637e68fef971456e.jpg: 640x640 1 pool_table, 6.3ms
Speed: 3.1ms preprocess, 6.3ms inference, 1.4ms postprocess per image at shape (1, 3, 640, 640)
Processing extra-1/data/train/137_sct-mon1_170x250_850x560_png.rf.432dc26e8c4304f56cbf1cb4f2564e81.jpg...

image 1/1 /home/admin/Documents/FEUP-CV/proj/task2/../datasets/extra-1/data/train/137_sct-mon1_170x250_850x560_png.rf.432dc26e8c4304f56cbf1cb4f2564e81.jpg: 640x640 1 pool_table, 7.4ms
Speed: 2.0ms preprocess, 7.4ms inference, 12.1ms postprocess per image at shape (1, 3, 640, 640)
Processing extra-1/data/train/q27_sct-mon1_170x250_850x560_png.rf.44dee094b3bd4d1e87b51c85d0defeb8.jpg...

image 1/1 /home/admin/Documents/FEUP-CV/proj/task2/../datasets/extra-1/data/train/q27_sct-mon1_170x250_850x560_png.rf.44dee094b3bd4d1e87b51c85d0defeb8.jpg: 640x640 1 pool_table, 7.4ms
Speed: 3.1ms preprocess, 7.4ms inference, 2.8ms postprocess per image at shape (1, 3, 640, 640)
Processing extra-1/data/train/296_sct-mon1_170x250_850x560_png.rf.43ae8d539e6ec86db3cb21761291192a.jpg...

image 1/1 /home/admin/Documents/FEUP-CV/proj/task2/../datasets/extra-1/data/train/296_sct-mon1_170x250_850x560_png.rf.43ae8d539e6ec86db3cb21761291192a.jpg: 640x640 1 pool_table, 7.5ms
Speed: 3.7ms preprocess, 7.5ms inference, 12.1ms postprocess per image at shape (1, 3, 640, 640)
Processing extra-1/data/train/352_sct-mon1_170x250_850x560_png.rf.45a8d15ef1e4d3cb8dd1a2bd5c966cf6.jpg...

image 1/1 /home/admin/Documents/FEUP-CV/proj/task2/../datasets/extra-1/data/train/352_sct-mon1_170x250_850x560_png.rf.45a8d15ef1e4d3cb8dd1a2bd5c966cf6.jpg: 640x640 1 pool_table, 6.7ms
Speed: 3.2ms preprocess, 6.7ms inference, 1.4ms postprocess per image at shape (1, 3, 640, 640)
Processing extra-1/data/train/265_sct-mon1_170x250_850x560_png.rf.4606ca1f444cc625f0da748535184d4b.jpg...

image 1/1 /home/admin/Documents/FEUP-CV/proj/task2/../datasets/extra-1/data/train/265_sct-mon1_170x250_850x560_png.rf.4606ca1f444cc625f0da748535184d4b.jpg: 640x640 2 pool_tables, 7.4ms
Speed: 1.8ms preprocess, 7.4ms inference, 12.0ms postprocess per image at shape (1, 3, 640, 640)
Processing extra-1/data/train/q50_sct-mon1_170x250_850x560_png.rf.46158b86d8fbfef43843c6ff4a800171.jpg...

image 1/1 /home/admin/Documents/FEUP-CV/proj/task2/../datasets/extra-1/data/train/q50_sct-mon1_170x250_850x560_png.rf.46158b86d8fbfef43843c6ff4a800171.jpg: 640x640 1 pool_table, 7.4ms
Speed: 3.2ms preprocess, 7.4ms inference, 2.8ms postprocess per image at shape (1, 3, 640, 640)
Processing extra-1/data/train/331_sct-mon1_170x250_850x560_png.rf.4664bde2373d998a13fad171d440870f.jpg...

image 1/1 /home/admin/Documents/FEUP-CV/proj/task2/../datasets/extra-1/data/train/331_sct-mon1_170x250_850x560_png.rf.4664bde2373d998a13fad171d440870f.jpg: 640x640 1 pool_table, 7.4ms
Speed: 1.8ms preprocess, 7.4ms inference, 12.1ms postprocess per image at shape (1, 3, 640, 640)
Processing extra-1/data/train/370_sct-mon1_170x250_850x560_png.rf.47733f0af28b0ae7df0ecb8113d907f8.jpg...

image 1/1 /home/admin/Documents/FEUP-CV/proj/task2/../datasets/extra-1/data/train/370_sct-mon1_170x250_850x560_png.rf.47733f0af28b0ae7df0ecb8113d907f8.jpg: 640x640 1 pool_table, 7.4ms
Speed: 3.2ms preprocess, 7.4ms inference, 2.6ms postprocess per image at shape (1, 3, 640, 640)
Processing extra-1/data/train/q14_sct-mon1_170x250_850x560_png.rf.48083d89cd3a8c45c445617724b3aace.jpg...

image 1/1 /home/admin/Documents/FEUP-CV/proj/task2/../datasets/extra-1/data/train/q14_sct-mon1_170x250_850x560_png.rf.48083d89cd3a8c45c445617724b3aace.jpg: 640x640 1 pool_table, 7.4ms
Speed: 1.8ms preprocess, 7.4ms inference, 12.1ms postprocess per image at shape (1, 3, 640, 640)
Processing extra-1/data/train/142_sct-mon1_170x250_850x560_png.rf.48295591de12d8fb7a08a18248201a5a.jpg...

image 1/1 /home/admin/Documents/FEUP-CV/proj/task2/../datasets/extra-1/data/train/142_sct-mon1_170x250_850x560_png.rf.48295591de12d8fb7a08a18248201a5a.jpg: 640x640 1 pool_table, 7.3ms
Speed: 2.9ms preprocess, 7.3ms inference, 2.2ms postprocess per image at shape (1, 3, 640, 640)
Processing extra-1/data/train/114_sct-mon1_170x250_850x560_png.rf.48da0e8df4c0222faf6aa89bcbe0ac10.jpg...

image 1/1 /home/admin/Documents/FEUP-CV/proj/task2/../datasets/extra-1/data/train/114_sct-mon1_170x250_850x560_png.rf.48da0e8df4c0222faf6aa89bcbe0ac10.jpg: 640x640 1 pool_table, 7.3ms
Speed: 1.8ms preprocess, 7.3ms inference, 12.1ms postprocess per image at shape (1, 3, 640, 640)
Processing extra-1/data/train/363_sct-mon1_170x250_850x560_png.rf.4952e8882a9e5b358ad8ae35df05b8a4.jpg...

image 1/1 /home/admin/Documents/FEUP-CV/proj/task2/../datasets/extra-1/data/train/363_sct-mon1_170x250_850x560_png.rf.4952e8882a9e5b358ad8ae35df05b8a4.jpg: 640x640 1 pool_table, 7.3ms
Speed: 3.2ms preprocess, 7.3ms inference, 2.2ms postprocess per image at shape (1, 3, 640, 640)
Processing extra-1/data/train/90_sct-mon1_170x250_850x560_png.rf.49812c7ef0d6f00425471d378843965c.jpg...

image 1/1 /home/admin/Documents/FEUP-CV/proj/task2/../datasets/extra-1/data/train/90_sct-mon1_170x250_850x560_png.rf.49812c7ef0d6f00425471d378843965c.jpg: 640x640 1 pool_table, 7.4ms
Speed: 1.8ms preprocess, 7.4ms inference, 12.0ms postprocess per image at shape (1, 3, 640, 640)
Processing extra-1/data/train/86_sct-mon1_170x250_850x560_png.rf.4a408eaae47ec275f89cca526a039f93.jpg...

image 1/1 /home/admin/Documents/FEUP-CV/proj/task2/../datasets/extra-1/data/train/86_sct-mon1_170x250_850x560_png.rf.4a408eaae47ec275f89cca526a039f93.jpg: 640x640 1 pool_table, 7.3ms
Speed: 3.2ms preprocess, 7.3ms inference, 2.2ms postprocess per image at shape (1, 3, 640, 640)
Processing extra-1/data/train/38_sct-mon1_170x250_850x560_png.rf.4cc306dec8bfc29cba623ecc2ab0f89f.jpg...

image 1/1 /home/admin/Documents/FEUP-CV/proj/task2/../datasets/extra-1/data/train/38_sct-mon1_170x250_850x560_png.rf.4cc306dec8bfc29cba623ecc2ab0f89f.jpg: 640x640 1 pool_table, 7.4ms
Speed: 1.8ms preprocess, 7.4ms inference, 12.0ms postprocess per image at shape (1, 3, 640, 640)
Processing extra-1/data/train/169_sct-mon1_170x250_850x560_png.rf.4de93941af5415ea55c5162e9f086b16.jpg...

image 1/1 /home/admin/Documents/FEUP-CV/proj/task2/../datasets/extra-1/data/train/169_sct-mon1_170x250_850x560_png.rf.4de93941af5415ea55c5162e9f086b16.jpg: 640x640 1 pool_table, 7.5ms
Speed: 3.2ms preprocess, 7.5ms inference, 2.7ms postprocess per image at shape (1, 3, 640, 640)
Processing extra-1/data/train/249_sct-mon1_170x250_850x560_png.rf.4ef8b1c4b25695676374e2d4d229b96a.jpg...

image 1/1 /home/admin/Documents/FEUP-CV/proj/task2/../datasets/extra-1/data/train/249_sct-mon1_170x250_850x560_png.rf.4ef8b1c4b25695676374e2d4d229b96a.jpg: 640x640 1 pool_table, 7.5ms
Speed: 1.9ms preprocess, 7.5ms inference, 12.1ms postprocess per image at shape (1, 3, 640, 640)
Processing extra-1/data/train/156_sct-mon1_170x250_850x560_png.rf.4f617de41eaa5ff4885e59c4a9633916.jpg...

image 1/1 /home/admin/Documents/FEUP-CV/proj/task2/../datasets/extra-1/data/train/156_sct-mon1_170x250_850x560_png.rf.4f617de41eaa5ff4885e59c4a9633916.jpg: 640x640 1 pool_table, 7.5ms
Speed: 3.1ms preprocess, 7.5ms inference, 3.1ms postprocess per image at shape (1, 3, 640, 640)
Processing extra-1/data/train/21_sct-mon1_170x250_850x560_png.rf.4f7d1c90ded799b7ba75c31cff330f03.jpg...

image 1/1 /home/admin/Documents/FEUP-CV/proj/task2/../datasets/extra-1/data/train/21_sct-mon1_170x250_850x560_png.rf.4f7d1c90ded799b7ba75c31cff330f03.jpg: 640x640 1 pool_table, 7.4ms
Speed: 1.8ms preprocess, 7.4ms inference, 12.1ms postprocess per image at shape (1, 3, 640, 640)
Processing extra-1/data/train/464_sct-mon1_170x250_850x560_png.rf.4facd9cad54dbd46ebb65a859a61e3a4.jpg...

image 1/1 /home/admin/Documents/FEUP-CV/proj/task2/../datasets/extra-1/data/train/464_sct-mon1_170x250_850x560_png.rf.4facd9cad54dbd46ebb65a859a61e3a4.jpg: 640x640 1 pool_table, 7.5ms
Speed: 3.2ms preprocess, 7.5ms inference, 3.1ms postprocess per image at shape (1, 3, 640, 640)
Processing extra-1/data/train/265_sct-mon1_170x250_850x560_png.rf.506ba2bf1332a98f3ed2d94f281e779b.jpg...

image 1/1 /home/admin/Documents/FEUP-CV/proj/task2/../datasets/extra-1/data/train/265_sct-mon1_170x250_850x560_png.rf.506ba2bf1332a98f3ed2d94f281e779b.jpg: 640x640 2 pool_tables, 7.5ms
Speed: 3.9ms preprocess, 7.5ms inference, 12.1ms postprocess per image at shape (1, 3, 640, 640)
Processing extra-1/data/train/476_sct-mon1_170x250_850x560_png.rf.5140ca677fd14113779a4b8a61df2768.jpg...

image 1/1 /home/admin/Documents/FEUP-CV/proj/task2/../datasets/extra-1/data/train/476_sct-mon1_170x250_850x560_png.rf.5140ca677fd14113779a4b8a61df2768.jpg: 640x640 1 pool_table, 7.0ms
Speed: 3.2ms preprocess, 7.0ms inference, 1.5ms postprocess per image at shape (1, 3, 640, 640)
Processing extra-1/data/train/q26_sct-mon1_170x250_850x560_png.rf.519ae7182338362f486899b29651622d.jpg...

image 1/1 /home/admin/Documents/FEUP-CV/proj/task2/../datasets/extra-1/data/train/q26_sct-mon1_170x250_850x560_png.rf.519ae7182338362f486899b29651622d.jpg: 640x640 1 pool_table, 7.4ms
Speed: 1.9ms preprocess, 7.4ms inference, 12.1ms postprocess per image at shape (1, 3, 640, 640)
Processing extra-1/data/train/219_sct-mon1_170x250_850x560_png.rf.521b6b616c2bb082aead4a2b201ac4d1.jpg...

image 1/1 /home/admin/Documents/FEUP-CV/proj/task2/../datasets/extra-1/data/train/219_sct-mon1_170x250_850x560_png.rf.521b6b616c2bb082aead4a2b201ac4d1.jpg: 640x640 1 pool_table, 7.4ms
Speed: 3.0ms preprocess, 7.4ms inference, 2.4ms postprocess per image at shape (1, 3, 640, 640)
Processing extra-1/data/train/335_sct-mon1_170x250_850x560_png.rf.5326d1a42143a24155c18ec8302f6e01.jpg...

image 1/1 /home/admin/Documents/FEUP-CV/proj/task2/../datasets/extra-1/data/train/335_sct-mon1_170x250_850x560_png.rf.5326d1a42143a24155c18ec8302f6e01.jpg: 640x640 1 pool_table, 7.3ms
Speed: 1.8ms preprocess, 7.3ms inference, 12.0ms postprocess per image at shape (1, 3, 640, 640)
Processing extra-1/data/train/71_sct-mon1_170x250_850x560_png.rf.533416ec9bd078ec3cdcd28d1ba48e0c.jpg...

image 1/1 /home/admin/Documents/FEUP-CV/proj/task2/../datasets/extra-1/data/train/71_sct-mon1_170x250_850x560_png.rf.533416ec9bd078ec3cdcd28d1ba48e0c.jpg: 640x640 1 pool_table, 7.3ms
Speed: 3.1ms preprocess, 7.3ms inference, 1.9ms postprocess per image at shape (1, 3, 640, 640)
Processing extra-1/data/train/386_sct-mon1_170x250_850x560_png.rf.53411b7803a90bac927e77d1924a09ff.jpg...

image 1/1 /home/admin/Documents/FEUP-CV/proj/task2/../datasets/extra-1/data/train/386_sct-mon1_170x250_850x560_png.rf.53411b7803a90bac927e77d1924a09ff.jpg: 640x640 1 pool_table, 7.3ms
Speed: 1.9ms preprocess, 7.3ms inference, 12.0ms postprocess per image at shape (1, 3, 640, 640)
Processing extra-1/data/train/211_sct-mon1_170x250_850x560_png.rf.5349e16cfe0eeaef5925af93fe1db7e3.jpg...

image 1/1 /home/admin/Documents/FEUP-CV/proj/task2/../datasets/extra-1/data/train/211_sct-mon1_170x250_850x560_png.rf.5349e16cfe0eeaef5925af93fe1db7e3.jpg: 640x640 1 pool_table, 7.3ms
Speed: 3.1ms preprocess, 7.3ms inference, 1.8ms postprocess per image at shape (1, 3, 640, 640)
Processing extra-1/data/train/387_sct-mon1_170x250_850x560_png.rf.545ff4e02926c14a194776dec52f6f44.jpg...

image 1/1 /home/admin/Documents/FEUP-CV/proj/task2/../datasets/extra-1/data/train/387_sct-mon1_170x250_850x560_png.rf.545ff4e02926c14a194776dec52f6f44.jpg: 640x640 2 pool_tables, 7.3ms
Speed: 3.9ms preprocess, 7.3ms inference, 12.1ms postprocess per image at shape (1, 3, 640, 640)
Processing extra-1/data/train/389_sct-mon1_170x250_850x560_png.rf.539a2d0121bc2a577cd8cabae5e29c9d.jpg...

image 1/1 /home/admin/Documents/FEUP-CV/proj/task2/../datasets/extra-1/data/train/389_sct-mon1_170x250_850x560_png.rf.539a2d0121bc2a577cd8cabae5e29c9d.jpg: 640x640 2 pool_tables, 5.7ms
Speed: 3.1ms preprocess, 5.7ms inference, 1.4ms postprocess per image at shape (1, 3, 640, 640)
Processing extra-1/data/train/4_sct-mon1_170x250_850x560_png.rf.53f7384c5be0bd12c54c7d9c6553a885.jpg...

image 1/1 /home/admin/Documents/FEUP-CV/proj/task2/../datasets/extra-1/data/train/4_sct-mon1_170x250_850x560_png.rf.53f7384c5be0bd12c54c7d9c6553a885.jpg: 640x640 1 pool_table, 7.4ms
Speed: 1.7ms preprocess, 7.4ms inference, 12.1ms postprocess per image at shape (1, 3, 640, 640)
Processing extra-1/data/train/467_sct-mon1_170x250_850x560_png.rf.54d084ef7312c61680634d828541b71a.jpg...

image 1/1 /home/admin/Documents/FEUP-CV/proj/task2/../datasets/extra-1/data/train/467_sct-mon1_170x250_850x560_png.rf.54d084ef7312c61680634d828541b71a.jpg: 640x640 1 pool_table, 7.5ms
Speed: 3.2ms preprocess, 7.5ms inference, 2.6ms postprocess per image at shape (1, 3, 640, 640)
Processing extra-1/data/train/156_sct-mon1_170x250_850x560_png.rf.55b9aca6d6522bf6448e1f0ed7fd7a3c.jpg...

image 1/1 /home/admin/Documents/FEUP-CV/proj/task2/../datasets/extra-1/data/train/156_sct-mon1_170x250_850x560_png.rf.55b9aca6d6522bf6448e1f0ed7fd7a3c.jpg: 640x640 1 pool_table, 7.4ms
Speed: 1.9ms preprocess, 7.4ms inference, 12.1ms postprocess per image at shape (1, 3, 640, 640)
Processing extra-1/data/train/85_sct-mon1_170x250_850x560_png.rf.55be118234ae678b350f3b1876851728.jpg...

image 1/1 /home/admin/Documents/FEUP-CV/proj/task2/../datasets/extra-1/data/train/85_sct-mon1_170x250_850x560_png.rf.55be118234ae678b350f3b1876851728.jpg: 640x640 1 pool_table, 7.5ms
Speed: 3.2ms preprocess, 7.5ms inference, 3.1ms postprocess per image at shape (1, 3, 640, 640)
Processing extra-1/data/train/81_sct-mon1_170x250_850x560_png.rf.55facf1cb0d55049da511e43c72cae42.jpg...

image 1/1 /home/admin/Documents/FEUP-CV/proj/task2/../datasets/extra-1/data/train/81_sct-mon1_170x250_850x560_png.rf.55facf1cb0d55049da511e43c72cae42.jpg: 640x640 1 pool_table, 7.4ms
Speed: 2.0ms preprocess, 7.4ms inference, 12.1ms postprocess per image at shape (1, 3, 640, 640)
Processing extra-1/data/train/371_sct-mon1_170x250_850x560_png.rf.571cf29e2930ecd67d085c5c10c0f4e6.jpg...

image 1/1 /home/admin/Documents/FEUP-CV/proj/task2/../datasets/extra-1/data/train/371_sct-mon1_170x250_850x560_png.rf.571cf29e2930ecd67d085c5c10c0f4e6.jpg: 640x640 1 pool_table, 7.5ms
Speed: 3.2ms preprocess, 7.5ms inference, 3.1ms postprocess per image at shape (1, 3, 640, 640)
Processing extra-1/data/train/q97_sct-mon1_170x250_850x560_png.rf.57c0b1710d4e8f60656d7c78b2338c5f.jpg...

image 1/1 /home/admin/Documents/FEUP-CV/proj/task2/../datasets/extra-1/data/train/q97_sct-mon1_170x250_850x560_png.rf.57c0b1710d4e8f60656d7c78b2338c5f.jpg: 640x640 1 pool_table, 7.4ms
Speed: 1.8ms preprocess, 7.4ms inference, 12.1ms postprocess per image at shape (1, 3, 640, 640)
Processing extra-1/data/train/338_sct-mon1_170x250_850x560_png.rf.59223dee784a18b22fff30ee73b88dab.jpg...

image 1/1 /home/admin/Documents/FEUP-CV/proj/task2/../datasets/extra-1/data/train/338_sct-mon1_170x250_850x560_png.rf.59223dee784a18b22fff30ee73b88dab.jpg: 640x640 2 pool_tables, 7.4ms
Speed: 2.9ms preprocess, 7.4ms inference, 3.1ms postprocess per image at shape (1, 3, 640, 640)
Processing extra-1/data/train/209_sct-mon1_170x250_850x560_png.rf.5941a45042f51cd18c94439f7205fa2f.jpg...

image 1/1 /home/admin/Documents/FEUP-CV/proj/task2/../datasets/extra-1/data/train/209_sct-mon1_170x250_850x560_png.rf.5941a45042f51cd18c94439f7205fa2f.jpg: 640x640 1 pool_table, 7.5ms
Speed: 3.8ms preprocess, 7.5ms inference, 12.1ms postprocess per image at shape (1, 3, 640, 640)
Processing extra-1/data/train/148_sct-mon1_170x250_850x560_png.rf.59e2e9023956314400ce13c9864d684a.jpg...

image 1/1 /home/admin/Documents/FEUP-CV/proj/task2/../datasets/extra-1/data/train/148_sct-mon1_170x250_850x560_png.rf.59e2e9023956314400ce13c9864d684a.jpg: 640x640 1 pool_table, 6.5ms
Speed: 3.1ms preprocess, 6.5ms inference, 1.4ms postprocess per image at shape (1, 3, 640, 640)
Processing extra-1/data/train/482_sct-mon1_170x250_850x560_png.rf.5c9ac318e032a65d7f1d19074060b4ca.jpg...

image 1/1 /home/admin/Documents/FEUP-CV/proj/task2/../datasets/extra-1/data/train/482_sct-mon1_170x250_850x560_png.rf.5c9ac318e032a65d7f1d19074060b4ca.jpg: 640x640 1 pool_table, 7.3ms
Speed: 1.9ms preprocess, 7.3ms inference, 12.0ms postprocess per image at shape (1, 3, 640, 640)
Processing extra-1/data/train/q40_sct-mon1_170x250_850x560_png.rf.5d1c0d88b419c859a091f7ac0c9786eb.jpg...

image 1/1 /home/admin/Documents/FEUP-CV/proj/task2/../datasets/extra-1/data/train/q40_sct-mon1_170x250_850x560_png.rf.5d1c0d88b419c859a091f7ac0c9786eb.jpg: 640x640 1 pool_table, 7.4ms
Speed: 3.2ms preprocess, 7.4ms inference, 2.2ms postprocess per image at shape (1, 3, 640, 640)
Processing extra-1/data/train/152_sct-mon1_170x250_850x560_png.rf.5d52791a449597827332bf47c5a79c44.jpg...

image 1/1 /home/admin/Documents/FEUP-CV/proj/task2/../datasets/extra-1/data/train/152_sct-mon1_170x250_850x560_png.rf.5d52791a449597827332bf47c5a79c44.jpg: 640x640 1 pool_table, 7.4ms
Speed: 3.8ms preprocess, 7.4ms inference, 12.0ms postprocess per image at shape (1, 3, 640, 640)
Processing extra-1/data/train/283_sct-mon1_170x250_850x560_png.rf.5ef1e3db2c7d9c9919c11d1606b6b3a1.jpg...

image 1/1 /home/admin/Documents/FEUP-CV/proj/task2/../datasets/extra-1/data/train/283_sct-mon1_170x250_850x560_png.rf.5ef1e3db2c7d9c9919c11d1606b6b3a1.jpg: 640x640 1 pool_table, 5.9ms
Speed: 3.2ms preprocess, 5.9ms inference, 1.4ms postprocess per image at shape (1, 3, 640, 640)
Processing extra-1/data/train/261_sct-mon1_170x250_850x560_png.rf.5f5e8284dc3fdcc98443fcca6c8495f7.jpg...

image 1/1 /home/admin/Documents/FEUP-CV/proj/task2/../datasets/extra-1/data/train/261_sct-mon1_170x250_850x560_png.rf.5f5e8284dc3fdcc98443fcca6c8495f7.jpg: 640x640 2 pool_tables, 7.3ms
Speed: 3.9ms preprocess, 7.3ms inference, 12.1ms postprocess per image at shape (1, 3, 640, 640)
Processing extra-1/data/train/q29_sct-mon1_170x250_850x560_png.rf.600e68a028bfc0097ef5b81b087e3f04.jpg...

image 1/1 /home/admin/Documents/FEUP-CV/proj/task2/../datasets/extra-1/data/train/q29_sct-mon1_170x250_850x560_png.rf.600e68a028bfc0097ef5b81b087e3f04.jpg: 640x640 1 pool_table, 5.9ms
Speed: 3.2ms preprocess, 5.9ms inference, 1.4ms postprocess per image at shape (1, 3, 640, 640)
Processing extra-1/data/train/155_sct-mon1_170x250_850x560_png.rf.6071caefd7251292a84d5702be2fbac3.jpg...

image 1/1 /home/admin/Documents/FEUP-CV/proj/task2/../datasets/extra-1/data/train/155_sct-mon1_170x250_850x560_png.rf.6071caefd7251292a84d5702be2fbac3.jpg: 640x640 1 pool_table, 7.3ms
Speed: 3.9ms preprocess, 7.3ms inference, 12.1ms postprocess per image at shape (1, 3, 640, 640)
Processing extra-1/data/train/491_sct-mon1_170x250_850x560_png.rf.607a2c588d3d18ca2e8ff5ac62a6c97e.jpg...

image 1/1 /home/admin/Documents/FEUP-CV/proj/task2/../datasets/extra-1/data/train/491_sct-mon1_170x250_850x560_png.rf.607a2c588d3d18ca2e8ff5ac62a6c97e.jpg: 640x640 1 pool_table, 6.8ms
Speed: 3.1ms preprocess, 6.8ms inference, 1.5ms postprocess per image at shape (1, 3, 640, 640)
Processing extra-1/data/train/222_sct-mon1_170x250_850x560_png.rf.60d2b2b9bb72263af0d77e65fbe6f77f.jpg...

image 1/1 /home/admin/Documents/FEUP-CV/proj/task2/../datasets/extra-1/data/train/222_sct-mon1_170x250_850x560_png.rf.60d2b2b9bb72263af0d77e65fbe6f77f.jpg: 640x640 1 pool_table, 7.5ms
Speed: 3.9ms preprocess, 7.5ms inference, 12.2ms postprocess per image at shape (1, 3, 640, 640)
Processing extra-1/data/train/47_sct-mon1_170x250_850x560_png.rf.6131ddf50885a7a98cd29662fd284195.jpg...

image 1/1 /home/admin/Documents/FEUP-CV/proj/task2/../datasets/extra-1/data/train/47_sct-mon1_170x250_850x560_png.rf.6131ddf50885a7a98cd29662fd284195.jpg: 640x640 1 pool_table, 7.4ms
Speed: 3.1ms preprocess, 7.4ms inference, 1.5ms postprocess per image at shape (1, 3, 640, 640)
Processing extra-1/data/train/332_sct-mon1_170x250_850x560_png.rf.61e12f1cbb5ec4bd385235cdb87f7a33.jpg...

image 1/1 /home/admin/Documents/FEUP-CV/proj/task2/../datasets/extra-1/data/train/332_sct-mon1_170x250_850x560_png.rf.61e12f1cbb5ec4bd385235cdb87f7a33.jpg: 640x640 1 pool_table, 7.6ms
Speed: 1.8ms preprocess, 7.6ms inference, 12.2ms postprocess per image at shape (1, 3, 640, 640)
Processing extra-1/data/train/293_sct-mon1_170x250_850x560_png.rf.6200fff3b107539fe687538d559329e5.jpg...

image 1/1 /home/admin/Documents/FEUP-CV/proj/task2/../datasets/extra-1/data/train/293_sct-mon1_170x250_850x560_png.rf.6200fff3b107539fe687538d559329e5.jpg: 640x640 1 pool_table, 7.5ms
Speed: 3.2ms preprocess, 7.5ms inference, 3.4ms postprocess per image at shape (1, 3, 640, 640)
Processing extra-1/data/train/396_sct-mon1_170x250_850x560_png.rf.6217dd9af5cb05ec72d4460bae46e3ee.jpg...

image 1/1 /home/admin/Documents/FEUP-CV/proj/task2/../datasets/extra-1/data/train/396_sct-mon1_170x250_850x560_png.rf.6217dd9af5cb05ec72d4460bae46e3ee.jpg: 640x640 2 pool_tables, 7.5ms
Speed: 2.0ms preprocess, 7.5ms inference, 12.1ms postprocess per image at shape (1, 3, 640, 640)
Processing extra-1/data/train/164_sct-mon1_170x250_850x560_png.rf.644862b17191f549c62bf3ce8eda38a9.jpg...

image 1/1 /home/admin/Documents/FEUP-CV/proj/task2/../datasets/extra-1/data/train/164_sct-mon1_170x250_850x560_png.rf.644862b17191f549c62bf3ce8eda38a9.jpg: 640x640 1 pool_table, 7.6ms
Speed: 3.2ms preprocess, 7.6ms inference, 3.4ms postprocess per image at shape (1, 3, 640, 640)
Processing extra-1/data/train/293_sct-mon1_170x250_850x560_png.rf.643f0555defada756de7dda740aacf45.jpg...

image 1/1 /home/admin/Documents/FEUP-CV/proj/task2/../datasets/extra-1/data/train/293_sct-mon1_170x250_850x560_png.rf.643f0555defada756de7dda740aacf45.jpg: 640x640 1 pool_table, 7.5ms
Speed: 1.9ms preprocess, 7.5ms inference, 12.0ms postprocess per image at shape (1, 3, 640, 640)
Processing extra-1/data/train/486_sct-mon1_170x250_850x560_png.rf.646ea84e2ae8490d70f375c530d86ec3.jpg...

image 1/1 /home/admin/Documents/FEUP-CV/proj/task2/../datasets/extra-1/data/train/486_sct-mon1_170x250_850x560_png.rf.646ea84e2ae8490d70f375c530d86ec3.jpg: 640x640 1 pool_table, 7.3ms
Speed: 3.1ms preprocess, 7.3ms inference, 2.2ms postprocess per image at shape (1, 3, 640, 640)
Processing extra-1/data/train/179_sct-mon1_170x250_850x560_png.rf.647a68d94e926a8b8641ecf648799ca0.jpg...

image 1/1 /home/admin/Documents/FEUP-CV/proj/task2/../datasets/extra-1/data/train/179_sct-mon1_170x250_850x560_png.rf.647a68d94e926a8b8641ecf648799ca0.jpg: 640x640 3 pool_tables, 7.4ms
Speed: 3.7ms preprocess, 7.4ms inference, 12.0ms postprocess per image at shape (1, 3, 640, 640)
Processing extra-1/data/train/96_sct-mon1_170x250_850x560_png.rf.65206813c04f9d0c33619f366ad8b7a5.jpg...

image 1/1 /home/admin/Documents/FEUP-CV/proj/task2/../datasets/extra-1/data/train/96_sct-mon1_170x250_850x560_png.rf.65206813c04f9d0c33619f366ad8b7a5.jpg: 640x640 1 pool_table, 5.5ms
Speed: 3.3ms preprocess, 5.5ms inference, 1.4ms postprocess per image at shape (1, 3, 640, 640)
Processing extra-1/data/train/478_sct-mon1_170x250_850x560_png.rf.6638fa716e172048bd3f02cd4dce9446.jpg...

image 1/1 /home/admin/Documents/FEUP-CV/proj/task2/../datasets/extra-1/data/train/478_sct-mon1_170x250_850x560_png.rf.6638fa716e172048bd3f02cd4dce9446.jpg: 640x640 1 pool_table, 7.3ms
Speed: 1.8ms preprocess, 7.3ms inference, 12.0ms postprocess per image at shape (1, 3, 640, 640)
Processing extra-1/data/train/q93_sct-mon1_170x250_850x560_png.rf.664e04c47f7d5271589dd9dabba38d44.jpg...

image 1/1 /home/admin/Documents/FEUP-CV/proj/task2/../datasets/extra-1/data/train/q93_sct-mon1_170x250_850x560_png.rf.664e04c47f7d5271589dd9dabba38d44.jpg: 640x640 1 pool_table, 7.3ms
Speed: 3.1ms preprocess, 7.3ms inference, 2.0ms postprocess per image at shape (1, 3, 640, 640)
Processing extra-1/data/train/260_sct-mon1_170x250_850x560_png.rf.671459db4572542ba42a537f304f35ab.jpg...

image 1/1 /home/admin/Documents/FEUP-CV/proj/task2/../datasets/extra-1/data/train/260_sct-mon1_170x250_850x560_png.rf.671459db4572542ba42a537f304f35ab.jpg: 640x640 1 pool_table, 7.4ms
Speed: 3.8ms preprocess, 7.4ms inference, 12.1ms postprocess per image at shape (1, 3, 640, 640)
Processing extra-1/data/train/219_sct-mon1_170x250_850x560_png.rf.67e327e407892e1c99d93b8b1f085339.jpg...

image 1/1 /home/admin/Documents/FEUP-CV/proj/task2/../datasets/extra-1/data/train/219_sct-mon1_170x250_850x560_png.rf.67e327e407892e1c99d93b8b1f085339.jpg: 640x640 1 pool_table, 5.6ms
Speed: 3.1ms preprocess, 5.6ms inference, 1.4ms postprocess per image at shape (1, 3, 640, 640)
Processing extra-1/data/train/q103_sct-mon1_170x250_850x560_png.rf.680384b89a32a8109ed006c366fd55ac.jpg...

image 1/1 /home/admin/Documents/FEUP-CV/proj/task2/../datasets/extra-1/data/train/q103_sct-mon1_170x250_850x560_png.rf.680384b89a32a8109ed006c366fd55ac.jpg: 640x640 1 pool_table, 7.4ms
Speed: 3.9ms preprocess, 7.4ms inference, 12.1ms postprocess per image at shape (1, 3, 640, 640)
Processing extra-1/data/train/10_sct-mon1_170x250_850x560_png.rf.682839a057b6f062a46eac2515d95cb0.jpg...

image 1/1 /home/admin/Documents/FEUP-CV/proj/task2/../datasets/extra-1/data/train/10_sct-mon1_170x250_850x560_png.rf.682839a057b6f062a46eac2515d95cb0.jpg: 640x640 1 pool_table, 7.0ms
Speed: 3.0ms preprocess, 7.0ms inference, 1.5ms postprocess per image at shape (1, 3, 640, 640)
Processing extra-1/data/train/277_sct-mon1_170x250_850x560_png.rf.69178f52207c56c9dab7e6fa081a527e.jpg...

image 1/1 /home/admin/Documents/FEUP-CV/proj/task2/../datasets/extra-1/data/train/277_sct-mon1_170x250_850x560_png.rf.69178f52207c56c9dab7e6fa081a527e.jpg: 640x640 1 pool_table, 7.5ms
Speed: 1.8ms preprocess, 7.5ms inference, 12.2ms postprocess per image at shape (1, 3, 640, 640)
Processing extra-1/data/train/q46_sct-mon1_170x250_850x560_png.rf.6ab1b47dafed990cea20855b02e0d6f9.jpg...

image 1/1 /home/admin/Documents/FEUP-CV/proj/task2/../datasets/extra-1/data/train/q46_sct-mon1_170x250_850x560_png.rf.6ab1b47dafed990cea20855b02e0d6f9.jpg: 640x640 1 pool_table, 7.6ms
Speed: 3.1ms preprocess, 7.6ms inference, 3.8ms postprocess per image at shape (1, 3, 640, 640)
Processing extra-1/data/train/382_sct-mon1_170x250_850x560_png.rf.69681198e0ae123072f5fec4dfe76df2.jpg...

image 1/1 /home/admin/Documents/FEUP-CV/proj/task2/../datasets/extra-1/data/train/382_sct-mon1_170x250_850x560_png.rf.69681198e0ae123072f5fec4dfe76df2.jpg: 640x640 1 pool_table, 7.6ms
Speed: 3.8ms preprocess, 7.6ms inference, 12.2ms postprocess per image at shape (1, 3, 640, 640)
Processing extra-1/data/train/379_sct-mon1_170x250_850x560_png.rf.6b1e39eaaf2d655437d46a5bad3e7dc7.jpg...

image 1/1 /home/admin/Documents/FEUP-CV/proj/task2/../datasets/extra-1/data/train/379_sct-mon1_170x250_850x560_png.rf.6b1e39eaaf2d655437d46a5bad3e7dc7.jpg: 640x640 1 pool_table, 7.5ms
Speed: 3.1ms preprocess, 7.5ms inference, 1.8ms postprocess per image at shape (1, 3, 640, 640)
Processing extra-1/data/train/339_sct-mon1_170x250_850x560_png.rf.6b67ff5cbacf2875b8a0dfb18469fb4f.jpg...

image 1/1 /home/admin/Documents/FEUP-CV/proj/task2/../datasets/extra-1/data/train/339_sct-mon1_170x250_850x560_png.rf.6b67ff5cbacf2875b8a0dfb18469fb4f.jpg: 640x640 2 pool_tables, 7.5ms
Speed: 1.9ms preprocess, 7.5ms inference, 12.1ms postprocess per image at shape (1, 3, 640, 640)
Processing extra-1/data/train/159_sct-mon1_170x250_850x560_png.rf.6bd2290e13114eb92db1429ec0f40ddb.jpg...

image 1/1 /home/admin/Documents/FEUP-CV/proj/task2/../datasets/extra-1/data/train/159_sct-mon1_170x250_850x560_png.rf.6bd2290e13114eb92db1429ec0f40ddb.jpg: 640x640 1 pool_table, 7.5ms
Speed: 3.2ms preprocess, 7.5ms inference, 3.4ms postprocess per image at shape (1, 3, 640, 640)
Processing extra-1/data/train/43_sct-mon1_170x250_850x560_png.rf.6c4e4a5af6580a4f096b5c417c55eb2b.jpg...

image 1/1 /home/admin/Documents/FEUP-CV/proj/task2/../datasets/extra-1/data/train/43_sct-mon1_170x250_850x560_png.rf.6c4e4a5af6580a4f096b5c417c55eb2b.jpg: 640x640 1 pool_table, 7.3ms
Speed: 1.9ms preprocess, 7.3ms inference, 12.0ms postprocess per image at shape (1, 3, 640, 640)
Processing extra-1/data/train/145_sct-mon1_170x250_850x560_png.rf.6d2b38c45512dca90e05762250d73ed3.jpg...

image 1/1 /home/admin/Documents/FEUP-CV/proj/task2/../datasets/extra-1/data/train/145_sct-mon1_170x250_850x560_png.rf.6d2b38c45512dca90e05762250d73ed3.jpg: 640x640 1 pool_table, 7.2ms
Speed: 3.1ms preprocess, 7.2ms inference, 1.5ms postprocess per image at shape (1, 3, 640, 640)
Processing extra-1/data/train/118_sct-mon1_170x250_850x560_png.rf.6f2bd1d1e3b721e8c3e33d8181d748ae.jpg...

image 1/1 /home/admin/Documents/FEUP-CV/proj/task2/../datasets/extra-1/data/train/118_sct-mon1_170x250_850x560_png.rf.6f2bd1d1e3b721e8c3e33d8181d748ae.jpg: 640x640 1 pool_table, 7.3ms
Speed: 1.8ms preprocess, 7.3ms inference, 12.0ms postprocess per image at shape (1, 3, 640, 640)
Processing extra-1/data/train/348_sct-mon1_170x250_850x560_png.rf.6f868680c1ed98d2822074e6d7314d53.jpg...

image 1/1 /home/admin/Documents/FEUP-CV/proj/task2/../datasets/extra-1/data/train/348_sct-mon1_170x250_850x560_png.rf.6f868680c1ed98d2822074e6d7314d53.jpg: 640x640 1 pool_table, 7.2ms
Speed: 3.1ms preprocess, 7.2ms inference, 1.5ms postprocess per image at shape (1, 3, 640, 640)
Processing extra-1/data/train/q94_sct-mon1_170x250_850x560_png.rf.6faecc4a7fb78c9674406f759d8719f2.jpg...

image 1/1 /home/admin/Documents/FEUP-CV/proj/task2/../datasets/extra-1/data/train/q94_sct-mon1_170x250_850x560_png.rf.6faecc4a7fb78c9674406f759d8719f2.jpg: 640x640 1 pool_table, 7.2ms
Speed: 3.9ms preprocess, 7.2ms inference, 11.9ms postprocess per image at shape (1, 3, 640, 640)
Processing extra-1/data/train/110_sct-mon1_170x250_850x560_png.rf.705c68e510d22725fb6f333cbdbed732.jpg...

image 1/1 /home/admin/Documents/FEUP-CV/proj/task2/../datasets/extra-1/data/train/110_sct-mon1_170x250_850x560_png.rf.705c68e510d22725fb6f333cbdbed732.jpg: 640x640 1 pool_table, 7.3ms
Speed: 2.9ms preprocess, 7.3ms inference, 12.1ms postprocess per image at shape (1, 3, 640, 640)
Processing extra-1/data/train/471_sct-mon1_170x250_850x560_png.rf.717b1ec27ded13f85bb5d06280e9d1f3.jpg...

image 1/1 /home/admin/Documents/FEUP-CV/proj/task2/../datasets/extra-1/data/train/471_sct-mon1_170x250_850x560_png.rf.717b1ec27ded13f85bb5d06280e9d1f3.jpg: 640x640 1 pool_table, 7.6ms
Speed: 3.1ms preprocess, 7.6ms inference, 12.1ms postprocess per image at shape (1, 3, 640, 640)
Processing extra-1/data/train/290_sct-mon1_170x250_850x560_png.rf.708e41ef73c415c79e0025f306b91e73.jpg...

image 1/1 /home/admin/Documents/FEUP-CV/proj/task2/../datasets/extra-1/data/train/290_sct-mon1_170x250_850x560_png.rf.708e41ef73c415c79e0025f306b91e73.jpg: 640x640 2 pool_tables, 7.7ms
Speed: 3.2ms preprocess, 7.7ms inference, 12.2ms postprocess per image at shape (1, 3, 640, 640)
Processing extra-1/data/train/196_sct-mon1_170x250_850x560_png.rf.7187db93cab109fee4aba52fa9340f1b.jpg...

image 1/1 /home/admin/Documents/FEUP-CV/proj/task2/../datasets/extra-1/data/train/196_sct-mon1_170x250_850x560_png.rf.7187db93cab109fee4aba52fa9340f1b.jpg: 640x640 1 pool_table, 7.5ms
Speed: 3.2ms preprocess, 7.5ms inference, 12.1ms postprocess per image at shape (1, 3, 640, 640)
Processing extra-1/data/train/452_sct-mon1_170x250_850x560_png.rf.7206072831f686c1209dd747d526f59e.jpg...

image 1/1 /home/admin/Documents/FEUP-CV/proj/task2/../datasets/extra-1/data/train/452_sct-mon1_170x250_850x560_png.rf.7206072831f686c1209dd747d526f59e.jpg: 640x640 1 pool_table, 7.5ms
Speed: 3.2ms preprocess, 7.5ms inference, 12.2ms postprocess per image at shape (1, 3, 640, 640)
Processing extra-1/data/train/143_sct-mon1_170x250_850x560_png.rf.72ae5cfaec244d488058ea33253ad5c5.jpg...

image 1/1 /home/admin/Documents/FEUP-CV/proj/task2/../datasets/extra-1/data/train/143_sct-mon1_170x250_850x560_png.rf.72ae5cfaec244d488058ea33253ad5c5.jpg: 640x640 1 pool_table, 7.6ms
Speed: 3.2ms preprocess, 7.6ms inference, 12.2ms postprocess per image at shape (1, 3, 640, 640)
Processing extra-1/data/train/405_sct-mon1_170x250_850x560_png.rf.72c79557629ce597372b8e15f5f6f6ac.jpg...

image 1/1 /home/admin/Documents/FEUP-CV/proj/task2/../datasets/extra-1/data/train/405_sct-mon1_170x250_850x560_png.rf.72c79557629ce597372b8e15f5f6f6ac.jpg: 640x640 1 pool_table, 7.5ms
Speed: 3.2ms preprocess, 7.5ms inference, 12.1ms postprocess per image at shape (1, 3, 640, 640)
Processing extra-1/data/train/46_sct-mon1_170x250_850x560_png.rf.73d337201424505f4a4f6b4753dea999.jpg...

image 1/1 /home/admin/Documents/FEUP-CV/proj/task2/../datasets/extra-1/data/train/46_sct-mon1_170x250_850x560_png.rf.73d337201424505f4a4f6b4753dea999.jpg: 640x640 1 pool_table, 7.7ms
Speed: 3.3ms preprocess, 7.7ms inference, 12.3ms postprocess per image at shape (1, 3, 640, 640)
Processing extra-1/data/train/221_sct-mon1_170x250_850x560_png.rf.74debd7ecd04fc024fa56f01ed305567.jpg...

image 1/1 /home/admin/Documents/FEUP-CV/proj/task2/../datasets/extra-1/data/train/221_sct-mon1_170x250_850x560_png.rf.74debd7ecd04fc024fa56f01ed305567.jpg: 640x640 1 pool_table, 7.8ms
Speed: 3.2ms preprocess, 7.8ms inference, 12.3ms postprocess per image at shape (1, 3, 640, 640)
Processing extra-1/data/train/15_sct-mon1_170x250_850x560_png.rf.75e58251252b93cf6ec4fc8cdc28eb45.jpg...

image 1/1 /home/admin/Documents/FEUP-CV/proj/task2/../datasets/extra-1/data/train/15_sct-mon1_170x250_850x560_png.rf.75e58251252b93cf6ec4fc8cdc28eb45.jpg: 640x640 1 pool_table, 7.8ms
Speed: 3.2ms preprocess, 7.8ms inference, 12.3ms postprocess per image at shape (1, 3, 640, 640)
Processing extra-1/data/train/251_sct-mon1_170x250_850x560_png.rf.76c51825e47771a070d1bd8550c7f64d.jpg...

image 1/1 /home/admin/Documents/FEUP-CV/proj/task2/../datasets/extra-1/data/train/251_sct-mon1_170x250_850x560_png.rf.76c51825e47771a070d1bd8550c7f64d.jpg: 640x640 1 pool_table, 7.8ms
Speed: 3.2ms preprocess, 7.8ms inference, 12.3ms postprocess per image at shape (1, 3, 640, 640)
Processing extra-1/data/train/84_sct-mon1_170x250_850x560_png.rf.76dae1d9beddd1434b9686507c2e57ca.jpg...

image 1/1 /home/admin/Documents/FEUP-CV/proj/task2/../datasets/extra-1/data/train/84_sct-mon1_170x250_850x560_png.rf.76dae1d9beddd1434b9686507c2e57ca.jpg: 640x640 1 pool_table, 7.7ms
Speed: 3.1ms preprocess, 7.7ms inference, 12.3ms postprocess per image at shape (1, 3, 640, 640)
Processing extra-1/data/train/296_sct-mon1_170x250_850x560_png.rf.775ae55aa0c30cdd7af2a63e81e35c85.jpg...

image 1/1 /home/admin/Documents/FEUP-CV/proj/task2/../datasets/extra-1/data/train/296_sct-mon1_170x250_850x560_png.rf.775ae55aa0c30cdd7af2a63e81e35c85.jpg: 640x640 1 pool_table, 7.8ms
Speed: 3.2ms preprocess, 7.8ms inference, 12.3ms postprocess per image at shape (1, 3, 640, 640)
Processing extra-1/data/train/91_sct-mon1_170x250_850x560_png.rf.7736c69fbc6e78819cf9c8d262760a4b.jpg...

image 1/1 /home/admin/Documents/FEUP-CV/proj/task2/../datasets/extra-1/data/train/91_sct-mon1_170x250_850x560_png.rf.7736c69fbc6e78819cf9c8d262760a4b.jpg: 640x640 1 pool_table, 7.7ms
Speed: 3.2ms preprocess, 7.7ms inference, 12.4ms postprocess per image at shape (1, 3, 640, 640)
Processing extra-1/data/train/292_sct-mon1_170x250_850x560_png.rf.79eee0aabfa4231c4e4894d60f2f800b.jpg...

image 1/1 /home/admin/Documents/FEUP-CV/proj/task2/../datasets/extra-1/data/train/292_sct-mon1_170x250_850x560_png.rf.79eee0aabfa4231c4e4894d60f2f800b.jpg: 640x640 1 pool_table, 7.8ms
Speed: 3.2ms preprocess, 7.8ms inference, 12.3ms postprocess per image at shape (1, 3, 640, 640)
Processing extra-1/data/train/266_sct-mon1_170x250_850x560_png.rf.7a071a21a8a2ec62aaa5ef31c1da5223.jpg...

image 1/1 /home/admin/Documents/FEUP-CV/proj/task2/../datasets/extra-1/data/train/266_sct-mon1_170x250_850x560_png.rf.7a071a21a8a2ec62aaa5ef31c1da5223.jpg: 640x640 2 pool_tables, 7.8ms
Speed: 3.2ms preprocess, 7.8ms inference, 12.4ms postprocess per image at shape (1, 3, 640, 640)
Processing extra-1/data/train/400_sct-mon1_170x250_850x560_png.rf.7aa6df001dbaac87e526e76b7ed65d78.jpg...

image 1/1 /home/admin/Documents/FEUP-CV/proj/task2/../datasets/extra-1/data/train/400_sct-mon1_170x250_850x560_png.rf.7aa6df001dbaac87e526e76b7ed65d78.jpg: 640x640 1 pool_table, 7.8ms
Speed: 3.2ms preprocess, 7.8ms inference, 12.3ms postprocess per image at shape (1, 3, 640, 640)
Processing extra-1/data/train/217_sct-mon1_170x250_850x560_png.rf.7b7f8e8a38d586386803be48e9f78484.jpg...

image 1/1 /home/admin/Documents/FEUP-CV/proj/task2/../datasets/extra-1/data/train/217_sct-mon1_170x250_850x560_png.rf.7b7f8e8a38d586386803be48e9f78484.jpg: 640x640 1 pool_table, 7.8ms
Speed: 3.2ms preprocess, 7.8ms inference, 12.4ms postprocess per image at shape (1, 3, 640, 640)
Processing extra-1/data/train/399_sct-mon1_170x250_850x560_png.rf.7cfb90b720a325bcafee1e9b2bb0b1b9.jpg...

image 1/1 /home/admin/Documents/FEUP-CV/proj/task2/../datasets/extra-1/data/train/399_sct-mon1_170x250_850x560_png.rf.7cfb90b720a325bcafee1e9b2bb0b1b9.jpg: 640x640 1 pool_table, 7.8ms
Speed: 3.3ms preprocess, 7.8ms inference, 12.2ms postprocess per image at shape (1, 3, 640, 640)
Processing extra-1/data/train/50_sct-mon1_170x250_850x560_png.rf.7df294d122ce71031b480c8a81f7ed7d.jpg...

image 1/1 /home/admin/Documents/FEUP-CV/proj/task2/../datasets/extra-1/data/train/50_sct-mon1_170x250_850x560_png.rf.7df294d122ce71031b480c8a81f7ed7d.jpg: 640x640 1 pool_table, 7.6ms
Speed: 3.3ms preprocess, 7.6ms inference, 12.3ms postprocess per image at shape (1, 3, 640, 640)
Processing extra-1/data/train/194_sct-mon1_170x250_850x560_png.rf.7e6f6f8c56f9900db5d1776a38d42b43.jpg...

image 1/1 /home/admin/Documents/FEUP-CV/proj/task2/../datasets/extra-1/data/train/194_sct-mon1_170x250_850x560_png.rf.7e6f6f8c56f9900db5d1776a38d42b43.jpg: 640x640 1 pool_table, 7.7ms
Speed: 3.2ms preprocess, 7.7ms inference, 12.2ms postprocess per image at shape (1, 3, 640, 640)
Processing extra-1/data/train/325_sct-mon1_170x250_850x560_png.rf.7eb391ccfa589a99269522c21f690961.jpg...

image 1/1 /home/admin/Documents/FEUP-CV/proj/task2/../datasets/extra-1/data/train/325_sct-mon1_170x250_850x560_png.rf.7eb391ccfa589a99269522c21f690961.jpg: 640x640 1 pool_table, 7.7ms
Speed: 3.2ms preprocess, 7.7ms inference, 12.2ms postprocess per image at shape (1, 3, 640, 640)
Processing extra-1/data/train/493_sct-mon1_170x250_850x560_png.rf.7ef197f205cd925d681bb0b74dae2423.jpg...

image 1/1 /home/admin/Documents/FEUP-CV/proj/task2/../datasets/extra-1/data/train/493_sct-mon1_170x250_850x560_png.rf.7ef197f205cd925d681bb0b74dae2423.jpg: 640x640 1 pool_table, 7.7ms
Speed: 3.2ms preprocess, 7.7ms inference, 12.2ms postprocess per image at shape (1, 3, 640, 640)
Processing extra-1/data/train/147_sct-mon1_170x250_850x560_png.rf.7f2d519671157b5f5c12cb44ae2472b8.jpg...

image 1/1 /home/admin/Documents/FEUP-CV/proj/task2/../datasets/extra-1/data/train/147_sct-mon1_170x250_850x560_png.rf.7f2d519671157b5f5c12cb44ae2472b8.jpg: 640x640 1 pool_table, 7.7ms
Speed: 3.2ms preprocess, 7.7ms inference, 12.2ms postprocess per image at shape (1, 3, 640, 640)
Processing extra-1/data/train/368_sct-mon1_170x250_850x560_png.rf.7ffacb0a19a498a3187d72d9761cddb2.jpg...

image 1/1 /home/admin/Documents/FEUP-CV/proj/task2/../datasets/extra-1/data/train/368_sct-mon1_170x250_850x560_png.rf.7ffacb0a19a498a3187d72d9761cddb2.jpg: 640x640 1 pool_table, 7.7ms
Speed: 3.2ms preprocess, 7.7ms inference, 12.3ms postprocess per image at shape (1, 3, 640, 640)
Processing extra-1/data/train/99_sct-mon1_170x250_850x560_png.rf.8135645887743af84ba5870016ab6f49.jpg...

image 1/1 /home/admin/Documents/FEUP-CV/proj/task2/../datasets/extra-1/data/train/99_sct-mon1_170x250_850x560_png.rf.8135645887743af84ba5870016ab6f49.jpg: 640x640 1 pool_table, 7.9ms
Speed: 3.2ms preprocess, 7.9ms inference, 12.4ms postprocess per image at shape (1, 3, 640, 640)
Processing extra-1/data/train/q73_sct-mon1_170x250_850x560_png.rf.81f281f1516785aded2e1b24b3de06a1.jpg...

image 1/1 /home/admin/Documents/FEUP-CV/proj/task2/../datasets/extra-1/data/train/q73_sct-mon1_170x250_850x560_png.rf.81f281f1516785aded2e1b24b3de06a1.jpg: 640x640 1 pool_table, 7.9ms
Speed: 3.2ms preprocess, 7.9ms inference, 12.3ms postprocess per image at shape (1, 3, 640, 640)
Processing extra-1/data/train/159_sct-mon1_170x250_850x560_png.rf.8288944806a043f5d60e1a3e76c8b15a.jpg...

image 1/1 /home/admin/Documents/FEUP-CV/proj/task2/../datasets/extra-1/data/train/159_sct-mon1_170x250_850x560_png.rf.8288944806a043f5d60e1a3e76c8b15a.jpg: 640x640 1 pool_table, 7.9ms
Speed: 3.1ms preprocess, 7.9ms inference, 12.4ms postprocess per image at shape (1, 3, 640, 640)
Processing extra-1/data/train/310_sct-mon1_170x250_850x560_png.rf.82d7aa8b75626253612deb2b9d16de9d.jpg...

image 1/1 /home/admin/Documents/FEUP-CV/proj/task2/../datasets/extra-1/data/train/310_sct-mon1_170x250_850x560_png.rf.82d7aa8b75626253612deb2b9d16de9d.jpg: 640x640 1 pool_table, 7.8ms
Speed: 3.3ms preprocess, 7.8ms inference, 12.4ms postprocess per image at shape (1, 3, 640, 640)
Processing extra-1/data/train/q23_sct-mon1_170x250_850x560_png.rf.847c720a0a5ec969d5ec0e4a99cc221d.jpg...

image 1/1 /home/admin/Documents/FEUP-CV/proj/task2/../datasets/extra-1/data/train/q23_sct-mon1_170x250_850x560_png.rf.847c720a0a5ec969d5ec0e4a99cc221d.jpg: 640x640 1 pool_table, 7.8ms
Speed: 3.1ms preprocess, 7.8ms inference, 12.4ms postprocess per image at shape (1, 3, 640, 640)
Processing extra-1/data/train/51_sct-mon1_170x250_850x560_png.rf.849a63caaa1e97c944c8fd589e0bb092.jpg...

image 1/1 /home/admin/Documents/FEUP-CV/proj/task2/../datasets/extra-1/data/train/51_sct-mon1_170x250_850x560_png.rf.849a63caaa1e97c944c8fd589e0bb092.jpg: 640x640 1 pool_table, 7.6ms
Speed: 3.0ms preprocess, 7.6ms inference, 12.2ms postprocess per image at shape (1, 3, 640, 640)
Processing extra-1/data/train/113_sct-mon1_170x250_850x560_png.rf.84b792b52396f1f0fae0a8a0b75395a2.jpg...

image 1/1 /home/admin/Documents/FEUP-CV/proj/task2/../datasets/extra-1/data/train/113_sct-mon1_170x250_850x560_png.rf.84b792b52396f1f0fae0a8a0b75395a2.jpg: 640x640 1 pool_table, 7.6ms
Speed: 3.3ms preprocess, 7.6ms inference, 12.2ms postprocess per image at shape (1, 3, 640, 640)
Processing extra-1/data/train/255_sct-mon1_170x250_850x560_png.rf.854ea8e0e1907f48a3290b8d4a6de250.jpg...

image 1/1 /home/admin/Documents/FEUP-CV/proj/task2/../datasets/extra-1/data/train/255_sct-mon1_170x250_850x560_png.rf.854ea8e0e1907f48a3290b8d4a6de250.jpg: 640x640 1 pool_table, 7.7ms
Speed: 3.2ms preprocess, 7.7ms inference, 12.2ms postprocess per image at shape (1, 3, 640, 640)
Processing extra-1/data/train/286_sct-mon1_170x250_850x560_png.rf.863d60255ac74cd919a3762e53263358.jpg...

image 1/1 /home/admin/Documents/FEUP-CV/proj/task2/../datasets/extra-1/data/train/286_sct-mon1_170x250_850x560_png.rf.863d60255ac74cd919a3762e53263358.jpg: 640x640 1 pool_table, 7.6ms
Speed: 3.2ms preprocess, 7.6ms inference, 12.2ms postprocess per image at shape (1, 3, 640, 640)
Processing extra-1/data/train/0_sct-mon1_170x250_850x560_png.rf.880ce02cb8a05d6d8ebbd08c5e5f163a.jpg...

image 1/1 /home/admin/Documents/FEUP-CV/proj/task2/../datasets/extra-1/data/train/0_sct-mon1_170x250_850x560_png.rf.880ce02cb8a05d6d8ebbd08c5e5f163a.jpg: 640x640 1 pool_table, 7.7ms
Speed: 3.2ms preprocess, 7.7ms inference, 12.2ms postprocess per image at shape (1, 3, 640, 640)
Processing extra-1/data/train/281_sct-mon1_170x250_850x560_png.rf.86e07aae8219244cac2ad0f63f9fa3e3.jpg...

image 1/1 /home/admin/Documents/FEUP-CV/proj/task2/../datasets/extra-1/data/train/281_sct-mon1_170x250_850x560_png.rf.86e07aae8219244cac2ad0f63f9fa3e3.jpg: 640x640 1 pool_table, 7.7ms
Speed: 3.2ms preprocess, 7.7ms inference, 12.3ms postprocess per image at shape (1, 3, 640, 640)
Processing extra-1/data/train/263_sct-mon1_170x250_850x560_png.rf.8672b2dfb4f211a292c0e9fb39437cce.jpg...

image 1/1 /home/admin/Documents/FEUP-CV/proj/task2/../datasets/extra-1/data/train/263_sct-mon1_170x250_850x560_png.rf.8672b2dfb4f211a292c0e9fb39437cce.jpg: 640x640 2 pool_tables, 8.0ms
Speed: 3.1ms preprocess, 8.0ms inference, 12.4ms postprocess per image at shape (1, 3, 640, 640)
Processing extra-1/data/train/225_sct-mon1_170x250_850x560_png.rf.882c289dcb59d4733b46d4096f445d6b.jpg...

image 1/1 /home/admin/Documents/FEUP-CV/proj/task2/../datasets/extra-1/data/train/225_sct-mon1_170x250_850x560_png.rf.882c289dcb59d4733b46d4096f445d6b.jpg: 640x640 1 pool_table, 7.9ms
Speed: 3.1ms preprocess, 7.9ms inference, 12.3ms postprocess per image at shape (1, 3, 640, 640)
Processing extra-1/data/train/376_sct-mon1_170x250_850x560_png.rf.883a2a9a2dc6f9210c6280abd20553dd.jpg...

image 1/1 /home/admin/Documents/FEUP-CV/proj/task2/../datasets/extra-1/data/train/376_sct-mon1_170x250_850x560_png.rf.883a2a9a2dc6f9210c6280abd20553dd.jpg: 640x640 1 pool_table, 7.9ms
Speed: 3.1ms preprocess, 7.9ms inference, 12.4ms postprocess per image at shape (1, 3, 640, 640)
Processing extra-1/data/train/q56_sct-mon1_170x250_850x560_png.rf.88612690ad271dee05f818fa0eb0185e.jpg...

image 1/1 /home/admin/Documents/FEUP-CV/proj/task2/../datasets/extra-1/data/train/q56_sct-mon1_170x250_850x560_png.rf.88612690ad271dee05f818fa0eb0185e.jpg: 640x640 1 pool_table, 7.8ms
Speed: 3.2ms preprocess, 7.8ms inference, 12.3ms postprocess per image at shape (1, 3, 640, 640)
Processing extra-1/data/train/300_sct-mon1_170x250_850x560_png.rf.88dac6b5acaf34a5ffd30d375ebdc007.jpg...

image 1/1 /home/admin/Documents/FEUP-CV/proj/task2/../datasets/extra-1/data/train/300_sct-mon1_170x250_850x560_png.rf.88dac6b5acaf34a5ffd30d375ebdc007.jpg: 640x640 1 pool_table, 7.8ms
Speed: 3.1ms preprocess, 7.8ms inference, 12.3ms postprocess per image at shape (1, 3, 640, 640)
Processing extra-1/data/train/349_sct-mon1_170x250_850x560_png.rf.892543bcdc0dfa8b6598f9ac48f8b6f0.jpg...

image 1/1 /home/admin/Documents/FEUP-CV/proj/task2/../datasets/extra-1/data/train/349_sct-mon1_170x250_850x560_png.rf.892543bcdc0dfa8b6598f9ac48f8b6f0.jpg: 640x640 1 pool_table, 7.7ms
Speed: 3.2ms preprocess, 7.7ms inference, 12.2ms postprocess per image at shape (1, 3, 640, 640)
Processing extra-1/data/train/26_sct-mon1_170x250_850x560_png.rf.89d885744fa30d9a92bac7ec52bac95b.jpg...

image 1/1 /home/admin/Documents/FEUP-CV/proj/task2/../datasets/extra-1/data/train/26_sct-mon1_170x250_850x560_png.rf.89d885744fa30d9a92bac7ec52bac95b.jpg: 640x640 1 pool_table, 7.7ms
Speed: 3.2ms preprocess, 7.7ms inference, 12.2ms postprocess per image at shape (1, 3, 640, 640)
Processing extra-1/data/train/381_sct-mon1_170x250_850x560_png.rf.8a6e1f4d87dc4d60fe33e5a68d2ba51e.jpg...

image 1/1 /home/admin/Documents/FEUP-CV/proj/task2/../datasets/extra-1/data/train/381_sct-mon1_170x250_850x560_png.rf.8a6e1f4d87dc4d60fe33e5a68d2ba51e.jpg: 640x640 1 pool_table, 7.7ms
Speed: 3.2ms preprocess, 7.7ms inference, 12.2ms postprocess per image at shape (1, 3, 640, 640)
Processing extra-1/data/train/484_sct-mon1_170x250_850x560_png.rf.8a8b7d58ecd304e1e35b9347ee5a8fb9.jpg...

image 1/1 /home/admin/Documents/FEUP-CV/proj/task2/../datasets/extra-1/data/train/484_sct-mon1_170x250_850x560_png.rf.8a8b7d58ecd304e1e35b9347ee5a8fb9.jpg: 640x640 1 pool_table, 7.7ms
Speed: 3.2ms preprocess, 7.7ms inference, 12.2ms postprocess per image at shape (1, 3, 640, 640)
Processing extra-1/data/train/q61_sct-mon1_170x250_850x560_png.rf.8abc84da12ae47bca0a33019b446509a.jpg...

image 1/1 /home/admin/Documents/FEUP-CV/proj/task2/../datasets/extra-1/data/train/q61_sct-mon1_170x250_850x560_png.rf.8abc84da12ae47bca0a33019b446509a.jpg: 640x640 1 pool_table, 7.6ms
Speed: 3.1ms preprocess, 7.6ms inference, 12.2ms postprocess per image at shape (1, 3, 640, 640)
Processing extra-1/data/train/q5_sct-mon1_170x250_850x560_png.rf.8b2191f2b77162daaf0fedfe9a14fc4c.jpg...

image 1/1 /home/admin/Documents/FEUP-CV/proj/task2/../datasets/extra-1/data/train/q5_sct-mon1_170x250_850x560_png.rf.8b2191f2b77162daaf0fedfe9a14fc4c.jpg: 640x640 1 pool_table, 7.7ms
Speed: 3.0ms preprocess, 7.7ms inference, 12.2ms postprocess per image at shape (1, 3, 640, 640)
Processing extra-1/data/train/407_sct-mon1_170x250_850x560_png.rf.8b4844f0a229a2c8fe191494152d208c.jpg...

image 1/1 /home/admin/Documents/FEUP-CV/proj/task2/../datasets/extra-1/data/train/407_sct-mon1_170x250_850x560_png.rf.8b4844f0a229a2c8fe191494152d208c.jpg: 640x640 1 pool_table, 7.9ms
Speed: 3.0ms preprocess, 7.9ms inference, 12.4ms postprocess per image at shape (1, 3, 640, 640)
Processing extra-1/data/train/165_sct-mon1_170x250_850x560_png.rf.8d4d71fde2098cc4e45cf9f6ede7d82a.jpg...

image 1/1 /home/admin/Documents/FEUP-CV/proj/task2/../datasets/extra-1/data/train/165_sct-mon1_170x250_850x560_png.rf.8d4d71fde2098cc4e45cf9f6ede7d82a.jpg: 640x640 1 pool_table, 7.9ms
Speed: 3.2ms preprocess, 7.9ms inference, 12.3ms postprocess per image at shape (1, 3, 640, 640)
Processing extra-1/data/train/94_sct-mon1_170x250_850x560_png.rf.8e9dfa8a4b3950f328b821e8ae9d3c72.jpg...

image 1/1 /home/admin/Documents/FEUP-CV/proj/task2/../datasets/extra-1/data/train/94_sct-mon1_170x250_850x560_png.rf.8e9dfa8a4b3950f328b821e8ae9d3c72.jpg: 640x640 1 pool_table, 7.9ms
Speed: 3.2ms preprocess, 7.9ms inference, 12.4ms postprocess per image at shape (1, 3, 640, 640)
Processing extra-1/data/train/q15_sct-mon1_170x250_850x560_png.rf.8ecee91568e9dad97a613a3e128b10e0.jpg...

image 1/1 /home/admin/Documents/FEUP-CV/proj/task2/../datasets/extra-1/data/train/q15_sct-mon1_170x250_850x560_png.rf.8ecee91568e9dad97a613a3e128b10e0.jpg: 640x640 1 pool_table, 7.9ms
Speed: 3.2ms preprocess, 7.9ms inference, 12.3ms postprocess per image at shape (1, 3, 640, 640)
Processing extra-1/data/train/333_sct-mon1_170x250_850x560_png.rf.8fb83bf60c71c54426e29d083b660fad.jpg...

image 1/1 /home/admin/Documents/FEUP-CV/proj/task2/../datasets/extra-1/data/train/333_sct-mon1_170x250_850x560_png.rf.8fb83bf60c71c54426e29d083b660fad.jpg: 640x640 1 pool_table, 7.9ms
Speed: 3.0ms preprocess, 7.9ms inference, 12.4ms postprocess per image at shape (1, 3, 640, 640)
Processing extra-1/data/train/237_sct-mon1_170x250_850x560_png.rf.91739027894890511d0b43e0a6e1bc80.jpg...

image 1/1 /home/admin/Documents/FEUP-CV/proj/task2/../datasets/extra-1/data/train/237_sct-mon1_170x250_850x560_png.rf.91739027894890511d0b43e0a6e1bc80.jpg: 640x640 1 pool_table, 7.9ms
Speed: 3.3ms preprocess, 7.9ms inference, 12.3ms postprocess per image at shape (1, 3, 640, 640)
Processing extra-1/data/train/295_sct-mon1_170x250_850x560_png.rf.906c70a87a945bd4edbff5d9e5debbd1.jpg...

image 1/1 /home/admin/Documents/FEUP-CV/proj/task2/../datasets/extra-1/data/train/295_sct-mon1_170x250_850x560_png.rf.906c70a87a945bd4edbff5d9e5debbd1.jpg: 640x640 1 pool_table, 7.7ms
Speed: 3.2ms preprocess, 7.7ms inference, 12.3ms postprocess per image at shape (1, 3, 640, 640)
Processing extra-1/data/train/87_sct-mon1_170x250_850x560_png.rf.93aece8bb338f9778b357a1db0e41e52.jpg...

image 1/1 /home/admin/Documents/FEUP-CV/proj/task2/../datasets/extra-1/data/train/87_sct-mon1_170x250_850x560_png.rf.93aece8bb338f9778b357a1db0e41e52.jpg: 640x640 1 pool_table, 7.7ms
Speed: 3.2ms preprocess, 7.7ms inference, 12.3ms postprocess per image at shape (1, 3, 640, 640)
Processing extra-1/data/train/146_sct-mon1_170x250_850x560_png.rf.93b939aaf041fb88c5bf9ac91e5c6240.jpg...

image 1/1 /home/admin/Documents/FEUP-CV/proj/task2/../datasets/extra-1/data/train/146_sct-mon1_170x250_850x560_png.rf.93b939aaf041fb88c5bf9ac91e5c6240.jpg: 640x640 1 pool_table, 7.7ms
Speed: 3.2ms preprocess, 7.7ms inference, 12.3ms postprocess per image at shape (1, 3, 640, 640)
Processing extra-1/data/train/341_sct-mon1_170x250_850x560_png.rf.9439b764e58c3980710440cd53a08c14.jpg...

image 1/1 /home/admin/Documents/FEUP-CV/proj/task2/../datasets/extra-1/data/train/341_sct-mon1_170x250_850x560_png.rf.9439b764e58c3980710440cd53a08c14.jpg: 640x640 1 pool_table, 7.6ms
Speed: 3.2ms preprocess, 7.6ms inference, 12.3ms postprocess per image at shape (1, 3, 640, 640)
Processing extra-1/data/train/208_sct-mon1_170x250_850x560_png.rf.951b01ddce26e445e93d65868370a60a.jpg...

image 1/1 /home/admin/Documents/FEUP-CV/proj/task2/../datasets/extra-1/data/train/208_sct-mon1_170x250_850x560_png.rf.951b01ddce26e445e93d65868370a60a.jpg: 640x640 1 pool_table, 7.7ms
Speed: 3.1ms preprocess, 7.7ms inference, 12.3ms postprocess per image at shape (1, 3, 640, 640)
Processing extra-1/data/train/242_sct-mon1_170x250_850x560_png.rf.914a3c7b8937efb7f43bba43b26068af.jpg...

image 1/1 /home/admin/Documents/FEUP-CV/proj/task2/../datasets/extra-1/data/train/242_sct-mon1_170x250_850x560_png.rf.914a3c7b8937efb7f43bba43b26068af.jpg: 640x640 1 pool_table, 8.0ms
Speed: 3.2ms preprocess, 8.0ms inference, 12.4ms postprocess per image at shape (1, 3, 640, 640)
Processing extra-1/data/train/245_sct-mon1_170x250_850x560_png.rf.901600857c70cf58d62ebb1ec3b2c3d9.jpg...

image 1/1 /home/admin/Documents/FEUP-CV/proj/task2/../datasets/extra-1/data/train/245_sct-mon1_170x250_850x560_png.rf.901600857c70cf58d62ebb1ec3b2c3d9.jpg: 640x640 1 pool_table, 7.9ms
Speed: 3.2ms preprocess, 7.9ms inference, 12.3ms postprocess per image at shape (1, 3, 640, 640)
Processing extra-1/data/train/94_sct-mon1_170x250_850x560_png.rf.92d278d3761e168e741d23f5d916c89a.jpg...

image 1/1 /home/admin/Documents/FEUP-CV/proj/task2/../datasets/extra-1/data/train/94_sct-mon1_170x250_850x560_png.rf.92d278d3761e168e741d23f5d916c89a.jpg: 640x640 1 pool_table, 7.9ms
Speed: 3.2ms preprocess, 7.9ms inference, 12.3ms postprocess per image at shape (1, 3, 640, 640)
Processing extra-1/data/train/336_sct-mon1_170x250_850x560_png.rf.8e6e5319a70fa6d84198b8baa722d842.jpg...

image 1/1 /home/admin/Documents/FEUP-CV/proj/task2/../datasets/extra-1/data/train/336_sct-mon1_170x250_850x560_png.rf.8e6e5319a70fa6d84198b8baa722d842.jpg: 640x640 2 pool_tables, 7.8ms
Speed: 3.3ms preprocess, 7.8ms inference, 12.4ms postprocess per image at shape (1, 3, 640, 640)
Processing extra-1/data/train/101_sct-mon1_170x250_850x560_png.rf.957f92127ca427ecf66e1f751e6f85e8.jpg...

image 1/1 /home/admin/Documents/FEUP-CV/proj/task2/../datasets/extra-1/data/train/101_sct-mon1_170x250_850x560_png.rf.957f92127ca427ecf66e1f751e6f85e8.jpg: 640x640 1 pool_table, 7.9ms
Speed: 3.2ms preprocess, 7.9ms inference, 12.3ms postprocess per image at shape (1, 3, 640, 640)
Processing extra-1/data/train/364_sct-mon1_170x250_850x560_png.rf.95db52c780850a57ad046578e260d760.jpg...

image 1/1 /home/admin/Documents/FEUP-CV/proj/task2/../datasets/extra-1/data/train/364_sct-mon1_170x250_850x560_png.rf.95db52c780850a57ad046578e260d760.jpg: 640x640 1 pool_table, 7.8ms
Speed: 3.3ms preprocess, 7.8ms inference, 12.3ms postprocess per image at shape (1, 3, 640, 640)
Processing extra-1/data/train/327_sct-mon1_170x250_850x560_png.rf.97d07b39a80537e5553e2ab570c68d6f.jpg...

image 1/1 /home/admin/Documents/FEUP-CV/proj/task2/../datasets/extra-1/data/train/327_sct-mon1_170x250_850x560_png.rf.97d07b39a80537e5553e2ab570c68d6f.jpg: 640x640 1 pool_table, 7.7ms
Speed: 3.2ms preprocess, 7.7ms inference, 12.3ms postprocess per image at shape (1, 3, 640, 640)
Processing extra-1/data/train/398_sct-mon1_170x250_850x560_png.rf.9893961a383ac1135c8b82c75cfe859c.jpg...

image 1/1 /home/admin/Documents/FEUP-CV/proj/task2/../datasets/extra-1/data/train/398_sct-mon1_170x250_850x560_png.rf.9893961a383ac1135c8b82c75cfe859c.jpg: 640x640 2 pool_tables, 7.6ms
Speed: 3.2ms preprocess, 7.6ms inference, 12.2ms postprocess per image at shape (1, 3, 640, 640)
Processing extra-1/data/train/q_sct-mon1_170x250_850x560_png.rf.99138c17ddeee2eb87d8379f4b434bdd.jpg...

image 1/1 /home/admin/Documents/FEUP-CV/proj/task2/../datasets/extra-1/data/train/q_sct-mon1_170x250_850x560_png.rf.99138c17ddeee2eb87d8379f4b434bdd.jpg: 640x640 1 pool_table, 7.6ms
Speed: 3.1ms preprocess, 7.6ms inference, 12.2ms postprocess per image at shape (1, 3, 640, 640)
Processing extra-1/data/train/125_sct-mon1_170x250_850x560_png.rf.9913a65ca5eab3d615eafd0b08bd16f9.jpg...

image 1/1 /home/admin/Documents/FEUP-CV/proj/task2/../datasets/extra-1/data/train/125_sct-mon1_170x250_850x560_png.rf.9913a65ca5eab3d615eafd0b08bd16f9.jpg: 640x640 2 pool_tables, 7.6ms
Speed: 3.1ms preprocess, 7.6ms inference, 12.2ms postprocess per image at shape (1, 3, 640, 640)
Processing extra-1/data/train/218_sct-mon1_170x250_850x560_png.rf.9a4637d42f5dfb85bf646bd90602b2fc.jpg...

image 1/1 /home/admin/Documents/FEUP-CV/proj/task2/../datasets/extra-1/data/train/218_sct-mon1_170x250_850x560_png.rf.9a4637d42f5dfb85bf646bd90602b2fc.jpg: 640x640 1 pool_table, 7.6ms
Speed: 3.1ms preprocess, 7.6ms inference, 12.2ms postprocess per image at shape (1, 3, 640, 640)
Processing extra-1/data/train/q17_sct-mon1_170x250_850x560_png.rf.9ac31126de120aed39f6f21121e11e71.jpg...

image 1/1 /home/admin/Documents/FEUP-CV/proj/task2/../datasets/extra-1/data/train/q17_sct-mon1_170x250_850x560_png.rf.9ac31126de120aed39f6f21121e11e71.jpg: 640x640 1 pool_table, 7.9ms
Speed: 3.3ms preprocess, 7.9ms inference, 12.4ms postprocess per image at shape (1, 3, 640, 640)
Processing extra-1/data/train/301_sct-mon1_170x250_850x560_png.rf.9bdb0bf205dafc7e8df048ab579801de.jpg...

image 1/1 /home/admin/Documents/FEUP-CV/proj/task2/../datasets/extra-1/data/train/301_sct-mon1_170x250_850x560_png.rf.9bdb0bf205dafc7e8df048ab579801de.jpg: 640x640 1 pool_table, 7.9ms
Speed: 3.1ms preprocess, 7.9ms inference, 11.6ms postprocess per image at shape (1, 3, 640, 640)
Processing extra-1/data/train/177_sct-mon1_170x250_850x560_png.rf.9c3caa3cd8ba3f8ae2fe7c995f236078.jpg...

image 1/1 /home/admin/Documents/FEUP-CV/proj/task2/../datasets/extra-1/data/train/177_sct-mon1_170x250_850x560_png.rf.9c3caa3cd8ba3f8ae2fe7c995f236078.jpg: 640x640 1 pool_table, 4.3ms
Speed: 1.6ms preprocess, 4.3ms inference, 0.8ms postprocess per image at shape (1, 3, 640, 640)
Processing extra-1/data/train/341_sct-mon1_170x250_850x560_png.rf.9cc95323ec5d979addcd16aa29277d53.jpg...

image 1/1 /home/admin/Documents/FEUP-CV/proj/task2/../datasets/extra-1/data/train/341_sct-mon1_170x250_850x560_png.rf.9cc95323ec5d979addcd16aa29277d53.jpg: 640x640 1 pool_table, 7.9ms
Speed: 3.4ms preprocess, 7.9ms inference, 12.2ms postprocess per image at shape (1, 3, 640, 640)
Processing extra-1/data/train/248_sct-mon1_170x250_850x560_png.rf.9d63dcb358b17498fbbb4bbd8f4c6637.jpg...

image 1/1 /home/admin/Documents/FEUP-CV/proj/task2/../datasets/extra-1/data/train/248_sct-mon1_170x250_850x560_png.rf.9d63dcb358b17498fbbb4bbd8f4c6637.jpg: 640x640 1 pool_table, 9.7ms
Speed: 4.8ms preprocess, 9.7ms inference, 12.1ms postprocess per image at shape (1, 3, 640, 640)
Processing extra-1/data/train/89_sct-mon1_170x250_850x560_png.rf.9edb53d05d2a0024c3ef8922bf710a6b.jpg...

image 1/1 /home/admin/Documents/FEUP-CV/proj/task2/../datasets/extra-1/data/train/89_sct-mon1_170x250_850x560_png.rf.9edb53d05d2a0024c3ef8922bf710a6b.jpg: 640x640 1 pool_table, 7.4ms
Speed: 1.9ms preprocess, 7.4ms inference, 12.0ms postprocess per image at shape (1, 3, 640, 640)
Processing extra-1/data/train/361_sct-mon1_170x250_850x560_png.rf.a0396faf30ddc45adc4e91c8e5171f36.jpg...

image 1/1 /home/admin/Documents/FEUP-CV/proj/task2/../datasets/extra-1/data/train/361_sct-mon1_170x250_850x560_png.rf.a0396faf30ddc45adc4e91c8e5171f36.jpg: 640x640 1 pool_table, 7.7ms
Speed: 3.1ms preprocess, 7.7ms inference, 3.2ms postprocess per image at shape (1, 3, 640, 640)
Processing extra-1/data/train/360_sct-mon1_170x250_850x560_png.rf.9f73109231f97b9a0ab4131d1361b41f.jpg...

image 1/1 /home/admin/Documents/FEUP-CV/proj/task2/../datasets/extra-1/data/train/360_sct-mon1_170x250_850x560_png.rf.9f73109231f97b9a0ab4131d1361b41f.jpg: 640x640 1 pool_table, 7.7ms
Speed: 2.0ms preprocess, 7.7ms inference, 12.2ms postprocess per image at shape (1, 3, 640, 640)
Processing extra-1/data/train/392_sct-mon1_170x250_850x560_png.rf.a07b75f4d356f43112630dd9c86a18d6.jpg...

image 1/1 /home/admin/Documents/FEUP-CV/proj/task2/../datasets/extra-1/data/train/392_sct-mon1_170x250_850x560_png.rf.a07b75f4d356f43112630dd9c86a18d6.jpg: 640x640 2 pool_tables, 7.8ms
Speed: 3.1ms preprocess, 7.8ms inference, 5.5ms postprocess per image at shape (1, 3, 640, 640)
Processing extra-1/data/train/462_sct-mon1_170x250_850x560_png.rf.a09d0be013fa3aa0daeac093e92670b8.jpg...

image 1/1 /home/admin/Documents/FEUP-CV/proj/task2/../datasets/extra-1/data/train/462_sct-mon1_170x250_850x560_png.rf.a09d0be013fa3aa0daeac093e92670b8.jpg: 640x640 1 pool_table, 7.7ms
Speed: 2.0ms preprocess, 7.7ms inference, 12.2ms postprocess per image at shape (1, 3, 640, 640)
Processing extra-1/data/train/373_sct-mon1_170x250_850x560_png.rf.a0aad1923b2b02ff4717d15b5c445f9b.jpg...

image 1/1 /home/admin/Documents/FEUP-CV/proj/task2/../datasets/extra-1/data/train/373_sct-mon1_170x250_850x560_png.rf.a0aad1923b2b02ff4717d15b5c445f9b.jpg: 640x640 1 pool_table, 7.7ms
Speed: 3.2ms preprocess, 7.7ms inference, 5.4ms postprocess per image at shape (1, 3, 640, 640)
Processing extra-1/data/train/q16_sct-mon1_170x250_850x560_png.rf.a0bfb55d476576eda5b54664a937971c.jpg...

image 1/1 /home/admin/Documents/FEUP-CV/proj/task2/../datasets/extra-1/data/train/q16_sct-mon1_170x250_850x560_png.rf.a0bfb55d476576eda5b54664a937971c.jpg: 640x640 1 pool_table, 7.7ms
Speed: 2.0ms preprocess, 7.7ms inference, 12.2ms postprocess per image at shape (1, 3, 640, 640)
Processing extra-1/data/train/88_sct-mon1_170x250_850x560_png.rf.a1c878aa41380e5bfe691e7a7eb8b888.jpg...

image 1/1 /home/admin/Documents/FEUP-CV/proj/task2/../datasets/extra-1/data/train/88_sct-mon1_170x250_850x560_png.rf.a1c878aa41380e5bfe691e7a7eb8b888.jpg: 640x640 2 pool_tables, 7.8ms
Speed: 3.1ms preprocess, 7.8ms inference, 5.6ms postprocess per image at shape (1, 3, 640, 640)
Processing extra-1/data/train/367_sct-mon1_170x250_850x560_png.rf.a3133d3675f20e27c44c25c3caae2607.jpg...

image 1/1 /home/admin/Documents/FEUP-CV/proj/task2/../datasets/extra-1/data/train/367_sct-mon1_170x250_850x560_png.rf.a3133d3675f20e27c44c25c3caae2607.jpg: 640x640 1 pool_table, 7.7ms
Speed: 2.0ms preprocess, 7.7ms inference, 12.1ms postprocess per image at shape (1, 3, 640, 640)
Processing extra-1/data/train/389_sct-mon1_170x250_850x560_png.rf.a48ce8795ce97dec39ceedbf3638d8de.jpg...

image 1/1 /home/admin/Documents/FEUP-CV/proj/task2/../datasets/extra-1/data/train/389_sct-mon1_170x250_850x560_png.rf.a48ce8795ce97dec39ceedbf3638d8de.jpg: 640x640 2 pool_tables, 7.2ms
Speed: 3.1ms preprocess, 7.2ms inference, 2.7ms postprocess per image at shape (1, 3, 640, 640)
Processing extra-1/data/train/344_sct-mon1_170x250_850x560_png.rf.a5d1a88ab07515e9bf2a66954be039e5.jpg...

image 1/1 /home/admin/Documents/FEUP-CV/proj/task2/../datasets/extra-1/data/train/344_sct-mon1_170x250_850x560_png.rf.a5d1a88ab07515e9bf2a66954be039e5.jpg: 640x640 1 pool_table, 7.3ms
Speed: 1.8ms preprocess, 7.3ms inference, 12.0ms postprocess per image at shape (1, 3, 640, 640)
Processing extra-1/data/train/247_sct-mon1_170x250_850x560_png.rf.a668574f3a2de2c4ff67daea8c984b9d.jpg...

image 1/1 /home/admin/Documents/FEUP-CV/proj/task2/../datasets/extra-1/data/train/247_sct-mon1_170x250_850x560_png.rf.a668574f3a2de2c4ff67daea8c984b9d.jpg: 640x640 1 pool_table, 7.3ms
Speed: 3.1ms preprocess, 7.3ms inference, 1.5ms postprocess per image at shape (1, 3, 640, 640)
Processing extra-1/data/train/380_sct-mon1_170x250_850x560_png.rf.a6a3f6c106f09df72e07e593418c0edb.jpg...

image 1/1 /home/admin/Documents/FEUP-CV/proj/task2/../datasets/extra-1/data/train/380_sct-mon1_170x250_850x560_png.rf.a6a3f6c106f09df72e07e593418c0edb.jpg: 640x640 1 pool_table, 7.3ms
Speed: 1.9ms preprocess, 7.3ms inference, 12.0ms postprocess per image at shape (1, 3, 640, 640)
Processing extra-1/data/train/278_sct-mon1_170x250_850x560_png.rf.a6d196a5ef5acdc01d834cf7b9c2a8a9.jpg...

image 1/1 /home/admin/Documents/FEUP-CV/proj/task2/../datasets/extra-1/data/train/278_sct-mon1_170x250_850x560_png.rf.a6d196a5ef5acdc01d834cf7b9c2a8a9.jpg: 640x640 1 pool_table, 7.3ms
Speed: 3.1ms preprocess, 7.3ms inference, 1.4ms postprocess per image at shape (1, 3, 640, 640)
Processing extra-1/data/train/37_sct-mon1_170x250_850x560_png.rf.a7a285d4acd3d21788c859a98abce9f6.jpg...

image 1/1 /home/admin/Documents/FEUP-CV/proj/task2/../datasets/extra-1/data/train/37_sct-mon1_170x250_850x560_png.rf.a7a285d4acd3d21788c859a98abce9f6.jpg: 640x640 1 pool_table, 7.3ms
Speed: 1.8ms preprocess, 7.3ms inference, 12.1ms postprocess per image at shape (1, 3, 640, 640)
Processing extra-1/data/train/22_sct-mon1_170x250_850x560_png.rf.a7b21f25ff0f09a40bff6ab5cac5dc92.jpg...

image 1/1 /home/admin/Documents/FEUP-CV/proj/task2/../datasets/extra-1/data/train/22_sct-mon1_170x250_850x560_png.rf.a7b21f25ff0f09a40bff6ab5cac5dc92.jpg: 640x640 1 pool_table, 7.2ms
Speed: 3.2ms preprocess, 7.2ms inference, 1.5ms postprocess per image at shape (1, 3, 640, 640)
Processing extra-1/data/train/111_sct-mon1_170x250_850x560_png.rf.a7c5c5ccbecba0dcbf3ef7e11a447a46.jpg...

image 1/1 /home/admin/Documents/FEUP-CV/proj/task2/../datasets/extra-1/data/train/111_sct-mon1_170x250_850x560_png.rf.a7c5c5ccbecba0dcbf3ef7e11a447a46.jpg: 640x640 1 pool_table, 7.3ms
Speed: 1.8ms preprocess, 7.3ms inference, 12.0ms postprocess per image at shape (1, 3, 640, 640)
Processing extra-1/data/train/148_sct-mon1_170x250_850x560_png.rf.a7ed83e42ad98110b8bd8ee3e7886640.jpg...

image 1/1 /home/admin/Documents/FEUP-CV/proj/task2/../datasets/extra-1/data/train/148_sct-mon1_170x250_850x560_png.rf.a7ed83e42ad98110b8bd8ee3e7886640.jpg: 640x640 1 pool_table, 7.4ms
Speed: 3.1ms preprocess, 7.4ms inference, 1.9ms postprocess per image at shape (1, 3, 640, 640)
Processing extra-1/data/train/353_sct-mon1_170x250_850x560_png.rf.a832c74c72b6a9d409f683dd558cebb1.jpg...

image 1/1 /home/admin/Documents/FEUP-CV/proj/task2/../datasets/extra-1/data/train/353_sct-mon1_170x250_850x560_png.rf.a832c74c72b6a9d409f683dd558cebb1.jpg: 640x640 1 pool_table, 7.6ms
Speed: 1.8ms preprocess, 7.6ms inference, 12.2ms postprocess per image at shape (1, 3, 640, 640)
Processing extra-1/data/train/141_sct-mon1_170x250_850x560_png.rf.ab178eedb014e20d5ded4245702e37a1.jpg...

image 1/1 /home/admin/Documents/FEUP-CV/proj/task2/../datasets/extra-1/data/train/141_sct-mon1_170x250_850x560_png.rf.ab178eedb014e20d5ded4245702e37a1.jpg: 640x640 1 pool_table, 7.5ms
Speed: 3.2ms preprocess, 7.5ms inference, 4.0ms postprocess per image at shape (1, 3, 640, 640)
Processing extra-1/data/train/q101_sct-mon1_170x250_850x560_png.rf.abdc95556c452f7982d8385458a384fa.jpg...

image 1/1 /home/admin/Documents/FEUP-CV/proj/task2/../datasets/extra-1/data/train/q101_sct-mon1_170x250_850x560_png.rf.abdc95556c452f7982d8385458a384fa.jpg: 640x640 1 pool_table, 7.5ms
Speed: 1.9ms preprocess, 7.5ms inference, 12.1ms postprocess per image at shape (1, 3, 640, 640)
Processing extra-1/data/train/220_sct-mon1_170x250_850x560_png.rf.ac85b0a7d330d4a9ae2d012ce5bb6a8e.jpg...

image 1/1 /home/admin/Documents/FEUP-CV/proj/task2/../datasets/extra-1/data/train/220_sct-mon1_170x250_850x560_png.rf.ac85b0a7d330d4a9ae2d012ce5bb6a8e.jpg: 640x640 1 pool_table, 7.5ms
Speed: 3.0ms preprocess, 7.5ms inference, 3.4ms postprocess per image at shape (1, 3, 640, 640)
Processing extra-1/data/train/251_sct-mon1_170x250_850x560_png.rf.accfafb765144266244b7d823315867c.jpg...

image 1/1 /home/admin/Documents/FEUP-CV/proj/task2/../datasets/extra-1/data/train/251_sct-mon1_170x250_850x560_png.rf.accfafb765144266244b7d823315867c.jpg: 640x640 1 pool_table, 7.5ms
Speed: 1.8ms preprocess, 7.5ms inference, 12.1ms postprocess per image at shape (1, 3, 640, 640)
Processing extra-1/data/train/20_sct-mon1_170x250_850x560_png.rf.adb7929472b826566761bb1f778fa8e2.jpg...

image 1/1 /home/admin/Documents/FEUP-CV/proj/task2/../datasets/extra-1/data/train/20_sct-mon1_170x250_850x560_png.rf.adb7929472b826566761bb1f778fa8e2.jpg: 640x640 1 pool_table, 7.5ms
Speed: 3.1ms preprocess, 7.5ms inference, 3.3ms postprocess per image at shape (1, 3, 640, 640)
Processing extra-1/data/train/274_sct-mon1_170x250_850x560_png.rf.adc96be93590ded99806b0645deaaa5f.jpg...

image 1/1 /home/admin/Documents/FEUP-CV/proj/task2/../datasets/extra-1/data/train/274_sct-mon1_170x250_850x560_png.rf.adc96be93590ded99806b0645deaaa5f.jpg: 640x640 1 pool_table, 7.4ms
Speed: 1.9ms preprocess, 7.4ms inference, 12.1ms postprocess per image at shape (1, 3, 640, 640)
Processing extra-1/data/train/347_sct-mon1_170x250_850x560_png.rf.ade9c2d447e40b30c101a1a7e165954d.jpg...

image 1/1 /home/admin/Documents/FEUP-CV/proj/task2/../datasets/extra-1/data/train/347_sct-mon1_170x250_850x560_png.rf.ade9c2d447e40b30c101a1a7e165954d.jpg: 640x640 2 pool_tables, 7.5ms
Speed: 3.1ms preprocess, 7.5ms inference, 3.2ms postprocess per image at shape (1, 3, 640, 640)
Processing extra-1/data/train/270_sct-mon1_170x250_850x560_png.rf.ae6822ed01a022cfefabf1740dd0e13f.jpg...

image 1/1 /home/admin/Documents/FEUP-CV/proj/task2/../datasets/extra-1/data/train/270_sct-mon1_170x250_850x560_png.rf.ae6822ed01a022cfefabf1740dd0e13f.jpg: 640x640 2 pool_tables, 7.5ms
Speed: 1.8ms preprocess, 7.5ms inference, 12.1ms postprocess per image at shape (1, 3, 640, 640)
Processing extra-1/data/train/q60_sct-mon1_170x250_850x560_png.rf.af3bb0d3f0abadd0a8e17d062e78ab47.jpg...

image 1/1 /home/admin/Documents/FEUP-CV/proj/task2/../datasets/extra-1/data/train/q60_sct-mon1_170x250_850x560_png.rf.af3bb0d3f0abadd0a8e17d062e78ab47.jpg: 640x640 1 pool_table, 7.6ms
Speed: 3.1ms preprocess, 7.6ms inference, 3.4ms postprocess per image at shape (1, 3, 640, 640)
Processing extra-1/data/train/498_sct-mon1_170x250_850x560_png.rf.af45b8112efdf6bb21eac347b605f8a4.jpg...

image 1/1 /home/admin/Documents/FEUP-CV/proj/task2/../datasets/extra-1/data/train/498_sct-mon1_170x250_850x560_png.rf.af45b8112efdf6bb21eac347b605f8a4.jpg: 640x640 1 pool_table, 7.5ms
Speed: 3.8ms preprocess, 7.5ms inference, 12.1ms postprocess per image at shape (1, 3, 640, 640)
Processing extra-1/data/train/199_sct-mon1_170x250_850x560_png.rf.afa9f5d9664132296ff4f53fc82debfb.jpg...

image 1/1 /home/admin/Documents/FEUP-CV/proj/task2/../datasets/extra-1/data/train/199_sct-mon1_170x250_850x560_png.rf.afa9f5d9664132296ff4f53fc82debfb.jpg: 640x640 1 pool_table, 7.0ms
Speed: 3.2ms preprocess, 7.0ms inference, 1.5ms postprocess per image at shape (1, 3, 640, 640)
Processing extra-1/data/train/253_sct-mon1_170x250_850x560_png.rf.afc892caedb1851117aa7f1d28aa57da.jpg...

image 1/1 /home/admin/Documents/FEUP-CV/proj/task2/../datasets/extra-1/data/train/253_sct-mon1_170x250_850x560_png.rf.afc892caedb1851117aa7f1d28aa57da.jpg: 640x640 1 pool_table, 7.4ms
Speed: 1.8ms preprocess, 7.4ms inference, 12.1ms postprocess per image at shape (1, 3, 640, 640)
Processing extra-1/data/train/76_sct-mon1_170x250_850x560_png.rf.b025ea3efff3e7521980f2f542436510.jpg...

image 1/1 /home/admin/Documents/FEUP-CV/proj/task2/../datasets/extra-1/data/train/76_sct-mon1_170x250_850x560_png.rf.b025ea3efff3e7521980f2f542436510.jpg: 640x640 1 pool_table, 7.5ms
Speed: 3.2ms preprocess, 7.5ms inference, 3.1ms postprocess per image at shape (1, 3, 640, 640)
Processing extra-1/data/train/330_sct-mon1_170x250_850x560_png.rf.b086ae2052b043a92484e2758b2062ea.jpg...

image 1/1 /home/admin/Documents/FEUP-CV/proj/task2/../datasets/extra-1/data/train/330_sct-mon1_170x250_850x560_png.rf.b086ae2052b043a92484e2758b2062ea.jpg: 640x640 1 pool_table, 7.4ms
Speed: 1.9ms preprocess, 7.4ms inference, 12.0ms postprocess per image at shape (1, 3, 640, 640)
Processing extra-1/data/train/256_sct-mon1_170x250_850x560_png.rf.b0b0377756a027a724340b733bdc0369.jpg...

image 1/1 /home/admin/Documents/FEUP-CV/proj/task2/../datasets/extra-1/data/train/256_sct-mon1_170x250_850x560_png.rf.b0b0377756a027a724340b733bdc0369.jpg: 640x640 1 pool_table, 7.4ms
Speed: 3.2ms preprocess, 7.4ms inference, 3.0ms postprocess per image at shape (1, 3, 640, 640)
Processing extra-1/data/train/287_sct-mon1_170x250_850x560_png.rf.b140ed346d806f645fc3c6afd89e657a.jpg...

image 1/1 /home/admin/Documents/FEUP-CV/proj/task2/../datasets/extra-1/data/train/287_sct-mon1_170x250_850x560_png.rf.b140ed346d806f645fc3c6afd89e657a.jpg: 640x640 1 pool_table, 7.4ms
Speed: 1.8ms preprocess, 7.4ms inference, 12.1ms postprocess per image at shape (1, 3, 640, 640)
Processing extra-1/data/train/229_sct-mon1_170x250_850x560_png.rf.b14165633527cf2bb8719fd99caeaf2f.jpg...

image 1/1 /home/admin/Documents/FEUP-CV/proj/task2/../datasets/extra-1/data/train/229_sct-mon1_170x250_850x560_png.rf.b14165633527cf2bb8719fd99caeaf2f.jpg: 640x640 1 pool_table, 7.4ms
Speed: 3.2ms preprocess, 7.4ms inference, 3.0ms postprocess per image at shape (1, 3, 640, 640)
Processing extra-1/data/train/220_sct-mon1_170x250_850x560_png.rf.b14983d2f0d71a93c8ead278cc848bf4.jpg...

image 1/1 /home/admin/Documents/FEUP-CV/proj/task2/../datasets/extra-1/data/train/220_sct-mon1_170x250_850x560_png.rf.b14983d2f0d71a93c8ead278cc848bf4.jpg: 640x640 1 pool_table, 7.4ms
Speed: 1.9ms preprocess, 7.4ms inference, 12.1ms postprocess per image at shape (1, 3, 640, 640)
Processing extra-1/data/train/q82_sct-mon1_170x250_850x560_png.rf.b18c49dd8c69bb896a8b42f863f0c606.jpg...

image 1/1 /home/admin/Documents/FEUP-CV/proj/task2/../datasets/extra-1/data/train/q82_sct-mon1_170x250_850x560_png.rf.b18c49dd8c69bb896a8b42f863f0c606.jpg: 640x640 1 pool_table, 7.4ms
Speed: 3.1ms preprocess, 7.4ms inference, 2.8ms postprocess per image at shape (1, 3, 640, 640)
Processing extra-1/data/train/74_sct-mon1_170x250_850x560_png.rf.b20f1f27f0b3864b0d267b028641dce8.jpg...

image 1/1 /home/admin/Documents/FEUP-CV/proj/task2/../datasets/extra-1/data/train/74_sct-mon1_170x250_850x560_png.rf.b20f1f27f0b3864b0d267b028641dce8.jpg: 640x640 2 pool_tables, 7.5ms
Speed: 3.8ms preprocess, 7.5ms inference, 12.1ms postprocess per image at shape (1, 3, 640, 640)
Processing extra-1/data/train/302_sct-mon1_170x250_850x560_png.rf.b25f9239a95d941575fd6cc09e596ad1.jpg...

image 1/1 /home/admin/Documents/FEUP-CV/proj/task2/../datasets/extra-1/data/train/302_sct-mon1_170x250_850x560_png.rf.b25f9239a95d941575fd6cc09e596ad1.jpg: 640x640 1 pool_table, 6.7ms
Speed: 3.1ms preprocess, 6.7ms inference, 1.4ms postprocess per image at shape (1, 3, 640, 640)
Processing extra-1/data/train/329_sct-mon1_170x250_850x560_png.rf.b274bf48f1a9dbc62f1aaacd809a6eb6.jpg...

image 1/1 /home/admin/Documents/FEUP-CV/proj/task2/../datasets/extra-1/data/train/329_sct-mon1_170x250_850x560_png.rf.b274bf48f1a9dbc62f1aaacd809a6eb6.jpg: 640x640 2 pool_tables, 7.5ms
Speed: 1.8ms preprocess, 7.5ms inference, 12.1ms postprocess per image at shape (1, 3, 640, 640)
Processing extra-1/data/train/72_sct-mon1_170x250_850x560_png.rf.b30167c5ed61988be12be33fdfde5c55.jpg...

image 1/1 /home/admin/Documents/FEUP-CV/proj/task2/../datasets/extra-1/data/train/72_sct-mon1_170x250_850x560_png.rf.b30167c5ed61988be12be33fdfde5c55.jpg: 640x640 1 pool_table, 7.5ms
Speed: 3.2ms preprocess, 7.5ms inference, 3.4ms postprocess per image at shape (1, 3, 640, 640)
Processing extra-1/data/train/287_sct-mon1_170x250_850x560_png.rf.b379990e2e967e28d1d37ab727398c4d.jpg...

image 1/1 /home/admin/Documents/FEUP-CV/proj/task2/../datasets/extra-1/data/train/287_sct-mon1_170x250_850x560_png.rf.b379990e2e967e28d1d37ab727398c4d.jpg: 640x640 1 pool_table, 7.6ms
Speed: 1.8ms preprocess, 7.6ms inference, 12.1ms postprocess per image at shape (1, 3, 640, 640)
Processing extra-1/data/train/80_sct-mon1_170x250_850x560_png.rf.b416261a545b681f3d997942ce00f37a.jpg...

image 1/1 /home/admin/Documents/FEUP-CV/proj/task2/../datasets/extra-1/data/train/80_sct-mon1_170x250_850x560_png.rf.b416261a545b681f3d997942ce00f37a.jpg: 640x640 1 pool_table, 7.5ms
Speed: 3.2ms preprocess, 7.5ms inference, 3.4ms postprocess per image at shape (1, 3, 640, 640)
Processing extra-1/data/train/246_sct-mon1_170x250_850x560_png.rf.b4d2c1ccf2653f81d5826159c3fc8424.jpg...

image 1/1 /home/admin/Documents/FEUP-CV/proj/task2/../datasets/extra-1/data/train/246_sct-mon1_170x250_850x560_png.rf.b4d2c1ccf2653f81d5826159c3fc8424.jpg: 640x640 1 pool_table, 7.5ms
Speed: 1.8ms preprocess, 7.5ms inference, 12.1ms postprocess per image at shape (1, 3, 640, 640)
Processing extra-1/data/train/13_sct-mon1_170x250_850x560_png.rf.b6ccd37f98f62a15a06f194ebc71ca8b.jpg...

image 1/1 /home/admin/Documents/FEUP-CV/proj/task2/../datasets/extra-1/data/train/13_sct-mon1_170x250_850x560_png.rf.b6ccd37f98f62a15a06f194ebc71ca8b.jpg: 640x640 1 pool_table, 7.5ms
Speed: 3.1ms preprocess, 7.5ms inference, 3.3ms postprocess per image at shape (1, 3, 640, 640)
Processing extra-1/data/train/366_sct-mon1_170x250_850x560_png.rf.b703de1e376c4992b6cf5e0f4b74908e.jpg...

image 1/1 /home/admin/Documents/FEUP-CV/proj/task2/../datasets/extra-1/data/train/366_sct-mon1_170x250_850x560_png.rf.b703de1e376c4992b6cf5e0f4b74908e.jpg: 640x640 1 pool_table, 7.4ms
Speed: 1.8ms preprocess, 7.4ms inference, 12.1ms postprocess per image at shape (1, 3, 640, 640)
Processing extra-1/data/train/108_sct-mon1_170x250_850x560_png.rf.b8129f4cfa02dfb5264bc96566946e04.jpg...

image 1/1 /home/admin/Documents/FEUP-CV/proj/task2/../datasets/extra-1/data/train/108_sct-mon1_170x250_850x560_png.rf.b8129f4cfa02dfb5264bc96566946e04.jpg: 640x640 2 pool_tables, 7.4ms
Speed: 3.2ms preprocess, 7.4ms inference, 3.0ms postprocess per image at shape (1, 3, 640, 640)
Processing extra-1/data/train/346_sct-mon1_170x250_850x560_png.rf.b8ded6c6965cd6fa1173d729d252dd96.jpg...

image 1/1 /home/admin/Documents/FEUP-CV/proj/task2/../datasets/extra-1/data/train/346_sct-mon1_170x250_850x560_png.rf.b8ded6c6965cd6fa1173d729d252dd96.jpg: 640x640 1 pool_table, 7.5ms
Speed: 1.8ms preprocess, 7.5ms inference, 12.1ms postprocess per image at shape (1, 3, 640, 640)
Processing extra-1/data/train/92_sct-mon1_170x250_850x560_png.rf.b8f6a694a671321edad3c255a96bc102.jpg...

image 1/1 /home/admin/Documents/FEUP-CV/proj/task2/../datasets/extra-1/data/train/92_sct-mon1_170x250_850x560_png.rf.b8f6a694a671321edad3c255a96bc102.jpg: 640x640 1 pool_table, 7.4ms
Speed: 3.1ms preprocess, 7.4ms inference, 2.6ms postprocess per image at shape (1, 3, 640, 640)
Processing extra-1/data/train/7_sct-mon1_170x250_850x560_png.rf.b956f37a332fc08333b8bf5194132ba0.jpg...

image 1/1 /home/admin/Documents/FEUP-CV/proj/task2/../datasets/extra-1/data/train/7_sct-mon1_170x250_850x560_png.rf.b956f37a332fc08333b8bf5194132ba0.jpg: 640x640 1 pool_table, 7.5ms
Speed: 2.1ms preprocess, 7.5ms inference, 12.1ms postprocess per image at shape (1, 3, 640, 640)
Processing extra-1/data/train/q67_sct-mon1_170x250_850x560_png.rf.bae143ea1ffa3236ef78c5c20e6038b7.jpg...

image 1/1 /home/admin/Documents/FEUP-CV/proj/task2/../datasets/extra-1/data/train/q67_sct-mon1_170x250_850x560_png.rf.bae143ea1ffa3236ef78c5c20e6038b7.jpg: 640x640 1 pool_table, 7.4ms
Speed: 3.2ms preprocess, 7.4ms inference, 2.8ms postprocess per image at shape (1, 3, 640, 640)
Processing extra-1/data/train/52_sct-mon1_170x250_850x560_png.rf.bbe0466878672041550ad5ad68c2f487.jpg...

image 1/1 /home/admin/Documents/FEUP-CV/proj/task2/../datasets/extra-1/data/train/52_sct-mon1_170x250_850x560_png.rf.bbe0466878672041550ad5ad68c2f487.jpg: 640x640 1 pool_table, 7.4ms
Speed: 3.8ms preprocess, 7.4ms inference, 12.0ms postprocess per image at shape (1, 3, 640, 640)
Processing extra-1/data/train/24_sct-mon1_170x250_850x560_png.rf.bce57518f2a451471ad4db888a716131.jpg...

image 1/1 /home/admin/Documents/FEUP-CV/proj/task2/../datasets/extra-1/data/train/24_sct-mon1_170x250_850x560_png.rf.bce57518f2a451471ad4db888a716131.jpg: 640x640 1 pool_table, 6.3ms
Speed: 3.1ms preprocess, 6.3ms inference, 1.4ms postprocess per image at shape (1, 3, 640, 640)
Processing extra-1/data/train/391_sct-mon1_170x250_850x560_png.rf.bcf69e6c635a2c2db9af2509da771ce7.jpg...

image 1/1 /home/admin/Documents/FEUP-CV/proj/task2/../datasets/extra-1/data/train/391_sct-mon1_170x250_850x560_png.rf.bcf69e6c635a2c2db9af2509da771ce7.jpg: 640x640 2 pool_tables, 7.5ms
Speed: 1.8ms preprocess, 7.5ms inference, 12.1ms postprocess per image at shape (1, 3, 640, 640)
Processing extra-1/data/train/102_sct-mon1_170x250_850x560_png.rf.bd48c1ebb7ccf2ee79a338fa57bc1e2b.jpg...

image 1/1 /home/admin/Documents/FEUP-CV/proj/task2/../datasets/extra-1/data/train/102_sct-mon1_170x250_850x560_png.rf.bd48c1ebb7ccf2ee79a338fa57bc1e2b.jpg: 640x640 1 pool_table, 7.5ms
Speed: 3.1ms preprocess, 7.5ms inference, 2.7ms postprocess per image at shape (1, 3, 640, 640)
Processing extra-1/data/train/82_sct-mon1_170x250_850x560_png.rf.bde9101d061cb6cf3aa1d5b979c7ab7c.jpg...

image 1/1 /home/admin/Documents/FEUP-CV/proj/task2/../datasets/extra-1/data/train/82_sct-mon1_170x250_850x560_png.rf.bde9101d061cb6cf3aa1d5b979c7ab7c.jpg: 640x640 1 pool_table, 7.4ms
Speed: 1.8ms preprocess, 7.4ms inference, 12.1ms postprocess per image at shape (1, 3, 640, 640)
Processing extra-1/data/train/q33_sct-mon1_170x250_850x560_png.rf.be52954aa0c5ec29f469f322b635bf8d.jpg...

image 1/1 /home/admin/Documents/FEUP-CV/proj/task2/../datasets/extra-1/data/train/q33_sct-mon1_170x250_850x560_png.rf.be52954aa0c5ec29f469f322b635bf8d.jpg: 640x640 1 pool_table, 7.4ms
Speed: 3.2ms preprocess, 7.4ms inference, 3.0ms postprocess per image at shape (1, 3, 640, 640)
Processing extra-1/data/train/378_sct-mon1_170x250_850x560_png.rf.c090e7616b8ac85032f8d94100a62bf3.jpg...

image 1/1 /home/admin/Documents/FEUP-CV/proj/task2/../datasets/extra-1/data/train/378_sct-mon1_170x250_850x560_png.rf.c090e7616b8ac85032f8d94100a62bf3.jpg: 640x640 1 pool_table, 7.5ms
Speed: 1.8ms preprocess, 7.5ms inference, 12.1ms postprocess per image at shape (1, 3, 640, 640)
Processing extra-1/data/train/113_sct-mon1_170x250_850x560_png.rf.c0a37f4783125724b0010f2bb5687917.jpg...

image 1/1 /home/admin/Documents/FEUP-CV/proj/task2/../datasets/extra-1/data/train/113_sct-mon1_170x250_850x560_png.rf.c0a37f4783125724b0010f2bb5687917.jpg: 640x640 1 pool_table, 7.4ms
Speed: 3.2ms preprocess, 7.4ms inference, 3.0ms postprocess per image at shape (1, 3, 640, 640)
Processing extra-1/data/train/260_sct-mon1_170x250_850x560_png.rf.c1f401801d1b6fff8ddff49eef1318eb.jpg...

image 1/1 /home/admin/Documents/FEUP-CV/proj/task2/../datasets/extra-1/data/train/260_sct-mon1_170x250_850x560_png.rf.c1f401801d1b6fff8ddff49eef1318eb.jpg: 640x640 1 pool_table, 7.5ms
Speed: 2.0ms preprocess, 7.5ms inference, 12.1ms postprocess per image at shape (1, 3, 640, 640)
Processing extra-1/data/train/372_sct-mon1_170x250_850x560_png.rf.c23174af2132880e3d19df6c0c0e5fc8.jpg...

image 1/1 /home/admin/Documents/FEUP-CV/proj/task2/../datasets/extra-1/data/train/372_sct-mon1_170x250_850x560_png.rf.c23174af2132880e3d19df6c0c0e5fc8.jpg: 640x640 2 pool_tables, 7.5ms
Speed: 3.1ms preprocess, 7.5ms inference, 2.9ms postprocess per image at shape (1, 3, 640, 640)
Processing extra-1/data/train/125_sct-mon1_170x250_850x560_png.rf.c32715dfeb219696221f39beca6d809c.jpg...

image 1/1 /home/admin/Documents/FEUP-CV/proj/task2/../datasets/extra-1/data/train/125_sct-mon1_170x250_850x560_png.rf.c32715dfeb219696221f39beca6d809c.jpg: 640x640 2 pool_tables, 7.5ms
Speed: 1.8ms preprocess, 7.5ms inference, 12.1ms postprocess per image at shape (1, 3, 640, 640)
Processing extra-1/data/train/485_sct-mon1_170x250_850x560_png.rf.c3810db6c4a976daf7928dbfbfffe1c4.jpg...

image 1/1 /home/admin/Documents/FEUP-CV/proj/task2/../datasets/extra-1/data/train/485_sct-mon1_170x250_850x560_png.rf.c3810db6c4a976daf7928dbfbfffe1c4.jpg: 640x640 1 pool_table, 7.4ms
Speed: 3.1ms preprocess, 7.4ms inference, 2.9ms postprocess per image at shape (1, 3, 640, 640)
Processing extra-1/data/train/479_sct-mon1_170x250_850x560_png.rf.c439dfd37d98c93c818b4e078595d529.jpg...

image 1/1 /home/admin/Documents/FEUP-CV/proj/task2/../datasets/extra-1/data/train/479_sct-mon1_170x250_850x560_png.rf.c439dfd37d98c93c818b4e078595d529.jpg: 640x640 1 pool_table, 7.4ms
Speed: 3.8ms preprocess, 7.4ms inference, 12.0ms postprocess per image at shape (1, 3, 640, 640)
Processing extra-1/data/train/443_sct-mon1_170x250_850x560_png.rf.c43f67dfcd0a9ad31b14309c0d77b3a0.jpg...

image 1/1 /home/admin/Documents/FEUP-CV/proj/task2/../datasets/extra-1/data/train/443_sct-mon1_170x250_850x560_png.rf.c43f67dfcd0a9ad31b14309c0d77b3a0.jpg: 640x640 1 pool_table, 6.2ms
Speed: 3.2ms preprocess, 6.2ms inference, 1.4ms postprocess per image at shape (1, 3, 640, 640)
Processing extra-1/data/train/q71_sct-mon1_170x250_850x560_png.rf.c44eb12103598de5b5174dada3f4f650.jpg...

image 1/1 /home/admin/Documents/FEUP-CV/proj/task2/../datasets/extra-1/data/train/q71_sct-mon1_170x250_850x560_png.rf.c44eb12103598de5b5174dada3f4f650.jpg: 640x640 1 pool_table, 7.4ms
Speed: 1.9ms preprocess, 7.4ms inference, 12.1ms postprocess per image at shape (1, 3, 640, 640)
Processing extra-1/data/train/81_sct-mon1_170x250_850x560_png.rf.c4b0466ae00780e43b6e73e2986581bd.jpg...

image 1/1 /home/admin/Documents/FEUP-CV/proj/task2/../datasets/extra-1/data/train/81_sct-mon1_170x250_850x560_png.rf.c4b0466ae00780e43b6e73e2986581bd.jpg: 640x640 1 pool_table, 7.4ms
Speed: 3.0ms preprocess, 7.4ms inference, 2.5ms postprocess per image at shape (1, 3, 640, 640)
Processing extra-1/data/train/226_sct-mon1_170x250_850x560_png.rf.bce5ec3d4f810255ebbe65abcd0bf67e.jpg...

image 1/1 /home/admin/Documents/FEUP-CV/proj/task2/../datasets/extra-1/data/train/226_sct-mon1_170x250_850x560_png.rf.bce5ec3d4f810255ebbe65abcd0bf67e.jpg: 640x640 1 pool_table, 7.4ms
Speed: 3.9ms preprocess, 7.4ms inference, 12.0ms postprocess per image at shape (1, 3, 640, 640)
Processing extra-1/data/train/279_sct-mon1_170x250_850x560_png.rf.c4b117ba6ecb5f43b828fa9d57eb3f91.jpg...

image 1/1 /home/admin/Documents/FEUP-CV/proj/task2/../datasets/extra-1/data/train/279_sct-mon1_170x250_850x560_png.rf.c4b117ba6ecb5f43b828fa9d57eb3f91.jpg: 640x640 1 pool_table, 6.0ms
Speed: 3.2ms preprocess, 6.0ms inference, 1.4ms postprocess per image at shape (1, 3, 640, 640)
Processing extra-1/data/train/128_sct-mon1_170x250_850x560_png.rf.c531eb98b328255149d343667e8e30e6.jpg...

image 1/1 /home/admin/Documents/FEUP-CV/proj/task2/../datasets/extra-1/data/train/128_sct-mon1_170x250_850x560_png.rf.c531eb98b328255149d343667e8e30e6.jpg: 640x640 1 pool_table, 7.4ms
Speed: 1.8ms preprocess, 7.4ms inference, 12.1ms postprocess per image at shape (1, 3, 640, 640)
Processing extra-1/data/train/q41_sct-mon1_170x250_850x560_png.rf.c5d6e7c887fbbf5bddc92302098c8b2a.jpg...

image 1/1 /home/admin/Documents/FEUP-CV/proj/task2/../datasets/extra-1/data/train/q41_sct-mon1_170x250_850x560_png.rf.c5d6e7c887fbbf5bddc92302098c8b2a.jpg: 640x640 1 pool_table, 7.4ms
Speed: 3.2ms preprocess, 7.4ms inference, 2.5ms postprocess per image at shape (1, 3, 640, 640)
Processing extra-1/data/train/191_sct-mon1_170x250_850x560_png.rf.c605ccc1a37c58c74e1d104f55eca970.jpg...

image 1/1 /home/admin/Documents/FEUP-CV/proj/task2/../datasets/extra-1/data/train/191_sct-mon1_170x250_850x560_png.rf.c605ccc1a37c58c74e1d104f55eca970.jpg: 640x640 2 pool_tables, 7.5ms
Speed: 3.6ms preprocess, 7.5ms inference, 12.1ms postprocess per image at shape (1, 3, 640, 640)
Processing extra-1/data/train/q4_sct-mon1_170x250_850x560_png.rf.c61c18d6c7f5337c50728314282c844f.jpg...

image 1/1 /home/admin/Documents/FEUP-CV/proj/task2/../datasets/extra-1/data/train/q4_sct-mon1_170x250_850x560_png.rf.c61c18d6c7f5337c50728314282c844f.jpg: 640x640 1 pool_table, 6.7ms
Speed: 3.0ms preprocess, 6.7ms inference, 1.4ms postprocess per image at shape (1, 3, 640, 640)
Processing extra-1/data/train/q76_sct-mon1_170x250_850x560_png.rf.c682fdcb5a6fe4b22d80e0bfc51437cc.jpg...

image 1/1 /home/admin/Documents/FEUP-CV/proj/task2/../datasets/extra-1/data/train/q76_sct-mon1_170x250_850x560_png.rf.c682fdcb5a6fe4b22d80e0bfc51437cc.jpg: 640x640 1 pool_table, 7.5ms
Speed: 3.6ms preprocess, 7.5ms inference, 12.1ms postprocess per image at shape (1, 3, 640, 640)
Processing extra-1/data/train/q28_sct-mon1_170x250_850x560_png.rf.c6f46b7d524f2d5035e165ee1910100d.jpg...

image 1/1 /home/admin/Documents/FEUP-CV/proj/task2/../datasets/extra-1/data/train/q28_sct-mon1_170x250_850x560_png.rf.c6f46b7d524f2d5035e165ee1910100d.jpg: 640x640 1 pool_table, 6.7ms
Speed: 2.9ms preprocess, 6.7ms inference, 1.4ms postprocess per image at shape (1, 3, 640, 640)
Processing extra-1/data/train/18_sct-mon1_170x250_850x560_png.rf.c78fad9096c0f55372e404b65d0bf643.jpg...

image 1/1 /home/admin/Documents/FEUP-CV/proj/task2/../datasets/extra-1/data/train/18_sct-mon1_170x250_850x560_png.rf.c78fad9096c0f55372e404b65d0bf643.jpg: 640x640 1 pool_table, 7.4ms
Speed: 3.8ms preprocess, 7.4ms inference, 12.1ms postprocess per image at shape (1, 3, 640, 640)
Processing extra-1/data/train/252_sct-mon1_170x250_850x560_png.rf.c7dc02a5ed5975f23f07083d38fc865a.jpg...

image 1/1 /home/admin/Documents/FEUP-CV/proj/task2/../datasets/extra-1/data/train/252_sct-mon1_170x250_850x560_png.rf.c7dc02a5ed5975f23f07083d38fc865a.jpg: 640x640 1 pool_table, 6.7ms
Speed: 3.2ms preprocess, 6.7ms inference, 1.4ms postprocess per image at shape (1, 3, 640, 640)
Processing extra-1/data/train/477_sct-mon1_170x250_850x560_png.rf.ca92a2d6fba1448c786bf9c5112e8b47.jpg...

image 1/1 /home/admin/Documents/FEUP-CV/proj/task2/../datasets/extra-1/data/train/477_sct-mon1_170x250_850x560_png.rf.ca92a2d6fba1448c786bf9c5112e8b47.jpg: 640x640 1 pool_table, 7.5ms
Speed: 1.9ms preprocess, 7.5ms inference, 12.1ms postprocess per image at shape (1, 3, 640, 640)
Processing extra-1/data/train/197_sct-mon1_170x250_850x560_png.rf.cc6945b7f63b992b16006ef35ff5686f.jpg...

image 1/1 /home/admin/Documents/FEUP-CV/proj/task2/../datasets/extra-1/data/train/197_sct-mon1_170x250_850x560_png.rf.cc6945b7f63b992b16006ef35ff5686f.jpg: 640x640 1 pool_table, 7.4ms
Speed: 3.2ms preprocess, 7.4ms inference, 3.0ms postprocess per image at shape (1, 3, 640, 640)
Processing extra-1/data/train/149_sct-mon1_170x250_850x560_png.rf.cc6dcf564669d1a06f7ec4665d5664ce.jpg...

image 1/1 /home/admin/Documents/FEUP-CV/proj/task2/../datasets/extra-1/data/train/149_sct-mon1_170x250_850x560_png.rf.cc6dcf564669d1a06f7ec4665d5664ce.jpg: 640x640 1 pool_table, 7.5ms
Speed: 1.9ms preprocess, 7.5ms inference, 12.1ms postprocess per image at shape (1, 3, 640, 640)
Processing extra-1/data/train/402_sct-mon1_170x250_850x560_png.rf.ccbe0c86838d6c901fdbcc682b27f3d4.jpg...

image 1/1 /home/admin/Documents/FEUP-CV/proj/task2/../datasets/extra-1/data/train/402_sct-mon1_170x250_850x560_png.rf.ccbe0c86838d6c901fdbcc682b27f3d4.jpg: 640x640 1 pool_table, 7.4ms
Speed: 3.2ms preprocess, 7.4ms inference, 2.7ms postprocess per image at shape (1, 3, 640, 640)
Processing extra-1/data/train/160_sct-mon1_170x250_850x560_png.rf.cccc22fafdd98d5acfc97842aebad784.jpg...

image 1/1 /home/admin/Documents/FEUP-CV/proj/task2/../datasets/extra-1/data/train/160_sct-mon1_170x250_850x560_png.rf.cccc22fafdd98d5acfc97842aebad784.jpg: 640x640 1 pool_table, 7.4ms
Speed: 1.8ms preprocess, 7.4ms inference, 12.0ms postprocess per image at shape (1, 3, 640, 640)
Processing extra-1/data/train/q54_sct-mon1_170x250_850x560_png.rf.cd27d0d0b547a283a066bdcf5519a5af.jpg...

image 1/1 /home/admin/Documents/FEUP-CV/proj/task2/../datasets/extra-1/data/train/q54_sct-mon1_170x250_850x560_png.rf.cd27d0d0b547a283a066bdcf5519a5af.jpg: 640x640 1 pool_table, 7.4ms
Speed: 3.2ms preprocess, 7.4ms inference, 2.4ms postprocess per image at shape (1, 3, 640, 640)
Processing extra-1/data/train/127_sct-mon1_170x250_850x560_png.rf.cb0e8b33414ee0b434cd8847647c0acb.jpg...

image 1/1 /home/admin/Documents/FEUP-CV/proj/task2/../datasets/extra-1/data/train/127_sct-mon1_170x250_850x560_png.rf.cb0e8b33414ee0b434cd8847647c0acb.jpg: 640x640 1 pool_table, 7.5ms
Speed: 3.8ms preprocess, 7.5ms inference, 12.1ms postprocess per image at shape (1, 3, 640, 640)
Processing extra-1/data/train/q84_sct-mon1_170x250_850x560_png.rf.cf1bb27cb7250664b682b00e33fe0589.jpg...

image 1/1 /home/admin/Documents/FEUP-CV/proj/task2/../datasets/extra-1/data/train/q84_sct-mon1_170x250_850x560_png.rf.cf1bb27cb7250664b682b00e33fe0589.jpg: 640x640 1 pool_table, 6.5ms
Speed: 3.3ms preprocess, 6.5ms inference, 1.4ms postprocess per image at shape (1, 3, 640, 640)
Processing extra-1/data/train/163_sct-mon1_170x250_850x560_png.rf.cf599b8c0d58fb5bd9b04f669d893ff7.jpg...

image 1/1 /home/admin/Documents/FEUP-CV/proj/task2/../datasets/extra-1/data/train/163_sct-mon1_170x250_850x560_png.rf.cf599b8c0d58fb5bd9b04f669d893ff7.jpg: 640x640 1 pool_table, 7.4ms
Speed: 3.7ms preprocess, 7.4ms inference, 12.1ms postprocess per image at shape (1, 3, 640, 640)
Processing extra-1/data/train/404_sct-mon1_170x250_850x560_png.rf.cffb27943898f9b7c1790d414d0ebe51.jpg...

image 1/1 /home/admin/Documents/FEUP-CV/proj/task2/../datasets/extra-1/data/train/404_sct-mon1_170x250_850x560_png.rf.cffb27943898f9b7c1790d414d0ebe51.jpg: 640x640 1 pool_table, 6.6ms
Speed: 3.2ms preprocess, 6.6ms inference, 1.4ms postprocess per image at shape (1, 3, 640, 640)
Processing extra-1/data/train/q70_sct-mon1_170x250_850x560_png.rf.d00383a1f9a022fa708cab95dedb0539.jpg...

image 1/1 /home/admin/Documents/FEUP-CV/proj/task2/../datasets/extra-1/data/train/q70_sct-mon1_170x250_850x560_png.rf.d00383a1f9a022fa708cab95dedb0539.jpg: 640x640 1 pool_table, 7.4ms
Speed: 1.8ms preprocess, 7.4ms inference, 12.1ms postprocess per image at shape (1, 3, 640, 640)
Processing extra-1/data/train/q102_sct-mon1_170x250_850x560_png.rf.d11ed5b63958a9b7656a31e0e924157e.jpg...

image 1/1 /home/admin/Documents/FEUP-CV/proj/task2/../datasets/extra-1/data/train/q102_sct-mon1_170x250_850x560_png.rf.d11ed5b63958a9b7656a31e0e924157e.jpg: 640x640 1 pool_table, 7.4ms
Speed: 3.1ms preprocess, 7.4ms inference, 2.8ms postprocess per image at shape (1, 3, 640, 640)
Processing extra-1/data/train/150_sct-mon1_170x250_850x560_png.rf.d248136d9c0351bd2e738e3ad412938b.jpg...

image 1/1 /home/admin/Documents/FEUP-CV/proj/task2/../datasets/extra-1/data/train/150_sct-mon1_170x250_850x560_png.rf.d248136d9c0351bd2e738e3ad412938b.jpg: 640x640 1 pool_table, 7.4ms
Speed: 3.8ms preprocess, 7.4ms inference, 12.1ms postprocess per image at shape (1, 3, 640, 640)
Processing extra-1/data/train/q65_sct-mon1_170x250_850x560_png.rf.d2c2b10288950ac29a5d519b650dc44d.jpg...

image 1/1 /home/admin/Documents/FEUP-CV/proj/task2/../datasets/extra-1/data/train/q65_sct-mon1_170x250_850x560_png.rf.d2c2b10288950ac29a5d519b650dc44d.jpg: 640x640 1 pool_table, 6.7ms
Speed: 3.2ms preprocess, 6.7ms inference, 1.4ms postprocess per image at shape (1, 3, 640, 640)
Processing extra-1/data/train/q21_sct-mon1_170x250_850x560_png.rf.d35eb9ed5a026ab70145b10b07852e5f.jpg...

image 1/1 /home/admin/Documents/FEUP-CV/proj/task2/../datasets/extra-1/data/train/q21_sct-mon1_170x250_850x560_png.rf.d35eb9ed5a026ab70145b10b07852e5f.jpg: 640x640 1 pool_table, 7.4ms
Speed: 3.7ms preprocess, 7.4ms inference, 12.1ms postprocess per image at shape (1, 3, 640, 640)
Processing extra-1/data/train/173_sct-mon1_170x250_850x560_png.rf.d3fdc1780636f059ba658b22f3e7477a.jpg...

image 1/1 /home/admin/Documents/FEUP-CV/proj/task2/../datasets/extra-1/data/train/173_sct-mon1_170x250_850x560_png.rf.d3fdc1780636f059ba658b22f3e7477a.jpg: 640x640 1 pool_table, 6.7ms
Speed: 3.1ms preprocess, 6.7ms inference, 1.4ms postprocess per image at shape (1, 3, 640, 640)
Processing extra-1/data/train/490_sct-mon1_170x250_850x560_png.rf.d4715851ff6a4f75cb7ca964932b92af.jpg...

image 1/1 /home/admin/Documents/FEUP-CV/proj/task2/../datasets/extra-1/data/train/490_sct-mon1_170x250_850x560_png.rf.d4715851ff6a4f75cb7ca964932b92af.jpg: 640x640 1 pool_table, 7.4ms
Speed: 1.8ms preprocess, 7.4ms inference, 12.2ms postprocess per image at shape (1, 3, 640, 640)
Processing extra-1/data/train/268_sct-mon1_170x250_850x560_png.rf.d4d04994a11c233097f2cddd9fd8a0c5.jpg...

image 1/1 /home/admin/Documents/FEUP-CV/proj/task2/../datasets/extra-1/data/train/268_sct-mon1_170x250_850x560_png.rf.d4d04994a11c233097f2cddd9fd8a0c5.jpg: 640x640 2 pool_tables, 7.4ms
Speed: 3.0ms preprocess, 7.4ms inference, 2.7ms postprocess per image at shape (1, 3, 640, 640)
Processing extra-1/data/train/267_sct-mon1_170x250_850x560_png.rf.d5382f401d446b2807b9e3b0306c307a.jpg...

image 1/1 /home/admin/Documents/FEUP-CV/proj/task2/../datasets/extra-1/data/train/267_sct-mon1_170x250_850x560_png.rf.d5382f401d446b2807b9e3b0306c307a.jpg: 640x640 2 pool_tables, 7.4ms
Speed: 3.8ms preprocess, 7.4ms inference, 12.0ms postprocess per image at shape (1, 3, 640, 640)
Processing extra-1/data/train/390_sct-mon1_170x250_850x560_png.rf.d59d48f2cf2a89fae796df6a53c8e0df.jpg...

image 1/1 /home/admin/Documents/FEUP-CV/proj/task2/../datasets/extra-1/data/train/390_sct-mon1_170x250_850x560_png.rf.d59d48f2cf2a89fae796df6a53c8e0df.jpg: 640x640 2 pool_tables, 6.1ms
Speed: 3.2ms preprocess, 6.1ms inference, 1.4ms postprocess per image at shape (1, 3, 640, 640)
Processing extra-1/data/train/375_sct-mon1_170x250_850x560_png.rf.d5e5a90a3282abc7dba64a1e3b76806a.jpg...

image 1/1 /home/admin/Documents/FEUP-CV/proj/task2/../datasets/extra-1/data/train/375_sct-mon1_170x250_850x560_png.rf.d5e5a90a3282abc7dba64a1e3b76806a.jpg: 640x640 1 pool_table, 7.4ms
Speed: 3.8ms preprocess, 7.4ms inference, 12.1ms postprocess per image at shape (1, 3, 640, 640)
Processing extra-1/data/train/q79_sct-mon1_170x250_850x560_png.rf.d6a75f4470d4672e78cba2824d28f2c7.jpg...

image 1/1 /home/admin/Documents/FEUP-CV/proj/task2/../datasets/extra-1/data/train/q79_sct-mon1_170x250_850x560_png.rf.d6a75f4470d4672e78cba2824d28f2c7.jpg: 640x640 1 pool_table, 6.4ms
Speed: 3.2ms preprocess, 6.4ms inference, 1.4ms postprocess per image at shape (1, 3, 640, 640)
Processing extra-1/data/train/458_sct-mon1_170x250_850x560_png.rf.d708885a9a451ccdb679eb38373f615a.jpg...

image 1/1 /home/admin/Documents/FEUP-CV/proj/task2/../datasets/extra-1/data/train/458_sct-mon1_170x250_850x560_png.rf.d708885a9a451ccdb679eb38373f615a.jpg: 640x640 1 pool_table, 7.4ms
Speed: 3.7ms preprocess, 7.4ms inference, 12.1ms postprocess per image at shape (1, 3, 640, 640)
Processing extra-1/data/train/264_sct-mon1_170x250_850x560_png.rf.d72af64bfc9ea446a1ace19ab0f9d22f.jpg...

image 1/1 /home/admin/Documents/FEUP-CV/proj/task2/../datasets/extra-1/data/train/264_sct-mon1_170x250_850x560_png.rf.d72af64bfc9ea446a1ace19ab0f9d22f.jpg: 640x640 2 pool_tables, 6.3ms
Speed: 3.2ms preprocess, 6.3ms inference, 1.4ms postprocess per image at shape (1, 3, 640, 640)
Processing extra-1/data/train/q104_sct-mon1_170x250_850x560_png.rf.d91ab8990455add87bf6e63aac0404e7.jpg...

image 1/1 /home/admin/Documents/FEUP-CV/proj/task2/../datasets/extra-1/data/train/q104_sct-mon1_170x250_850x560_png.rf.d91ab8990455add87bf6e63aac0404e7.jpg: 640x640 1 pool_table, 7.4ms
Speed: 1.9ms preprocess, 7.4ms inference, 12.1ms postprocess per image at shape (1, 3, 640, 640)
Processing extra-1/data/train/216_sct-mon1_170x250_850x560_png.rf.d9788d384ad3cffcba05e1e121c2b1d4.jpg...

image 1/1 /home/admin/Documents/FEUP-CV/proj/task2/../datasets/extra-1/data/train/216_sct-mon1_170x250_850x560_png.rf.d9788d384ad3cffcba05e1e121c2b1d4.jpg: 640x640 1 pool_table, 7.5ms
Speed: 3.0ms preprocess, 7.5ms inference, 2.7ms postprocess per image at shape (1, 3, 640, 640)
Processing extra-1/data/train/139_sct-mon1_170x250_850x560_png.rf.d9cd95acf547abae480097acb88258fa.jpg...

image 1/1 /home/admin/Documents/FEUP-CV/proj/task2/../datasets/extra-1/data/train/139_sct-mon1_170x250_850x560_png.rf.d9cd95acf547abae480097acb88258fa.jpg: 640x640 1 pool_table, 7.4ms
Speed: 1.8ms preprocess, 7.4ms inference, 12.1ms postprocess per image at shape (1, 3, 640, 640)
Processing extra-1/data/train/158_sct-mon1_170x250_850x560_png.rf.d9dd9c22aeefdfeb0be8bb9e0fb87fb8.jpg...

image 1/1 /home/admin/Documents/FEUP-CV/proj/task2/../datasets/extra-1/data/train/158_sct-mon1_170x250_850x560_png.rf.d9dd9c22aeefdfeb0be8bb9e0fb87fb8.jpg: 640x640 1 pool_table, 7.4ms
Speed: 3.2ms preprocess, 7.4ms inference, 2.8ms postprocess per image at shape (1, 3, 640, 640)
Processing extra-1/data/train/27_sct-mon1_170x250_850x560_png.rf.da0a43e02cc91e3abe11b0b38361e63d.jpg...

image 1/1 /home/admin/Documents/FEUP-CV/proj/task2/../datasets/extra-1/data/train/27_sct-mon1_170x250_850x560_png.rf.da0a43e02cc91e3abe11b0b38361e63d.jpg: 640x640 1 pool_table, 7.4ms
Speed: 1.9ms preprocess, 7.4ms inference, 12.1ms postprocess per image at shape (1, 3, 640, 640)
Processing extra-1/data/train/397_sct-mon1_170x250_850x560_png.rf.da9dcbd88910f839227b1a5a9626b7c2.jpg...

image 1/1 /home/admin/Documents/FEUP-CV/proj/task2/../datasets/extra-1/data/train/397_sct-mon1_170x250_850x560_png.rf.da9dcbd88910f839227b1a5a9626b7c2.jpg: 640x640 2 pool_tables, 7.4ms
Speed: 3.2ms preprocess, 7.4ms inference, 2.8ms postprocess per image at shape (1, 3, 640, 640)
Processing extra-1/data/train/224_sct-mon1_170x250_850x560_png.rf.dc093cc7eef126a87cee242e00b1d27b.jpg...

image 1/1 /home/admin/Documents/FEUP-CV/proj/task2/../datasets/extra-1/data/train/224_sct-mon1_170x250_850x560_png.rf.dc093cc7eef126a87cee242e00b1d27b.jpg: 640x640 1 pool_table, 7.4ms
Speed: 1.9ms preprocess, 7.4ms inference, 12.1ms postprocess per image at shape (1, 3, 640, 640)
Processing extra-1/data/train/328_sct-mon1_170x250_850x560_png.rf.dcd8584781a497fb6aa7201e0a460103.jpg...

image 1/1 /home/admin/Documents/FEUP-CV/proj/task2/../datasets/extra-1/data/train/328_sct-mon1_170x250_850x560_png.rf.dcd8584781a497fb6aa7201e0a460103.jpg: 640x640 1 pool_table, 7.5ms
Speed: 3.0ms preprocess, 7.5ms inference, 2.8ms postprocess per image at shape (1, 3, 640, 640)
Processing extra-1/data/train/494_sct-mon1_170x250_850x560_png.rf.ddcdbf27d41fe19397dca808a2bad734.jpg...

image 1/1 /home/admin/Documents/FEUP-CV/proj/task2/../datasets/extra-1/data/train/494_sct-mon1_170x250_850x560_png.rf.ddcdbf27d41fe19397dca808a2bad734.jpg: 640x640 1 pool_table, 7.4ms
Speed: 1.8ms preprocess, 7.4ms inference, 12.1ms postprocess per image at shape (1, 3, 640, 640)
Processing extra-1/data/train/q68_sct-mon1_170x250_850x560_png.rf.ddec86f35437fa6641ecdee964308fe4.jpg...

image 1/1 /home/admin/Documents/FEUP-CV/proj/task2/../datasets/extra-1/data/train/q68_sct-mon1_170x250_850x560_png.rf.ddec86f35437fa6641ecdee964308fe4.jpg: 640x640 1 pool_table, 7.4ms
Speed: 3.2ms preprocess, 7.4ms inference, 2.7ms postprocess per image at shape (1, 3, 640, 640)
Processing extra-1/data/train/285_sct-mon1_170x250_850x560_png.rf.df432f99c4792f629ea83b56a7595e16.jpg...

image 1/1 /home/admin/Documents/FEUP-CV/proj/task2/../datasets/extra-1/data/train/285_sct-mon1_170x250_850x560_png.rf.df432f99c4792f629ea83b56a7595e16.jpg: 640x640 1 pool_table, 7.4ms
Speed: 1.8ms preprocess, 7.4ms inference, 12.1ms postprocess per image at shape (1, 3, 640, 640)
Processing extra-1/data/train/394_sct-mon1_170x250_850x560_png.rf.dfe7489e46d28ee6e342475e395961ae.jpg...

image 1/1 /home/admin/Documents/FEUP-CV/proj/task2/../datasets/extra-1/data/train/394_sct-mon1_170x250_850x560_png.rf.dfe7489e46d28ee6e342475e395961ae.jpg: 640x640 1 pool_table, 7.4ms
Speed: 3.2ms preprocess, 7.4ms inference, 2.6ms postprocess per image at shape (1, 3, 640, 640)
Processing extra-1/data/train/214_sct-mon1_170x250_850x560_png.rf.e1e600828ff95ac502d158c13b74ccbe.jpg...

image 1/1 /home/admin/Documents/FEUP-CV/proj/task2/../datasets/extra-1/data/train/214_sct-mon1_170x250_850x560_png.rf.e1e600828ff95ac502d158c13b74ccbe.jpg: 640x640 1 pool_table, 7.3ms
Speed: 1.8ms preprocess, 7.3ms inference, 12.1ms postprocess per image at shape (1, 3, 640, 640)
Processing extra-1/data/train/340_sct-mon1_170x250_850x560_png.rf.e14ee66fcbecbd8141d56f047bc9c656.jpg...

image 1/1 /home/admin/Documents/FEUP-CV/proj/task2/../datasets/extra-1/data/train/340_sct-mon1_170x250_850x560_png.rf.e14ee66fcbecbd8141d56f047bc9c656.jpg: 640x640 1 pool_table, 7.4ms
Speed: 3.1ms preprocess, 7.4ms inference, 2.3ms postprocess per image at shape (1, 3, 640, 640)
Processing extra-1/data/train/q12_sct-mon1_170x250_850x560_png.rf.e2dc407f80942a42db7a95cb5e45e5e5.jpg...

image 1/1 /home/admin/Documents/FEUP-CV/proj/task2/../datasets/extra-1/data/train/q12_sct-mon1_170x250_850x560_png.rf.e2dc407f80942a42db7a95cb5e45e5e5.jpg: 640x640 1 pool_table, 7.4ms
Speed: 3.9ms preprocess, 7.4ms inference, 12.0ms postprocess per image at shape (1, 3, 640, 640)
Processing extra-1/data/train/q74_sct-mon1_170x250_850x560_png.rf.e8e13903f7fc500313a44fb3c6060e03.jpg...

image 1/1 /home/admin/Documents/FEUP-CV/proj/task2/../datasets/extra-1/data/train/q74_sct-mon1_170x250_850x560_png.rf.e8e13903f7fc500313a44fb3c6060e03.jpg: 640x640 1 pool_table, 6.2ms
Speed: 3.0ms preprocess, 6.2ms inference, 1.4ms postprocess per image at shape (1, 3, 640, 640)
Processing extra-1/data/train/215_sct-mon1_170x250_850x560_png.rf.e8f69e4a2af40d9684bea68182dc0605.jpg...

image 1/1 /home/admin/Documents/FEUP-CV/proj/task2/../datasets/extra-1/data/train/215_sct-mon1_170x250_850x560_png.rf.e8f69e4a2af40d9684bea68182dc0605.jpg: 640x640 1 pool_table, 7.4ms
Speed: 3.8ms preprocess, 7.4ms inference, 12.0ms postprocess per image at shape (1, 3, 640, 640)
Processing extra-1/data/train/168_sct-mon1_170x250_850x560_png.rf.e99d192d3459d68e769adb26d4e68f70.jpg...

image 1/1 /home/admin/Documents/FEUP-CV/proj/task2/../datasets/extra-1/data/train/168_sct-mon1_170x250_850x560_png.rf.e99d192d3459d68e769adb26d4e68f70.jpg: 640x640 1 pool_table, 6.6ms
Speed: 3.2ms preprocess, 6.6ms inference, 1.4ms postprocess per image at shape (1, 3, 640, 640)
Processing extra-1/data/train/374_sct-mon1_170x250_850x560_png.rf.ea95563570d583aac5f5dd1fc4de8b87.jpg...

image 1/1 /home/admin/Documents/FEUP-CV/proj/task2/../datasets/extra-1/data/train/374_sct-mon1_170x250_850x560_png.rf.ea95563570d583aac5f5dd1fc4de8b87.jpg: 640x640 1 pool_table, 7.5ms
Speed: 1.8ms preprocess, 7.5ms inference, 12.1ms postprocess per image at shape (1, 3, 640, 640)
Processing extra-1/data/train/292_sct-mon1_170x250_850x560_png.rf.eadfd393e23efc0039e665657a565515.jpg...

image 1/1 /home/admin/Documents/FEUP-CV/proj/task2/../datasets/extra-1/data/train/292_sct-mon1_170x250_850x560_png.rf.eadfd393e23efc0039e665657a565515.jpg: 640x640 1 pool_table, 7.4ms
Speed: 3.2ms preprocess, 7.4ms inference, 3.0ms postprocess per image at shape (1, 3, 640, 640)
Processing extra-1/data/train/299_sct-mon1_170x250_850x560_png.rf.ec5a672caf08a8d4bc615b2239b67245.jpg...

image 1/1 /home/admin/Documents/FEUP-CV/proj/task2/../datasets/extra-1/data/train/299_sct-mon1_170x250_850x560_png.rf.ec5a672caf08a8d4bc615b2239b67245.jpg: 640x640 1 pool_table, 7.5ms
Speed: 1.8ms preprocess, 7.5ms inference, 12.1ms postprocess per image at shape (1, 3, 640, 640)
Processing extra-1/data/train/359_sct-mon1_170x250_850x560_png.rf.ed9c8b432b6cc8755ecb07aa5796c9bb.jpg...

image 1/1 /home/admin/Documents/FEUP-CV/proj/task2/../datasets/extra-1/data/train/359_sct-mon1_170x250_850x560_png.rf.ed9c8b432b6cc8755ecb07aa5796c9bb.jpg: 640x640 1 pool_table, 7.4ms
Speed: 3.2ms preprocess, 7.4ms inference, 3.0ms postprocess per image at shape (1, 3, 640, 640)
Processing extra-1/data/train/244_sct-mon1_170x250_850x560_png.rf.ecf77c85bbf69bf296a450faff053d4a.jpg...

image 1/1 /home/admin/Documents/FEUP-CV/proj/task2/../datasets/extra-1/data/train/244_sct-mon1_170x250_850x560_png.rf.ecf77c85bbf69bf296a450faff053d4a.jpg: 640x640 1 pool_table, 7.4ms
Speed: 1.9ms preprocess, 7.4ms inference, 12.1ms postprocess per image at shape (1, 3, 640, 640)
Processing extra-1/data/train/115_sct-mon1_170x250_850x560_png.rf.edd32da2ee0a9f480a63e5a541d7531c.jpg...

image 1/1 /home/admin/Documents/FEUP-CV/proj/task2/../datasets/extra-1/data/train/115_sct-mon1_170x250_850x560_png.rf.edd32da2ee0a9f480a63e5a541d7531c.jpg: 640x640 2 pool_tables, 7.4ms
Speed: 3.2ms preprocess, 7.4ms inference, 3.1ms postprocess per image at shape (1, 3, 640, 640)
Processing extra-1/data/train/351_sct-mon1_170x250_850x560_png.rf.ee1bffafb03ab6a18820c4d4c60c11e4.jpg...

image 1/1 /home/admin/Documents/FEUP-CV/proj/task2/../datasets/extra-1/data/train/351_sct-mon1_170x250_850x560_png.rf.ee1bffafb03ab6a18820c4d4c60c11e4.jpg: 640x640 1 pool_table, 7.4ms
Speed: 1.9ms preprocess, 7.4ms inference, 12.0ms postprocess per image at shape (1, 3, 640, 640)
Processing extra-1/data/train/335_sct-mon1_170x250_850x560_png.rf.ee8fbc1eef509b77e18077996908ec05.jpg...

image 1/1 /home/admin/Documents/FEUP-CV/proj/task2/../datasets/extra-1/data/train/335_sct-mon1_170x250_850x560_png.rf.ee8fbc1eef509b77e18077996908ec05.jpg: 640x640 1 pool_table, 7.4ms
Speed: 3.2ms preprocess, 7.4ms inference, 2.7ms postprocess per image at shape (1, 3, 640, 640)
Processing extra-1/data/train/475_sct-mon1_170x250_850x560_png.rf.ef73c296999e5906dc385b0e1f45b2a2.jpg...

image 1/1 /home/admin/Documents/FEUP-CV/proj/task2/../datasets/extra-1/data/train/475_sct-mon1_170x250_850x560_png.rf.ef73c296999e5906dc385b0e1f45b2a2.jpg: 640x640 1 pool_table, 7.4ms
Speed: 1.8ms preprocess, 7.4ms inference, 12.1ms postprocess per image at shape (1, 3, 640, 640)
Processing extra-1/data/train/473_sct-mon1_170x250_850x560_png.rf.efbd487060e2d7bd315bf584e9695a1a.jpg...

image 1/1 /home/admin/Documents/FEUP-CV/proj/task2/../datasets/extra-1/data/train/473_sct-mon1_170x250_850x560_png.rf.efbd487060e2d7bd315bf584e9695a1a.jpg: 640x640 1 pool_table, 7.4ms
Speed: 3.1ms preprocess, 7.4ms inference, 2.6ms postprocess per image at shape (1, 3, 640, 640)
Processing extra-1/data/train/174_sct-mon1_170x250_850x560_png.rf.f0156808b5c5fbb93427f7cc99b7e7dd.jpg...

image 1/1 /home/admin/Documents/FEUP-CV/proj/task2/../datasets/extra-1/data/train/174_sct-mon1_170x250_850x560_png.rf.f0156808b5c5fbb93427f7cc99b7e7dd.jpg: 640x640 1 pool_table, 7.4ms
Speed: 1.8ms preprocess, 7.4ms inference, 12.1ms postprocess per image at shape (1, 3, 640, 640)
Processing extra-1/data/train/q42_sct-mon1_170x250_850x560_png.rf.f14168116e25869ac0e04cc6e49de8a5.jpg...

image 1/1 /home/admin/Documents/FEUP-CV/proj/task2/../datasets/extra-1/data/train/q42_sct-mon1_170x250_850x560_png.rf.f14168116e25869ac0e04cc6e49de8a5.jpg: 640x640 1 pool_table, 7.4ms
Speed: 3.2ms preprocess, 7.4ms inference, 2.7ms postprocess per image at shape (1, 3, 640, 640)
Processing extra-1/data/train/262_sct-mon1_170x250_850x560_png.rf.f1899643d4ce1762819fe1c4d2eb773c.jpg...

image 1/1 /home/admin/Documents/FEUP-CV/proj/task2/../datasets/extra-1/data/train/262_sct-mon1_170x250_850x560_png.rf.f1899643d4ce1762819fe1c4d2eb773c.jpg: 640x640 2 pool_tables, 7.4ms
Speed: 1.8ms preprocess, 7.4ms inference, 12.1ms postprocess per image at shape (1, 3, 640, 640)
Processing extra-1/data/train/q52_sct-mon1_170x250_850x560_png.rf.f2ca557bb2ae3d78d3d4f2ec82c85822.jpg...

image 1/1 /home/admin/Documents/FEUP-CV/proj/task2/../datasets/extra-1/data/train/q52_sct-mon1_170x250_850x560_png.rf.f2ca557bb2ae3d78d3d4f2ec82c85822.jpg: 640x640 1 pool_table, 7.4ms
Speed: 3.1ms preprocess, 7.4ms inference, 2.6ms postprocess per image at shape (1, 3, 640, 640)
Processing extra-1/data/train/138_sct-mon1_170x250_850x560_png.rf.f374e98f12d85fd9f612bc30b9a311bc.jpg...

image 1/1 /home/admin/Documents/FEUP-CV/proj/task2/../datasets/extra-1/data/train/138_sct-mon1_170x250_850x560_png.rf.f374e98f12d85fd9f612bc30b9a311bc.jpg: 640x640 1 pool_table, 7.4ms
Speed: 3.8ms preprocess, 7.4ms inference, 12.1ms postprocess per image at shape (1, 3, 640, 640)
Processing extra-1/data/train/167_sct-mon1_170x250_850x560_png.rf.f4c896c8e2ae51d08b1fcbc124d3cd4a.jpg...

image 1/1 /home/admin/Documents/FEUP-CV/proj/task2/../datasets/extra-1/data/train/167_sct-mon1_170x250_850x560_png.rf.f4c896c8e2ae51d08b1fcbc124d3cd4a.jpg: 640x640 1 pool_table, 6.6ms
Speed: 3.0ms preprocess, 6.6ms inference, 1.4ms postprocess per image at shape (1, 3, 640, 640)
Processing extra-1/data/train/198_sct-mon1_170x250_850x560_png.rf.f5150568f4a2ed3a9dd3d7df9d7c6f51.jpg...

image 1/1 /home/admin/Documents/FEUP-CV/proj/task2/../datasets/extra-1/data/train/198_sct-mon1_170x250_850x560_png.rf.f5150568f4a2ed3a9dd3d7df9d7c6f51.jpg: 640x640 1 pool_table, 7.4ms
Speed: 1.8ms preprocess, 7.4ms inference, 12.1ms postprocess per image at shape (1, 3, 640, 640)
Processing extra-1/data/train/q89_sct-mon1_170x250_850x560_png.rf.f58f3b0f18d11e4ee4629bc0cccc33a2.jpg...

image 1/1 /home/admin/Documents/FEUP-CV/proj/task2/../datasets/extra-1/data/train/q89_sct-mon1_170x250_850x560_png.rf.f58f3b0f18d11e4ee4629bc0cccc33a2.jpg: 640x640 1 pool_table, 7.4ms
Speed: 3.2ms preprocess, 7.4ms inference, 2.8ms postprocess per image at shape (1, 3, 640, 640)
Processing extra-1/data/train/126_sct-mon1_170x250_850x560_png.rf.f71955ba81082bd45b53b104a557a2de.jpg...

image 1/1 /home/admin/Documents/FEUP-CV/proj/task2/../datasets/extra-1/data/train/126_sct-mon1_170x250_850x560_png.rf.f71955ba81082bd45b53b104a557a2de.jpg: 640x640 2 pool_tables, 7.4ms
Speed: 3.9ms preprocess, 7.4ms inference, 12.1ms postprocess per image at shape (1, 3, 640, 640)
Processing extra-1/data/train/q45_sct-mon1_170x250_850x560_png.rf.f675191ce859d232fd1e197496c89120.jpg...

image 1/1 /home/admin/Documents/FEUP-CV/proj/task2/../datasets/extra-1/data/train/q45_sct-mon1_170x250_850x560_png.rf.f675191ce859d232fd1e197496c89120.jpg: 640x640 1 pool_table, 6.7ms
Speed: 3.2ms preprocess, 6.7ms inference, 1.4ms postprocess per image at shape (1, 3, 640, 640)
Processing extra-1/data/train/233_sct-mon1_170x250_850x560_png.rf.f879061cfd0b907bcbb0879c3d289bec.jpg...

image 1/1 /home/admin/Documents/FEUP-CV/proj/task2/../datasets/extra-1/data/train/233_sct-mon1_170x250_850x560_png.rf.f879061cfd0b907bcbb0879c3d289bec.jpg: 640x640 1 pool_table, 7.5ms
Speed: 3.7ms preprocess, 7.5ms inference, 12.1ms postprocess per image at shape (1, 3, 640, 640)
Processing extra-1/data/train/363_sct-mon1_170x250_850x560_png.rf.f8e61c4e96067e77122d897c05cb4e1b.jpg...

image 1/1 /home/admin/Documents/FEUP-CV/proj/task2/../datasets/extra-1/data/train/363_sct-mon1_170x250_850x560_png.rf.f8e61c4e96067e77122d897c05cb4e1b.jpg: 640x640 1 pool_table, 6.6ms
Speed: 3.1ms preprocess, 6.6ms inference, 1.4ms postprocess per image at shape (1, 3, 640, 640)
Processing extra-1/data/train/259_sct-mon1_170x250_850x560_png.rf.f95cb79f4e134b601cde5b418a7ef202.jpg...

image 1/1 /home/admin/Documents/FEUP-CV/proj/task2/../datasets/extra-1/data/train/259_sct-mon1_170x250_850x560_png.rf.f95cb79f4e134b601cde5b418a7ef202.jpg: 640x640 1 pool_table, 7.5ms
Speed: 1.8ms preprocess, 7.5ms inference, 12.1ms postprocess per image at shape (1, 3, 640, 640)
Processing extra-1/data/train/q18_sct-mon1_170x250_850x560_png.rf.f933023c7e3f533c016034b6d5f7dec3.jpg...

image 1/1 /home/admin/Documents/FEUP-CV/proj/task2/../datasets/extra-1/data/train/q18_sct-mon1_170x250_850x560_png.rf.f933023c7e3f533c016034b6d5f7dec3.jpg: 640x640 1 pool_table, 7.4ms
Speed: 3.3ms preprocess, 7.4ms inference, 2.7ms postprocess per image at shape (1, 3, 640, 640)
Processing extra-1/data/train/298_sct-mon1_170x250_850x560_png.rf.f9734caf3277fdc82a2acfed2e81c89a.jpg...

image 1/1 /home/admin/Documents/FEUP-CV/proj/task2/../datasets/extra-1/data/train/298_sct-mon1_170x250_850x560_png.rf.f9734caf3277fdc82a2acfed2e81c89a.jpg: 640x640 1 pool_table, 7.5ms
Speed: 3.9ms preprocess, 7.5ms inference, 12.0ms postprocess per image at shape (1, 3, 640, 640)
Processing extra-1/data/train/346_sct-mon1_170x250_850x560_png.rf.f9c3845e66a4883fc64c27381bed401d.jpg...

image 1/1 /home/admin/Documents/FEUP-CV/proj/task2/../datasets/extra-1/data/train/346_sct-mon1_170x250_850x560_png.rf.f9c3845e66a4883fc64c27381bed401d.jpg: 640x640 1 pool_table, 6.5ms
Speed: 3.2ms preprocess, 6.5ms inference, 1.4ms postprocess per image at shape (1, 3, 640, 640)
Processing extra-1/data/train/285_sct-mon1_170x250_850x560_png.rf.fb74c17a26d1f4a6bd526834128e971b.jpg...

image 1/1 /home/admin/Documents/FEUP-CV/proj/task2/../datasets/extra-1/data/train/285_sct-mon1_170x250_850x560_png.rf.fb74c17a26d1f4a6bd526834128e971b.jpg: 640x640 1 pool_table, 7.4ms
Speed: 1.8ms preprocess, 7.4ms inference, 12.1ms postprocess per image at shape (1, 3, 640, 640)
Processing extra-1/data/train/q91_sct-mon1_170x250_850x560_png.rf.fbd948cb5c46495cb1f2316184c5d1bd.jpg...

image 1/1 /home/admin/Documents/FEUP-CV/proj/task2/../datasets/extra-1/data/train/q91_sct-mon1_170x250_850x560_png.rf.fbd948cb5c46495cb1f2316184c5d1bd.jpg: 640x640 1 pool_table, 7.4ms
Speed: 3.1ms preprocess, 7.4ms inference, 2.7ms postprocess per image at shape (1, 3, 640, 640)
Processing extra-1/data/train/257_sct-mon1_170x250_850x560_png.rf.fc1735f610bc4e87713705925d3c1076.jpg...

image 1/1 /home/admin/Documents/FEUP-CV/proj/task2/../datasets/extra-1/data/train/257_sct-mon1_170x250_850x560_png.rf.fc1735f610bc4e87713705925d3c1076.jpg: 640x640 2 pool_tables, 7.4ms
Speed: 3.7ms preprocess, 7.4ms inference, 12.1ms postprocess per image at shape (1, 3, 640, 640)
Processing extra-1/data/train/240_sct-mon1_170x250_850x560_png.rf.fc832e9311fcc64a7aa9ee525a4c4f67.jpg...

image 1/1 /home/admin/Documents/FEUP-CV/proj/task2/../datasets/extra-1/data/train/240_sct-mon1_170x250_850x560_png.rf.fc832e9311fcc64a7aa9ee525a4c4f67.jpg: 640x640 1 pool_table, 6.6ms
Speed: 3.1ms preprocess, 6.6ms inference, 1.4ms postprocess per image at shape (1, 3, 640, 640)
Processing extra-1/data/train/175_sct-mon1_170x250_850x560_png.rf.fd1c3aa16792567d98a033a8ce20ee4e.jpg...

image 1/1 /home/admin/Documents/FEUP-CV/proj/task2/../datasets/extra-1/data/train/175_sct-mon1_170x250_850x560_png.rf.fd1c3aa16792567d98a033a8ce20ee4e.jpg: 640x640 1 pool_table, 7.5ms
Speed: 3.9ms preprocess, 7.5ms inference, 12.1ms postprocess per image at shape (1, 3, 640, 640)
Processing extra-1/data/train/459_sct-mon1_170x250_850x560_png.rf.fcfa7eb27b69b89fd1481444305a07b6.jpg...

image 1/1 /home/admin/Documents/FEUP-CV/proj/task2/../datasets/extra-1/data/train/459_sct-mon1_170x250_850x560_png.rf.fcfa7eb27b69b89fd1481444305a07b6.jpg: 640x640 1 pool_table, 6.5ms
Speed: 3.2ms preprocess, 6.5ms inference, 1.4ms postprocess per image at shape (1, 3, 640, 640)
Processing extra-1/data/train/358_sct-mon1_170x250_850x560_png.rf.fe16cced04623f5b1c29528ae4713f2e.jpg...

image 1/1 /home/admin/Documents/FEUP-CV/proj/task2/../datasets/extra-1/data/train/358_sct-mon1_170x250_850x560_png.rf.fe16cced04623f5b1c29528ae4713f2e.jpg: 640x640 1 pool_table, 7.5ms
Speed: 1.9ms preprocess, 7.5ms inference, 12.2ms postprocess per image at shape (1, 3, 640, 640)
Processing extra-1/data/train/270_sct-mon1_170x250_850x560_png.rf.ff417bfd106188c5ee64c77e700021ae.jpg...

image 1/1 /home/admin/Documents/FEUP-CV/proj/task2/../datasets/extra-1/data/train/270_sct-mon1_170x250_850x560_png.rf.ff417bfd106188c5ee64c77e700021ae.jpg: 640x640 2 pool_tables, 7.4ms
Speed: 3.1ms preprocess, 7.4ms inference, 2.8ms postprocess per image at shape (1, 3, 640, 640)
Processing extra-1/data/train/469_sct-mon1_170x250_850x560_png.rf.ffcd79e9ba6287820001fa1a2e175f8a.jpg...

image 1/1 /home/admin/Documents/FEUP-CV/proj/task2/../datasets/extra-1/data/train/469_sct-mon1_170x250_850x560_png.rf.ffcd79e9ba6287820001fa1a2e175f8a.jpg: 640x640 1 pool_table, 7.5ms
Speed: 1.8ms preprocess, 7.5ms inference, 12.1ms postprocess per image at shape (1, 3, 640, 640)
Processing extra-1/data/train/383_sct-mon1_170x250_850x560_png.rf.fe670e5374f6bb58bbd51f44f0abf4a8.jpg...

image 1/1 /home/admin/Documents/FEUP-CV/proj/task2/../datasets/extra-1/data/train/383_sct-mon1_170x250_850x560_png.rf.fe670e5374f6bb58bbd51f44f0abf4a8.jpg: 640x640 1 pool_table, 7.4ms
Speed: 3.3ms preprocess, 7.4ms inference, 2.7ms postprocess per image at shape (1, 3, 640, 640)
Processing extra-1/data/test/397_sct-mon1_170x250_850x560_png.rf.05d25ca8fab471d5736d358579d434cb.jpg...

image 1/1 /home/admin/Documents/FEUP-CV/proj/task2/../datasets/extra-1/data/test/397_sct-mon1_170x250_850x560_png.rf.05d25ca8fab471d5736d358579d434cb.jpg: 640x640 2 pool_tables, 7.4ms
Speed: 3.8ms preprocess, 7.4ms inference, 12.1ms postprocess per image at shape (1, 3, 640, 640)
Processing extra-1/data/test/3_sct-mon1_170x250_850x560_png.rf.c0ff49a5b79d92f367e08f3fa5386ed9.jpg...

image 1/1 /home/admin/Documents/FEUP-CV/proj/task2/../datasets/extra-1/data/test/3_sct-mon1_170x250_850x560_png.rf.c0ff49a5b79d92f367e08f3fa5386ed9.jpg: 640x640 1 pool_table, 6.3ms
Speed: 3.2ms preprocess, 6.3ms inference, 1.4ms postprocess per image at shape (1, 3, 640, 640)
Processing extra-1/data/test/455_sct-mon1_170x250_850x560_png.rf.01c160bf66899e82ce6bbcf9e064691d.jpg...

image 1/1 /home/admin/Documents/FEUP-CV/proj/task2/../datasets/extra-1/data/test/455_sct-mon1_170x250_850x560_png.rf.01c160bf66899e82ce6bbcf9e064691d.jpg: 640x640 1 pool_table, 7.4ms
Speed: 1.9ms preprocess, 7.4ms inference, 12.1ms postprocess per image at shape (1, 3, 640, 640)
Processing extra-1/data/test/433_sct-mon1_170x250_850x560_png.rf.0a272bb50916c4673d963046cafddd12.jpg...

image 1/1 /home/admin/Documents/FEUP-CV/proj/task2/../datasets/extra-1/data/test/433_sct-mon1_170x250_850x560_png.rf.0a272bb50916c4673d963046cafddd12.jpg: 640x640 1 pool_table, 7.4ms
Speed: 3.1ms preprocess, 7.4ms inference, 2.6ms postprocess per image at shape (1, 3, 640, 640)
Processing extra-1/data/test/1_sct-mon1_170x250_850x560_png.rf.0f30fffbfb6cd0f1502a5b74ec72a468.jpg...

image 1/1 /home/admin/Documents/FEUP-CV/proj/task2/../datasets/extra-1/data/test/1_sct-mon1_170x250_850x560_png.rf.0f30fffbfb6cd0f1502a5b74ec72a468.jpg: 640x640 1 pool_table, 7.4ms
Speed: 1.8ms preprocess, 7.4ms inference, 12.1ms postprocess per image at shape (1, 3, 640, 640)
Processing extra-1/data/test/400_sct-mon1_170x250_850x560_png.rf.11c80c440d46337fea4bca5d11653c8f.jpg...

image 1/1 /home/admin/Documents/FEUP-CV/proj/task2/../datasets/extra-1/data/test/400_sct-mon1_170x250_850x560_png.rf.11c80c440d46337fea4bca5d11653c8f.jpg: 640x640 1 pool_table, 7.4ms
Speed: 3.2ms preprocess, 7.4ms inference, 2.6ms postprocess per image at shape (1, 3, 640, 640)
Processing extra-1/data/test/393_sct-mon1_170x250_850x560_png.rf.16b39c8d4a602a6e5a65e8f54272398c.jpg...

image 1/1 /home/admin/Documents/FEUP-CV/proj/task2/../datasets/extra-1/data/test/393_sct-mon1_170x250_850x560_png.rf.16b39c8d4a602a6e5a65e8f54272398c.jpg: 640x640 1 pool_table, 7.4ms
Speed: 1.8ms preprocess, 7.4ms inference, 12.1ms postprocess per image at shape (1, 3, 640, 640)
Processing extra-1/data/test/448_sct-mon1_170x250_850x560_png.rf.343897271b92966e8e24f6404ddcd2d3.jpg...

image 1/1 /home/admin/Documents/FEUP-CV/proj/task2/../datasets/extra-1/data/test/448_sct-mon1_170x250_850x560_png.rf.343897271b92966e8e24f6404ddcd2d3.jpg: 640x640 1 pool_table, 7.5ms
Speed: 3.2ms preprocess, 7.5ms inference, 2.6ms postprocess per image at shape (1, 3, 640, 640)
Processing extra-1/data/test/434_sct-mon1_170x250_850x560_png.rf.4dadb75c80a5e4c87d2ec4be74b06dc8.jpg...

image 1/1 /home/admin/Documents/FEUP-CV/proj/task2/../datasets/extra-1/data/test/434_sct-mon1_170x250_850x560_png.rf.4dadb75c80a5e4c87d2ec4be74b06dc8.jpg: 640x640 1 pool_table, 7.4ms
Speed: 1.8ms preprocess, 7.4ms inference, 12.1ms postprocess per image at shape (1, 3, 640, 640)
Processing extra-1/data/test/392_sct-mon1_170x250_850x560_png.rf.4fafffd75b539ac903262709d6c3de4d.jpg...

image 1/1 /home/admin/Documents/FEUP-CV/proj/task2/../datasets/extra-1/data/test/392_sct-mon1_170x250_850x560_png.rf.4fafffd75b539ac903262709d6c3de4d.jpg: 640x640 2 pool_tables, 7.5ms
Speed: 3.1ms preprocess, 7.5ms inference, 2.6ms postprocess per image at shape (1, 3, 640, 640)
Processing extra-1/data/test/443_sct-mon1_170x250_850x560_png.rf.54a7b78c9f4827bdeafcc2c2c2f0c5c0.jpg...

image 1/1 /home/admin/Documents/FEUP-CV/proj/task2/../datasets/extra-1/data/test/443_sct-mon1_170x250_850x560_png.rf.54a7b78c9f4827bdeafcc2c2c2f0c5c0.jpg: 640x640 1 pool_table, 7.5ms
Speed: 1.8ms preprocess, 7.5ms inference, 12.2ms postprocess per image at shape (1, 3, 640, 640)
Processing extra-1/data/test/440_sct-mon1_170x250_850x560_png.rf.651ee2083e62b0859faeafbf9ef1bfda.jpg...

image 1/1 /home/admin/Documents/FEUP-CV/proj/task2/../datasets/extra-1/data/test/440_sct-mon1_170x250_850x560_png.rf.651ee2083e62b0859faeafbf9ef1bfda.jpg: 640x640 2 pool_tables, 7.4ms
Speed: 3.1ms preprocess, 7.4ms inference, 2.8ms postprocess per image at shape (1, 3, 640, 640)
Processing extra-1/data/test/450_sct-mon1_170x250_850x560_png.rf.75646f4d53a9ac7c119295dd6435bef3.jpg...

image 1/1 /home/admin/Documents/FEUP-CV/proj/task2/../datasets/extra-1/data/test/450_sct-mon1_170x250_850x560_png.rf.75646f4d53a9ac7c119295dd6435bef3.jpg: 640x640 1 pool_table, 7.5ms
Speed: 3.8ms preprocess, 7.5ms inference, 12.0ms postprocess per image at shape (1, 3, 640, 640)
Processing extra-1/data/test/446_sct-mon1_170x250_850x560_png.rf.76fcc29d02446639dad973afdbb35eb7.jpg...

image 1/1 /home/admin/Documents/FEUP-CV/proj/task2/../datasets/extra-1/data/test/446_sct-mon1_170x250_850x560_png.rf.76fcc29d02446639dad973afdbb35eb7.jpg: 640x640 1 pool_table, 6.4ms
Speed: 3.2ms preprocess, 6.4ms inference, 1.4ms postprocess per image at shape (1, 3, 640, 640)
Processing extra-1/data/test/445_sct-mon1_170x250_850x560_png.rf.89ee5765647a69d3bc790c042759100f.jpg...

image 1/1 /home/admin/Documents/FEUP-CV/proj/task2/../datasets/extra-1/data/test/445_sct-mon1_170x250_850x560_png.rf.89ee5765647a69d3bc790c042759100f.jpg: 640x640 1 pool_table, 7.5ms
Speed: 1.9ms preprocess, 7.5ms inference, 12.1ms postprocess per image at shape (1, 3, 640, 640)
Processing extra-1/data/test/399_sct-mon1_170x250_850x560_png.rf.9acf12549b4d644028ea29785ecbe537.jpg...

image 1/1 /home/admin/Documents/FEUP-CV/proj/task2/../datasets/extra-1/data/test/399_sct-mon1_170x250_850x560_png.rf.9acf12549b4d644028ea29785ecbe537.jpg: 640x640 1 pool_table, 7.5ms
Speed: 3.2ms preprocess, 7.5ms inference, 2.7ms postprocess per image at shape (1, 3, 640, 640)
Processing extra-1/data/test/q100_sct-mon1_170x250_850x560_png.rf.a39bfbb34eede3d5f171f500574c5039.jpg...

image 1/1 /home/admin/Documents/FEUP-CV/proj/task2/../datasets/extra-1/data/test/q100_sct-mon1_170x250_850x560_png.rf.a39bfbb34eede3d5f171f500574c5039.jpg: 640x640 1 pool_table, 7.4ms
Speed: 1.9ms preprocess, 7.4ms inference, 12.2ms postprocess per image at shape (1, 3, 640, 640)
Processing extra-1/data/test/391_sct-mon1_170x250_850x560_png.rf.f48467eb6e63d2ca4c39b1f1fc341d7d.jpg...

image 1/1 /home/admin/Documents/FEUP-CV/proj/task2/../datasets/extra-1/data/test/391_sct-mon1_170x250_850x560_png.rf.f48467eb6e63d2ca4c39b1f1fc341d7d.jpg: 640x640 2 pool_tables, 7.4ms
Speed: 3.0ms preprocess, 7.4ms inference, 2.8ms postprocess per image at shape (1, 3, 640, 640)
Processing extra-1/data/test/449_sct-mon1_170x250_850x560_png.rf.e3da3e35a503dda791c8c85b477a11c0.jpg...

image 1/1 /home/admin/Documents/FEUP-CV/proj/task2/../datasets/extra-1/data/test/449_sct-mon1_170x250_850x560_png.rf.e3da3e35a503dda791c8c85b477a11c0.jpg: 640x640 1 pool_table, 7.5ms
Speed: 3.9ms preprocess, 7.5ms inference, 12.1ms postprocess per image at shape (1, 3, 640, 640)
Processing extra-1/data/test/390_sct-mon1_170x250_850x560_png.rf.dbf85712186c1d0e4ab29d3b3d2a1e96.jpg...

image 1/1 /home/admin/Documents/FEUP-CV/proj/task2/../datasets/extra-1/data/test/390_sct-mon1_170x250_850x560_png.rf.dbf85712186c1d0e4ab29d3b3d2a1e96.jpg: 640x640 2 pool_tables, 6.3ms
Speed: 3.2ms preprocess, 6.3ms inference, 1.4ms postprocess per image at shape (1, 3, 640, 640)
Processing extra-1/data/valid/459_sct-mon1_170x250_850x560_png.rf.0f98e4fc647c67ebaaaf249ba926edcb.jpg...

image 1/1 /home/admin/Documents/FEUP-CV/proj/task2/../datasets/extra-1/data/valid/459_sct-mon1_170x250_850x560_png.rf.0f98e4fc647c67ebaaaf249ba926edcb.jpg: 640x640 1 pool_table, 7.4ms
Speed: 3.8ms preprocess, 7.4ms inference, 12.1ms postprocess per image at shape (1, 3, 640, 640)
Processing extra-1/data/valid/490_sct-mon1_170x250_850x560_png.rf.0d88f09b0d494788c04aabae67380ab6.jpg...

image 1/1 /home/admin/Documents/FEUP-CV/proj/task2/../datasets/extra-1/data/valid/490_sct-mon1_170x250_850x560_png.rf.0d88f09b0d494788c04aabae67380ab6.jpg: 640x640 1 pool_table, 6.4ms
Speed: 3.2ms preprocess, 6.4ms inference, 1.4ms postprocess per image at shape (1, 3, 640, 640)
Processing extra-1/data/valid/485_sct-mon1_170x250_850x560_png.rf.18bf7a1336ffdf4487f850b8588bb3d8.jpg...

image 1/1 /home/admin/Documents/FEUP-CV/proj/task2/../datasets/extra-1/data/valid/485_sct-mon1_170x250_850x560_png.rf.18bf7a1336ffdf4487f850b8588bb3d8.jpg: 640x640 1 pool_table, 7.3ms
Speed: 1.8ms preprocess, 7.3ms inference, 12.1ms postprocess per image at shape (1, 3, 640, 640)
Processing extra-1/data/valid/471_sct-mon1_170x250_850x560_png.rf.1b3f43eccd13436309ebb36449b867ac.jpg...

image 1/1 /home/admin/Documents/FEUP-CV/proj/task2/../datasets/extra-1/data/valid/471_sct-mon1_170x250_850x560_png.rf.1b3f43eccd13436309ebb36449b867ac.jpg: 640x640 1 pool_table, 7.4ms
Speed: 3.2ms preprocess, 7.4ms inference, 2.6ms postprocess per image at shape (1, 3, 640, 640)
Processing extra-1/data/valid/q58_sct-mon1_170x250_850x560_png.rf.1ee153687d984e5b6a3c43be03cde5ea.jpg...

image 1/1 /home/admin/Documents/FEUP-CV/proj/task2/../datasets/extra-1/data/valid/q58_sct-mon1_170x250_850x560_png.rf.1ee153687d984e5b6a3c43be03cde5ea.jpg: 640x640 1 pool_table, 7.5ms
Speed: 1.9ms preprocess, 7.5ms inference, 12.1ms postprocess per image at shape (1, 3, 640, 640)
Processing extra-1/data/valid/q37_sct-mon1_170x250_850x560_png.rf.1ee9be56bfa922381a04baf48f37ee2e.jpg...

image 1/1 /home/admin/Documents/FEUP-CV/proj/task2/../datasets/extra-1/data/valid/q37_sct-mon1_170x250_850x560_png.rf.1ee9be56bfa922381a04baf48f37ee2e.jpg: 640x640 1 pool_table, 7.4ms
Speed: 3.0ms preprocess, 7.4ms inference, 2.7ms postprocess per image at shape (1, 3, 640, 640)
Processing extra-1/data/valid/q47_sct-mon1_170x250_850x560_png.rf.241fe8977ef92a96b21f76e972a9d750.jpg...

image 1/1 /home/admin/Documents/FEUP-CV/proj/task2/../datasets/extra-1/data/valid/q47_sct-mon1_170x250_850x560_png.rf.241fe8977ef92a96b21f76e972a9d750.jpg: 640x640 1 pool_table, 7.4ms
Speed: 1.8ms preprocess, 7.4ms inference, 12.0ms postprocess per image at shape (1, 3, 640, 640)
Processing extra-1/data/valid/q87_sct-mon1_170x250_850x560_png.rf.29591308bebe832bb26b1594e4aac3d0.jpg...

image 1/1 /home/admin/Documents/FEUP-CV/proj/task2/../datasets/extra-1/data/valid/q87_sct-mon1_170x250_850x560_png.rf.29591308bebe832bb26b1594e4aac3d0.jpg: 640x640 1 pool_table, 7.4ms
Speed: 3.0ms preprocess, 7.4ms inference, 2.5ms postprocess per image at shape (1, 3, 640, 640)
Processing extra-1/data/valid/472_sct-mon1_170x250_850x560_png.rf.2b56cadbe53d683b353208ec35cd7846.jpg...

image 1/1 /home/admin/Documents/FEUP-CV/proj/task2/../datasets/extra-1/data/valid/472_sct-mon1_170x250_850x560_png.rf.2b56cadbe53d683b353208ec35cd7846.jpg: 640x640 1 pool_table, 7.4ms
Speed: 3.8ms preprocess, 7.4ms inference, 12.1ms postprocess per image at shape (1, 3, 640, 640)
Processing extra-1/data/valid/474_sct-mon1_170x250_850x560_png.rf.2f0d3e27f4038db13bc5e49d918904de.jpg...

image 1/1 /home/admin/Documents/FEUP-CV/proj/task2/../datasets/extra-1/data/valid/474_sct-mon1_170x250_850x560_png.rf.2f0d3e27f4038db13bc5e49d918904de.jpg: 640x640 1 pool_table, 6.5ms
Speed: 3.2ms preprocess, 6.5ms inference, 1.4ms postprocess per image at shape (1, 3, 640, 640)
Processing extra-1/data/valid/456_sct-mon1_170x250_850x560_png.rf.2c0f6457abd0d23429a945b0fd4a421a.jpg...

image 1/1 /home/admin/Documents/FEUP-CV/proj/task2/../datasets/extra-1/data/valid/456_sct-mon1_170x250_850x560_png.rf.2c0f6457abd0d23429a945b0fd4a421a.jpg: 640x640 1 pool_table, 7.4ms
Speed: 3.9ms preprocess, 7.4ms inference, 12.0ms postprocess per image at shape (1, 3, 640, 640)
Processing extra-1/data/valid/487_sct-mon1_170x250_850x560_png.rf.2fdfd7414acf5decf7f1291c4e739a7c.jpg...

image 1/1 /home/admin/Documents/FEUP-CV/proj/task2/../datasets/extra-1/data/valid/487_sct-mon1_170x250_850x560_png.rf.2fdfd7414acf5decf7f1291c4e739a7c.jpg: 640x640 2 pool_tables, 6.4ms
Speed: 3.1ms preprocess, 6.4ms inference, 1.4ms postprocess per image at shape (1, 3, 640, 640)
Processing extra-1/data/valid/q48_sct-mon1_170x250_850x560_png.rf.303d44503d9fbe22e42f8d6626cc4fd4.jpg...

image 1/1 /home/admin/Documents/FEUP-CV/proj/task2/../datasets/extra-1/data/valid/q48_sct-mon1_170x250_850x560_png.rf.303d44503d9fbe22e42f8d6626cc4fd4.jpg: 640x640 1 pool_table, 7.4ms
Speed: 1.8ms preprocess, 7.4ms inference, 12.0ms postprocess per image at shape (1, 3, 640, 640)
Processing extra-1/data/valid/464_sct-mon1_170x250_850x560_png.rf.31854b83e7ea3b41cf270db49d2b7ebe.jpg...

image 1/1 /home/admin/Documents/FEUP-CV/proj/task2/../datasets/extra-1/data/valid/464_sct-mon1_170x250_850x560_png.rf.31854b83e7ea3b41cf270db49d2b7ebe.jpg: 640x640 1 pool_table, 12.0ms
Speed: 5.8ms preprocess, 12.0ms inference, 12.1ms postprocess per image at shape (1, 3, 640, 640)
Processing extra-1/data/valid/461_sct-mon1_170x250_850x560_png.rf.31c112cecf824809bda3a5bdc23cfbca.jpg...

image 1/1 /home/admin/Documents/FEUP-CV/proj/task2/../datasets/extra-1/data/valid/461_sct-mon1_170x250_850x560_png.rf.31c112cecf824809bda3a5bdc23cfbca.jpg: 640x640 1 pool_table, 7.5ms
Speed: 1.9ms preprocess, 7.5ms inference, 12.0ms postprocess per image at shape (1, 3, 640, 640)
Processing extra-1/data/valid/488_sct-mon1_170x250_850x560_png.rf.3e81bbe245120c151235553fc7daa6a6.jpg...

image 1/1 /home/admin/Documents/FEUP-CV/proj/task2/../datasets/extra-1/data/valid/488_sct-mon1_170x250_850x560_png.rf.3e81bbe245120c151235553fc7daa6a6.jpg: 640x640 2 pool_tables, 7.5ms
Speed: 3.1ms preprocess, 7.5ms inference, 2.5ms postprocess per image at shape (1, 3, 640, 640)
Processing extra-1/data/valid/465_sct-mon1_170x250_850x560_png.rf.4e0b523c672883a9669c68905c41fa9a.jpg...

image 1/1 /home/admin/Documents/FEUP-CV/proj/task2/../datasets/extra-1/data/valid/465_sct-mon1_170x250_850x560_png.rf.4e0b523c672883a9669c68905c41fa9a.jpg: 640x640 1 pool_table, 7.5ms
Speed: 1.8ms preprocess, 7.5ms inference, 12.1ms postprocess per image at shape (1, 3, 640, 640)
Processing extra-1/data/valid/q86_sct-mon1_170x250_850x560_png.rf.54a3af10e819c2719934df5ce725b3f8.jpg...

image 1/1 /home/admin/Documents/FEUP-CV/proj/task2/../datasets/extra-1/data/valid/q86_sct-mon1_170x250_850x560_png.rf.54a3af10e819c2719934df5ce725b3f8.jpg: 640x640 1 pool_table, 7.4ms
Speed: 3.2ms preprocess, 7.4ms inference, 2.7ms postprocess per image at shape (1, 3, 640, 640)
Processing extra-1/data/valid/486_sct-mon1_170x250_850x560_png.rf.4920ac0029d714badb02190ce31c468e.jpg...

image 1/1 /home/admin/Documents/FEUP-CV/proj/task2/../datasets/extra-1/data/valid/486_sct-mon1_170x250_850x560_png.rf.4920ac0029d714badb02190ce31c468e.jpg: 640x640 1 pool_table, 7.5ms
Speed: 3.7ms preprocess, 7.5ms inference, 12.1ms postprocess per image at shape (1, 3, 640, 640)
Processing extra-1/data/valid/478_sct-mon1_170x250_850x560_png.rf.605dc391219fbe8eeb1bb8957033f983.jpg...

image 1/1 /home/admin/Documents/FEUP-CV/proj/task2/../datasets/extra-1/data/valid/478_sct-mon1_170x250_850x560_png.rf.605dc391219fbe8eeb1bb8957033f983.jpg: 640x640 1 pool_table, 6.4ms
Speed: 3.1ms preprocess, 6.4ms inference, 1.4ms postprocess per image at shape (1, 3, 640, 640)
Processing extra-1/data/valid/470_sct-mon1_170x250_850x560_png.rf.66c53013467ee5dc7b2af4aaae448a80.jpg...

image 1/1 /home/admin/Documents/FEUP-CV/proj/task2/../datasets/extra-1/data/valid/470_sct-mon1_170x250_850x560_png.rf.66c53013467ee5dc7b2af4aaae448a80.jpg: 640x640 1 pool_table, 7.4ms
Speed: 1.8ms preprocess, 7.4ms inference, 12.1ms postprocess per image at shape (1, 3, 640, 640)
Processing extra-1/data/valid/q32_sct-mon1_170x250_850x560_png.rf.6b8de5af56b6232721279b0dd8f5e005.jpg...

image 1/1 /home/admin/Documents/FEUP-CV/proj/task2/../datasets/extra-1/data/valid/q32_sct-mon1_170x250_850x560_png.rf.6b8de5af56b6232721279b0dd8f5e005.jpg: 640x640 1 pool_table, 7.4ms
Speed: 3.3ms preprocess, 7.4ms inference, 3.1ms postprocess per image at shape (1, 3, 640, 640)
Processing extra-1/data/valid/484_sct-mon1_170x250_850x560_png.rf.706590052444b99d2f9605bc768704db.jpg...

image 1/1 /home/admin/Documents/FEUP-CV/proj/task2/../datasets/extra-1/data/valid/484_sct-mon1_170x250_850x560_png.rf.706590052444b99d2f9605bc768704db.jpg: 640x640 1 pool_table, 7.5ms
Speed: 3.7ms preprocess, 7.5ms inference, 12.1ms postprocess per image at shape (1, 3, 640, 640)
Processing extra-1/data/valid/75_sct-mon1_170x250_850x560_png.rf.7907d884f4af7a2d7c7c0a21cc32295e.jpg...

image 1/1 /home/admin/Documents/FEUP-CV/proj/task2/../datasets/extra-1/data/valid/75_sct-mon1_170x250_850x560_png.rf.7907d884f4af7a2d7c7c0a21cc32295e.jpg: 640x640 2 pool_tables, 7.0ms
Speed: 3.2ms preprocess, 7.0ms inference, 1.5ms postprocess per image at shape (1, 3, 640, 640)
Processing extra-1/data/valid/34_sct-mon1_170x250_850x560_png.rf.7bc4040bfdbb74cc5a200fa0b6685e48.jpg...

image 1/1 /home/admin/Documents/FEUP-CV/proj/task2/../datasets/extra-1/data/valid/34_sct-mon1_170x250_850x560_png.rf.7bc4040bfdbb74cc5a200fa0b6685e48.jpg: 640x640 1 pool_table, 7.4ms
Speed: 1.8ms preprocess, 7.4ms inference, 12.1ms postprocess per image at shape (1, 3, 640, 640)
Processing extra-1/data/valid/460_sct-mon1_170x250_850x560_png.rf.7edec2fc402b264c7beba53418de0c29.jpg...

image 1/1 /home/admin/Documents/FEUP-CV/proj/task2/../datasets/extra-1/data/valid/460_sct-mon1_170x250_850x560_png.rf.7edec2fc402b264c7beba53418de0c29.jpg: 640x640 1 pool_table, 7.4ms
Speed: 3.3ms preprocess, 7.4ms inference, 2.9ms postprocess per image at shape (1, 3, 640, 640)
Processing extra-1/data/valid/467_sct-mon1_170x250_850x560_png.rf.82e30f9db0cfa6766c09bd239e2399a0.jpg...

image 1/1 /home/admin/Documents/FEUP-CV/proj/task2/../datasets/extra-1/data/valid/467_sct-mon1_170x250_850x560_png.rf.82e30f9db0cfa6766c09bd239e2399a0.jpg: 640x640 1 pool_table, 7.4ms
Speed: 1.8ms preprocess, 7.4ms inference, 12.1ms postprocess per image at shape (1, 3, 640, 640)
Processing extra-1/data/valid/482_sct-mon1_170x250_850x560_png.rf.83fd3cd19c090114ce3722a95f514a46.jpg...

image 1/1 /home/admin/Documents/FEUP-CV/proj/task2/../datasets/extra-1/data/valid/482_sct-mon1_170x250_850x560_png.rf.83fd3cd19c090114ce3722a95f514a46.jpg: 640x640 1 pool_table, 7.4ms
Speed: 3.2ms preprocess, 7.4ms inference, 2.9ms postprocess per image at shape (1, 3, 640, 640)
Processing extra-1/data/valid/497_sct-mon1_170x250_850x560_png.rf.848daa665cab97e637da1dc793b8bc5f.jpg...

image 1/1 /home/admin/Documents/FEUP-CV/proj/task2/../datasets/extra-1/data/valid/497_sct-mon1_170x250_850x560_png.rf.848daa665cab97e637da1dc793b8bc5f.jpg: 640x640 1 pool_table, 7.4ms
Speed: 3.9ms preprocess, 7.4ms inference, 12.0ms postprocess per image at shape (1, 3, 640, 640)
Processing extra-1/data/valid/q57_sct-mon1_170x250_850x560_png.rf.8991ca92544f36ce7370072369754cda.jpg...

image 1/1 /home/admin/Documents/FEUP-CV/proj/task2/../datasets/extra-1/data/valid/q57_sct-mon1_170x250_850x560_png.rf.8991ca92544f36ce7370072369754cda.jpg: 640x640 1 pool_table, 6.3ms
Speed: 3.2ms preprocess, 6.3ms inference, 1.4ms postprocess per image at shape (1, 3, 640, 640)
Processing extra-1/data/valid/q55_sct-mon1_170x250_850x560_png.rf.8b6d0f087795c4ef6d1244a3c1d40bc6.jpg...

image 1/1 /home/admin/Documents/FEUP-CV/proj/task2/../datasets/extra-1/data/valid/q55_sct-mon1_170x250_850x560_png.rf.8b6d0f087795c4ef6d1244a3c1d40bc6.jpg: 640x640 1 pool_table, 7.4ms
Speed: 3.6ms preprocess, 7.4ms inference, 12.1ms postprocess per image at shape (1, 3, 640, 640)
Processing extra-1/data/valid/466_sct-mon1_170x250_850x560_png.rf.8ea392297705729b2ff67a85e671a6b9.jpg...

image 1/1 /home/admin/Documents/FEUP-CV/proj/task2/../datasets/extra-1/data/valid/466_sct-mon1_170x250_850x560_png.rf.8ea392297705729b2ff67a85e671a6b9.jpg: 640x640 1 pool_table, 6.4ms
Speed: 3.0ms preprocess, 6.4ms inference, 1.4ms postprocess per image at shape (1, 3, 640, 640)
Processing extra-1/data/valid/q69_sct-mon1_170x250_850x560_png.rf.a98c909d9c4c5893c6cda82be172b988.jpg...

image 1/1 /home/admin/Documents/FEUP-CV/proj/task2/../datasets/extra-1/data/valid/q69_sct-mon1_170x250_850x560_png.rf.a98c909d9c4c5893c6cda82be172b988.jpg: 640x640 1 pool_table, 7.4ms
Speed: 1.8ms preprocess, 7.4ms inference, 12.1ms postprocess per image at shape (1, 3, 640, 640)
Processing extra-1/data/valid/479_sct-mon1_170x250_850x560_png.rf.b3a7d0fc2879760994d8626f5f41402e.jpg...

image 1/1 /home/admin/Documents/FEUP-CV/proj/task2/../datasets/extra-1/data/valid/479_sct-mon1_170x250_850x560_png.rf.b3a7d0fc2879760994d8626f5f41402e.jpg: 640x640 1 pool_table, 7.4ms
Speed: 3.1ms preprocess, 7.4ms inference, 2.5ms postprocess per image at shape (1, 3, 640, 640)
Processing extra-1/data/valid/q39_sct-mon1_170x250_850x560_png.rf.bf1ecfe1e7c4df3b9a2dcb31a0b243f1.jpg...

image 1/1 /home/admin/Documents/FEUP-CV/proj/task2/../datasets/extra-1/data/valid/q39_sct-mon1_170x250_850x560_png.rf.bf1ecfe1e7c4df3b9a2dcb31a0b243f1.jpg: 640x640 1 pool_table, 7.3ms
Speed: 1.9ms preprocess, 7.3ms inference, 12.1ms postprocess per image at shape (1, 3, 640, 640)
Processing extra-1/data/valid/q30_sct-mon1_170x250_850x560_png.rf.ce88258bf39e7bab28f59701f1daf319.jpg...

image 1/1 /home/admin/Documents/FEUP-CV/proj/task2/../datasets/extra-1/data/valid/q30_sct-mon1_170x250_850x560_png.rf.ce88258bf39e7bab28f59701f1daf319.jpg: 640x640 1 pool_table, 7.4ms
Speed: 3.0ms preprocess, 7.4ms inference, 2.6ms postprocess per image at shape (1, 3, 640, 640)
Processing extra-1/data/valid/483_sct-mon1_170x250_850x560_png.rf.d17182c43c033594d6fde96dc0d0c5d9.jpg...

image 1/1 /home/admin/Documents/FEUP-CV/proj/task2/../datasets/extra-1/data/valid/483_sct-mon1_170x250_850x560_png.rf.d17182c43c033594d6fde96dc0d0c5d9.jpg: 640x640 1 pool_table, 7.5ms
Speed: 3.8ms preprocess, 7.5ms inference, 12.0ms postprocess per image at shape (1, 3, 640, 640)
Processing extra-1/data/valid/493_sct-mon1_170x250_850x560_png.rf.d2884ecc6e29a5a39dec9c5a632406ad.jpg...

image 1/1 /home/admin/Documents/FEUP-CV/proj/task2/../datasets/extra-1/data/valid/493_sct-mon1_170x250_850x560_png.rf.d2884ecc6e29a5a39dec9c5a632406ad.jpg: 640x640 1 pool_table, 6.7ms
Speed: 3.1ms preprocess, 6.7ms inference, 1.4ms postprocess per image at shape (1, 3, 640, 640)
Processing extra-1/data/valid/q64_sct-mon1_170x250_850x560_png.rf.d6880599d45be575b85ed03e28559381.jpg...

image 1/1 /home/admin/Documents/FEUP-CV/proj/task2/../datasets/extra-1/data/valid/q64_sct-mon1_170x250_850x560_png.rf.d6880599d45be575b85ed03e28559381.jpg: 640x640 1 pool_table, 7.4ms
Speed: 1.8ms preprocess, 7.4ms inference, 12.1ms postprocess per image at shape (1, 3, 640, 640)
Processing extra-1/data/valid/2_sct-mon1_170x250_850x560_png.rf.d80cb2bc98d58dc99b7d3c56adb9de8b.jpg...

image 1/1 /home/admin/Documents/FEUP-CV/proj/task2/../datasets/extra-1/data/valid/2_sct-mon1_170x250_850x560_png.rf.d80cb2bc98d58dc99b7d3c56adb9de8b.jpg: 640x640 1 pool_table, 7.4ms
Speed: 3.1ms preprocess, 7.4ms inference, 2.8ms postprocess per image at shape (1, 3, 640, 640)
Processing extra-1/data/valid/39_sct-mon1_170x250_850x560_png.rf.e5803595e8f98d445b489a088e8e890a.jpg...

image 1/1 /home/admin/Documents/FEUP-CV/proj/task2/../datasets/extra-1/data/valid/39_sct-mon1_170x250_850x560_png.rf.e5803595e8f98d445b489a088e8e890a.jpg: 640x640 1 pool_table, 7.4ms
Speed: 1.9ms preprocess, 7.4ms inference, 12.1ms postprocess per image at shape (1, 3, 640, 640)
Processing extra-1/data/valid/458_sct-mon1_170x250_850x560_png.rf.eabe3feefbe11d630453faeed4505a7a.jpg...

image 1/1 /home/admin/Documents/FEUP-CV/proj/task2/../datasets/extra-1/data/valid/458_sct-mon1_170x250_850x560_png.rf.eabe3feefbe11d630453faeed4505a7a.jpg: 640x640 1 pool_table, 7.5ms
Speed: 3.1ms preprocess, 7.5ms inference, 2.8ms postprocess per image at shape (1, 3, 640, 640)
Processing extra-1/data/valid/477_sct-mon1_170x250_850x560_png.rf.f41b8cce69cf3bae3da99fe9f81f8ab0.jpg...

image 1/1 /home/admin/Documents/FEUP-CV/proj/task2/../datasets/extra-1/data/valid/477_sct-mon1_170x250_850x560_png.rf.f41b8cce69cf3bae3da99fe9f81f8ab0.jpg: 640x640 1 pool_table, 7.5ms
Speed: 3.9ms preprocess, 7.5ms inference, 12.1ms postprocess per image at shape (1, 3, 640, 640)
Processing extra-1/data/valid/457_sct-mon1_170x250_850x560_png.rf.f44f261babeff74ecb89ed99ff73241c.jpg...

image 1/1 /home/admin/Documents/FEUP-CV/proj/task2/../datasets/extra-1/data/valid/457_sct-mon1_170x250_850x560_png.rf.f44f261babeff74ecb89ed99ff73241c.jpg: 640x640 1 pool_table, 6.5ms
Speed: 3.2ms preprocess, 6.5ms inference, 1.4ms postprocess per image at shape (1, 3, 640, 640)
Processing extra-1/data/valid/480_sct-mon1_170x250_850x560_png.rf.fb364dad854fc14ec940a6a6c2e5084f.jpg...

image 1/1 /home/admin/Documents/FEUP-CV/proj/task2/../datasets/extra-1/data/valid/480_sct-mon1_170x250_850x560_png.rf.fb364dad854fc14ec940a6a6c2e5084f.jpg: 640x640 1 pool_table, 7.4ms
Speed: 1.8ms preprocess, 7.4ms inference, 12.1ms postprocess per image at shape (1, 3, 640, 640)
Processing extra-4/data/train/IMG_6337_png.rf.08e68d1df3393b37b2bfb59eea3f2023.jpg...

image 1/1 /home/admin/Documents/FEUP-CV/proj/task2/../datasets/extra-4/data/train/IMG_6337_png.rf.08e68d1df3393b37b2bfb59eea3f2023.jpg: 480x640 1 pool_table, 32.1ms
Speed: 2.3ms preprocess, 32.1ms inference, 12.0ms postprocess per image at shape (1, 3, 480, 640)
Processing extra-4/data/train/IMG_6390_png.rf.bf32a15dd6f22c4edaf5845fcc88c932.jpg...

image 1/1 /home/admin/Documents/FEUP-CV/proj/task2/../datasets/extra-4/data/train/IMG_6390_png.rf.bf32a15dd6f22c4edaf5845fcc88c932.jpg: 640x480 1 pool_table, 30.9ms
Speed: 1.7ms preprocess, 30.9ms inference, 9.0ms postprocess per image at shape (1, 3, 640, 480)
Processing extra-4/data/train/IMG_6395_png.rf.7720d5cff56e31b548e1eff5c66d2d8a.jpg...

image 1/1 /home/admin/Documents/FEUP-CV/proj/task2/../datasets/extra-4/data/train/IMG_6395_png.rf.7720d5cff56e31b548e1eff5c66d2d8a.jpg: 480x640 (no detections), 14.2ms
Speed: 2.6ms preprocess, 14.2ms inference, 4.8ms postprocess per image at shape (1, 3, 480, 640)
Processing extra-4/data/train/IMG_6603_png.rf.96ad50c2710a6699edfc4b0b10ff2610.jpg...

image 1/1 /home/admin/Documents/FEUP-CV/proj/task2/../datasets/extra-4/data/train/IMG_6603_png.rf.96ad50c2710a6699edfc4b0b10ff2610.jpg: 480x640 1 pool_table, 7.1ms
Speed: 1.2ms preprocess, 7.1ms inference, 6.8ms postprocess per image at shape (1, 3, 480, 640)
Processing extra-4/data/train/IMG_6368_png.rf.113e5dc9d66f7e5f077ef9416399795c.jpg...

image 1/1 /home/admin/Documents/FEUP-CV/proj/task2/../datasets/extra-4/data/train/IMG_6368_png.rf.113e5dc9d66f7e5f077ef9416399795c.jpg: 640x480 1 pool_table, 14.4ms
Speed: 2.5ms preprocess, 14.4ms inference, 12.1ms postprocess per image at shape (1, 3, 640, 480)
Processing extra-4/data/train/IMG_6368_png.rf.84e94f23ab766bb6f76ac4f2431b058a.jpg...

image 1/1 /home/admin/Documents/FEUP-CV/proj/task2/../datasets/extra-4/data/train/IMG_6368_png.rf.84e94f23ab766bb6f76ac4f2431b058a.jpg: 640x480 1 pool_table, 7.1ms
Speed: 1.2ms preprocess, 7.1ms inference, 12.1ms postprocess per image at shape (1, 3, 640, 480)
Processing extra-4/data/train/IMG_6366_png.rf.d93ec473c34e7e5d6188a3b6cfb7eb55.jpg...

image 1/1 /home/admin/Documents/FEUP-CV/proj/task2/../datasets/extra-4/data/train/IMG_6366_png.rf.d93ec473c34e7e5d6188a3b6cfb7eb55.jpg: 640x480 2 pool_tables, 6.5ms
Speed: 2.4ms preprocess, 6.5ms inference, 1.4ms postprocess per image at shape (1, 3, 640, 480)
Processing extra-4/data/train/IMG_6400_png.rf.8abf1a95f3a2d1e8da3f7d60a320cae9.jpg...

image 1/1 /home/admin/Documents/FEUP-CV/proj/task2/../datasets/extra-4/data/train/IMG_6400_png.rf.8abf1a95f3a2d1e8da3f7d60a320cae9.jpg: 480x640 1 pool_table, 14.3ms
Speed: 2.3ms preprocess, 14.3ms inference, 12.1ms postprocess per image at shape (1, 3, 480, 640)
Processing extra-4/data/train/IMG_6337_png.rf.8b9c09df01f05c68e44fd902435ae6d4.jpg...

image 1/1 /home/admin/Documents/FEUP-CV/proj/task2/../datasets/extra-4/data/train/IMG_6337_png.rf.8b9c09df01f05c68e44fd902435ae6d4.jpg: 480x640 2 pool_tables, 7.1ms
Speed: 1.7ms preprocess, 7.1ms inference, 12.1ms postprocess per image at shape (1, 3, 480, 640)
Processing extra-4/data/train/IMG_6414_png.rf.0ba202f6e391d20831a4f50d68e560d6.jpg...

image 1/1 /home/admin/Documents/FEUP-CV/proj/task2/../datasets/extra-4/data/train/IMG_6414_png.rf.0ba202f6e391d20831a4f50d68e560d6.jpg: 640x480 1 pool_table, 5.1ms
Speed: 2.8ms preprocess, 5.1ms inference, 1.4ms postprocess per image at shape (1, 3, 640, 480)
Processing extra-4/data/train/IMG_6488_png.rf.f1a904c9e7197c6a987f8502e0b28d97.jpg...

image 1/1 /home/admin/Documents/FEUP-CV/proj/task2/../datasets/extra-4/data/train/IMG_6488_png.rf.f1a904c9e7197c6a987f8502e0b28d97.jpg: 480x640 1 pool_table, 14.1ms
Speed: 2.5ms preprocess, 14.1ms inference, 12.2ms postprocess per image at shape (1, 3, 480, 640)
Processing extra-4/data/train/IMG_6603_png.rf.036db5f1d4429f10a62b070cf4a81f6f.jpg...

image 1/1 /home/admin/Documents/FEUP-CV/proj/task2/../datasets/extra-4/data/train/IMG_6603_png.rf.036db5f1d4429f10a62b070cf4a81f6f.jpg: 480x640 1 pool_table, 7.1ms
Speed: 2.4ms preprocess, 7.1ms inference, 12.1ms postprocess per image at shape (1, 3, 480, 640)
Processing extra-4/data/train/IMG_6441_png.rf.580b99ea1f3ea285186a50b2151dfc51.jpg...

image 1/1 /home/admin/Documents/FEUP-CV/proj/task2/../datasets/extra-4/data/train/IMG_6441_png.rf.580b99ea1f3ea285186a50b2151dfc51.jpg: 480x640 2 pool_tables, 4.2ms
Speed: 3.1ms preprocess, 4.2ms inference, 1.4ms postprocess per image at shape (1, 3, 480, 640)
Processing extra-4/data/train/IMG_6501_png.rf.d2d328e37ddf67a94fcdf3a5135f6129.jpg...

image 1/1 /home/admin/Documents/FEUP-CV/proj/task2/../datasets/extra-4/data/train/IMG_6501_png.rf.d2d328e37ddf67a94fcdf3a5135f6129.jpg: 480x640 1 pool_table, 7.0ms
Speed: 1.4ms preprocess, 7.0ms inference, 12.1ms postprocess per image at shape (1, 3, 480, 640)
Processing extra-4/data/train/IMG_6417_png.rf.201c3ebf94a5c6a751f38f9543e6b5c8.jpg...

image 1/1 /home/admin/Documents/FEUP-CV/proj/task2/../datasets/extra-4/data/train/IMG_6417_png.rf.201c3ebf94a5c6a751f38f9543e6b5c8.jpg: 640x480 1 pool_table, 4.9ms
Speed: 2.2ms preprocess, 4.9ms inference, 1.4ms postprocess per image at shape (1, 3, 640, 480)
Processing extra-4/data/train/IMG_6503_png.rf.9905210fd23f1f6937a70ad16922d0b1.jpg...

image 1/1 /home/admin/Documents/FEUP-CV/proj/task2/../datasets/extra-4/data/train/IMG_6503_png.rf.9905210fd23f1f6937a70ad16922d0b1.jpg: 480x640 1 pool_table, 14.3ms
Speed: 2.9ms preprocess, 14.3ms inference, 12.1ms postprocess per image at shape (1, 3, 480, 640)
Processing extra-4/data/train/IMG_6378_png.rf.865c3bbef71189e62b705ee23379b868.jpg...

image 1/1 /home/admin/Documents/FEUP-CV/proj/task2/../datasets/extra-4/data/train/IMG_6378_png.rf.865c3bbef71189e62b705ee23379b868.jpg: 640x480 1 pool_table, 14.3ms
Speed: 2.4ms preprocess, 14.3ms inference, 12.0ms postprocess per image at shape (1, 3, 640, 480)
Processing extra-4/data/train/IMG_6431_png.rf.682b1bbc0ce0abbaa9eca3ea7e980ba4.jpg...

image 1/1 /home/admin/Documents/FEUP-CV/proj/task2/../datasets/extra-4/data/train/IMG_6431_png.rf.682b1bbc0ce0abbaa9eca3ea7e980ba4.jpg: 480x640 1 pool_table, 14.3ms
Speed: 2.8ms preprocess, 14.3ms inference, 12.1ms postprocess per image at shape (1, 3, 480, 640)
Processing extra-4/data/train/IMG_6573_png.rf.8b04c1b4853e8e05f77cb7559a07089b.jpg...

image 1/1 /home/admin/Documents/FEUP-CV/proj/task2/../datasets/extra-4/data/train/IMG_6573_png.rf.8b04c1b4853e8e05f77cb7559a07089b.jpg: 480x640 1 pool_table, 7.0ms
Speed: 2.2ms preprocess, 7.0ms inference, 12.1ms postprocess per image at shape (1, 3, 480, 640)
Processing extra-4/data/train/IMG_6594_png.rf.c8afb1e64723cbb69a9843aa31b36a57.jpg...

image 1/1 /home/admin/Documents/FEUP-CV/proj/task2/../datasets/extra-4/data/train/IMG_6594_png.rf.c8afb1e64723cbb69a9843aa31b36a57.jpg: 480x640 1 pool_table, 7.0ms
Speed: 1.7ms preprocess, 7.0ms inference, 4.8ms postprocess per image at shape (1, 3, 480, 640)
Processing extra-4/data/train/IMG_6395_png.rf.cfa17c12a551cf68ac426e912abf2102.jpg...

image 1/1 /home/admin/Documents/FEUP-CV/proj/task2/../datasets/extra-4/data/train/IMG_6395_png.rf.cfa17c12a551cf68ac426e912abf2102.jpg: 480x640 (no detections), 7.0ms
Speed: 1.4ms preprocess, 7.0ms inference, 4.8ms postprocess per image at shape (1, 3, 480, 640)
Processing extra-4/data/train/IMG_6493_png.rf.d89aa625f06a5213e8a9837a318b819d.jpg...

image 1/1 /home/admin/Documents/FEUP-CV/proj/task2/../datasets/extra-4/data/train/IMG_6493_png.rf.d89aa625f06a5213e8a9837a318b819d.jpg: 480x640 1 pool_table, 7.0ms
Speed: 1.0ms preprocess, 7.0ms inference, 12.1ms postprocess per image at shape (1, 3, 480, 640)
Processing extra-4/data/train/IMG_6314_png.rf.b2c6accff7f486a7dd2ee6e324bcd20a.jpg...

image 1/1 /home/admin/Documents/FEUP-CV/proj/task2/../datasets/extra-4/data/train/IMG_6314_png.rf.b2c6accff7f486a7dd2ee6e324bcd20a.jpg: 480x640 1 pool_table, 7.1ms
Speed: 3.0ms preprocess, 7.1ms inference, 12.1ms postprocess per image at shape (1, 3, 480, 640)
Processing extra-4/data/train/IMG_6321_png.rf.bb56901d9a335959b5e0ba1c7ed4f8f6.jpg...

image 1/1 /home/admin/Documents/FEUP-CV/proj/task2/../datasets/extra-4/data/train/IMG_6321_png.rf.bb56901d9a335959b5e0ba1c7ed4f8f6.jpg: 480x640 1 pool_table, 7.2ms
Speed: 3.0ms preprocess, 7.2ms inference, 12.2ms postprocess per image at shape (1, 3, 480, 640)
Processing extra-4/data/train/IMG_6350_png.rf.1ba0eb3f954b5c4eaf9c6b1dfdbd3ed2.jpg...

image 1/1 /home/admin/Documents/FEUP-CV/proj/task2/../datasets/extra-4/data/train/IMG_6350_png.rf.1ba0eb3f954b5c4eaf9c6b1dfdbd3ed2.jpg: 640x480 1 pool_table, 14.5ms
Speed: 3.1ms preprocess, 14.5ms inference, 12.2ms postprocess per image at shape (1, 3, 640, 480)
Processing extra-4/data/train/IMG_6393_png.rf.0e73ccf99ffb46c746ca8488230ac9dd.jpg...

image 1/1 /home/admin/Documents/FEUP-CV/proj/task2/../datasets/extra-4/data/train/IMG_6393_png.rf.0e73ccf99ffb46c746ca8488230ac9dd.jpg: 640x480 1 pool_table, 7.2ms
Speed: 2.9ms preprocess, 7.2ms inference, 12.2ms postprocess per image at shape (1, 3, 640, 480)
Processing extra-4/data/train/IMG_6389_png.rf.e2aea890625f7da8f196d067542ea074.jpg...

image 1/1 /home/admin/Documents/FEUP-CV/proj/task2/../datasets/extra-4/data/train/IMG_6389_png.rf.e2aea890625f7da8f196d067542ea074.jpg: 640x480 1 pool_table, 7.1ms
Speed: 2.7ms preprocess, 7.1ms inference, 12.2ms postprocess per image at shape (1, 3, 640, 480)
Processing extra-4/data/train/IMG_6432_png.rf.104549c00559fe721237668eba6633ef.jpg...

image 1/1 /home/admin/Documents/FEUP-CV/proj/task2/../datasets/extra-4/data/train/IMG_6432_png.rf.104549c00559fe721237668eba6633ef.jpg: 480x640 1 pool_table, 14.6ms
Speed: 2.8ms preprocess, 14.6ms inference, 12.4ms postprocess per image at shape (1, 3, 480, 640)
Processing extra-4/data/train/IMG_6373_png.rf.b931de9f2507f4d7eab72ee9432baa71.jpg...

image 1/1 /home/admin/Documents/FEUP-CV/proj/task2/../datasets/extra-4/data/train/IMG_6373_png.rf.b931de9f2507f4d7eab72ee9432baa71.jpg: 640x480 1 pool_table, 14.8ms
Speed: 3.0ms preprocess, 14.8ms inference, 12.4ms postprocess per image at shape (1, 3, 640, 480)
Processing extra-4/data/train/IMG_6442_png.rf.e5afa56896d95ba9956f6033b7cb5acf.jpg...

image 1/1 /home/admin/Documents/FEUP-CV/proj/task2/../datasets/extra-4/data/train/IMG_6442_png.rf.e5afa56896d95ba9956f6033b7cb5acf.jpg: 640x480 1 pool_table, 7.4ms
Speed: 1.2ms preprocess, 7.4ms inference, 12.3ms postprocess per image at shape (1, 3, 640, 480)
Processing extra-4/data/train/IMG_6397_png.rf.c0ee8d389f1ab0d5833e033a76e6c98d.jpg...

image 1/1 /home/admin/Documents/FEUP-CV/proj/task2/../datasets/extra-4/data/train/IMG_6397_png.rf.c0ee8d389f1ab0d5833e033a76e6c98d.jpg: 480x640 1 pool_table, 14.8ms
Speed: 2.1ms preprocess, 14.8ms inference, 12.4ms postprocess per image at shape (1, 3, 480, 640)
Processing extra-4/data/train/IMG_6439_png.rf.f453f31596cc6a83831b84d13d3234d1.jpg...

image 1/1 /home/admin/Documents/FEUP-CV/proj/task2/../datasets/extra-4/data/train/IMG_6439_png.rf.f453f31596cc6a83831b84d13d3234d1.jpg: 480x640 1 pool_table, 7.4ms
Speed: 3.1ms preprocess, 7.4ms inference, 12.3ms postprocess per image at shape (1, 3, 480, 640)
Processing extra-4/data/train/IMG_6339_png.rf.5b8ff4aa0cceef3470f87d2a1f773872.jpg...

image 1/1 /home/admin/Documents/FEUP-CV/proj/task2/../datasets/extra-4/data/train/IMG_6339_png.rf.5b8ff4aa0cceef3470f87d2a1f773872.jpg: 480x640 1 pool_table, 7.1ms
Speed: 1.5ms preprocess, 7.1ms inference, 12.1ms postprocess per image at shape (1, 3, 480, 640)
Processing extra-4/data/train/IMG_6502_png.rf.cdb8ea0027f541179c5651f3a28486a9.jpg...

image 1/1 /home/admin/Documents/FEUP-CV/proj/task2/../datasets/extra-4/data/train/IMG_6502_png.rf.cdb8ea0027f541179c5651f3a28486a9.jpg: 480x640 1 pool_table, 7.2ms
Speed: 2.7ms preprocess, 7.2ms inference, 12.1ms postprocess per image at shape (1, 3, 480, 640)
Processing extra-4/data/train/IMG_6374_png.rf.39067174b61b40b40220dc837feea33b.jpg...

image 1/1 /home/admin/Documents/FEUP-CV/proj/task2/../datasets/extra-4/data/train/IMG_6374_png.rf.39067174b61b40b40220dc837feea33b.jpg: 640x480 2 pool_tables, 14.6ms
Speed: 1.3ms preprocess, 14.6ms inference, 12.3ms postprocess per image at shape (1, 3, 640, 480)
Processing extra-4/data/train/IMG_6598_png.rf.9d77f2e52ad97b32186550e6f81a3a9c.jpg...

image 1/1 /home/admin/Documents/FEUP-CV/proj/task2/../datasets/extra-4/data/train/IMG_6598_png.rf.9d77f2e52ad97b32186550e6f81a3a9c.jpg: 640x480 1 pool_table, 7.2ms
Speed: 1.4ms preprocess, 7.2ms inference, 12.3ms postprocess per image at shape (1, 3, 640, 480)
Processing extra-4/data/train/IMG_6483_png.rf.83fc8775268a0afcdd7129d14da6e57c.jpg...

image 1/1 /home/admin/Documents/FEUP-CV/proj/task2/../datasets/extra-4/data/train/IMG_6483_png.rf.83fc8775268a0afcdd7129d14da6e57c.jpg: 480x640 1 pool_table, 14.5ms
Speed: 1.8ms preprocess, 14.5ms inference, 12.2ms postprocess per image at shape (1, 3, 480, 640)
Processing extra-4/data/train/IMG_6578_png.rf.bfcffdbdb6ea964e291d2084d1554ef3.jpg...

image 1/1 /home/admin/Documents/FEUP-CV/proj/task2/../datasets/extra-4/data/train/IMG_6578_png.rf.bfcffdbdb6ea964e291d2084d1554ef3.jpg: 640x480 1 pool_table, 14.8ms
Speed: 2.4ms preprocess, 14.8ms inference, 12.4ms postprocess per image at shape (1, 3, 640, 480)
Processing extra-4/data/train/IMG_6397_png.rf.3b7ae8cfd5edce343f72c2284c06b57f.jpg...

image 1/1 /home/admin/Documents/FEUP-CV/proj/task2/../datasets/extra-4/data/train/IMG_6397_png.rf.3b7ae8cfd5edce343f72c2284c06b57f.jpg: 480x640 1 pool_table, 14.9ms
Speed: 1.3ms preprocess, 14.9ms inference, 12.4ms postprocess per image at shape (1, 3, 480, 640)
Processing extra-4/data/train/IMG_6484_png.rf.65341e71b74c4678b3614a38a50fbc2a.jpg...

image 1/1 /home/admin/Documents/FEUP-CV/proj/task2/../datasets/extra-4/data/train/IMG_6484_png.rf.65341e71b74c4678b3614a38a50fbc2a.jpg: 480x640 (no detections), 7.5ms
Speed: 2.9ms preprocess, 7.5ms inference, 4.9ms postprocess per image at shape (1, 3, 480, 640)
Processing extra-4/data/train/IMG_6502_png.rf.a8cf093e71ecca88e3740fec657bae9b.jpg...

image 1/1 /home/admin/Documents/FEUP-CV/proj/task2/../datasets/extra-4/data/train/IMG_6502_png.rf.a8cf093e71ecca88e3740fec657bae9b.jpg: 480x640 1 pool_table, 7.5ms
Speed: 3.1ms preprocess, 7.5ms inference, 12.3ms postprocess per image at shape (1, 3, 480, 640)
Processing extra-4/data/train/IMG_6352_png.rf.b14235993f9c925a460539645fa7a4be.jpg...

image 1/1 /home/admin/Documents/FEUP-CV/proj/task2/../datasets/extra-4/data/train/IMG_6352_png.rf.b14235993f9c925a460539645fa7a4be.jpg: 640x480 1 pool_table, 14.8ms
Speed: 3.1ms preprocess, 14.8ms inference, 12.3ms postprocess per image at shape (1, 3, 640, 480)
Processing extra-4/data/train/IMG_6446_png.rf.eb5e1b118feb23624ea7efdd5f8c727b.jpg...

image 1/1 /home/admin/Documents/FEUP-CV/proj/task2/../datasets/extra-4/data/train/IMG_6446_png.rf.eb5e1b118feb23624ea7efdd5f8c727b.jpg: 480x640 2 pool_tables, 14.6ms
Speed: 1.9ms preprocess, 14.6ms inference, 12.2ms postprocess per image at shape (1, 3, 480, 640)
Processing extra-4/data/train/IMG_6433_png.rf.cf9109a39b64796e02585d177beb62dd.jpg...

image 1/1 /home/admin/Documents/FEUP-CV/proj/task2/../datasets/extra-4/data/train/IMG_6433_png.rf.cf9109a39b64796e02585d177beb62dd.jpg: 640x480 1 pool_table, 14.6ms
Speed: 3.0ms preprocess, 14.6ms inference, 12.2ms postprocess per image at shape (1, 3, 640, 480)
Processing extra-4/data/train/IMG_6416_png.rf.91549e730e936ac64022430226468961.jpg...

image 1/1 /home/admin/Documents/FEUP-CV/proj/task2/../datasets/extra-4/data/train/IMG_6416_png.rf.91549e730e936ac64022430226468961.jpg: 480x640 1 pool_table, 14.6ms
Speed: 1.5ms preprocess, 14.6ms inference, 12.3ms postprocess per image at shape (1, 3, 480, 640)
Processing extra-4/data/train/IMG_6327_png.rf.85b23ed2b222f936f97e6d219fe659f9.jpg...

image 1/1 /home/admin/Documents/FEUP-CV/proj/task2/../datasets/extra-4/data/train/IMG_6327_png.rf.85b23ed2b222f936f97e6d219fe659f9.jpg: 480x640 1 pool_table, 7.3ms
Speed: 1.6ms preprocess, 7.3ms inference, 12.3ms postprocess per image at shape (1, 3, 480, 640)
Processing extra-4/data/train/IMG_6446_png.rf.10914c0bdd35492c6f643a3bfcda1ae6.jpg...

image 1/1 /home/admin/Documents/FEUP-CV/proj/task2/../datasets/extra-4/data/train/IMG_6446_png.rf.10914c0bdd35492c6f643a3bfcda1ae6.jpg: 480x640 (no detections), 7.3ms
Speed: 1.3ms preprocess, 7.3ms inference, 4.9ms postprocess per image at shape (1, 3, 480, 640)
Processing extra-4/data/train/IMG_6313_png.rf.0da118acf8c0b9fa622e4ecddeb0b90a.jpg...

image 1/1 /home/admin/Documents/FEUP-CV/proj/task2/../datasets/extra-4/data/train/IMG_6313_png.rf.0da118acf8c0b9fa622e4ecddeb0b90a.jpg: 480x640 1 pool_table, 7.4ms
Speed: 1.3ms preprocess, 7.4ms inference, 12.2ms postprocess per image at shape (1, 3, 480, 640)
Processing extra-4/data/train/IMG_6315_png.rf.0b9bd17620e41fe20ca2e39484c74a3d.jpg...

image 1/1 /home/admin/Documents/FEUP-CV/proj/task2/../datasets/extra-4/data/train/IMG_6315_png.rf.0b9bd17620e41fe20ca2e39484c74a3d.jpg: 480x640 1 pool_table, 7.5ms
Speed: 1.2ms preprocess, 7.5ms inference, 12.4ms postprocess per image at shape (1, 3, 480, 640)
Processing extra-4/data/train/IMG_6567_png.rf.d1eb90b15daa7b5ad3776cd71683b2b7.jpg...

image 1/1 /home/admin/Documents/FEUP-CV/proj/task2/../datasets/extra-4/data/train/IMG_6567_png.rf.d1eb90b15daa7b5ad3776cd71683b2b7.jpg: 640x480 1 pool_table, 14.8ms
Speed: 3.1ms preprocess, 14.8ms inference, 12.3ms postprocess per image at shape (1, 3, 640, 480)
Processing extra-4/data/train/IMG_6492_png.rf.aa2c1786394cb2729889dce5f8eaec13.jpg...

image 1/1 /home/admin/Documents/FEUP-CV/proj/task2/../datasets/extra-4/data/train/IMG_6492_png.rf.aa2c1786394cb2729889dce5f8eaec13.jpg: 480x640 1 pool_table, 14.8ms
Speed: 1.7ms preprocess, 14.8ms inference, 12.4ms postprocess per image at shape (1, 3, 480, 640)
Processing extra-4/data/train/IMG_6370_png.rf.5299f137ca082285097e7a01adc36d2f.jpg...

image 1/1 /home/admin/Documents/FEUP-CV/proj/task2/../datasets/extra-4/data/train/IMG_6370_png.rf.5299f137ca082285097e7a01adc36d2f.jpg: 640x480 1 pool_table, 14.7ms
Speed: 1.0ms preprocess, 14.7ms inference, 12.2ms postprocess per image at shape (1, 3, 640, 480)
Processing extra-4/data/train/IMG_6366_png.rf.1e6a05ce0d82e93297d5ddb3f9ffb4b1.jpg...

image 1/1 /home/admin/Documents/FEUP-CV/proj/task2/../datasets/extra-4/data/train/IMG_6366_png.rf.1e6a05ce0d82e93297d5ddb3f9ffb4b1.jpg: 640x480 1 pool_table, 7.5ms
Speed: 3.0ms preprocess, 7.5ms inference, 12.3ms postprocess per image at shape (1, 3, 640, 480)
Processing extra-4/data/train/IMG_6390_png.rf.9d32a5b07f837a333440f9b2b308a32e.jpg...

image 1/1 /home/admin/Documents/FEUP-CV/proj/task2/../datasets/extra-4/data/train/IMG_6390_png.rf.9d32a5b07f837a333440f9b2b308a32e.jpg: 640x480 1 pool_table, 7.4ms
Speed: 1.4ms preprocess, 7.4ms inference, 12.3ms postprocess per image at shape (1, 3, 640, 480)
Processing extra-4/data/train/IMG_6514_png.rf.c66efee7e33a2cda7a50eee5aff2b708.jpg...

image 1/1 /home/admin/Documents/FEUP-CV/proj/task2/../datasets/extra-4/data/train/IMG_6514_png.rf.c66efee7e33a2cda7a50eee5aff2b708.jpg: 480x640 1 pool_table, 14.6ms
Speed: 1.4ms preprocess, 14.6ms inference, 12.3ms postprocess per image at shape (1, 3, 480, 640)
Processing extra-4/data/train/IMG_6610_png.rf.d3af80bc5f3dc6bbeba632fc1da7ca2b.jpg...

image 1/1 /home/admin/Documents/FEUP-CV/proj/task2/../datasets/extra-4/data/train/IMG_6610_png.rf.d3af80bc5f3dc6bbeba632fc1da7ca2b.jpg: 480x640 1 pool_table, 7.4ms
Speed: 2.1ms preprocess, 7.4ms inference, 12.4ms postprocess per image at shape (1, 3, 480, 640)
Processing extra-4/data/train/IMG_6430_png.rf.490482c34fd5e772497a754d82ba710e.jpg...

image 1/1 /home/admin/Documents/FEUP-CV/proj/task2/../datasets/extra-4/data/train/IMG_6430_png.rf.490482c34fd5e772497a754d82ba710e.jpg: 640x480 1 pool_table, 14.8ms
Speed: 1.7ms preprocess, 14.8ms inference, 12.4ms postprocess per image at shape (1, 3, 640, 480)
Processing extra-4/data/train/IMG_6578_png.rf.6284197fa8341107e6620b356c172724.jpg...

image 1/1 /home/admin/Documents/FEUP-CV/proj/task2/../datasets/extra-4/data/train/IMG_6578_png.rf.6284197fa8341107e6620b356c172724.jpg: 640x480 1 pool_table, 7.4ms
Speed: 1.0ms preprocess, 7.4ms inference, 12.3ms postprocess per image at shape (1, 3, 640, 480)
Processing extra-4/data/train/IMG_6484_png.rf.63b26e76e34a0435ec055b5e7e0a5d42.jpg...

image 1/1 /home/admin/Documents/FEUP-CV/proj/task2/../datasets/extra-4/data/train/IMG_6484_png.rf.63b26e76e34a0435ec055b5e7e0a5d42.jpg: 480x640 1 pool_table, 14.9ms
Speed: 2.6ms preprocess, 14.9ms inference, 12.4ms postprocess per image at shape (1, 3, 480, 640)
Processing extra-4/data/train/IMG_6316_png.rf.7241f1c277ecef130439b1887b35b400.jpg...

image 1/1 /home/admin/Documents/FEUP-CV/proj/task2/../datasets/extra-4/data/train/IMG_6316_png.rf.7241f1c277ecef130439b1887b35b400.jpg: 480x640 2 pool_tables, 7.5ms
Speed: 1.8ms preprocess, 7.5ms inference, 12.3ms postprocess per image at shape (1, 3, 480, 640)
Processing extra-4/data/train/IMG_6483_png.rf.f87934d0e2abdaccab37368071cd927f.jpg...

image 1/1 /home/admin/Documents/FEUP-CV/proj/task2/../datasets/extra-4/data/train/IMG_6483_png.rf.f87934d0e2abdaccab37368071cd927f.jpg: 480x640 1 pool_table, 7.4ms
Speed: 2.2ms preprocess, 7.4ms inference, 12.3ms postprocess per image at shape (1, 3, 480, 640)
Processing extra-4/data/train/IMG_6420_png.rf.59fded7eaa95153f0c584c6015bf6141.jpg...

image 1/1 /home/admin/Documents/FEUP-CV/proj/task2/../datasets/extra-4/data/train/IMG_6420_png.rf.59fded7eaa95153f0c584c6015bf6141.jpg: 480x640 1 pool_table, 7.4ms
Speed: 2.1ms preprocess, 7.4ms inference, 12.3ms postprocess per image at shape (1, 3, 480, 640)
Processing extra-4/data/train/IMG_6327_png.rf.cf5b1bf6a07c54959b9f5755bb355264.jpg...

image 1/1 /home/admin/Documents/FEUP-CV/proj/task2/../datasets/extra-4/data/train/IMG_6327_png.rf.cf5b1bf6a07c54959b9f5755bb355264.jpg: 480x640 2 pool_tables, 7.4ms
Speed: 3.1ms preprocess, 7.4ms inference, 12.2ms postprocess per image at shape (1, 3, 480, 640)
Processing extra-4/data/train/IMG_6433_png.rf.051d46767dee64dcc14e262a85bf8728.jpg...

image 1/1 /home/admin/Documents/FEUP-CV/proj/task2/../datasets/extra-4/data/train/IMG_6433_png.rf.051d46767dee64dcc14e262a85bf8728.jpg: 640x480 1 pool_table, 14.8ms
Speed: 1.8ms preprocess, 14.8ms inference, 12.2ms postprocess per image at shape (1, 3, 640, 480)
Processing extra-4/data/train/IMG_6501_png.rf.11982e2306ec56cd0ad001d156541656.jpg...

image 1/1 /home/admin/Documents/FEUP-CV/proj/task2/../datasets/extra-4/data/train/IMG_6501_png.rf.11982e2306ec56cd0ad001d156541656.jpg: 480x640 1 pool_table, 14.7ms
Speed: 1.8ms preprocess, 14.7ms inference, 12.3ms postprocess per image at shape (1, 3, 480, 640)
Processing extra-4/data/train/IMG_6482_png.rf.f4c25bb86c831f45338756c69739009c.jpg...

image 1/1 /home/admin/Documents/FEUP-CV/proj/task2/../datasets/extra-4/data/train/IMG_6482_png.rf.f4c25bb86c831f45338756c69739009c.jpg: 480x640 1 pool_table, 7.3ms
Speed: 2.9ms preprocess, 7.3ms inference, 12.3ms postprocess per image at shape (1, 3, 480, 640)
Processing extra-4/data/train/IMG_6370_png.rf.6baecbe3a3662ada26aa7f2e36f7c287.jpg...

image 1/1 /home/admin/Documents/FEUP-CV/proj/task2/../datasets/extra-4/data/train/IMG_6370_png.rf.6baecbe3a3662ada26aa7f2e36f7c287.jpg: 640x480 1 pool_table, 14.7ms
Speed: 1.7ms preprocess, 14.7ms inference, 12.3ms postprocess per image at shape (1, 3, 640, 480)
Processing extra-4/data/train/IMG_6326_png.rf.22552b0f856c188e5b00ef4f9c3df3e7.jpg...

image 1/1 /home/admin/Documents/FEUP-CV/proj/task2/../datasets/extra-4/data/train/IMG_6326_png.rf.22552b0f856c188e5b00ef4f9c3df3e7.jpg: 480x640 1 pool_table, 14.9ms
Speed: 2.4ms preprocess, 14.9ms inference, 12.3ms postprocess per image at shape (1, 3, 480, 640)
Processing extra-4/data/train/IMG_6374_png.rf.6f5a880e92947afacdae0f9f333e0cd7.jpg...

image 1/1 /home/admin/Documents/FEUP-CV/proj/task2/../datasets/extra-4/data/train/IMG_6374_png.rf.6f5a880e92947afacdae0f9f333e0cd7.jpg: 640x480 2 pool_tables, 14.9ms
Speed: 1.0ms preprocess, 14.9ms inference, 12.3ms postprocess per image at shape (1, 3, 640, 480)
Processing extra-4/data/train/IMG_6492_png.rf.93cbe83b0dca64586f6b75334d168736.jpg...

image 1/1 /home/admin/Documents/FEUP-CV/proj/task2/../datasets/extra-4/data/train/IMG_6492_png.rf.93cbe83b0dca64586f6b75334d168736.jpg: 480x640 1 pool_table, 14.9ms
Speed: 2.8ms preprocess, 14.9ms inference, 12.3ms postprocess per image at shape (1, 3, 480, 640)
Processing extra-4/data/train/IMG_6431_png.rf.b44000bda1ce436c0373f03ddaf60cfd.jpg...

image 1/1 /home/admin/Documents/FEUP-CV/proj/task2/../datasets/extra-4/data/train/IMG_6431_png.rf.b44000bda1ce436c0373f03ddaf60cfd.jpg: 480x640 1 pool_table, 7.4ms
Speed: 2.6ms preprocess, 7.4ms inference, 12.3ms postprocess per image at shape (1, 3, 480, 640)
Processing extra-4/data/train/IMG_6355_png.rf.649955b86fe9ae61fcc88d272d48ce9d.jpg...

image 1/1 /home/admin/Documents/FEUP-CV/proj/task2/../datasets/extra-4/data/train/IMG_6355_png.rf.649955b86fe9ae61fcc88d272d48ce9d.jpg: 640x480 1 pool_table, 14.9ms
Speed: 2.5ms preprocess, 14.9ms inference, 12.3ms postprocess per image at shape (1, 3, 640, 480)
Processing extra-4/data/train/IMG_6512_png.rf.6f56170016dbb452dce1d8316fa5fd7a.jpg...

image 1/1 /home/admin/Documents/FEUP-CV/proj/task2/../datasets/extra-4/data/train/IMG_6512_png.rf.6f56170016dbb452dce1d8316fa5fd7a.jpg: 480x640 (no detections), 14.7ms
Speed: 2.0ms preprocess, 14.7ms inference, 4.9ms postprocess per image at shape (1, 3, 480, 640)
Processing extra-4/data/train/IMG_6588_png.rf.293b1d63a57934148a386f39da698d1f.jpg...

image 1/1 /home/admin/Documents/FEUP-CV/proj/task2/../datasets/extra-4/data/train/IMG_6588_png.rf.293b1d63a57934148a386f39da698d1f.jpg: 480x640 1 pool_table, 7.4ms
Speed: 1.9ms preprocess, 7.4ms inference, 12.3ms postprocess per image at shape (1, 3, 480, 640)
Processing extra-4/data/train/IMG_6430_png.rf.70613ad4971a2d9b1a03f263fdf0783c.jpg...

image 1/1 /home/admin/Documents/FEUP-CV/proj/task2/../datasets/extra-4/data/train/IMG_6430_png.rf.70613ad4971a2d9b1a03f263fdf0783c.jpg: 640x480 1 pool_table, 14.7ms
Speed: 2.9ms preprocess, 14.7ms inference, 12.3ms postprocess per image at shape (1, 3, 640, 480)
Processing extra-4/data/train/IMG_6386_png.rf.dc5a150a8ca0842b566ab80a75a8c4d8.jpg...

image 1/1 /home/admin/Documents/FEUP-CV/proj/task2/../datasets/extra-4/data/train/IMG_6386_png.rf.dc5a150a8ca0842b566ab80a75a8c4d8.jpg: 640x480 1 pool_table, 7.4ms
Speed: 2.0ms preprocess, 7.4ms inference, 12.3ms postprocess per image at shape (1, 3, 640, 480)
Processing extra-4/data/train/IMG_6441_png.rf.95b8e9003c181f9e3846cf24c7e39e1b.jpg...

image 1/1 /home/admin/Documents/FEUP-CV/proj/task2/../datasets/extra-4/data/train/IMG_6441_png.rf.95b8e9003c181f9e3846cf24c7e39e1b.jpg: 480x640 1 pool_table, 14.7ms
Speed: 1.6ms preprocess, 14.7ms inference, 12.3ms postprocess per image at shape (1, 3, 480, 640)
Processing extra-4/data/train/IMG_6491_png.rf.1061ef770f68e48e42db4be50e61b750.jpg...

image 1/1 /home/admin/Documents/FEUP-CV/proj/task2/../datasets/extra-4/data/train/IMG_6491_png.rf.1061ef770f68e48e42db4be50e61b750.jpg: 480x640 1 pool_table, 7.5ms
Speed: 1.2ms preprocess, 7.5ms inference, 12.3ms postprocess per image at shape (1, 3, 480, 640)
Processing extra-4/data/train/IMG_6505_png.rf.86d49534c94c0bda365df63e15f17c2d.jpg...

image 1/1 /home/admin/Documents/FEUP-CV/proj/task2/../datasets/extra-4/data/train/IMG_6505_png.rf.86d49534c94c0bda365df63e15f17c2d.jpg: 480x640 1 pool_table, 7.5ms
Speed: 1.8ms preprocess, 7.5ms inference, 12.4ms postprocess per image at shape (1, 3, 480, 640)
Processing extra-4/data/train/IMG_6320_png.rf.3efe580a8daeb60bc895bd2cd38b55d9.jpg...

image 1/1 /home/admin/Documents/FEUP-CV/proj/task2/../datasets/extra-4/data/train/IMG_6320_png.rf.3efe580a8daeb60bc895bd2cd38b55d9.jpg: 480x640 1 pool_table, 7.4ms
Speed: 1.9ms preprocess, 7.4ms inference, 12.3ms postprocess per image at shape (1, 3, 480, 640)
Processing extra-4/data/train/IMG_6386_png.rf.6e211c69f5c5af0a9bef0e904995a90d.jpg...

image 1/1 /home/admin/Documents/FEUP-CV/proj/task2/../datasets/extra-4/data/train/IMG_6386_png.rf.6e211c69f5c5af0a9bef0e904995a90d.jpg: 640x480 1 pool_table, 14.9ms
Speed: 1.5ms preprocess, 14.9ms inference, 12.3ms postprocess per image at shape (1, 3, 640, 480)
Processing extra-4/data/train/IMG_6617_png.rf.c2aa1056953cdd46396687fe149db293.jpg...

image 1/1 /home/admin/Documents/FEUP-CV/proj/task2/../datasets/extra-4/data/train/IMG_6617_png.rf.c2aa1056953cdd46396687fe149db293.jpg: 640x480 1 pool_table, 7.4ms
Speed: 1.8ms preprocess, 7.4ms inference, 12.3ms postprocess per image at shape (1, 3, 640, 480)
Processing extra-4/data/train/IMG_6313_png.rf.58ff0858bbdb7c2dfa62336c35c4aa6d.jpg...

image 1/1 /home/admin/Documents/FEUP-CV/proj/task2/../datasets/extra-4/data/train/IMG_6313_png.rf.58ff0858bbdb7c2dfa62336c35c4aa6d.jpg: 480x640 1 pool_table, 14.8ms
Speed: 1.2ms preprocess, 14.8ms inference, 11.4ms postprocess per image at shape (1, 3, 480, 640)
Processing extra-4/data/train/IMG_6572_png.rf.b18b77fce4b9d43b60b2a3ad02487036.jpg...

image 1/1 /home/admin/Documents/FEUP-CV/proj/task2/../datasets/extra-4/data/train/IMG_6572_png.rf.b18b77fce4b9d43b60b2a3ad02487036.jpg: 480x640 1 pool_table, 4.3ms
Speed: 0.9ms preprocess, 4.3ms inference, 0.8ms postprocess per image at shape (1, 3, 480, 640)
Processing extra-4/data/train/IMG_6493_png.rf.417192825d715147578df31a1b8f07ba.jpg...

image 1/1 /home/admin/Documents/FEUP-CV/proj/task2/../datasets/extra-4/data/train/IMG_6493_png.rf.417192825d715147578df31a1b8f07ba.jpg: 480x640 1 pool_table, 7.3ms
Speed: 2.4ms preprocess, 7.3ms inference, 12.2ms postprocess per image at shape (1, 3, 480, 640)
Processing extra-4/data/train/IMG_6326_png.rf.62fd060a9b4f60b322d1e230b6bfe104.jpg...

image 1/1 /home/admin/Documents/FEUP-CV/proj/task2/../datasets/extra-4/data/train/IMG_6326_png.rf.62fd060a9b4f60b322d1e230b6bfe104.jpg: 480x640 1 pool_table, 4.2ms
Speed: 1.9ms preprocess, 4.2ms inference, 1.6ms postprocess per image at shape (1, 3, 480, 640)
Processing extra-4/data/train/IMG_6572_png.rf.515c26babb361022793214ff4560958d.jpg...

image 1/1 /home/admin/Documents/FEUP-CV/proj/task2/../datasets/extra-4/data/train/IMG_6572_png.rf.515c26babb361022793214ff4560958d.jpg: 480x640 1 pool_table, 7.2ms
Speed: 2.6ms preprocess, 7.2ms inference, 12.1ms postprocess per image at shape (1, 3, 480, 640)
Processing extra-4/data/train/IMG_6423_png.rf.b80aa2065a059cb88e86568eac26c68a.jpg...

image 1/1 /home/admin/Documents/FEUP-CV/proj/task2/../datasets/extra-4/data/train/IMG_6423_png.rf.b80aa2065a059cb88e86568eac26c68a.jpg: 640x480 1 pool_table, 5.2ms
Speed: 1.4ms preprocess, 5.2ms inference, 1.6ms postprocess per image at shape (1, 3, 640, 480)
Processing extra-4/data/train/IMG_6420_png.rf.4fb7dd4e297d9cae688e4d945f952350.jpg...

image 1/1 /home/admin/Documents/FEUP-CV/proj/task2/../datasets/extra-4/data/train/IMG_6420_png.rf.4fb7dd4e297d9cae688e4d945f952350.jpg: 480x640 1 pool_table, 14.5ms
Speed: 2.3ms preprocess, 14.5ms inference, 12.1ms postprocess per image at shape (1, 3, 480, 640)
Processing extra-4/data/train/IMG_6408_png.rf.7e24154073be0a8a95ed480530610ba9.jpg...

image 1/1 /home/admin/Documents/FEUP-CV/proj/task2/../datasets/extra-4/data/train/IMG_6408_png.rf.7e24154073be0a8a95ed480530610ba9.jpg: 480x640 1 pool_table, 7.1ms
Speed: 1.5ms preprocess, 7.1ms inference, 12.2ms postprocess per image at shape (1, 3, 480, 640)
Processing extra-4/data/train/IMG_6357_png.rf.85bc6612c43c614352f7021966b674dc.jpg...

image 1/1 /home/admin/Documents/FEUP-CV/proj/task2/../datasets/extra-4/data/train/IMG_6357_png.rf.85bc6612c43c614352f7021966b674dc.jpg: 640x480 1 pool_table, 5.3ms
Speed: 2.6ms preprocess, 5.3ms inference, 1.5ms postprocess per image at shape (1, 3, 640, 480)
Processing extra-4/data/train/IMG_6520_png.rf.4a999e9e786119f4dd1aaa9b1c845cc0.jpg...

image 1/1 /home/admin/Documents/FEUP-CV/proj/task2/../datasets/extra-4/data/train/IMG_6520_png.rf.4a999e9e786119f4dd1aaa9b1c845cc0.jpg: 480x640 1 pool_table, 14.4ms
Speed: 2.3ms preprocess, 14.4ms inference, 12.1ms postprocess per image at shape (1, 3, 480, 640)
Processing extra-4/data/train/IMG_6579_png.rf.8d82f29e190465e2ef62534bce57df9b.jpg...

image 1/1 /home/admin/Documents/FEUP-CV/proj/task2/../datasets/extra-4/data/train/IMG_6579_png.rf.8d82f29e190465e2ef62534bce57df9b.jpg: 640x480 1 pool_table, 14.4ms
Speed: 2.2ms preprocess, 14.4ms inference, 12.1ms postprocess per image at shape (1, 3, 640, 480)
Processing extra-4/data/train/IMG_6505_png.rf.8efcd4e364bc98392f75fd095fe9559a.jpg...

image 1/1 /home/admin/Documents/FEUP-CV/proj/task2/../datasets/extra-4/data/train/IMG_6505_png.rf.8efcd4e364bc98392f75fd095fe9559a.jpg: 480x640 1 pool_table, 14.3ms
Speed: 1.9ms preprocess, 14.3ms inference, 12.1ms postprocess per image at shape (1, 3, 480, 640)
Processing extra-4/data/train/IMG_6594_png.rf.4233169a61046cc1230e386140d30c8c.jpg...

image 1/1 /home/admin/Documents/FEUP-CV/proj/task2/../datasets/extra-4/data/train/IMG_6594_png.rf.4233169a61046cc1230e386140d30c8c.jpg: 480x640 1 pool_table, 7.1ms
Speed: 1.7ms preprocess, 7.1ms inference, 12.0ms postprocess per image at shape (1, 3, 480, 640)
Processing extra-4/data/train/IMG_6333_png.rf.b7867af7009cd9d5d29b33e6dd37be86.jpg...

image 1/1 /home/admin/Documents/FEUP-CV/proj/task2/../datasets/extra-4/data/train/IMG_6333_png.rf.b7867af7009cd9d5d29b33e6dd37be86.jpg: 480x640 1 pool_table, 7.1ms
Speed: 1.4ms preprocess, 7.1ms inference, 3.2ms postprocess per image at shape (1, 3, 480, 640)
Processing extra-4/data/train/IMG_6412_png.rf.faa0e87e950f60a88e23718a093df44d.jpg...

image 1/1 /home/admin/Documents/FEUP-CV/proj/task2/../datasets/extra-4/data/train/IMG_6412_png.rf.faa0e87e950f60a88e23718a093df44d.jpg: 480x640 1 pool_table, 7.1ms
Speed: 2.5ms preprocess, 7.1ms inference, 12.1ms postprocess per image at shape (1, 3, 480, 640)
Processing extra-4/data/train/IMG_6615_png.rf.6d116a0c2fb4d5bcb82b47dcb20ff5e1.jpg...

image 1/1 /home/admin/Documents/FEUP-CV/proj/task2/../datasets/extra-4/data/train/IMG_6615_png.rf.6d116a0c2fb4d5bcb82b47dcb20ff5e1.jpg: 640x480 1 pool_table, 13.0ms
Speed: 1.0ms preprocess, 13.0ms inference, 12.0ms postprocess per image at shape (1, 3, 640, 480)
Processing extra-4/data/train/IMG_6381_png.rf.f96a4bd812f6f71929b2773450b3f2c8.jpg...

image 1/1 /home/admin/Documents/FEUP-CV/proj/task2/../datasets/extra-4/data/train/IMG_6381_png.rf.f96a4bd812f6f71929b2773450b3f2c8.jpg: 640x480 1 pool_table, 6.6ms
Speed: 2.0ms preprocess, 6.6ms inference, 1.5ms postprocess per image at shape (1, 3, 640, 480)
Processing extra-4/data/train/IMG_6592_png.rf.334dc1aced15ce144fd7330499ec0a7d.jpg...

image 1/1 /home/admin/Documents/FEUP-CV/proj/task2/../datasets/extra-4/data/train/IMG_6592_png.rf.334dc1aced15ce144fd7330499ec0a7d.jpg: 640x480 1 pool_table, 7.2ms
Speed: 1.1ms preprocess, 7.2ms inference, 12.1ms postprocess per image at shape (1, 3, 640, 480)
Processing extra-4/data/train/IMG_6351_png.rf.1f1811023237c87e6faf587dd235bc50.jpg...

image 1/1 /home/admin/Documents/FEUP-CV/proj/task2/../datasets/extra-4/data/train/IMG_6351_png.rf.1f1811023237c87e6faf587dd235bc50.jpg: 640x480 1 pool_table, 4.4ms
Speed: 2.0ms preprocess, 4.4ms inference, 1.5ms postprocess per image at shape (1, 3, 640, 480)
Processing extra-4/data/train/IMG_6365_png.rf.1bdf38ca9e271f460e5c8dd48b37e2d3.jpg...

image 1/1 /home/admin/Documents/FEUP-CV/proj/task2/../datasets/extra-4/data/train/IMG_6365_png.rf.1bdf38ca9e271f460e5c8dd48b37e2d3.jpg: 640x480 1 pool_table, 7.2ms
Speed: 1.7ms preprocess, 7.2ms inference, 12.1ms postprocess per image at shape (1, 3, 640, 480)
Processing extra-4/data/train/IMG_6378_png.rf.8cc6348f2e6650d6c3245495832c6dc9.jpg...

image 1/1 /home/admin/Documents/FEUP-CV/proj/task2/../datasets/extra-4/data/train/IMG_6378_png.rf.8cc6348f2e6650d6c3245495832c6dc9.jpg: 640x480 1 pool_table, 4.4ms
Speed: 1.7ms preprocess, 4.4ms inference, 1.4ms postprocess per image at shape (1, 3, 640, 480)
Processing extra-4/data/train/IMG_6486_png.rf.29a6bf07040f217452f75967e46c49af.jpg...

image 1/1 /home/admin/Documents/FEUP-CV/proj/task2/../datasets/extra-4/data/train/IMG_6486_png.rf.29a6bf07040f217452f75967e46c49af.jpg: 480x640 1 pool_table, 14.3ms
Speed: 3.1ms preprocess, 14.3ms inference, 12.1ms postprocess per image at shape (1, 3, 480, 640)
Processing extra-4/data/train/IMG_6331_png.rf.a01d4d82c5833c06313fce7589f8d720.jpg...

image 1/1 /home/admin/Documents/FEUP-CV/proj/task2/../datasets/extra-4/data/train/IMG_6331_png.rf.a01d4d82c5833c06313fce7589f8d720.jpg: 480x640 1 pool_table, 7.2ms
Speed: 2.3ms preprocess, 7.2ms inference, 12.1ms postprocess per image at shape (1, 3, 480, 640)
Processing extra-4/data/train/IMG_6391_png.rf.9b848664c709b6de0b88d4591b2a2046.jpg...

image 1/1 /home/admin/Documents/FEUP-CV/proj/task2/../datasets/extra-4/data/train/IMG_6391_png.rf.9b848664c709b6de0b88d4591b2a2046.jpg: 640x480 1 pool_table, 5.1ms
Speed: 1.1ms preprocess, 5.1ms inference, 1.5ms postprocess per image at shape (1, 3, 640, 480)
Processing extra-4/data/train/IMG_6580_png.rf.ce18a042f6d7813d8b69969eed4f7d15.jpg...

image 1/1 /home/admin/Documents/FEUP-CV/proj/task2/../datasets/extra-4/data/train/IMG_6580_png.rf.ce18a042f6d7813d8b69969eed4f7d15.jpg: 640x480 1 pool_table, 7.2ms
Speed: 2.8ms preprocess, 7.2ms inference, 12.1ms postprocess per image at shape (1, 3, 640, 480)
Processing extra-4/data/train/IMG_6405_png.rf.6185c5aa09b5575f2b9ab260ab76abe3.jpg...

image 1/1 /home/admin/Documents/FEUP-CV/proj/task2/../datasets/extra-4/data/train/IMG_6405_png.rf.6185c5aa09b5575f2b9ab260ab76abe3.jpg: 480x640 1 pool_table, 5.0ms
Speed: 1.0ms preprocess, 5.0ms inference, 1.5ms postprocess per image at shape (1, 3, 480, 640)
Processing extra-4/data/train/IMG_6350_png.rf.32a7ebad16156182125cfe6918ea59d0.jpg...

image 1/1 /home/admin/Documents/FEUP-CV/proj/task2/../datasets/extra-4/data/train/IMG_6350_png.rf.32a7ebad16156182125cfe6918ea59d0.jpg: 640x480 1 pool_table, 14.4ms
Speed: 1.7ms preprocess, 14.4ms inference, 12.1ms postprocess per image at shape (1, 3, 640, 480)
Processing extra-4/data/train/IMG_6321_png.rf.872b6bca44bada38f55585270f18b929.jpg...

image 1/1 /home/admin/Documents/FEUP-CV/proj/task2/../datasets/extra-4/data/train/IMG_6321_png.rf.872b6bca44bada38f55585270f18b929.jpg: 480x640 1 pool_table, 14.4ms
Speed: 1.4ms preprocess, 14.4ms inference, 12.1ms postprocess per image at shape (1, 3, 480, 640)
Processing extra-4/data/train/IMG_6393_png.rf.6cd6bd7818ff65559b8d0b2dba240357.jpg...

image 1/1 /home/admin/Documents/FEUP-CV/proj/task2/../datasets/extra-4/data/train/IMG_6393_png.rf.6cd6bd7818ff65559b8d0b2dba240357.jpg: 640x480 1 pool_table, 16.6ms
Speed: 3.7ms preprocess, 16.6ms inference, 12.1ms postprocess per image at shape (1, 3, 640, 480)
Processing extra-4/data/train/IMG_6507_png.rf.93bed7d5e0b711053238552f365b6803.jpg...

image 1/1 /home/admin/Documents/FEUP-CV/proj/task2/../datasets/extra-4/data/train/IMG_6507_png.rf.93bed7d5e0b711053238552f365b6803.jpg: 480x640 1 pool_table, 14.2ms
Speed: 2.3ms preprocess, 14.2ms inference, 12.1ms postprocess per image at shape (1, 3, 480, 640)
Processing extra-4/data/train/IMG_6580_png.rf.3b8f50b83c5385cf32a89604b02f13d5.jpg...

image 1/1 /home/admin/Documents/FEUP-CV/proj/task2/../datasets/extra-4/data/train/IMG_6580_png.rf.3b8f50b83c5385cf32a89604b02f13d5.jpg: 640x480 1 pool_table, 14.3ms
Speed: 2.9ms preprocess, 14.3ms inference, 12.1ms postprocess per image at shape (1, 3, 640, 480)
Processing extra-4/data/train/IMG_6517_png.rf.9e9aa5c3d9c316f0c520e74cc4ab94ac.jpg...

image 1/1 /home/admin/Documents/FEUP-CV/proj/task2/../datasets/extra-4/data/train/IMG_6517_png.rf.9e9aa5c3d9c316f0c520e74cc4ab94ac.jpg: 480x640 1 pool_table, 14.3ms
Speed: 2.9ms preprocess, 14.3ms inference, 12.1ms postprocess per image at shape (1, 3, 480, 640)
Processing extra-4/data/train/IMG_6381_png.rf.9fae9d8bd95797310c9fad82e77af3df.jpg...

image 1/1 /home/admin/Documents/FEUP-CV/proj/task2/../datasets/extra-4/data/train/IMG_6381_png.rf.9fae9d8bd95797310c9fad82e77af3df.jpg: 640x480 1 pool_table, 14.3ms
Speed: 3.1ms preprocess, 14.3ms inference, 12.1ms postprocess per image at shape (1, 3, 640, 480)
Processing extra-4/data/train/IMG_6411_png.rf.aca5355a417496eab936d19a3d48bd65.jpg...

image 1/1 /home/admin/Documents/FEUP-CV/proj/task2/../datasets/extra-4/data/train/IMG_6411_png.rf.aca5355a417496eab936d19a3d48bd65.jpg: 640x480 1 pool_table, 7.1ms
Speed: 2.0ms preprocess, 7.1ms inference, 12.0ms postprocess per image at shape (1, 3, 640, 480)
Processing extra-4/data/train/IMG_6512_png.rf.ca0749c8f598e398cd4b4153e9ee8f71.jpg...

image 1/1 /home/admin/Documents/FEUP-CV/proj/task2/../datasets/extra-4/data/train/IMG_6512_png.rf.ca0749c8f598e398cd4b4153e9ee8f71.jpg: 480x640 1 pool_table, 5.1ms
Speed: 1.8ms preprocess, 5.1ms inference, 1.5ms postprocess per image at shape (1, 3, 480, 640)
Processing extra-4/data/train/IMG_6524_png.rf.be67b3f5e177a5a30eafe4d43438636a.jpg...

image 1/1 /home/admin/Documents/FEUP-CV/proj/task2/../datasets/extra-4/data/train/IMG_6524_png.rf.be67b3f5e177a5a30eafe4d43438636a.jpg: 480x640 1 pool_table, 6.9ms
Speed: 1.7ms preprocess, 6.9ms inference, 12.1ms postprocess per image at shape (1, 3, 480, 640)
Processing extra-4/data/train/IMG_6521_png.rf.b7786da03381c887f60dde650f3c8fdb.jpg...

image 1/1 /home/admin/Documents/FEUP-CV/proj/task2/../datasets/extra-4/data/train/IMG_6521_png.rf.b7786da03381c887f60dde650f3c8fdb.jpg: 480x640 1 pool_table, 6.2ms
Speed: 1.0ms preprocess, 6.2ms inference, 12.1ms postprocess per image at shape (1, 3, 480, 640)
Processing extra-4/data/train/IMG_6424_png.rf.0e1fef89495ea6d01daf2dc2b60857a9.jpg...

image 1/1 /home/admin/Documents/FEUP-CV/proj/task2/../datasets/extra-4/data/train/IMG_6424_png.rf.0e1fef89495ea6d01daf2dc2b60857a9.jpg: 480x640 1 pool_table, 7.1ms
Speed: 1.4ms preprocess, 7.1ms inference, 6.9ms postprocess per image at shape (1, 3, 480, 640)
Processing extra-4/data/train/IMG_6619_png.rf.c9da73dcdfb5af9000881909772dca1a.jpg...

image 1/1 /home/admin/Documents/FEUP-CV/proj/task2/../datasets/extra-4/data/train/IMG_6619_png.rf.c9da73dcdfb5af9000881909772dca1a.jpg: 480x640 1 pool_table, 7.1ms
Speed: 1.0ms preprocess, 7.1ms inference, 12.1ms postprocess per image at shape (1, 3, 480, 640)
Processing extra-4/data/train/IMG_6417_png.rf.f2dc34b56e62c7dae7a7d7426ee7d17f.jpg...

image 1/1 /home/admin/Documents/FEUP-CV/proj/task2/../datasets/extra-4/data/train/IMG_6417_png.rf.f2dc34b56e62c7dae7a7d7426ee7d17f.jpg: 640x480 1 pool_table, 5.2ms
Speed: 1.4ms preprocess, 5.2ms inference, 1.4ms postprocess per image at shape (1, 3, 640, 480)
Processing extra-4/data/train/IMG_6399_png.rf.dc78472cdff354a780666e253accd953.jpg...

image 1/1 /home/admin/Documents/FEUP-CV/proj/task2/../datasets/extra-4/data/train/IMG_6399_png.rf.dc78472cdff354a780666e253accd953.jpg: 480x640 1 pool_table, 14.2ms
Speed: 1.6ms preprocess, 14.2ms inference, 12.1ms postprocess per image at shape (1, 3, 480, 640)
Processing extra-4/data/train/IMG_6438_png.rf.e5c664e6252fc529c791f03f4c0d8763.jpg...

image 1/1 /home/admin/Documents/FEUP-CV/proj/task2/../datasets/extra-4/data/train/IMG_6438_png.rf.e5c664e6252fc529c791f03f4c0d8763.jpg: 480x640 1 pool_table, 7.0ms
Speed: 2.7ms preprocess, 7.0ms inference, 12.1ms postprocess per image at shape (1, 3, 480, 640)
Processing extra-4/data/train/IMG_6389_png.rf.56cb00204482b8c293821cc33c4b0f64.jpg...

image 1/1 /home/admin/Documents/FEUP-CV/proj/task2/../datasets/extra-4/data/train/IMG_6389_png.rf.56cb00204482b8c293821cc33c4b0f64.jpg: 640x480 1 pool_table, 5.1ms
Speed: 1.0ms preprocess, 5.1ms inference, 12.1ms postprocess per image at shape (1, 3, 640, 480)
Processing extra-4/data/train/IMG_6598_png.rf.5f88b2472ec4609bd5933d92a4d9e9d6.jpg...

image 1/1 /home/admin/Documents/FEUP-CV/proj/task2/../datasets/extra-4/data/train/IMG_6598_png.rf.5f88b2472ec4609bd5933d92a4d9e9d6.jpg: 640x480 1 pool_table, 7.2ms
Speed: 1.1ms preprocess, 7.2ms inference, 9.5ms postprocess per image at shape (1, 3, 640, 480)
Processing extra-4/data/train/IMG_6479_png.rf.67e9f264a23ba3fe5e5571f7dcc8a8c0.jpg...

image 1/1 /home/admin/Documents/FEUP-CV/proj/task2/../datasets/extra-4/data/train/IMG_6479_png.rf.67e9f264a23ba3fe5e5571f7dcc8a8c0.jpg: 480x640 1 pool_table, 14.3ms
Speed: 2.4ms preprocess, 14.3ms inference, 12.1ms postprocess per image at shape (1, 3, 480, 640)
Processing extra-4/data/train/IMG_6593_png.rf.df99e0250575b6cc728535a4a70c2c7f.jpg...

image 1/1 /home/admin/Documents/FEUP-CV/proj/task2/../datasets/extra-4/data/train/IMG_6593_png.rf.df99e0250575b6cc728535a4a70c2c7f.jpg: 640x480 1 pool_table, 14.4ms
Speed: 1.2ms preprocess, 14.4ms inference, 12.1ms postprocess per image at shape (1, 3, 640, 480)
Processing extra-4/data/train/IMG_6570_png.rf.104920d4ee0281478ae1aee47c82389f.jpg...

image 1/1 /home/admin/Documents/FEUP-CV/proj/task2/../datasets/extra-4/data/train/IMG_6570_png.rf.104920d4ee0281478ae1aee47c82389f.jpg: 480x640 1 pool_table, 5.3ms
Speed: 1.0ms preprocess, 5.3ms inference, 1.5ms postprocess per image at shape (1, 3, 480, 640)
Processing extra-4/data/train/IMG_6575_png.rf.e30c1d10a63d40510c50037d0ef92d2d.jpg...

image 1/1 /home/admin/Documents/FEUP-CV/proj/task2/../datasets/extra-4/data/train/IMG_6575_png.rf.e30c1d10a63d40510c50037d0ef92d2d.jpg: 640x480 1 pool_table, 14.4ms
Speed: 3.0ms preprocess, 14.4ms inference, 12.0ms postprocess per image at shape (1, 3, 640, 480)
Processing extra-4/data/train/IMG_6413_png.rf.0f543481162c88409f05d637f99a152a.jpg...

image 1/1 /home/admin/Documents/FEUP-CV/proj/task2/../datasets/extra-4/data/train/IMG_6413_png.rf.0f543481162c88409f05d637f99a152a.jpg: 480x640 1 pool_table, 14.4ms
Speed: 1.9ms preprocess, 14.4ms inference, 12.0ms postprocess per image at shape (1, 3, 480, 640)
Processing extra-4/data/train/IMG_6383_png.rf.a86ad152255728050ceaac5d964ebd49.jpg...

image 1/1 /home/admin/Documents/FEUP-CV/proj/task2/../datasets/extra-4/data/train/IMG_6383_png.rf.a86ad152255728050ceaac5d964ebd49.jpg: 640x480 1 pool_table, 14.3ms
Speed: 1.2ms preprocess, 14.3ms inference, 12.1ms postprocess per image at shape (1, 3, 640, 480)
Processing extra-4/data/train/IMG_6503_png.rf.5c186460d0174e46ef597ad240f918d5.jpg...

image 1/1 /home/admin/Documents/FEUP-CV/proj/task2/../datasets/extra-4/data/train/IMG_6503_png.rf.5c186460d0174e46ef597ad240f918d5.jpg: 480x640 1 pool_table, 5.1ms
Speed: 1.7ms preprocess, 5.1ms inference, 1.5ms postprocess per image at shape (1, 3, 480, 640)
Processing extra-4/data/train/IMG_6434_png.rf.62c2f3442e9c23f82f1977440129fc8a.jpg...

image 1/1 /home/admin/Documents/FEUP-CV/proj/task2/../datasets/extra-4/data/train/IMG_6434_png.rf.62c2f3442e9c23f82f1977440129fc8a.jpg: 480x640 1 pool_table, 7.1ms
Speed: 1.6ms preprocess, 7.1ms inference, 12.1ms postprocess per image at shape (1, 3, 480, 640)
Processing extra-4/data/train/IMG_6595_png.rf.7aeb6c07d0224d57ee2578d21485148f.jpg...

image 1/1 /home/admin/Documents/FEUP-CV/proj/task2/../datasets/extra-4/data/train/IMG_6595_png.rf.7aeb6c07d0224d57ee2578d21485148f.jpg: 640x480 1 pool_table, 5.2ms
Speed: 1.0ms preprocess, 5.2ms inference, 1.5ms postprocess per image at shape (1, 3, 640, 480)
Processing extra-4/data/train/IMG_6330_png.rf.a3b89fb36f8d93335f6d25e5272d42b3.jpg...

image 1/1 /home/admin/Documents/FEUP-CV/proj/task2/../datasets/extra-4/data/train/IMG_6330_png.rf.a3b89fb36f8d93335f6d25e5272d42b3.jpg: 480x640 1 pool_table, 14.3ms
Speed: 1.4ms preprocess, 14.3ms inference, 12.1ms postprocess per image at shape (1, 3, 480, 640)
Processing extra-4/data/train/IMG_6573_png.rf.d9c09c1b5f374eda5bda23ec0da4d6e2.jpg...

image 1/1 /home/admin/Documents/FEUP-CV/proj/task2/../datasets/extra-4/data/train/IMG_6573_png.rf.d9c09c1b5f374eda5bda23ec0da4d6e2.jpg: 480x640 1 pool_table, 7.1ms
Speed: 2.7ms preprocess, 7.1ms inference, 12.1ms postprocess per image at shape (1, 3, 480, 640)
Processing extra-4/data/train/IMG_6314_png.rf.9abc572f094fb486942601910061da64.jpg...

image 1/1 /home/admin/Documents/FEUP-CV/proj/task2/../datasets/extra-4/data/train/IMG_6314_png.rf.9abc572f094fb486942601910061da64.jpg: 480x640 1 pool_table, 6.5ms
Speed: 2.2ms preprocess, 6.5ms inference, 1.4ms postprocess per image at shape (1, 3, 480, 640)
Processing extra-4/data/train/IMG_6332_png.rf.cd4b4b670c22213163e04653b126d736.jpg...

image 1/1 /home/admin/Documents/FEUP-CV/proj/task2/../datasets/extra-4/data/train/IMG_6332_png.rf.cd4b4b670c22213163e04653b126d736.jpg: 480x640 1 pool_table, 7.2ms
Speed: 3.1ms preprocess, 7.2ms inference, 12.1ms postprocess per image at shape (1, 3, 480, 640)
Processing extra-4/data/train/IMG_6339_png.rf.73965174de24824f60fac77ca7cfe012.jpg...

image 1/1 /home/admin/Documents/FEUP-CV/proj/task2/../datasets/extra-4/data/train/IMG_6339_png.rf.73965174de24824f60fac77ca7cfe012.jpg: 480x640 1 pool_table, 4.0ms
Speed: 1.5ms preprocess, 4.0ms inference, 1.5ms postprocess per image at shape (1, 3, 480, 640)
Processing extra-4/data/train/IMG_6348_png.rf.09b153e5fd59c8d480b03fc55f7cc1d0.jpg...

image 1/1 /home/admin/Documents/FEUP-CV/proj/task2/../datasets/extra-4/data/train/IMG_6348_png.rf.09b153e5fd59c8d480b03fc55f7cc1d0.jpg: 640x480 1 pool_table, 14.3ms
Speed: 2.8ms preprocess, 14.3ms inference, 12.1ms postprocess per image at shape (1, 3, 640, 480)
Processing extra-4/data/train/IMG_6576_png.rf.e10d5ee46b1798e461b0221a20562bf9.jpg...

image 1/1 /home/admin/Documents/FEUP-CV/proj/task2/../datasets/extra-4/data/train/IMG_6576_png.rf.e10d5ee46b1798e461b0221a20562bf9.jpg: 480x640 1 pool_table, 14.3ms
Speed: 1.5ms preprocess, 14.3ms inference, 12.1ms postprocess per image at shape (1, 3, 480, 640)
Processing extra-4/data/train/IMG_6522_png.rf.d580c4656f61b9698e26e77a32ac2ed3.jpg...

image 1/1 /home/admin/Documents/FEUP-CV/proj/task2/../datasets/extra-4/data/train/IMG_6522_png.rf.d580c4656f61b9698e26e77a32ac2ed3.jpg: 480x640 1 pool_table, 5.9ms
Speed: 0.9ms preprocess, 5.9ms inference, 12.1ms postprocess per image at shape (1, 3, 480, 640)
Processing extra-4/data/train/IMG_6367_png.rf.85ed02434c7f9b57c47fe7a9193f6d5c.jpg...

image 1/1 /home/admin/Documents/FEUP-CV/proj/task2/../datasets/extra-4/data/train/IMG_6367_png.rf.85ed02434c7f9b57c47fe7a9193f6d5c.jpg: 640x480 1 pool_table, 11.4ms
Speed: 2.8ms preprocess, 11.4ms inference, 1.4ms postprocess per image at shape (1, 3, 640, 480)
Processing extra-4/data/train/IMG_6442_png.rf.ea37136da46a3b561e636f5209233cc2.jpg...

image 1/1 /home/admin/Documents/FEUP-CV/proj/task2/../datasets/extra-4/data/train/IMG_6442_png.rf.ea37136da46a3b561e636f5209233cc2.jpg: 640x480 1 pool_table, 7.1ms
Speed: 2.8ms preprocess, 7.1ms inference, 12.1ms postprocess per image at shape (1, 3, 640, 480)
Processing extra-4/data/train/IMG_6612_png.rf.3eba4cfcd45d185396d142ffdbc904b8.jpg...

image 1/1 /home/admin/Documents/FEUP-CV/proj/task2/../datasets/extra-4/data/train/IMG_6612_png.rf.3eba4cfcd45d185396d142ffdbc904b8.jpg: 640x480 1 pool_table, 4.5ms
Speed: 1.7ms preprocess, 4.5ms inference, 1.5ms postprocess per image at shape (1, 3, 640, 480)
Processing extra-4/data/train/IMG_6312_png.rf.3dac3ce6c35ff6919c3e494665ce4fdf.jpg...

image 1/1 /home/admin/Documents/FEUP-CV/proj/task2/../datasets/extra-4/data/train/IMG_6312_png.rf.3dac3ce6c35ff6919c3e494665ce4fdf.jpg: 480x640 1 pool_table, 14.3ms
Speed: 1.7ms preprocess, 14.3ms inference, 12.1ms postprocess per image at shape (1, 3, 480, 640)
Processing extra-4/data/train/IMG_6526_png.rf.2853acdbfdf914a6868509beb0ba1634.jpg...

image 1/1 /home/admin/Documents/FEUP-CV/proj/task2/../datasets/extra-4/data/train/IMG_6526_png.rf.2853acdbfdf914a6868509beb0ba1634.jpg: 480x640 1 pool_table, 7.0ms
Speed: 1.4ms preprocess, 7.0ms inference, 12.1ms postprocess per image at shape (1, 3, 480, 640)
Processing extra-4/data/train/IMG_6369_png.rf.6094182274bf156d5397001fcabb9c58.jpg...

image 1/1 /home/admin/Documents/FEUP-CV/proj/task2/../datasets/extra-4/data/train/IMG_6369_png.rf.6094182274bf156d5397001fcabb9c58.jpg: 640x480 1 pool_table, 9.1ms
Speed: 2.7ms preprocess, 9.1ms inference, 1.4ms postprocess per image at shape (1, 3, 640, 480)
Processing extra-4/data/train/IMG_6449_png.rf.b4611505f0926a0c6ff3cc68513a4dc2.jpg...

image 1/1 /home/admin/Documents/FEUP-CV/proj/task2/../datasets/extra-4/data/train/IMG_6449_png.rf.b4611505f0926a0c6ff3cc68513a4dc2.jpg: 480x640 1 pool_table, 14.4ms
Speed: 1.8ms preprocess, 14.4ms inference, 12.1ms postprocess per image at shape (1, 3, 480, 640)
Processing extra-4/data/train/IMG_6375_png.rf.563d6ad716010255c85ee298349e203a.jpg...

image 1/1 /home/admin/Documents/FEUP-CV/proj/task2/../datasets/extra-4/data/train/IMG_6375_png.rf.563d6ad716010255c85ee298349e203a.jpg: 640x480 1 pool_table, 14.3ms
Speed: 1.2ms preprocess, 14.3ms inference, 12.1ms postprocess per image at shape (1, 3, 640, 480)
Processing extra-4/data/train/IMG_6490_png.rf.7600001e39fd56f924a435ddaa32584e.jpg...

image 1/1 /home/admin/Documents/FEUP-CV/proj/task2/../datasets/extra-4/data/train/IMG_6490_png.rf.7600001e39fd56f924a435ddaa32584e.jpg: 480x640 1 pool_table, 5.3ms
Speed: 1.2ms preprocess, 5.3ms inference, 1.5ms postprocess per image at shape (1, 3, 480, 640)
Processing extra-4/data/train/IMG_6616_png.rf.46d0baba53150363ae9f05fa6a3d9be4.jpg...

image 1/1 /home/admin/Documents/FEUP-CV/proj/task2/../datasets/extra-4/data/train/IMG_6616_png.rf.46d0baba53150363ae9f05fa6a3d9be4.jpg: 480x640 1 pool_table, 7.1ms
Speed: 2.2ms preprocess, 7.1ms inference, 12.1ms postprocess per image at shape (1, 3, 480, 640)
Processing extra-4/data/train/IMG_6582_png.rf.5b732e56402c1f5ccff559df10580966.jpg...

image 1/1 /home/admin/Documents/FEUP-CV/proj/task2/../datasets/extra-4/data/train/IMG_6582_png.rf.5b732e56402c1f5ccff559df10580966.jpg: 640x480 1 pool_table, 7.3ms
Speed: 1.5ms preprocess, 7.3ms inference, 1.4ms postprocess per image at shape (1, 3, 640, 480)
Processing extra-4/data/train/IMG_6398_png.rf.db3a8f7e0e95db0c5bf74ef7ebdccda6.jpg...

image 1/1 /home/admin/Documents/FEUP-CV/proj/task2/../datasets/extra-4/data/train/IMG_6398_png.rf.db3a8f7e0e95db0c5bf74ef7ebdccda6.jpg: 480x640 1 pool_table, 14.3ms
Speed: 1.4ms preprocess, 14.3ms inference, 12.1ms postprocess per image at shape (1, 3, 480, 640)
Processing extra-4/data/train/IMG_6481_png.rf.d46389ca5abf852ff1787b31488f99d0.jpg...

image 1/1 /home/admin/Documents/FEUP-CV/proj/task2/../datasets/extra-4/data/train/IMG_6481_png.rf.d46389ca5abf852ff1787b31488f99d0.jpg: 384x640 1 pool_table, 14.2ms
Speed: 1.1ms preprocess, 14.2ms inference, 12.0ms postprocess per image at shape (1, 3, 384, 640)
Processing extra-4/data/train/IMG_6373_png.rf.85df15e9b59d77fef08358b5612e29b8.jpg...

image 1/1 /home/admin/Documents/FEUP-CV/proj/task2/../datasets/extra-4/data/train/IMG_6373_png.rf.85df15e9b59d77fef08358b5612e29b8.jpg: 640x480 1 pool_table, 5.0ms
Speed: 1.1ms preprocess, 5.0ms inference, 1.5ms postprocess per image at shape (1, 3, 640, 480)
Processing extra-4/data/train/IMG_6500_png.rf.6ab0b85ad7529835f541e9937f81cb96.jpg...

image 1/1 /home/admin/Documents/FEUP-CV/proj/task2/../datasets/extra-4/data/train/IMG_6500_png.rf.6ab0b85ad7529835f541e9937f81cb96.jpg: 480x640 1 pool_table, 14.2ms
Speed: 2.5ms preprocess, 14.2ms inference, 12.0ms postprocess per image at shape (1, 3, 480, 640)
Processing extra-4/data/train/IMG_6618_png.rf.643737ba1b4d1b1ebe66779f62f5ac11.jpg...

image 1/1 /home/admin/Documents/FEUP-CV/proj/task2/../datasets/extra-4/data/train/IMG_6618_png.rf.643737ba1b4d1b1ebe66779f62f5ac11.jpg: 640x480 1 pool_table, 14.2ms
Speed: 2.6ms preprocess, 14.2ms inference, 12.1ms postprocess per image at shape (1, 3, 640, 480)
Processing extra-4/data/train/IMG_6523_png.rf.5aa616d63d34c15e74e1b7181bff3c5f.jpg...

image 1/1 /home/admin/Documents/FEUP-CV/proj/task2/../datasets/extra-4/data/train/IMG_6523_png.rf.5aa616d63d34c15e74e1b7181bff3c5f.jpg: 480x640 1 pool_table, 14.3ms
Speed: 2.5ms preprocess, 14.3ms inference, 12.0ms postprocess per image at shape (1, 3, 480, 640)
Processing extra-4/data/train/IMG_6439_png.rf.1c21ef82779ba2bd45dd1e15110f7a1c.jpg...

image 1/1 /home/admin/Documents/FEUP-CV/proj/task2/../datasets/extra-4/data/train/IMG_6439_png.rf.1c21ef82779ba2bd45dd1e15110f7a1c.jpg: 480x640 1 pool_table, 7.0ms
Speed: 1.6ms preprocess, 7.0ms inference, 12.1ms postprocess per image at shape (1, 3, 480, 640)
Processing extra-4/data/train/IMG_6317_png.rf.02ed19a93c78b7e35d74001ba6cb79c9.jpg...

image 1/1 /home/admin/Documents/FEUP-CV/proj/task2/../datasets/extra-4/data/train/IMG_6317_png.rf.02ed19a93c78b7e35d74001ba6cb79c9.jpg: 480x640 1 pool_table, 6.2ms
Speed: 2.9ms preprocess, 6.2ms inference, 1.5ms postprocess per image at shape (1, 3, 480, 640)
Processing extra-4/data/train/IMG_6567_png.rf.09baa6c1bc8f307f29bc91abe9ecaffc.jpg...

image 1/1 /home/admin/Documents/FEUP-CV/proj/task2/../datasets/extra-4/data/train/IMG_6567_png.rf.09baa6c1bc8f307f29bc91abe9ecaffc.jpg: 640x480 1 pool_table, 14.4ms
Speed: 2.2ms preprocess, 14.4ms inference, 12.2ms postprocess per image at shape (1, 3, 640, 480)
Processing extra-4/data/train/IMG_6606_png.rf.fa92de8dc75dfeb1a557935e0bf1ea4e.jpg...

image 1/1 /home/admin/Documents/FEUP-CV/proj/task2/../datasets/extra-4/data/train/IMG_6606_png.rf.fa92de8dc75dfeb1a557935e0bf1ea4e.jpg: 480x640 1 pool_table, 14.4ms
Speed: 1.9ms preprocess, 14.4ms inference, 12.1ms postprocess per image at shape (1, 3, 480, 640)
Processing extra-4/data/train/IMG_6432_png.rf.468c4b0894fb74b4702df636d03b5e97.jpg...

image 1/1 /home/admin/Documents/FEUP-CV/proj/task2/../datasets/extra-4/data/train/IMG_6432_png.rf.468c4b0894fb74b4702df636d03b5e97.jpg: 480x640 1 pool_table, 4.4ms
Speed: 2.4ms preprocess, 4.4ms inference, 1.6ms postprocess per image at shape (1, 3, 480, 640)
Processing extra-4/data/train/IMG_6354_png.rf.7b7af238981dcb765f1b3547f377de57.jpg...

image 1/1 /home/admin/Documents/FEUP-CV/proj/task2/../datasets/extra-4/data/train/IMG_6354_png.rf.7b7af238981dcb765f1b3547f377de57.jpg: 480x640 1 pool_table, 7.1ms
Speed: 2.4ms preprocess, 7.1ms inference, 12.1ms postprocess per image at shape (1, 3, 480, 640)
Processing extra-4/data/train/IMG_6419_png.rf.c9f993301c3aaf21b5f97b857ed5c6c8.jpg...

image 1/1 /home/admin/Documents/FEUP-CV/proj/task2/../datasets/extra-4/data/train/IMG_6419_png.rf.c9f993301c3aaf21b5f97b857ed5c6c8.jpg: 480x640 1 pool_table, 4.5ms
Speed: 1.4ms preprocess, 4.5ms inference, 1.5ms postprocess per image at shape (1, 3, 480, 640)
Processing extra-4/data/train/IMG_6315_png.rf.f424c219dfce2e89421f48a5e60eb5c3.jpg...

image 1/1 /home/admin/Documents/FEUP-CV/proj/task2/../datasets/extra-4/data/train/IMG_6315_png.rf.f424c219dfce2e89421f48a5e60eb5c3.jpg: 480x640 1 pool_table, 7.2ms
Speed: 1.4ms preprocess, 7.2ms inference, 12.1ms postprocess per image at shape (1, 3, 480, 640)
Processing extra-4/data/train/IMG_6397_png.rf.3d0b7f7a803f9db77317ea28630012f9.jpg...

image 1/1 /home/admin/Documents/FEUP-CV/proj/task2/../datasets/extra-4/data/train/IMG_6397_png.rf.3d0b7f7a803f9db77317ea28630012f9.jpg: 480x640 1 pool_table, 4.3ms
Speed: 1.2ms preprocess, 4.3ms inference, 1.4ms postprocess per image at shape (1, 3, 480, 640)
Processing extra-4/data/train/IMG_6376_png.rf.7ec3c931d5216f98489afa09940cf82c.jpg...

image 1/1 /home/admin/Documents/FEUP-CV/proj/task2/../datasets/extra-4/data/train/IMG_6376_png.rf.7ec3c931d5216f98489afa09940cf82c.jpg: 640x480 1 pool_table, 14.2ms
Speed: 2.8ms preprocess, 14.2ms inference, 12.0ms postprocess per image at shape (1, 3, 640, 480)
Processing extra-4/data/train/IMG_6498_png.rf.3fd4d41cb1099b23d38721976835c3d6.jpg...

image 1/1 /home/admin/Documents/FEUP-CV/proj/task2/../datasets/extra-4/data/train/IMG_6498_png.rf.3fd4d41cb1099b23d38721976835c3d6.jpg: 480x640 1 pool_table, 14.2ms
Speed: 2.2ms preprocess, 14.2ms inference, 12.1ms postprocess per image at shape (1, 3, 480, 640)
Processing extra-4/data/train/IMG_6390_png.rf.07f60a0a790419f400228827a9b6f58f.jpg...

image 1/1 /home/admin/Documents/FEUP-CV/proj/task2/../datasets/extra-4/data/train/IMG_6390_png.rf.07f60a0a790419f400228827a9b6f58f.jpg: 640x480 1 pool_table, 14.2ms
Speed: 1.3ms preprocess, 14.2ms inference, 12.0ms postprocess per image at shape (1, 3, 640, 480)
Processing extra-4/data/train/IMG_6400_png.rf.18ed9ec6886fe9523769f1fc26b1265f.jpg...

image 1/1 /home/admin/Documents/FEUP-CV/proj/task2/../datasets/extra-4/data/train/IMG_6400_png.rf.18ed9ec6886fe9523769f1fc26b1265f.jpg: 480x640 1 pool_table, 14.1ms
Speed: 2.2ms preprocess, 14.1ms inference, 12.1ms postprocess per image at shape (1, 3, 480, 640)
Processing extra-4/data/train/IMG_6603_png.rf.1cc92cc9d2de7ddd3c601e4cc6264230.jpg...

image 1/1 /home/admin/Documents/FEUP-CV/proj/task2/../datasets/extra-4/data/train/IMG_6603_png.rf.1cc92cc9d2de7ddd3c601e4cc6264230.jpg: 480x640 1 pool_table, 4.2ms
Speed: 1.4ms preprocess, 4.2ms inference, 1.5ms postprocess per image at shape (1, 3, 480, 640)
Processing extra-4/data/train/IMG_6414_png.rf.75f6cb8f325742b903e61bb510fd3805.jpg...

image 1/1 /home/admin/Documents/FEUP-CV/proj/task2/../datasets/extra-4/data/train/IMG_6414_png.rf.75f6cb8f325742b903e61bb510fd3805.jpg: 640x480 1 pool_table, 14.6ms
Speed: 1.8ms preprocess, 14.6ms inference, 12.1ms postprocess per image at shape (1, 3, 640, 480)
Processing extra-4/data/train/IMG_6395_png.rf.42c76a5fd77b445429affdd932dd203f.jpg...

image 1/1 /home/admin/Documents/FEUP-CV/proj/task2/../datasets/extra-4/data/train/IMG_6395_png.rf.42c76a5fd77b445429affdd932dd203f.jpg: 480x640 1 pool_table, 14.3ms
Speed: 2.2ms preprocess, 14.3ms inference, 12.1ms postprocess per image at shape (1, 3, 480, 640)
Processing extra-4/data/train/IMG_6329_png.rf.44235435fd286e3b955a47a59389c10a.jpg...

image 1/1 /home/admin/Documents/FEUP-CV/proj/task2/../datasets/extra-4/data/train/IMG_6329_png.rf.44235435fd286e3b955a47a59389c10a.jpg: 480x640 1 pool_table, 5.2ms
Speed: 1.6ms preprocess, 5.2ms inference, 1.5ms postprocess per image at shape (1, 3, 480, 640)
Processing extra-4/data/train/IMG_6497_png.rf.66fa52bef2e3a47a0d8723cc2c921de8.jpg...

image 1/1 /home/admin/Documents/FEUP-CV/proj/task2/../datasets/extra-4/data/train/IMG_6497_png.rf.66fa52bef2e3a47a0d8723cc2c921de8.jpg: 480x640 1 pool_table, 7.2ms
Speed: 2.0ms preprocess, 7.2ms inference, 12.2ms postprocess per image at shape (1, 3, 480, 640)
Processing extra-4/data/train/IMG_6403_png.rf.aa74f9260b00676736bdd7244b5cc403.jpg...

image 1/1 /home/admin/Documents/FEUP-CV/proj/task2/../datasets/extra-4/data/train/IMG_6403_png.rf.aa74f9260b00676736bdd7244b5cc403.jpg: 480x640 1 pool_table, 4.8ms
Speed: 3.0ms preprocess, 4.8ms inference, 1.5ms postprocess per image at shape (1, 3, 480, 640)
Processing extra-4/data/train/IMG_6337_png.rf.af51fbdd34237040c472a761505ebb3d.jpg...

image 1/1 /home/admin/Documents/FEUP-CV/proj/task2/../datasets/extra-4/data/train/IMG_6337_png.rf.af51fbdd34237040c472a761505ebb3d.jpg: 480x640 1 pool_table, 7.1ms
Speed: 1.7ms preprocess, 7.1ms inference, 12.2ms postprocess per image at shape (1, 3, 480, 640)
Processing extra-4/data/train/IMG_6364_png.rf.53f4efbbc20e94b96fbe8f22456db2c7.jpg...

image 1/1 /home/admin/Documents/FEUP-CV/proj/task2/../datasets/extra-4/data/train/IMG_6364_png.rf.53f4efbbc20e94b96fbe8f22456db2c7.jpg: 640x480 1 pool_table, 7.0ms
Speed: 1.5ms preprocess, 7.0ms inference, 1.3ms postprocess per image at shape (1, 3, 640, 480)
Processing extra-4/data/train/IMG_6352_png.rf.1bf5155023b6b693270c193ca4e8fc79.jpg...

image 1/1 /home/admin/Documents/FEUP-CV/proj/task2/../datasets/extra-4/data/train/IMG_6352_png.rf.1bf5155023b6b693270c193ca4e8fc79.jpg: 640x480 1 pool_table, 7.0ms
Speed: 1.7ms preprocess, 7.0ms inference, 12.1ms postprocess per image at shape (1, 3, 640, 480)
Processing extra-4/data/train/IMG_6349_png.rf.dde62462b6632c6427b6d004d1f64e6e.jpg...

image 1/1 /home/admin/Documents/FEUP-CV/proj/task2/../datasets/extra-4/data/train/IMG_6349_png.rf.dde62462b6632c6427b6d004d1f64e6e.jpg: 480x640 1 pool_table, 4.8ms
Speed: 3.0ms preprocess, 4.8ms inference, 1.4ms postprocess per image at shape (1, 3, 480, 640)
Processing extra-4/data/train/IMG_6366_png.rf.5129b5410828c587ece1b0b7b8cd2ae7.jpg...

image 1/1 /home/admin/Documents/FEUP-CV/proj/task2/../datasets/extra-4/data/train/IMG_6366_png.rf.5129b5410828c587ece1b0b7b8cd2ae7.jpg: 640x480 1 pool_table, 14.2ms
Speed: 1.7ms preprocess, 14.2ms inference, 12.1ms postprocess per image at shape (1, 3, 640, 480)
Processing extra-4/data/train/IMG_6368_png.rf.4bfced03991b3fc425a1c0c845fcb77a.jpg...

image 1/1 /home/admin/Documents/FEUP-CV/proj/task2/../datasets/extra-4/data/train/IMG_6368_png.rf.4bfced03991b3fc425a1c0c845fcb77a.jpg: 640x480 1 pool_table, 7.0ms
Speed: 2.4ms preprocess, 7.0ms inference, 12.1ms postprocess per image at shape (1, 3, 640, 480)
Processing extra-4/data/train/IMG_6379_png.rf.fa3372439b3e06de58a1bc6838aaf4d5.jpg...

image 1/1 /home/admin/Documents/FEUP-CV/proj/task2/../datasets/extra-4/data/train/IMG_6379_png.rf.fa3372439b3e06de58a1bc6838aaf4d5.jpg: 640x480 1 pool_table, 6.9ms
Speed: 1.1ms preprocess, 6.9ms inference, 1.8ms postprocess per image at shape (1, 3, 640, 480)
Processing extra-4/data/train/IMG_6421_png.rf.fb0e9cba028b7604be04cfe37cd07489.jpg...

image 1/1 /home/admin/Documents/FEUP-CV/proj/task2/../datasets/extra-4/data/train/IMG_6421_png.rf.fb0e9cba028b7604be04cfe37cd07489.jpg: 480x640 1 pool_table, 14.2ms
Speed: 2.2ms preprocess, 14.2ms inference, 12.1ms postprocess per image at shape (1, 3, 480, 640)
Processing extra-4/data/train/IMG_6488_png.rf.9efc2242bf16a8d88e067df68c2cbef4.jpg...

image 1/1 /home/admin/Documents/FEUP-CV/proj/task2/../datasets/extra-4/data/train/IMG_6488_png.rf.9efc2242bf16a8d88e067df68c2cbef4.jpg: 480x640 1 pool_table, 7.2ms
Speed: 1.7ms preprocess, 7.2ms inference, 12.2ms postprocess per image at shape (1, 3, 480, 640)
Processing extra-4/data/train/IMG_6416_png.rf.1fa860eabbe051070c0eac342ee538af.jpg...

image 1/1 /home/admin/Documents/FEUP-CV/proj/task2/../datasets/extra-4/data/train/IMG_6416_png.rf.1fa860eabbe051070c0eac342ee538af.jpg: 480x640 1 pool_table, 7.2ms
Speed: 2.9ms preprocess, 7.2ms inference, 4.1ms postprocess per image at shape (1, 3, 480, 640)
Processing extra-4/data/train/IMG_6578_png.rf.dd0e4b9d64b6bbfeb64223e0ae92a8fe.jpg...

image 1/1 /home/admin/Documents/FEUP-CV/proj/task2/../datasets/extra-4/data/train/IMG_6578_png.rf.dd0e4b9d64b6bbfeb64223e0ae92a8fe.jpg: 640x480 2 pool_tables, 14.6ms
Speed: 1.3ms preprocess, 14.6ms inference, 12.2ms postprocess per image at shape (1, 3, 640, 480)
Processing extra-4/data/train/IMG_6316_png.rf.e61bfa7b90c0455ad3b69465f9d28c65.jpg...

image 1/1 /home/admin/Documents/FEUP-CV/proj/task2/../datasets/extra-4/data/train/IMG_6316_png.rf.e61bfa7b90c0455ad3b69465f9d28c65.jpg: 480x640 1 pool_table, 14.4ms
Speed: 1.8ms preprocess, 14.4ms inference, 12.2ms postprocess per image at shape (1, 3, 480, 640)
Processing extra-4/data/train/IMG_6588_png.rf.b941ea53b72dcf6a26215931f72878bd.jpg...

image 1/1 /home/admin/Documents/FEUP-CV/proj/task2/../datasets/extra-4/data/train/IMG_6588_png.rf.b941ea53b72dcf6a26215931f72878bd.jpg: 480x640 1 pool_table, 4.3ms
Speed: 3.1ms preprocess, 4.3ms inference, 1.5ms postprocess per image at shape (1, 3, 480, 640)
Processing extra-4/data/train/IMG_6510_png.rf.a5cb65e27e312e52a20b2e9c7dd87837.jpg...

image 1/1 /home/admin/Documents/FEUP-CV/proj/task2/../datasets/extra-4/data/train/IMG_6510_png.rf.a5cb65e27e312e52a20b2e9c7dd87837.jpg: 480x640 1 pool_table, 7.3ms
Speed: 2.1ms preprocess, 7.3ms inference, 12.1ms postprocess per image at shape (1, 3, 480, 640)
Processing extra-4/data/train/IMG_6327_png.rf.1220234843b459d16fbf3c2dd8a27f4c.jpg...

image 1/1 /home/admin/Documents/FEUP-CV/proj/task2/../datasets/extra-4/data/train/IMG_6327_png.rf.1220234843b459d16fbf3c2dd8a27f4c.jpg: 480x640 1 pool_table, 4.2ms
Speed: 1.6ms preprocess, 4.2ms inference, 1.4ms postprocess per image at shape (1, 3, 480, 640)
Processing extra-4/data/train/IMG_6340_png.rf.c9145374a6d22f3cf20d439e81a3465a.jpg...

image 1/1 /home/admin/Documents/FEUP-CV/proj/task2/../datasets/extra-4/data/train/IMG_6340_png.rf.c9145374a6d22f3cf20d439e81a3465a.jpg: 480x640 1 pool_table, 6.9ms
Speed: 1.5ms preprocess, 6.9ms inference, 12.1ms postprocess per image at shape (1, 3, 480, 640)
Processing extra-4/data/train/IMG_6598_png.rf.59052b3dd96a967c3d60e3167501325e.jpg...

image 1/1 /home/admin/Documents/FEUP-CV/proj/task2/../datasets/extra-4/data/train/IMG_6598_png.rf.59052b3dd96a967c3d60e3167501325e.jpg: 640x480 2 pool_tables, 5.4ms
Speed: 2.9ms preprocess, 5.4ms inference, 1.4ms postprocess per image at shape (1, 3, 640, 480)
Processing extra-4/data/train/IMG_6417_png.rf.c4e520790b36bc4faec75c6eb18d13bb.jpg...

image 1/1 /home/admin/Documents/FEUP-CV/proj/task2/../datasets/extra-4/data/train/IMG_6417_png.rf.c4e520790b36bc4faec75c6eb18d13bb.jpg: 640x480 1 pool_table, 6.9ms
Speed: 2.4ms preprocess, 6.9ms inference, 12.1ms postprocess per image at shape (1, 3, 640, 480)
Processing extra-4/data/train/IMG_6320_png.rf.37112e596a955f5b6ad3baf291b7b303.jpg...

image 1/1 /home/admin/Documents/FEUP-CV/proj/task2/../datasets/extra-4/data/train/IMG_6320_png.rf.37112e596a955f5b6ad3baf291b7b303.jpg: 480x640 1 pool_table, 14.0ms
Speed: 1.9ms preprocess, 14.0ms inference, 12.0ms postprocess per image at shape (1, 3, 480, 640)
Processing extra-4/data/train/IMG_6446_png.rf.57e6c432dbc9f641efada9df7ee59b25.jpg...

image 1/1 /home/admin/Documents/FEUP-CV/proj/task2/../datasets/extra-4/data/train/IMG_6446_png.rf.57e6c432dbc9f641efada9df7ee59b25.jpg: 480x640 1 pool_table, 4.1ms
Speed: 1.0ms preprocess, 4.1ms inference, 1.4ms postprocess per image at shape (1, 3, 480, 640)
Processing extra-4/data/train/IMG_6350_png.rf.ad0b0ecc7745e1c870d59e89f982e4e9.jpg...

image 1/1 /home/admin/Documents/FEUP-CV/proj/task2/../datasets/extra-4/data/train/IMG_6350_png.rf.ad0b0ecc7745e1c870d59e89f982e4e9.jpg: 640x480 1 pool_table, 14.1ms
Speed: 2.9ms preprocess, 14.1ms inference, 12.0ms postprocess per image at shape (1, 3, 640, 480)
Processing extra-4/data/train/IMG_6503_png.rf.1ad129b3449eef06ab32406db39923de.jpg...

image 1/1 /home/admin/Documents/FEUP-CV/proj/task2/../datasets/extra-4/data/train/IMG_6503_png.rf.1ad129b3449eef06ab32406db39923de.jpg: 480x640 1 pool_table, 14.3ms
Speed: 2.5ms preprocess, 14.3ms inference, 12.1ms postprocess per image at shape (1, 3, 480, 640)
Processing extra-4/data/train/IMG_6389_png.rf.54ab746e8c63cd42fa0a203087b10582.jpg...

image 1/1 /home/admin/Documents/FEUP-CV/proj/task2/../datasets/extra-4/data/train/IMG_6389_png.rf.54ab746e8c63cd42fa0a203087b10582.jpg: 640x480 1 pool_table, 14.5ms
Speed: 2.0ms preprocess, 14.5ms inference, 12.0ms postprocess per image at shape (1, 3, 640, 480)
Processing extra-4/data/train/IMG_6501_png.rf.ea635a76ec3e89b2cacc2fdef6fba817.jpg...

image 1/1 /home/admin/Documents/FEUP-CV/proj/task2/../datasets/extra-4/data/train/IMG_6501_png.rf.ea635a76ec3e89b2cacc2fdef6fba817.jpg: 480x640 1 pool_table, 14.4ms
Speed: 1.8ms preprocess, 14.4ms inference, 12.1ms postprocess per image at shape (1, 3, 480, 640)
Processing extra-4/data/train/IMG_6412_png.rf.2b4aab13f728264c5495cc91ef43d7c1.jpg...

image 1/1 /home/admin/Documents/FEUP-CV/proj/task2/../datasets/extra-4/data/train/IMG_6412_png.rf.2b4aab13f728264c5495cc91ef43d7c1.jpg: 480x640 1 pool_table, 7.0ms
Speed: 2.1ms preprocess, 7.0ms inference, 12.1ms postprocess per image at shape (1, 3, 480, 640)
Processing extra-4/data/train/IMG_6393_png.rf.ad76275214186abb223321f778b3d504.jpg...

image 1/1 /home/admin/Documents/FEUP-CV/proj/task2/../datasets/extra-4/data/train/IMG_6393_png.rf.ad76275214186abb223321f778b3d504.jpg: 640x480 1 pool_table, 7.0ms
Speed: 2.7ms preprocess, 7.0ms inference, 1.4ms postprocess per image at shape (1, 3, 640, 480)
Processing extra-4/data/train/IMG_6427_png.rf.8c9617519f4750d1a66abfb18896e8aa.jpg...

image 1/1 /home/admin/Documents/FEUP-CV/proj/task2/../datasets/extra-4/data/train/IMG_6427_png.rf.8c9617519f4750d1a66abfb18896e8aa.jpg: 480x640 1 pool_table, 14.4ms
Speed: 2.9ms preprocess, 14.4ms inference, 12.1ms postprocess per image at shape (1, 3, 480, 640)
Processing extra-4/data/train/IMG_6502_png.rf.c8025b2ef203ea0189d354dcad8ec1d5.jpg...

image 1/1 /home/admin/Documents/FEUP-CV/proj/task2/../datasets/extra-4/data/train/IMG_6502_png.rf.c8025b2ef203ea0189d354dcad8ec1d5.jpg: 480x640 1 pool_table, 7.2ms
Speed: 1.1ms preprocess, 7.2ms inference, 12.1ms postprocess per image at shape (1, 3, 480, 640)
Processing extra-4/data/train/IMG_6484_png.rf.df3263ca878ec045eaddc1777fd3e7d5.jpg...

image 1/1 /home/admin/Documents/FEUP-CV/proj/task2/../datasets/extra-4/data/train/IMG_6484_png.rf.df3263ca878ec045eaddc1777fd3e7d5.jpg: 480x640 1 pool_table, 7.1ms
Speed: 3.1ms preprocess, 7.1ms inference, 1.5ms postprocess per image at shape (1, 3, 480, 640)
Processing extra-4/data/train/IMG_6594_png.rf.f98d214e45cdee0da03af23e3b2fba66.jpg...

image 1/1 /home/admin/Documents/FEUP-CV/proj/task2/../datasets/extra-4/data/train/IMG_6594_png.rf.f98d214e45cdee0da03af23e3b2fba66.jpg: 480x640 1 pool_table, 7.1ms
Speed: 2.0ms preprocess, 7.1ms inference, 12.2ms postprocess per image at shape (1, 3, 480, 640)
Processing extra-4/data/train/IMG_6493_png.rf.a973f38e8b0457cca9acaeb2bc7de107.jpg...

image 1/1 /home/admin/Documents/FEUP-CV/proj/task2/../datasets/extra-4/data/train/IMG_6493_png.rf.a973f38e8b0457cca9acaeb2bc7de107.jpg: 480x640 1 pool_table, 4.7ms
Speed: 2.1ms preprocess, 4.7ms inference, 1.5ms postprocess per image at shape (1, 3, 480, 640)
Processing extra-4/data/train/IMG_6610_png.rf.d4f2ad14fbc144ceff47cf8ec3e4a9f8.jpg...

image 1/1 /home/admin/Documents/FEUP-CV/proj/task2/../datasets/extra-4/data/train/IMG_6610_png.rf.d4f2ad14fbc144ceff47cf8ec3e4a9f8.jpg: 480x640 1 pool_table, 7.2ms
Speed: 1.8ms preprocess, 7.2ms inference, 12.0ms postprocess per image at shape (1, 3, 480, 640)
Processing extra-4/data/train/IMG_6482_png.rf.5f0aabf546ecdac044e18447dc1134e7.jpg...

image 1/1 /home/admin/Documents/FEUP-CV/proj/task2/../datasets/extra-4/data/train/IMG_6482_png.rf.5f0aabf546ecdac044e18447dc1134e7.jpg: 480x640 1 pool_table, 6.7ms
Speed: 1.5ms preprocess, 6.7ms inference, 1.5ms postprocess per image at shape (1, 3, 480, 640)
Processing extra-4/data/train/IMG_6378_png.rf.6a0a303acf87fdbb455e97296199a39d.jpg...

image 1/1 /home/admin/Documents/FEUP-CV/proj/task2/../datasets/extra-4/data/train/IMG_6378_png.rf.6a0a303acf87fdbb455e97296199a39d.jpg: 640x480 1 pool_table, 14.3ms
Speed: 1.3ms preprocess, 14.3ms inference, 12.0ms postprocess per image at shape (1, 3, 640, 480)
Processing extra-4/data/train/IMG_6314_png.rf.d66cdca2d226ff3546f5cb918b5c95e1.jpg...

image 1/1 /home/admin/Documents/FEUP-CV/proj/task2/../datasets/extra-4/data/train/IMG_6314_png.rf.d66cdca2d226ff3546f5cb918b5c95e1.jpg: 480x640 2 pool_tables, 14.3ms
Speed: 1.5ms preprocess, 14.3ms inference, 12.1ms postprocess per image at shape (1, 3, 480, 640)
Processing extra-4/data/train/IMG_6315_png.rf.6092dba380398b7a6b49e99b25246bca.jpg...

image 1/1 /home/admin/Documents/FEUP-CV/proj/task2/../datasets/extra-4/data/train/IMG_6315_png.rf.6092dba380398b7a6b49e99b25246bca.jpg: 480x640 2 pool_tables, 7.0ms
Speed: 1.7ms preprocess, 7.0ms inference, 12.1ms postprocess per image at shape (1, 3, 480, 640)
Processing extra-4/data/train/IMG_6617_png.rf.e92951b35f101fbd96d04251ada198d5.jpg...

image 1/1 /home/admin/Documents/FEUP-CV/proj/task2/../datasets/extra-4/data/train/IMG_6617_png.rf.e92951b35f101fbd96d04251ada198d5.jpg: 640x480 1 pool_table, 8.6ms
Speed: 1.3ms preprocess, 8.6ms inference, 1.4ms postprocess per image at shape (1, 3, 640, 480)
Processing extra-4/data/train/IMG_6442_png.rf.d0657bb9e91ceaf1f4bfa76b7e1ab138.jpg...

image 1/1 /home/admin/Documents/FEUP-CV/proj/task2/../datasets/extra-4/data/train/IMG_6442_png.rf.d0657bb9e91ceaf1f4bfa76b7e1ab138.jpg: 640x480 1 pool_table, 7.0ms
Speed: 2.3ms preprocess, 7.0ms inference, 12.1ms postprocess per image at shape (1, 3, 640, 480)
Processing extra-4/data/train/IMG_6321_png.rf.8ed57b4c0cbab4bcf2f279acb92fdea1.jpg...

image 1/1 /home/admin/Documents/FEUP-CV/proj/task2/../datasets/extra-4/data/train/IMG_6321_png.rf.8ed57b4c0cbab4bcf2f279acb92fdea1.jpg: 480x640 1 pool_table, 5.3ms
Speed: 1.1ms preprocess, 5.3ms inference, 1.5ms postprocess per image at shape (1, 3, 480, 640)
Processing extra-4/data/train/IMG_6373_png.rf.4d7a15a8b9d9a5e2e122887b1350c33c.jpg...

image 1/1 /home/admin/Documents/FEUP-CV/proj/task2/../datasets/extra-4/data/train/IMG_6373_png.rf.4d7a15a8b9d9a5e2e122887b1350c33c.jpg: 640x480 1 pool_table, 14.3ms
Speed: 2.9ms preprocess, 14.3ms inference, 12.1ms postprocess per image at shape (1, 3, 640, 480)
Processing extra-4/data/train/IMG_6339_png.rf.bafe183737599936bf1e3c7d255fadf1.jpg...

image 1/1 /home/admin/Documents/FEUP-CV/proj/task2/../datasets/extra-4/data/train/IMG_6339_png.rf.bafe183737599936bf1e3c7d255fadf1.jpg: 480x640 (no detections), 14.4ms
Speed: 2.1ms preprocess, 14.4ms inference, 4.8ms postprocess per image at shape (1, 3, 480, 640)
Processing extra-4/data/train/IMG_6439_png.rf.6074865c9df6c49cf2cfb71b0a424c99.jpg...

image 1/1 /home/admin/Documents/FEUP-CV/proj/task2/../datasets/extra-4/data/train/IMG_6439_png.rf.6074865c9df6c49cf2cfb71b0a424c99.jpg: 480x640 1 pool_table, 7.2ms
Speed: 2.5ms preprocess, 7.2ms inference, 7.4ms postprocess per image at shape (1, 3, 480, 640)
Processing extra-4/data/train/IMG_6573_png.rf.b861d13c6e75024aa7c4fcda8093a9a7.jpg...

image 1/1 /home/admin/Documents/FEUP-CV/proj/task2/../datasets/extra-4/data/train/IMG_6573_png.rf.b861d13c6e75024aa7c4fcda8093a9a7.jpg: 480x640 (no detections), 7.1ms
Speed: 1.3ms preprocess, 7.1ms inference, 4.8ms postprocess per image at shape (1, 3, 480, 640)
Processing extra-4/data/train/IMG_6370_png.rf.3c6585ae42e53a8b9e8d1e48387ef43a.jpg...

image 1/1 /home/admin/Documents/FEUP-CV/proj/task2/../datasets/extra-4/data/train/IMG_6370_png.rf.3c6585ae42e53a8b9e8d1e48387ef43a.jpg: 640x480 1 pool_table, 14.4ms
Speed: 1.3ms preprocess, 14.4ms inference, 7.3ms postprocess per image at shape (1, 3, 640, 480)
Processing extra-4/data/train/IMG_6441_png.rf.c384600b725ab02e3353688201bc6441.jpg...

image 1/1 /home/admin/Documents/FEUP-CV/proj/task2/../datasets/extra-4/data/train/IMG_6441_png.rf.c384600b725ab02e3353688201bc6441.jpg: 480x640 1 pool_table, 14.4ms
Speed: 2.9ms preprocess, 14.4ms inference, 12.1ms postprocess per image at shape (1, 3, 480, 640)
Processing extra-4/data/train/IMG_6483_png.rf.fdda98e4f4fa2d32f26186ab5ee22761.jpg...

image 1/1 /home/admin/Documents/FEUP-CV/proj/task2/../datasets/extra-4/data/train/IMG_6483_png.rf.fdda98e4f4fa2d32f26186ab5ee22761.jpg: 480x640 1 pool_table, 7.2ms
Speed: 1.1ms preprocess, 7.2ms inference, 12.1ms postprocess per image at shape (1, 3, 480, 640)
Processing extra-4/data/train/IMG_6432_png.rf.c9308f90a5e320a1077d46ac514bd460.jpg...

image 1/1 /home/admin/Documents/FEUP-CV/proj/task2/../datasets/extra-4/data/train/IMG_6432_png.rf.c9308f90a5e320a1077d46ac514bd460.jpg: 480x640 1 pool_table, 4.4ms
Speed: 1.6ms preprocess, 4.4ms inference, 1.4ms postprocess per image at shape (1, 3, 480, 640)
Processing extra-4/data/train/IMG_6374_png.rf.fbd9c78fd2649b1e9023ee5e6bedde57.jpg...

image 1/1 /home/admin/Documents/FEUP-CV/proj/task2/../datasets/extra-4/data/train/IMG_6374_png.rf.fbd9c78fd2649b1e9023ee5e6bedde57.jpg: 640x480 2 pool_tables, 14.2ms
Speed: 2.7ms preprocess, 14.2ms inference, 12.0ms postprocess per image at shape (1, 3, 640, 480)
Processing extra-4/data/train/IMG_6433_png.rf.6a7d575b5d32a8fa07f62e6d2432bd2d.jpg...

image 1/1 /home/admin/Documents/FEUP-CV/proj/task2/../datasets/extra-4/data/train/IMG_6433_png.rf.6a7d575b5d32a8fa07f62e6d2432bd2d.jpg: 640x480 1 pool_table, 7.0ms
Speed: 1.2ms preprocess, 7.0ms inference, 12.1ms postprocess per image at shape (1, 3, 640, 480)
Processing extra-4/data/train/IMG_6514_png.rf.e5d7ae8e0e78c5eaddfbc46f2db974b3.jpg...

image 1/1 /home/admin/Documents/FEUP-CV/proj/task2/../datasets/extra-4/data/train/IMG_6514_png.rf.e5d7ae8e0e78c5eaddfbc46f2db974b3.jpg: 480x640 1 pool_table, 5.1ms
Speed: 1.2ms preprocess, 5.1ms inference, 1.5ms postprocess per image at shape (1, 3, 480, 640)
Processing extra-4/data/train/IMG_6313_png.rf.faba50d59ab2a05aabc1e8cbd9c51aab.jpg...

image 1/1 /home/admin/Documents/FEUP-CV/proj/task2/../datasets/extra-4/data/train/IMG_6313_png.rf.faba50d59ab2a05aabc1e8cbd9c51aab.jpg: 480x640 1 pool_table, 7.0ms
Speed: 2.0ms preprocess, 7.0ms inference, 12.1ms postprocess per image at shape (1, 3, 480, 640)
Processing extra-4/data/train/IMG_6430_png.rf.0cf9b796ee2049d058ae4680fd8c875c.jpg...

image 1/1 /home/admin/Documents/FEUP-CV/proj/task2/../datasets/extra-4/data/train/IMG_6430_png.rf.0cf9b796ee2049d058ae4680fd8c875c.jpg: 640x480 1 pool_table, 14.2ms
Speed: 2.9ms preprocess, 14.2ms inference, 12.0ms postprocess per image at shape (1, 3, 640, 480)
Processing extra-4/data/train/IMG_6444_png.rf.2c8f8ada1ca5e72c15190fac7951408f.jpg...

image 1/1 /home/admin/Documents/FEUP-CV/proj/task2/../datasets/extra-4/data/train/IMG_6444_png.rf.2c8f8ada1ca5e72c15190fac7951408f.jpg: 480x640 1 pool_table, 14.3ms
Speed: 3.0ms preprocess, 14.3ms inference, 12.1ms postprocess per image at shape (1, 3, 480, 640)
Processing extra-4/data/train/IMG_6425_png.rf.6ee869cadd616f28519b9486b2aa8c28.jpg...

image 1/1 /home/admin/Documents/FEUP-CV/proj/task2/../datasets/extra-4/data/train/IMG_6425_png.rf.6ee869cadd616f28519b9486b2aa8c28.jpg: 480x640 1 pool_table, 4.4ms
Speed: 2.5ms preprocess, 4.4ms inference, 1.6ms postprocess per image at shape (1, 3, 480, 640)
Processing extra-4/data/train/IMG_6576_png.rf.0b580de707f27b54d0dcb315d3b0f7c3.jpg...

image 1/1 /home/admin/Documents/FEUP-CV/proj/task2/../datasets/extra-4/data/train/IMG_6576_png.rf.0b580de707f27b54d0dcb315d3b0f7c3.jpg: 480x640 1 pool_table, 7.1ms
Speed: 2.1ms preprocess, 7.1ms inference, 12.1ms postprocess per image at shape (1, 3, 480, 640)
Processing extra-4/data/train/IMG_6609_png.rf.4200cb41a8d9b04a66ae62ab3bb972e8.jpg...

image 1/1 /home/admin/Documents/FEUP-CV/proj/task2/../datasets/extra-4/data/train/IMG_6609_png.rf.4200cb41a8d9b04a66ae62ab3bb972e8.jpg: 640x480 1 pool_table, 4.8ms
Speed: 1.0ms preprocess, 4.8ms inference, 10.0ms postprocess per image at shape (1, 3, 640, 480)
Processing extra-4/data/train/IMG_6336_png.rf.91aab0934829ea544c7ce3100444d727.jpg...

image 1/1 /home/admin/Documents/FEUP-CV/proj/task2/../datasets/extra-4/data/train/IMG_6336_png.rf.91aab0934829ea544c7ce3100444d727.jpg: 480x640 1 pool_table, 14.4ms
Speed: 1.3ms preprocess, 14.4ms inference, 5.5ms postprocess per image at shape (1, 3, 480, 640)
Processing extra-4/data/train/IMG_6436_png.rf.29476f3a2f5f3ed278c75edb8eade004.jpg...

image 1/1 /home/admin/Documents/FEUP-CV/proj/task2/../datasets/extra-4/data/train/IMG_6436_png.rf.29476f3a2f5f3ed278c75edb8eade004.jpg: 640x480 1 pool_table, 14.5ms
Speed: 2.4ms preprocess, 14.5ms inference, 12.2ms postprocess per image at shape (1, 3, 640, 480)
Processing extra-4/data/train/IMG_6449_png.rf.39c67825b417ff806135fcb553834365.jpg...

image 1/1 /home/admin/Documents/FEUP-CV/proj/task2/../datasets/extra-4/data/train/IMG_6449_png.rf.39c67825b417ff806135fcb553834365.jpg: 480x640 1 pool_table, 14.2ms
Speed: 1.8ms preprocess, 14.2ms inference, 12.1ms postprocess per image at shape (1, 3, 480, 640)
Processing extra-4/data/train/IMG_6480_png.rf.a52e118f247439878a87ecf96a1e70f7.jpg...

image 1/1 /home/admin/Documents/FEUP-CV/proj/task2/../datasets/extra-4/data/train/IMG_6480_png.rf.a52e118f247439878a87ecf96a1e70f7.jpg: 480x640 1 pool_table, 7.0ms
Speed: 2.7ms preprocess, 7.0ms inference, 12.1ms postprocess per image at shape (1, 3, 480, 640)
Processing extra-4/data/train/IMG_6398_png.rf.ab813e6eda1432f5706699f37c40d7ad.jpg...

image 1/1 /home/admin/Documents/FEUP-CV/proj/task2/../datasets/extra-4/data/train/IMG_6398_png.rf.ab813e6eda1432f5706699f37c40d7ad.jpg: 480x640 1 pool_table, 4.5ms
Speed: 1.7ms preprocess, 4.5ms inference, 1.4ms postprocess per image at shape (1, 3, 480, 640)
Processing extra-4/data/train/IMG_6482_png.rf.5e9d99d6be6db380e673b9aad114be79.jpg...

image 1/1 /home/admin/Documents/FEUP-CV/proj/task2/../datasets/extra-4/data/train/IMG_6482_png.rf.5e9d99d6be6db380e673b9aad114be79.jpg: 480x640 1 pool_table, 7.0ms
Speed: 1.9ms preprocess, 7.0ms inference, 12.1ms postprocess per image at shape (1, 3, 480, 640)
Processing extra-4/data/train/IMG_6333_png.rf.1edea286cc72f60fde7eeb44a788c839.jpg...

image 1/1 /home/admin/Documents/FEUP-CV/proj/task2/../datasets/extra-4/data/train/IMG_6333_png.rf.1edea286cc72f60fde7eeb44a788c839.jpg: 480x640 1 pool_table, 6.9ms
Speed: 2.5ms preprocess, 6.9ms inference, 12.1ms postprocess per image at shape (1, 3, 480, 640)
Processing extra-4/data/train/IMG_6383_png.rf.e6ea9c38ef23c4ea47c645518bbdd290.jpg...

image 1/1 /home/admin/Documents/FEUP-CV/proj/task2/../datasets/extra-4/data/train/IMG_6383_png.rf.e6ea9c38ef23c4ea47c645518bbdd290.jpg: 640x480 1 pool_table, 5.9ms
Speed: 3.0ms preprocess, 5.9ms inference, 1.4ms postprocess per image at shape (1, 3, 640, 480)
Processing extra-4/data/train/IMG_6576_png.rf.2eeaebe41a351ec24e576c08aa967e92.jpg...

image 1/1 /home/admin/Documents/FEUP-CV/proj/task2/../datasets/extra-4/data/train/IMG_6576_png.rf.2eeaebe41a351ec24e576c08aa967e92.jpg: 480x640 (no detections), 14.4ms
Speed: 2.9ms preprocess, 14.4ms inference, 4.9ms postprocess per image at shape (1, 3, 480, 640)
Processing extra-4/data/train/IMG_6398_png.rf.b907fe061163613a5301d136c33abe93.jpg...

image 1/1 /home/admin/Documents/FEUP-CV/proj/task2/../datasets/extra-4/data/train/IMG_6398_png.rf.b907fe061163613a5301d136c33abe93.jpg: 480x640 1 pool_table, 7.1ms
Speed: 3.1ms preprocess, 7.1ms inference, 5.6ms postprocess per image at shape (1, 3, 480, 640)
Processing extra-4/data/train/IMG_6383_png.rf.649e049eb506d7726fbadd865a6b4876.jpg...

image 1/1 /home/admin/Documents/FEUP-CV/proj/task2/../datasets/extra-4/data/train/IMG_6383_png.rf.649e049eb506d7726fbadd865a6b4876.jpg: 640x480 1 pool_table, 14.3ms
Speed: 1.1ms preprocess, 14.3ms inference, 12.1ms postprocess per image at shape (1, 3, 640, 480)
Processing extra-4/data/train/IMG_6423_png.rf.4169d235f8ba815ac574751ef0b85ae1.jpg...

image 1/1 /home/admin/Documents/FEUP-CV/proj/task2/../datasets/extra-4/data/train/IMG_6423_png.rf.4169d235f8ba815ac574751ef0b85ae1.jpg: 640x480 1 pool_table, 7.1ms
Speed: 2.9ms preprocess, 7.1ms inference, 12.1ms postprocess per image at shape (1, 3, 640, 480)
Processing extra-4/data/train/IMG_6424_png.rf.5a6c103ae7df0a8f66cd2d502f0a12cd.jpg...

image 1/1 /home/admin/Documents/FEUP-CV/proj/task2/../datasets/extra-4/data/train/IMG_6424_png.rf.5a6c103ae7df0a8f66cd2d502f0a12cd.jpg: 480x640 1 pool_table, 7.7ms
Speed: 1.7ms preprocess, 7.7ms inference, 1.5ms postprocess per image at shape (1, 3, 480, 640)
Processing extra-4/data/train/IMG_6579_png.rf.5293f8c6a936fc589bf646dae6e3b41b.jpg...

image 1/1 /home/admin/Documents/FEUP-CV/proj/task2/../datasets/extra-4/data/train/IMG_6579_png.rf.5293f8c6a936fc589bf646dae6e3b41b.jpg: 640x480 1 pool_table, 14.4ms
Speed: 2.0ms preprocess, 14.4ms inference, 12.1ms postprocess per image at shape (1, 3, 640, 480)
Processing extra-4/data/train/IMG_6481_png.rf.e1b8a586ff12edf810410d3bc376d80c.jpg...

image 1/1 /home/admin/Documents/FEUP-CV/proj/task2/../datasets/extra-4/data/train/IMG_6481_png.rf.e1b8a586ff12edf810410d3bc376d80c.jpg: 384x640 1 pool_table, 14.4ms
Speed: 1.4ms preprocess, 14.4ms inference, 12.1ms postprocess per image at shape (1, 3, 384, 640)
Processing extra-4/data/train/IMG_6492_png.rf.6c9124bf2c0e1d0f6ec57f929f912ad0.jpg...

image 1/1 /home/admin/Documents/FEUP-CV/proj/task2/../datasets/extra-4/data/train/IMG_6492_png.rf.6c9124bf2c0e1d0f6ec57f929f912ad0.jpg: 480x640 1 pool_table, 14.3ms
Speed: 2.9ms preprocess, 14.3ms inference, 12.0ms postprocess per image at shape (1, 3, 480, 640)
Processing extra-4/data/train/IMG_6401_png.rf.ae31acb37952b980f2dee679cf43cbb3.jpg...

image 1/1 /home/admin/Documents/FEUP-CV/proj/task2/../datasets/extra-4/data/train/IMG_6401_png.rf.ae31acb37952b980f2dee679cf43cbb3.jpg: 480x640 1 pool_table, 7.0ms
Speed: 3.1ms preprocess, 7.0ms inference, 12.0ms postprocess per image at shape (1, 3, 480, 640)
Processing extra-4/data/train/IMG_6416_png.rf.88544b6aa5af98b3944cb3d2ba9db910.jpg...

image 1/1 /home/admin/Documents/FEUP-CV/proj/task2/../datasets/extra-4/data/train/IMG_6416_png.rf.88544b6aa5af98b3944cb3d2ba9db910.jpg: 480x640 1 pool_table, 7.1ms
Speed: 1.7ms preprocess, 7.1ms inference, 2.4ms postprocess per image at shape (1, 3, 480, 640)
Processing extra-4/data/train/IMG_6449_png.rf.67bf2005cfbf93e51ee50a1e590f9eb6.jpg...

image 1/1 /home/admin/Documents/FEUP-CV/proj/task2/../datasets/extra-4/data/train/IMG_6449_png.rf.67bf2005cfbf93e51ee50a1e590f9eb6.jpg: 480x640 1 pool_table, 7.1ms
Speed: 2.2ms preprocess, 7.1ms inference, 12.1ms postprocess per image at shape (1, 3, 480, 640)
Processing extra-4/data/train/IMG_6522_png.rf.86851977a580ab60e1e3b6b74ba158d7.jpg...

image 1/1 /home/admin/Documents/FEUP-CV/proj/task2/../datasets/extra-4/data/train/IMG_6522_png.rf.86851977a580ab60e1e3b6b74ba158d7.jpg: 480x640 1 pool_table, 7.0ms
Speed: 2.5ms preprocess, 7.0ms inference, 12.0ms postprocess per image at shape (1, 3, 480, 640)
Processing extra-4/data/train/IMG_6367_png.rf.2d26496f0112e61bde2a58862a617bd1.jpg...

image 1/1 /home/admin/Documents/FEUP-CV/proj/task2/../datasets/extra-4/data/train/IMG_6367_png.rf.2d26496f0112e61bde2a58862a617bd1.jpg: 640x480 1 pool_table, 7.3ms
Speed: 2.1ms preprocess, 7.3ms inference, 1.4ms postprocess per image at shape (1, 3, 640, 480)
Processing extra-4/data/train/IMG_6481_png.rf.4edb26c7224ac17cccdbdf7db047bc95.jpg...

image 1/1 /home/admin/Documents/FEUP-CV/proj/task2/../datasets/extra-4/data/train/IMG_6481_png.rf.4edb26c7224ac17cccdbdf7db047bc95.jpg: 384x640 1 pool_table, 14.4ms
Speed: 2.1ms preprocess, 14.4ms inference, 12.1ms postprocess per image at shape (1, 3, 384, 640)
Processing extra-4/data/train/IMG_6413_png.rf.c2deefdded2974b6772f3fe80db3b24b.jpg...

image 1/1 /home/admin/Documents/FEUP-CV/proj/task2/../datasets/extra-4/data/train/IMG_6413_png.rf.c2deefdded2974b6772f3fe80db3b24b.jpg: 480x640 1 pool_table, 14.4ms
Speed: 2.8ms preprocess, 14.4ms inference, 12.1ms postprocess per image at shape (1, 3, 480, 640)
Processing extra-4/data/train/IMG_6434_png.rf.d54ee7cfd76692f88629db4f5dfb7ccb.jpg...

image 1/1 /home/admin/Documents/FEUP-CV/proj/task2/../datasets/extra-4/data/train/IMG_6434_png.rf.d54ee7cfd76692f88629db4f5dfb7ccb.jpg: 480x640 1 pool_table, 7.1ms
Speed: 2.0ms preprocess, 7.1ms inference, 12.1ms postprocess per image at shape (1, 3, 480, 640)
Processing extra-4/data/train/IMG_6520_png.rf.80c35aee37e98b9e0578e106345d4542.jpg...

image 1/1 /home/admin/Documents/FEUP-CV/proj/task2/../datasets/extra-4/data/train/IMG_6520_png.rf.80c35aee37e98b9e0578e106345d4542.jpg: 480x640 1 pool_table, 4.5ms
Speed: 1.3ms preprocess, 4.5ms inference, 1.5ms postprocess per image at shape (1, 3, 480, 640)
Processing extra-4/data/train/IMG_6357_png.rf.962830e3a73fd187ac7e2b0c4daefe55.jpg...

image 1/1 /home/admin/Documents/FEUP-CV/proj/task2/../datasets/extra-4/data/train/IMG_6357_png.rf.962830e3a73fd187ac7e2b0c4daefe55.jpg: 640x480 1 pool_table, 14.2ms
Speed: 2.3ms preprocess, 14.2ms inference, 12.0ms postprocess per image at shape (1, 3, 640, 480)
Processing extra-4/data/train/IMG_6491_png.rf.b861d70f240bae7305cac2b067eddb6f.jpg...

image 1/1 /home/admin/Documents/FEUP-CV/proj/task2/../datasets/extra-4/data/train/IMG_6491_png.rf.b861d70f240bae7305cac2b067eddb6f.jpg: 480x640 1 pool_table, 14.1ms
Speed: 2.4ms preprocess, 14.1ms inference, 12.1ms postprocess per image at shape (1, 3, 480, 640)
Processing extra-4/data/train/IMG_6602_png.rf.832e9b67e888979b087937162dd6e454.jpg...

image 1/1 /home/admin/Documents/FEUP-CV/proj/task2/../datasets/extra-4/data/train/IMG_6602_png.rf.832e9b67e888979b087937162dd6e454.jpg: 640x480 3 pool_tables, 14.1ms
Speed: 2.4ms preprocess, 14.1ms inference, 12.0ms postprocess per image at shape (1, 3, 640, 480)
Processing extra-4/data/train/IMG_6353_png.rf.0bf141c973dd4e2045fd71178c782bad.jpg...

image 1/1 /home/admin/Documents/FEUP-CV/proj/task2/../datasets/extra-4/data/train/IMG_6353_png.rf.0bf141c973dd4e2045fd71178c782bad.jpg: 640x480 1 pool_table, 7.0ms
Speed: 3.1ms preprocess, 7.0ms inference, 12.1ms postprocess per image at shape (1, 3, 640, 480)
Processing extra-4/data/train/IMG_6526_png.rf.b0ca0d8c3cdd265444f0a43d02f14ee2.jpg...

image 1/1 /home/admin/Documents/FEUP-CV/proj/task2/../datasets/extra-4/data/train/IMG_6526_png.rf.b0ca0d8c3cdd265444f0a43d02f14ee2.jpg: 480x640 1 pool_table, 14.1ms
Speed: 2.3ms preprocess, 14.1ms inference, 12.0ms postprocess per image at shape (1, 3, 480, 640)
Processing extra-4/data/train/IMG_6413_png.rf.4e50a205cd678a2637933ff3f8a3a4d4.jpg...

image 1/1 /home/admin/Documents/FEUP-CV/proj/task2/../datasets/extra-4/data/train/IMG_6413_png.rf.4e50a205cd678a2637933ff3f8a3a4d4.jpg: 480x640 1 pool_table, 7.0ms
Speed: 2.6ms preprocess, 7.0ms inference, 12.1ms postprocess per image at shape (1, 3, 480, 640)
Processing extra-4/data/train/IMG_6612_png.rf.de50e2b68b0d6892e4d00f7691eb526c.jpg...

image 1/1 /home/admin/Documents/FEUP-CV/proj/task2/../datasets/extra-4/data/train/IMG_6612_png.rf.de50e2b68b0d6892e4d00f7691eb526c.jpg: 640x480 1 pool_table, 11.5ms
Speed: 1.0ms preprocess, 11.5ms inference, 1.5ms postprocess per image at shape (1, 3, 640, 480)
Processing extra-4/data/train/IMG_6415_png.rf.a5f331beb5291afe506c8a276e5c674c.jpg...

image 1/1 /home/admin/Documents/FEUP-CV/proj/task2/../datasets/extra-4/data/train/IMG_6415_png.rf.a5f331beb5291afe506c8a276e5c674c.jpg: 480x640 1 pool_table, 14.3ms
Speed: 2.4ms preprocess, 14.3ms inference, 12.1ms postprocess per image at shape (1, 3, 480, 640)
Processing extra-4/data/train/IMG_6490_png.rf.0323970c0861faf78c4e9164b28541fe.jpg...

image 1/1 /home/admin/Documents/FEUP-CV/proj/task2/../datasets/extra-4/data/train/IMG_6490_png.rf.0323970c0861faf78c4e9164b28541fe.jpg: 480x640 1 pool_table, 7.2ms
Speed: 1.7ms preprocess, 7.2ms inference, 12.1ms postprocess per image at shape (1, 3, 480, 640)
Processing extra-4/data/train/IMG_6392_png.rf.e44e2e98fabd368ea624ac471970d3d2.jpg...

image 1/1 /home/admin/Documents/FEUP-CV/proj/task2/../datasets/extra-4/data/train/IMG_6392_png.rf.e44e2e98fabd368ea624ac471970d3d2.jpg: 480x640 1 pool_table, 4.4ms
Speed: 1.9ms preprocess, 4.4ms inference, 1.6ms postprocess per image at shape (1, 3, 480, 640)
Processing extra-4/data/train/IMG_6406_png.rf.1b2dab108b500a77f2c3292ae8722d87.jpg...

image 1/1 /home/admin/Documents/FEUP-CV/proj/task2/../datasets/extra-4/data/train/IMG_6406_png.rf.1b2dab108b500a77f2c3292ae8722d87.jpg: 480x640 1 pool_table, 7.2ms
Speed: 1.7ms preprocess, 7.2ms inference, 12.1ms postprocess per image at shape (1, 3, 480, 640)
Processing extra-4/data/train/IMG_6415_png.rf.08c88cfda99cf6a6f528d152f3a5dd78.jpg...

image 1/1 /home/admin/Documents/FEUP-CV/proj/task2/../datasets/extra-4/data/train/IMG_6415_png.rf.08c88cfda99cf6a6f528d152f3a5dd78.jpg: 480x640 1 pool_table, 7.0ms
Speed: 2.4ms preprocess, 7.0ms inference, 12.1ms postprocess per image at shape (1, 3, 480, 640)
Processing extra-4/data/train/IMG_6602_png.rf.39ed8bd51b1f52d7580d05b4206952c8.jpg...

image 1/1 /home/admin/Documents/FEUP-CV/proj/task2/../datasets/extra-4/data/train/IMG_6602_png.rf.39ed8bd51b1f52d7580d05b4206952c8.jpg: 640x480 1 pool_table, 9.3ms
Speed: 1.5ms preprocess, 9.3ms inference, 1.4ms postprocess per image at shape (1, 3, 640, 480)
Processing extra-4/data/train/IMG_6431_png.rf.c7ae6d150f749f8dfb485d71e984c5db.jpg...

image 1/1 /home/admin/Documents/FEUP-CV/proj/task2/../datasets/extra-4/data/train/IMG_6431_png.rf.c7ae6d150f749f8dfb485d71e984c5db.jpg: 480x640 1 pool_table, 14.2ms
Speed: 1.5ms preprocess, 14.2ms inference, 12.0ms postprocess per image at shape (1, 3, 480, 640)
Processing extra-4/data/train/IMG_6575_png.rf.df4e11383279aaa359fc4786dcb8237c.jpg...

image 1/1 /home/admin/Documents/FEUP-CV/proj/task2/../datasets/extra-4/data/train/IMG_6575_png.rf.df4e11383279aaa359fc4786dcb8237c.jpg: 640x480 1 pool_table, 14.4ms
Speed: 1.3ms preprocess, 14.4ms inference, 12.1ms postprocess per image at shape (1, 3, 640, 480)
Processing extra-4/data/train/IMG_6353_png.rf.be627e24540fcf2f06cf90e937f98966.jpg...

image 1/1 /home/admin/Documents/FEUP-CV/proj/task2/../datasets/extra-4/data/train/IMG_6353_png.rf.be627e24540fcf2f06cf90e937f98966.jpg: 640x480 1 pool_table, 7.3ms
Speed: 3.0ms preprocess, 7.3ms inference, 12.2ms postprocess per image at shape (1, 3, 640, 480)
Processing extra-4/data/train/IMG_6523_png.rf.25508641a933a310530f68322aee2197.jpg...

image 1/1 /home/admin/Documents/FEUP-CV/proj/task2/../datasets/extra-4/data/train/IMG_6523_png.rf.25508641a933a310530f68322aee2197.jpg: 480x640 1 pool_table, 14.5ms
Speed: 3.0ms preprocess, 14.5ms inference, 12.2ms postprocess per image at shape (1, 3, 480, 640)
Processing extra-4/data/train/IMG_6593_png.rf.8e999f560dd33e4bc6bb0ce8a4470e9d.jpg...

image 1/1 /home/admin/Documents/FEUP-CV/proj/task2/../datasets/extra-4/data/train/IMG_6593_png.rf.8e999f560dd33e4bc6bb0ce8a4470e9d.jpg: 640x480 1 pool_table, 14.6ms
Speed: 2.1ms preprocess, 14.6ms inference, 12.1ms postprocess per image at shape (1, 3, 640, 480)
Processing extra-4/data/train/IMG_6408_png.rf.71276159f54793ebead04a392e055d18.jpg...

image 1/1 /home/admin/Documents/FEUP-CV/proj/task2/../datasets/extra-4/data/train/IMG_6408_png.rf.71276159f54793ebead04a392e055d18.jpg: 480x640 1 pool_table, 14.6ms
Speed: 3.1ms preprocess, 14.6ms inference, 12.2ms postprocess per image at shape (1, 3, 480, 640)
Processing extra-4/data/train/IMG_6570_png.rf.2c82fc95c818f11c7a2a84ff61409004.jpg...

image 1/1 /home/admin/Documents/FEUP-CV/proj/task2/../datasets/extra-4/data/train/IMG_6570_png.rf.2c82fc95c818f11c7a2a84ff61409004.jpg: 480x640 1 pool_table, 7.3ms
Speed: 1.6ms preprocess, 7.3ms inference, 12.2ms postprocess per image at shape (1, 3, 480, 640)
Processing extra-4/data/train/IMG_6392_png.rf.aa2db320aedf3cef90f7e415a81ea9a9.jpg...

image 1/1 /home/admin/Documents/FEUP-CV/proj/task2/../datasets/extra-4/data/train/IMG_6392_png.rf.aa2db320aedf3cef90f7e415a81ea9a9.jpg: 480x640 1 pool_table, 7.3ms
Speed: 3.1ms preprocess, 7.3ms inference, 12.2ms postprocess per image at shape (1, 3, 480, 640)
Processing extra-4/data/train/IMG_6385_png.rf.ba70b52932c04823956bb94ae8813ebe.jpg...

image 1/1 /home/admin/Documents/FEUP-CV/proj/task2/../datasets/extra-4/data/train/IMG_6385_png.rf.ba70b52932c04823956bb94ae8813ebe.jpg: 480x640 1 pool_table, 7.3ms
Speed: 1.9ms preprocess, 7.3ms inference, 12.3ms postprocess per image at shape (1, 3, 480, 640)
Processing extra-4/data/train/IMG_6371_png.rf.62abbcab07494d97a44e8bdfd6bffd43.jpg...

image 1/1 /home/admin/Documents/FEUP-CV/proj/task2/../datasets/extra-4/data/train/IMG_6371_png.rf.62abbcab07494d97a44e8bdfd6bffd43.jpg: 640x480 1 pool_table, 14.7ms
Speed: 1.6ms preprocess, 14.7ms inference, 12.3ms postprocess per image at shape (1, 3, 640, 480)
Processing extra-4/data/train/IMG_6411_png.rf.083b21d5d4d8c6d1bb1645fea798725a.jpg...

image 1/1 /home/admin/Documents/FEUP-CV/proj/task2/../datasets/extra-4/data/train/IMG_6411_png.rf.083b21d5d4d8c6d1bb1645fea798725a.jpg: 640x480 1 pool_table, 7.3ms
Speed: 1.5ms preprocess, 7.3ms inference, 12.2ms postprocess per image at shape (1, 3, 640, 480)
Processing extra-4/data/train/IMG_6570_png.rf.b0b875c26e562ffd2f9a0e68b4468e70.jpg...

image 1/1 /home/admin/Documents/FEUP-CV/proj/task2/../datasets/extra-4/data/train/IMG_6570_png.rf.b0b875c26e562ffd2f9a0e68b4468e70.jpg: 480x640 1 pool_table, 14.6ms
Speed: 1.8ms preprocess, 14.6ms inference, 12.2ms postprocess per image at shape (1, 3, 480, 640)
Processing extra-4/data/train/IMG_6595_png.rf.13dcf37f411e5ed03b4db149583a8bc8.jpg...

image 1/1 /home/admin/Documents/FEUP-CV/proj/task2/../datasets/extra-4/data/train/IMG_6595_png.rf.13dcf37f411e5ed03b4db149583a8bc8.jpg: 640x480 1 pool_table, 14.6ms
Speed: 1.8ms preprocess, 14.6ms inference, 12.2ms postprocess per image at shape (1, 3, 640, 480)
Processing extra-4/data/train/IMG_6606_png.rf.22be6183006039244f90640e03dbce9e.jpg...

image 1/1 /home/admin/Documents/FEUP-CV/proj/task2/../datasets/extra-4/data/train/IMG_6606_png.rf.22be6183006039244f90640e03dbce9e.jpg: 480x640 1 pool_table, 14.9ms
Speed: 1.7ms preprocess, 14.9ms inference, 12.4ms postprocess per image at shape (1, 3, 480, 640)
Processing extra-4/data/train/IMG_6355_png.rf.22ee021ab4a68b77ac791d654b76a9b7.jpg...

image 1/1 /home/admin/Documents/FEUP-CV/proj/task2/../datasets/extra-4/data/train/IMG_6355_png.rf.22ee021ab4a68b77ac791d654b76a9b7.jpg: 640x480 1 pool_table, 14.9ms
Speed: 2.3ms preprocess, 14.9ms inference, 12.4ms postprocess per image at shape (1, 3, 640, 480)
Processing extra-4/data/train/IMG_6595_png.rf.595145527cfaa624ec337aa2987602d7.jpg...

image 1/1 /home/admin/Documents/FEUP-CV/proj/task2/../datasets/extra-4/data/train/IMG_6595_png.rf.595145527cfaa624ec337aa2987602d7.jpg: 640x480 1 pool_table, 7.6ms
Speed: 2.5ms preprocess, 7.6ms inference, 12.3ms postprocess per image at shape (1, 3, 640, 480)
Processing extra-4/data/train/IMG_6490_png.rf.4f626c81626e0fa2a315ab24e00f20cf.jpg...

image 1/1 /home/admin/Documents/FEUP-CV/proj/task2/../datasets/extra-4/data/train/IMG_6490_png.rf.4f626c81626e0fa2a315ab24e00f20cf.jpg: 480x640 1 pool_table, 14.9ms
Speed: 2.7ms preprocess, 14.9ms inference, 12.4ms postprocess per image at shape (1, 3, 480, 640)
Processing extra-4/data/train/IMG_6406_png.rf.d85c0ca297052c9eec60e32e1f4447fa.jpg...

image 1/1 /home/admin/Documents/FEUP-CV/proj/task2/../datasets/extra-4/data/train/IMG_6406_png.rf.d85c0ca297052c9eec60e32e1f4447fa.jpg: 480x640 1 pool_table, 7.5ms
Speed: 1.2ms preprocess, 7.5ms inference, 12.3ms postprocess per image at shape (1, 3, 480, 640)
Processing extra-4/data/train/IMG_6434_png.rf.58b2dca569811150fa1d2b5a056e528d.jpg...

image 1/1 /home/admin/Documents/FEUP-CV/proj/task2/../datasets/extra-4/data/train/IMG_6434_png.rf.58b2dca569811150fa1d2b5a056e528d.jpg: 480x640 1 pool_table, 7.4ms
Speed: 3.0ms preprocess, 7.4ms inference, 12.2ms postprocess per image at shape (1, 3, 480, 640)
Processing extra-4/data/train/IMG_6572_png.rf.a0bd401fd42a65534fb0a82f4ccb3b59.jpg...

image 1/1 /home/admin/Documents/FEUP-CV/proj/task2/../datasets/extra-4/data/train/IMG_6572_png.rf.a0bd401fd42a65534fb0a82f4ccb3b59.jpg: 480x640 1 pool_table, 7.3ms
Speed: 2.7ms preprocess, 7.3ms inference, 12.3ms postprocess per image at shape (1, 3, 480, 640)
Processing extra-4/data/train/IMG_6326_png.rf.98ec3c44d73e4ea431b81af995da94e8.jpg...

image 1/1 /home/admin/Documents/FEUP-CV/proj/task2/../datasets/extra-4/data/train/IMG_6326_png.rf.98ec3c44d73e4ea431b81af995da94e8.jpg: 480x640 1 pool_table, 7.3ms
Speed: 2.5ms preprocess, 7.3ms inference, 12.2ms postprocess per image at shape (1, 3, 480, 640)
Processing extra-4/data/train/IMG_6505_png.rf.3832010d65f5415fdb2f697d6b62ee9e.jpg...

image 1/1 /home/admin/Documents/FEUP-CV/proj/task2/../datasets/extra-4/data/train/IMG_6505_png.rf.3832010d65f5415fdb2f697d6b62ee9e.jpg: 480x640 1 pool_table, 7.3ms
Speed: 1.1ms preprocess, 7.3ms inference, 12.2ms postprocess per image at shape (1, 3, 480, 640)
Processing extra-4/data/train/IMG_6312_png.rf.7b5a73d679c29f83c09be32b7e67e66f.jpg...

image 1/1 /home/admin/Documents/FEUP-CV/proj/task2/../datasets/extra-4/data/train/IMG_6312_png.rf.7b5a73d679c29f83c09be32b7e67e66f.jpg: 480x640 1 pool_table, 7.3ms
Speed: 2.5ms preprocess, 7.3ms inference, 12.3ms postprocess per image at shape (1, 3, 480, 640)
Processing extra-4/data/train/IMG_6333_png.rf.2eafc22c841364e88a05842b424190a6.jpg...

image 1/1 /home/admin/Documents/FEUP-CV/proj/task2/../datasets/extra-4/data/train/IMG_6333_png.rf.2eafc22c841364e88a05842b424190a6.jpg: 480x640 1 pool_table, 7.2ms
Speed: 2.3ms preprocess, 7.2ms inference, 12.3ms postprocess per image at shape (1, 3, 480, 640)
Processing extra-4/data/train/IMG_6580_png.rf.b5c25a2c7b40d2295d1c4437f4644309.jpg...

image 1/1 /home/admin/Documents/FEUP-CV/proj/task2/../datasets/extra-4/data/train/IMG_6580_png.rf.b5c25a2c7b40d2295d1c4437f4644309.jpg: 640x480 1 pool_table, 14.8ms
Speed: 1.4ms preprocess, 14.8ms inference, 12.3ms postprocess per image at shape (1, 3, 640, 480)
Processing extra-4/data/train/IMG_6424_png.rf.f23624605cad0a615198dbecf2375f93.jpg...

image 1/1 /home/admin/Documents/FEUP-CV/proj/task2/../datasets/extra-4/data/train/IMG_6424_png.rf.f23624605cad0a615198dbecf2375f93.jpg: 480x640 1 pool_table, 14.9ms
Speed: 2.3ms preprocess, 14.9ms inference, 12.3ms postprocess per image at shape (1, 3, 480, 640)
Processing extra-4/data/train/IMG_6381_png.rf.f69f773dadd81ee753d6ef918062f3b1.jpg...

image 1/1 /home/admin/Documents/FEUP-CV/proj/task2/../datasets/extra-4/data/train/IMG_6381_png.rf.f69f773dadd81ee753d6ef918062f3b1.jpg: 640x480 1 pool_table, 14.9ms
Speed: 1.9ms preprocess, 14.9ms inference, 12.3ms postprocess per image at shape (1, 3, 640, 480)
Processing extra-4/data/train/IMG_6524_png.rf.1cd4066997abe5e0d32ed5caabd2d120.jpg...

image 1/1 /home/admin/Documents/FEUP-CV/proj/task2/../datasets/extra-4/data/train/IMG_6524_png.rf.1cd4066997abe5e0d32ed5caabd2d120.jpg: 480x640 1 pool_table, 14.8ms
Speed: 3.0ms preprocess, 14.8ms inference, 12.3ms postprocess per image at shape (1, 3, 480, 640)
Processing extra-4/data/train/IMG_6348_png.rf.3f03b8d815b8ebf37558690d273758a8.jpg...

image 1/1 /home/admin/Documents/FEUP-CV/proj/task2/../datasets/extra-4/data/train/IMG_6348_png.rf.3f03b8d815b8ebf37558690d273758a8.jpg: 640x480 (no detections), 14.6ms
Speed: 1.7ms preprocess, 14.6ms inference, 4.9ms postprocess per image at shape (1, 3, 640, 480)
Processing extra-4/data/train/IMG_6512_png.rf.0cd733ca6e5bda2533d44edfa2582a63.jpg...

image 1/1 /home/admin/Documents/FEUP-CV/proj/task2/../datasets/extra-4/data/train/IMG_6512_png.rf.0cd733ca6e5bda2533d44edfa2582a63.jpg: 480x640 1 pool_table, 14.7ms
Speed: 3.1ms preprocess, 14.7ms inference, 12.3ms postprocess per image at shape (1, 3, 480, 640)
Processing extra-4/data/train/IMG_6438_png.rf.46b2effe2a160906b12e9db42a6f3f42.jpg...

image 1/1 /home/admin/Documents/FEUP-CV/proj/task2/../datasets/extra-4/data/train/IMG_6438_png.rf.46b2effe2a160906b12e9db42a6f3f42.jpg: 480x640 1 pool_table, 7.3ms
Speed: 2.8ms preprocess, 7.3ms inference, 12.3ms postprocess per image at shape (1, 3, 480, 640)
Processing extra-4/data/train/IMG_6386_png.rf.ceb914fd8508fe79e8a44e5e3f091b50.jpg...

image 1/1 /home/admin/Documents/FEUP-CV/proj/task2/../datasets/extra-4/data/train/IMG_6386_png.rf.ceb914fd8508fe79e8a44e5e3f091b50.jpg: 640x480 1 pool_table, 14.7ms
Speed: 1.5ms preprocess, 14.7ms inference, 12.3ms postprocess per image at shape (1, 3, 640, 480)
Processing extra-4/data/train/IMG_6606_png.rf.7d939685dab9359303be38b43a7b904d.jpg...

image 1/1 /home/admin/Documents/FEUP-CV/proj/task2/../datasets/extra-4/data/train/IMG_6606_png.rf.7d939685dab9359303be38b43a7b904d.jpg: 480x640 1 pool_table, 14.7ms
Speed: 2.7ms preprocess, 14.7ms inference, 12.3ms postprocess per image at shape (1, 3, 480, 640)
Processing extra-4/data/train/IMG_6575_png.rf.a7c4b2a873c2be5c7fc4711d76a95285.jpg...

image 1/1 /home/admin/Documents/FEUP-CV/proj/task2/../datasets/extra-4/data/train/IMG_6575_png.rf.a7c4b2a873c2be5c7fc4711d76a95285.jpg: 640x480 1 pool_table, 15.0ms
Speed: 1.8ms preprocess, 15.0ms inference, 12.4ms postprocess per image at shape (1, 3, 640, 480)
Processing extra-4/data/train/IMG_6369_png.rf.1cc61dc8fc7aabfe043c57b501fabc93.jpg...

image 1/1 /home/admin/Documents/FEUP-CV/proj/task2/../datasets/extra-4/data/train/IMG_6369_png.rf.1cc61dc8fc7aabfe043c57b501fabc93.jpg: 640x480 1 pool_table, 7.5ms
Speed: 2.6ms preprocess, 7.5ms inference, 12.4ms postprocess per image at shape (1, 3, 640, 480)
Processing extra-4/data/train/IMG_6618_png.rf.6e6877f0681d417205e7b641ee393054.jpg...

image 1/1 /home/admin/Documents/FEUP-CV/proj/task2/../datasets/extra-4/data/train/IMG_6618_png.rf.6e6877f0681d417205e7b641ee393054.jpg: 640x480 1 pool_table, 7.5ms
Speed: 1.4ms preprocess, 7.5ms inference, 12.4ms postprocess per image at shape (1, 3, 640, 480)
Processing extra-4/data/train/IMG_6371_png.rf.f611ab170073e15436181a59462a2ee3.jpg...

image 1/1 /home/admin/Documents/FEUP-CV/proj/task2/../datasets/extra-4/data/train/IMG_6371_png.rf.f611ab170073e15436181a59462a2ee3.jpg: 640x480 1 pool_table, 7.5ms
Speed: 2.9ms preprocess, 7.5ms inference, 12.3ms postprocess per image at shape (1, 3, 640, 480)
Processing extra-4/data/train/IMG_6612_png.rf.7fba5e442e6290986d5e6c613fc2584a.jpg...

image 1/1 /home/admin/Documents/FEUP-CV/proj/task2/../datasets/extra-4/data/train/IMG_6612_png.rf.7fba5e442e6290986d5e6c613fc2584a.jpg: 640x480 1 pool_table, 7.5ms
Speed: 2.0ms preprocess, 7.5ms inference, 12.4ms postprocess per image at shape (1, 3, 640, 480)
Processing extra-4/data/train/IMG_6419_png.rf.218f4297cc5ea246ab02050b089b70e2.jpg...

image 1/1 /home/admin/Documents/FEUP-CV/proj/task2/../datasets/extra-4/data/train/IMG_6419_png.rf.218f4297cc5ea246ab02050b089b70e2.jpg: 480x640 1 pool_table, 14.7ms
Speed: 1.6ms preprocess, 14.7ms inference, 12.3ms postprocess per image at shape (1, 3, 480, 640)
Processing extra-4/data/train/IMG_6582_png.rf.0fee6f6f979715cbd43d1698c4e12db0.jpg...

image 1/1 /home/admin/Documents/FEUP-CV/proj/task2/../datasets/extra-4/data/train/IMG_6582_png.rf.0fee6f6f979715cbd43d1698c4e12db0.jpg: 640x480 1 pool_table, 14.6ms
Speed: 3.1ms preprocess, 14.6ms inference, 12.3ms postprocess per image at shape (1, 3, 640, 480)
Processing extra-4/data/train/IMG_6616_png.rf.e780efe16a14493fdfd2860c33683b23.jpg...

image 1/1 /home/admin/Documents/FEUP-CV/proj/task2/../datasets/extra-4/data/train/IMG_6616_png.rf.e780efe16a14493fdfd2860c33683b23.jpg: 480x640 (no detections), 14.6ms
Speed: 2.1ms preprocess, 14.6ms inference, 4.8ms postprocess per image at shape (1, 3, 480, 640)
Processing extra-4/data/train/IMG_6348_png.rf.89fdfcb0ad62158157b3d60a573e58da.jpg...

image 1/1 /home/admin/Documents/FEUP-CV/proj/task2/../datasets/extra-4/data/train/IMG_6348_png.rf.89fdfcb0ad62158157b3d60a573e58da.jpg: 640x480 (no detections), 14.7ms
Speed: 2.5ms preprocess, 14.7ms inference, 4.9ms postprocess per image at shape (1, 3, 640, 480)
Processing extra-4/data/train/IMG_6616_png.rf.741b1a099fab335aae916241eb5e516c.jpg...

image 1/1 /home/admin/Documents/FEUP-CV/proj/task2/../datasets/extra-4/data/train/IMG_6616_png.rf.741b1a099fab335aae916241eb5e516c.jpg: 480x640 1 pool_table, 14.6ms
Speed: 2.7ms preprocess, 14.6ms inference, 12.2ms postprocess per image at shape (1, 3, 480, 640)
Processing extra-4/data/train/IMG_6523_png.rf.b09f4d7a2dfe87640054f13e7827faac.jpg...

image 1/1 /home/admin/Documents/FEUP-CV/proj/task2/../datasets/extra-4/data/train/IMG_6523_png.rf.b09f4d7a2dfe87640054f13e7827faac.jpg: 480x640 1 pool_table, 7.5ms
Speed: 2.5ms preprocess, 7.5ms inference, 12.3ms postprocess per image at shape (1, 3, 480, 640)
Processing extra-4/data/train/IMG_6369_png.rf.1297bc26330c96ddbf100b78a656892a.jpg...

image 1/1 /home/admin/Documents/FEUP-CV/proj/task2/../datasets/extra-4/data/train/IMG_6369_png.rf.1297bc26330c96ddbf100b78a656892a.jpg: 640x480 1 pool_table, 15.0ms
Speed: 1.6ms preprocess, 15.0ms inference, 12.3ms postprocess per image at shape (1, 3, 640, 480)
Processing extra-4/data/train/IMG_6375_png.rf.a551600e57ff4c0330b067c03557d995.jpg...

image 1/1 /home/admin/Documents/FEUP-CV/proj/task2/../datasets/extra-4/data/train/IMG_6375_png.rf.a551600e57ff4c0330b067c03557d995.jpg: 640x480 1 pool_table, 7.6ms
Speed: 3.2ms preprocess, 7.6ms inference, 12.4ms postprocess per image at shape (1, 3, 640, 480)
Processing extra-4/data/train/IMG_6423_png.rf.03e88c749212cc22cec5dda78e377063.jpg...

image 1/1 /home/admin/Documents/FEUP-CV/proj/task2/../datasets/extra-4/data/train/IMG_6423_png.rf.03e88c749212cc22cec5dda78e377063.jpg: 640x480 1 pool_table, 7.5ms
Speed: 2.0ms preprocess, 7.5ms inference, 12.3ms postprocess per image at shape (1, 3, 640, 480)
Processing extra-4/data/train/IMG_6500_png.rf.f1f466b5c465758b6768c8e70846127a.jpg...

image 1/1 /home/admin/Documents/FEUP-CV/proj/task2/../datasets/extra-4/data/train/IMG_6500_png.rf.f1f466b5c465758b6768c8e70846127a.jpg: 480x640 1 pool_table, 14.9ms
Speed: 2.3ms preprocess, 14.9ms inference, 12.4ms postprocess per image at shape (1, 3, 480, 640)
Processing extra-4/data/train/IMG_6517_png.rf.7b12a10709109cd24fd27b6427a8880c.jpg...

image 1/1 /home/admin/Documents/FEUP-CV/proj/task2/../datasets/extra-4/data/train/IMG_6517_png.rf.7b12a10709109cd24fd27b6427a8880c.jpg: 480x640 1 pool_table, 7.3ms
Speed: 1.6ms preprocess, 7.3ms inference, 12.3ms postprocess per image at shape (1, 3, 480, 640)
Processing extra-4/data/train/IMG_6500_png.rf.a5e811b82adadc20bab716fd226e7e45.jpg...

image 1/1 /home/admin/Documents/FEUP-CV/proj/task2/../datasets/extra-4/data/train/IMG_6500_png.rf.a5e811b82adadc20bab716fd226e7e45.jpg: 480x640 1 pool_table, 7.3ms
Speed: 2.9ms preprocess, 7.3ms inference, 12.2ms postprocess per image at shape (1, 3, 480, 640)
Processing extra-4/data/train/IMG_6379_png.rf.eb3a8dbaac149a7604354d945827da68.jpg...

image 1/1 /home/admin/Documents/FEUP-CV/proj/task2/../datasets/extra-4/data/train/IMG_6379_png.rf.eb3a8dbaac149a7604354d945827da68.jpg: 640x480 1 pool_table, 14.6ms
Speed: 1.7ms preprocess, 14.6ms inference, 12.1ms postprocess per image at shape (1, 3, 640, 480)
Processing extra-4/data/train/IMG_6420_png.rf.ff7d0027597218d8af6353c3aaafd7ff.jpg...

image 1/1 /home/admin/Documents/FEUP-CV/proj/task2/../datasets/extra-4/data/train/IMG_6420_png.rf.ff7d0027597218d8af6353c3aaafd7ff.jpg: 480x640 1 pool_table, 14.7ms
Speed: 2.0ms preprocess, 14.7ms inference, 12.3ms postprocess per image at shape (1, 3, 480, 640)
Processing extra-4/data/train/IMG_6332_png.rf.3e315426edc0cdba37f3816519010a6f.jpg...

image 1/1 /home/admin/Documents/FEUP-CV/proj/task2/../datasets/extra-4/data/train/IMG_6332_png.rf.3e315426edc0cdba37f3816519010a6f.jpg: 480x640 1 pool_table, 7.4ms
Speed: 2.4ms preprocess, 7.4ms inference, 12.2ms postprocess per image at shape (1, 3, 480, 640)
Processing extra-4/data/train/IMG_6312_png.rf.c2a40c779f7da68f10a3c68093012ee1.jpg...

image 1/1 /home/admin/Documents/FEUP-CV/proj/task2/../datasets/extra-4/data/train/IMG_6312_png.rf.c2a40c779f7da68f10a3c68093012ee1.jpg: 480x640 1 pool_table, 7.3ms
Speed: 2.7ms preprocess, 7.3ms inference, 12.4ms postprocess per image at shape (1, 3, 480, 640)
Processing extra-4/data/train/IMG_6331_png.rf.81d1d32a4ba57d15702ae790f895003a.jpg...

image 1/1 /home/admin/Documents/FEUP-CV/proj/task2/../datasets/extra-4/data/train/IMG_6331_png.rf.81d1d32a4ba57d15702ae790f895003a.jpg: 480x640 1 pool_table, 7.6ms
Speed: 2.1ms preprocess, 7.6ms inference, 12.3ms postprocess per image at shape (1, 3, 480, 640)
Processing extra-4/data/train/IMG_6524_png.rf.237c3ffac63f0e48f42eafb06c5af2eb.jpg...

image 1/1 /home/admin/Documents/FEUP-CV/proj/task2/../datasets/extra-4/data/train/IMG_6524_png.rf.237c3ffac63f0e48f42eafb06c5af2eb.jpg: 480x640 1 pool_table, 7.5ms
Speed: 3.0ms preprocess, 7.5ms inference, 12.4ms postprocess per image at shape (1, 3, 480, 640)
Processing extra-4/data/train/IMG_6375_png.rf.abb747a45fe0e6209654f6e0363bf5b1.jpg...

image 1/1 /home/admin/Documents/FEUP-CV/proj/task2/../datasets/extra-4/data/train/IMG_6375_png.rf.abb747a45fe0e6209654f6e0363bf5b1.jpg: 640x480 1 pool_table, 14.8ms
Speed: 2.9ms preprocess, 14.8ms inference, 12.4ms postprocess per image at shape (1, 3, 640, 480)
Processing extra-4/data/train/IMG_6408_png.rf.64596293ceeb8e8c7bdbcfe97b413f95.jpg...

image 1/1 /home/admin/Documents/FEUP-CV/proj/task2/../datasets/extra-4/data/train/IMG_6408_png.rf.64596293ceeb8e8c7bdbcfe97b413f95.jpg: 480x640 1 pool_table, 15.0ms
Speed: 1.4ms preprocess, 15.0ms inference, 12.3ms postprocess per image at shape (1, 3, 480, 640)
Processing extra-4/data/train/IMG_6376_png.rf.48379b32322573a5628ca08156005bdf.jpg...

image 1/1 /home/admin/Documents/FEUP-CV/proj/task2/../datasets/extra-4/data/train/IMG_6376_png.rf.48379b32322573a5628ca08156005bdf.jpg: 640x480 1 pool_table, 14.7ms
Speed: 1.8ms preprocess, 14.7ms inference, 12.3ms postprocess per image at shape (1, 3, 640, 480)
Processing extra-4/data/train/IMG_6618_png.rf.e590ec6a1e3e0cbaa95b7f79b5e0a382.jpg...

image 1/1 /home/admin/Documents/FEUP-CV/proj/task2/../datasets/extra-4/data/train/IMG_6618_png.rf.e590ec6a1e3e0cbaa95b7f79b5e0a382.jpg: 640x480 1 pool_table, 7.3ms
Speed: 1.1ms preprocess, 7.3ms inference, 12.3ms postprocess per image at shape (1, 3, 640, 480)
Processing extra-4/data/train/IMG_6491_png.rf.a110e7051bb43eda656fe5b99637535e.jpg...

image 1/1 /home/admin/Documents/FEUP-CV/proj/task2/../datasets/extra-4/data/train/IMG_6491_png.rf.a110e7051bb43eda656fe5b99637535e.jpg: 480x640 1 pool_table, 14.7ms
Speed: 3.2ms preprocess, 14.7ms inference, 12.3ms postprocess per image at shape (1, 3, 480, 640)
Processing extra-4/data/train/IMG_6332_png.rf.319490981635cd4041876a82d931e747.jpg...

image 1/1 /home/admin/Documents/FEUP-CV/proj/task2/../datasets/extra-4/data/train/IMG_6332_png.rf.319490981635cd4041876a82d931e747.jpg: 480x640 1 pool_table, 6.9ms
Speed: 2.4ms preprocess, 6.9ms inference, 0.8ms postprocess per image at shape (1, 3, 480, 640)
Processing extra-4/data/train/IMG_6317_png.rf.6998b588f3058319c258b03b2079ef1d.jpg...

image 1/1 /home/admin/Documents/FEUP-CV/proj/task2/../datasets/extra-4/data/train/IMG_6317_png.rf.6998b588f3058319c258b03b2079ef1d.jpg: 480x640 1 pool_table, 4.2ms
Speed: 0.9ms preprocess, 4.2ms inference, 0.8ms postprocess per image at shape (1, 3, 480, 640)
Processing extra-4/data/train/IMG_6593_png.rf.a991fc24ffc6323cfb9a8bfe3990179d.jpg...

image 1/1 /home/admin/Documents/FEUP-CV/proj/task2/../datasets/extra-4/data/train/IMG_6593_png.rf.a991fc24ffc6323cfb9a8bfe3990179d.jpg: 640x480 1 pool_table, 4.5ms
Speed: 0.9ms preprocess, 4.5ms inference, 0.8ms postprocess per image at shape (1, 3, 640, 480)
Processing extra-4/data/train/IMG_6376_png.rf.48ce07afda5381cdb0679763d127b2a3.jpg...

image 1/1 /home/admin/Documents/FEUP-CV/proj/task2/../datasets/extra-4/data/train/IMG_6376_png.rf.48ce07afda5381cdb0679763d127b2a3.jpg: 640x480 1 pool_table, 4.2ms
Speed: 0.9ms preprocess, 4.2ms inference, 0.8ms postprocess per image at shape (1, 3, 640, 480)
Processing extra-4/data/train/IMG_6330_png.rf.bc66c69b2470628c6718a8bcdecb0f14.jpg...

image 1/1 /home/admin/Documents/FEUP-CV/proj/task2/../datasets/extra-4/data/train/IMG_6330_png.rf.bc66c69b2470628c6718a8bcdecb0f14.jpg: 480x640 1 pool_table, 4.6ms
Speed: 0.9ms preprocess, 4.6ms inference, 0.8ms postprocess per image at shape (1, 3, 480, 640)
Processing extra-4/data/train/IMG_6391_png.rf.48932c99058c2fe6e42984863b2c39b5.jpg...

image 1/1 /home/admin/Documents/FEUP-CV/proj/task2/../datasets/extra-4/data/train/IMG_6391_png.rf.48932c99058c2fe6e42984863b2c39b5.jpg: 640x480 1 pool_table, 4.4ms
Speed: 0.9ms preprocess, 4.4ms inference, 0.8ms postprocess per image at shape (1, 3, 640, 480)
Processing extra-4/data/train/IMG_6438_png.rf.3410a77036243508c4fe0031b17cfdd8.jpg...

image 1/1 /home/admin/Documents/FEUP-CV/proj/task2/../datasets/extra-4/data/train/IMG_6438_png.rf.3410a77036243508c4fe0031b17cfdd8.jpg: 480x640 1 pool_table, 4.7ms
Speed: 0.9ms preprocess, 4.7ms inference, 0.8ms postprocess per image at shape (1, 3, 480, 640)
Processing extra-4/data/train/IMG_6330_png.rf.096d091675217e2f0994618e54f6cde1.jpg...

image 1/1 /home/admin/Documents/FEUP-CV/proj/task2/../datasets/extra-4/data/train/IMG_6330_png.rf.096d091675217e2f0994618e54f6cde1.jpg: 480x640 1 pool_table, 4.1ms
Speed: 0.9ms preprocess, 4.1ms inference, 0.8ms postprocess per image at shape (1, 3, 480, 640)
Processing extra-4/data/train/IMG_6582_png.rf.0a01317055b88ff11739c94e7313ab28.jpg...

image 1/1 /home/admin/Documents/FEUP-CV/proj/task2/../datasets/extra-4/data/train/IMG_6582_png.rf.0a01317055b88ff11739c94e7313ab28.jpg: 640x480 1 pool_table, 4.5ms
Speed: 0.9ms preprocess, 4.5ms inference, 0.8ms postprocess per image at shape (1, 3, 640, 480)
Processing extra-4/data/train/IMG_6579_png.rf.b1501bd396cb15b68068646da03b1085.jpg...

image 1/1 /home/admin/Documents/FEUP-CV/proj/task2/../datasets/extra-4/data/train/IMG_6579_png.rf.b1501bd396cb15b68068646da03b1085.jpg: 640x480 1 pool_table, 4.1ms
Speed: 0.9ms preprocess, 4.1ms inference, 0.8ms postprocess per image at shape (1, 3, 640, 480)
Processing extra-4/data/train/IMG_6419_png.rf.f661a8f1b471878e75210fe73ed884d0.jpg...

image 1/1 /home/admin/Documents/FEUP-CV/proj/task2/../datasets/extra-4/data/train/IMG_6419_png.rf.f661a8f1b471878e75210fe73ed884d0.jpg: 480x640 1 pool_table, 4.6ms
Speed: 0.9ms preprocess, 4.6ms inference, 0.8ms postprocess per image at shape (1, 3, 480, 640)
Processing extra-4/data/train/IMG_6317_png.rf.6c726c7ddd9473861560913059c3a1ba.jpg...

image 1/1 /home/admin/Documents/FEUP-CV/proj/task2/../datasets/extra-4/data/train/IMG_6317_png.rf.6c726c7ddd9473861560913059c3a1ba.jpg: 480x640 1 pool_table, 4.2ms
Speed: 0.9ms preprocess, 4.2ms inference, 0.8ms postprocess per image at shape (1, 3, 480, 640)
Processing extra-4/data/train/IMG_6615_png.rf.f6c692582aca2a2b2a8586933e0ec77f.jpg...

image 1/1 /home/admin/Documents/FEUP-CV/proj/task2/../datasets/extra-4/data/train/IMG_6615_png.rf.f6c692582aca2a2b2a8586933e0ec77f.jpg: 640x480 1 pool_table, 4.6ms
Speed: 0.9ms preprocess, 4.6ms inference, 0.8ms postprocess per image at shape (1, 3, 640, 480)
Processing extra-4/data/train/IMG_6592_png.rf.d28e72a40519a76106a434103ab581ac.jpg...

image 1/1 /home/admin/Documents/FEUP-CV/proj/task2/../datasets/extra-4/data/train/IMG_6592_png.rf.d28e72a40519a76106a434103ab581ac.jpg: 640x480 1 pool_table, 4.2ms
Speed: 0.9ms preprocess, 4.2ms inference, 0.8ms postprocess per image at shape (1, 3, 640, 480)
Processing extra-4/data/train/IMG_6351_png.rf.1de325c362a4476e49d4351bf479c9fb.jpg...

image 1/1 /home/admin/Documents/FEUP-CV/proj/task2/../datasets/extra-4/data/train/IMG_6351_png.rf.1de325c362a4476e49d4351bf479c9fb.jpg: 640x480 2 pool_tables, 4.4ms
Speed: 0.9ms preprocess, 4.4ms inference, 0.8ms postprocess per image at shape (1, 3, 640, 480)
Processing extra-4/data/train/IMG_6617_png.rf.5190cba0d65f71dd0f08a6e181048c9a.jpg...

image 1/1 /home/admin/Documents/FEUP-CV/proj/task2/../datasets/extra-4/data/train/IMG_6617_png.rf.5190cba0d65f71dd0f08a6e181048c9a.jpg: 640x480 1 pool_table, 4.3ms
Speed: 0.9ms preprocess, 4.3ms inference, 0.8ms postprocess per image at shape (1, 3, 640, 480)
Processing extra-4/data/train/IMG_6399_png.rf.d32c082ab59d9ec0e5d976a7066789ab.jpg...

image 1/1 /home/admin/Documents/FEUP-CV/proj/task2/../datasets/extra-4/data/train/IMG_6399_png.rf.d32c082ab59d9ec0e5d976a7066789ab.jpg: 480x640 1 pool_table, 4.8ms
Speed: 0.9ms preprocess, 4.8ms inference, 0.8ms postprocess per image at shape (1, 3, 480, 640)
Processing extra-4/data/train/IMG_6365_png.rf.6f0c7c1318a811c81387d79016340ca2.jpg...

image 1/1 /home/admin/Documents/FEUP-CV/proj/task2/../datasets/extra-4/data/train/IMG_6365_png.rf.6f0c7c1318a811c81387d79016340ca2.jpg: 640x480 1 pool_table, 4.6ms
Speed: 0.9ms preprocess, 4.6ms inference, 0.8ms postprocess per image at shape (1, 3, 640, 480)
Processing extra-4/data/train/IMG_6411_png.rf.e9460354cb5a28b0b35f0acaa69d3e4b.jpg...

image 1/1 /home/admin/Documents/FEUP-CV/proj/task2/../datasets/extra-4/data/train/IMG_6411_png.rf.e9460354cb5a28b0b35f0acaa69d3e4b.jpg: 640x480 1 pool_table, 4.1ms
Speed: 0.9ms preprocess, 4.1ms inference, 0.8ms postprocess per image at shape (1, 3, 640, 480)
Processing extra-4/data/train/IMG_6479_png.rf.ebf6790068eb77dfab37222c734b57be.jpg...

image 1/1 /home/admin/Documents/FEUP-CV/proj/task2/../datasets/extra-4/data/train/IMG_6479_png.rf.ebf6790068eb77dfab37222c734b57be.jpg: 480x640 1 pool_table, 4.7ms
Speed: 0.9ms preprocess, 4.7ms inference, 0.8ms postprocess per image at shape (1, 3, 480, 640)
Processing extra-4/data/train/IMG_6379_png.rf.5eeb8b7e0759c1ca2776712e8042bc57.jpg...

image 1/1 /home/admin/Documents/FEUP-CV/proj/task2/../datasets/extra-4/data/train/IMG_6379_png.rf.5eeb8b7e0759c1ca2776712e8042bc57.jpg: 640x480 1 pool_table, 4.6ms
Speed: 0.9ms preprocess, 4.6ms inference, 0.8ms postprocess per image at shape (1, 3, 640, 480)
Processing extra-4/data/train/IMG_6355_png.rf.e8261db5d627c051768c7b213786d348.jpg...

image 1/1 /home/admin/Documents/FEUP-CV/proj/task2/../datasets/extra-4/data/train/IMG_6355_png.rf.e8261db5d627c051768c7b213786d348.jpg: 640x480 1 pool_table, 6.1ms
Speed: 1.4ms preprocess, 6.1ms inference, 1.0ms postprocess per image at shape (1, 3, 640, 480)
Processing extra-4/data/train/IMG_6357_png.rf.8cad47c6c0f6e3d7fc3a7307e1d50fc6.jpg...

image 1/1 /home/admin/Documents/FEUP-CV/proj/task2/../datasets/extra-4/data/train/IMG_6357_png.rf.8cad47c6c0f6e3d7fc3a7307e1d50fc6.jpg: 640x480 1 pool_table, 4.3ms
Speed: 0.9ms preprocess, 4.3ms inference, 0.8ms postprocess per image at shape (1, 3, 640, 480)
Processing extra-4/data/train/IMG_6520_png.rf.81ac800cbc2159590026bde831a9f48b.jpg...

image 1/1 /home/admin/Documents/FEUP-CV/proj/task2/../datasets/extra-4/data/train/IMG_6520_png.rf.81ac800cbc2159590026bde831a9f48b.jpg: 480x640 1 pool_table, 4.5ms
Speed: 0.9ms preprocess, 4.5ms inference, 0.8ms postprocess per image at shape (1, 3, 480, 640)
Processing extra-4/data/train/IMG_6486_png.rf.2f266247f3bf2944189e3db4485e21c8.jpg...

image 1/1 /home/admin/Documents/FEUP-CV/proj/task2/../datasets/extra-4/data/train/IMG_6486_png.rf.2f266247f3bf2944189e3db4485e21c8.jpg: 480x640 1 pool_table, 4.3ms
Speed: 0.9ms preprocess, 4.3ms inference, 0.8ms postprocess per image at shape (1, 3, 480, 640)
Processing extra-4/data/train/IMG_6615_png.rf.c6b90bc96604ce17c51887989b9c7b78.jpg...

image 1/1 /home/admin/Documents/FEUP-CV/proj/task2/../datasets/extra-4/data/train/IMG_6615_png.rf.c6b90bc96604ce17c51887989b9c7b78.jpg: 640x480 1 pool_table, 4.7ms
Speed: 0.9ms preprocess, 4.7ms inference, 0.8ms postprocess per image at shape (1, 3, 640, 480)
Processing extra-4/data/train/IMG_6507_png.rf.86f86b438fc4eff0db51968801e7fdd1.jpg...

image 1/1 /home/admin/Documents/FEUP-CV/proj/task2/../datasets/extra-4/data/train/IMG_6507_png.rf.86f86b438fc4eff0db51968801e7fdd1.jpg: 480x640 1 pool_table, 4.6ms
Speed: 0.9ms preprocess, 4.6ms inference, 0.8ms postprocess per image at shape (1, 3, 480, 640)
Processing extra-4/data/train/IMG_6331_png.rf.9df0fbfb9e8910d77b8529fe8bca62e3.jpg...

image 1/1 /home/admin/Documents/FEUP-CV/proj/task2/../datasets/extra-4/data/train/IMG_6331_png.rf.9df0fbfb9e8910d77b8529fe8bca62e3.jpg: 480x640 1 pool_table, 4.3ms
Speed: 0.9ms preprocess, 4.3ms inference, 0.8ms postprocess per image at shape (1, 3, 480, 640)
Processing extra-4/data/train/IMG_6479_png.rf.9ebcb632f7a2c3785e402efacadd7391.jpg...

image 1/1 /home/admin/Documents/FEUP-CV/proj/task2/../datasets/extra-4/data/train/IMG_6479_png.rf.9ebcb632f7a2c3785e402efacadd7391.jpg: 480x640 1 pool_table, 4.2ms
Speed: 0.8ms preprocess, 4.2ms inference, 0.8ms postprocess per image at shape (1, 3, 480, 640)
Processing extra-4/data/train/IMG_6336_png.rf.2d5b5a5caaa53eb106996406d495c55d.jpg...

image 1/1 /home/admin/Documents/FEUP-CV/proj/task2/../datasets/extra-4/data/train/IMG_6336_png.rf.2d5b5a5caaa53eb106996406d495c55d.jpg: 480x640 1 pool_table, 4.3ms
Speed: 0.9ms preprocess, 4.3ms inference, 0.8ms postprocess per image at shape (1, 3, 480, 640)
Processing extra-4/data/train/IMG_6391_png.rf.025340ec1437159a8b0b12e573538622.jpg...

image 1/1 /home/admin/Documents/FEUP-CV/proj/task2/../datasets/extra-4/data/train/IMG_6391_png.rf.025340ec1437159a8b0b12e573538622.jpg: 640x480 1 pool_table, 4.8ms
Speed: 0.9ms preprocess, 4.8ms inference, 0.8ms postprocess per image at shape (1, 3, 640, 480)
Processing extra-4/data/train/IMG_6405_png.rf.c5c2b06af1abc0ce53d8eb3a5a4689e3.jpg...

image 1/1 /home/admin/Documents/FEUP-CV/proj/task2/../datasets/extra-4/data/train/IMG_6405_png.rf.c5c2b06af1abc0ce53d8eb3a5a4689e3.jpg: 480x640 1 pool_table, 4.7ms
Speed: 0.9ms preprocess, 4.7ms inference, 0.8ms postprocess per image at shape (1, 3, 480, 640)
Processing extra-4/data/train/IMG_6486_png.rf.31dc95b74de0c02b2dc5484127fc9ff6.jpg...

image 1/1 /home/admin/Documents/FEUP-CV/proj/task2/../datasets/extra-4/data/train/IMG_6486_png.rf.31dc95b74de0c02b2dc5484127fc9ff6.jpg: 480x640 1 pool_table, 4.3ms
Speed: 0.9ms preprocess, 4.3ms inference, 0.8ms postprocess per image at shape (1, 3, 480, 640)
Processing extra-4/data/train/IMG_6619_png.rf.fb655bb284b89280d89090e72dbe3efd.jpg...

image 1/1 /home/admin/Documents/FEUP-CV/proj/task2/../datasets/extra-4/data/train/IMG_6619_png.rf.fb655bb284b89280d89090e72dbe3efd.jpg: 480x640 (no detections), 4.4ms
Speed: 0.9ms preprocess, 4.4ms inference, 0.4ms postprocess per image at shape (1, 3, 480, 640)
Processing extra-4/data/train/IMG_6385_png.rf.73eaf54b4685bc15960b58b1f682b815.jpg...

image 1/1 /home/admin/Documents/FEUP-CV/proj/task2/../datasets/extra-4/data/train/IMG_6385_png.rf.73eaf54b4685bc15960b58b1f682b815.jpg: 480x640 1 pool_table, 4.3ms
Speed: 0.9ms preprocess, 4.3ms inference, 0.8ms postprocess per image at shape (1, 3, 480, 640)
Processing extra-4/data/train/IMG_6517_png.rf.ab9f6aa6448efd1d1f3947569dc828ed.jpg...

image 1/1 /home/admin/Documents/FEUP-CV/proj/task2/../datasets/extra-4/data/train/IMG_6517_png.rf.ab9f6aa6448efd1d1f3947569dc828ed.jpg: 480x640 1 pool_table, 4.3ms
Speed: 0.9ms preprocess, 4.3ms inference, 0.8ms postprocess per image at shape (1, 3, 480, 640)
Processing extra-4/data/train/IMG_6401_png.rf.04a85345f120cb1739c8392e371be548.jpg...

image 1/1 /home/admin/Documents/FEUP-CV/proj/task2/../datasets/extra-4/data/train/IMG_6401_png.rf.04a85345f120cb1739c8392e371be548.jpg: 480x640 1 pool_table, 4.3ms
Speed: 0.9ms preprocess, 4.3ms inference, 0.8ms postprocess per image at shape (1, 3, 480, 640)
Processing extra-4/data/train/IMG_6592_png.rf.9a1c572f2c9dda0e0670c2aaf41248c9.jpg...

image 1/1 /home/admin/Documents/FEUP-CV/proj/task2/../datasets/extra-4/data/train/IMG_6592_png.rf.9a1c572f2c9dda0e0670c2aaf41248c9.jpg: 640x480 1 pool_table, 4.8ms
Speed: 0.9ms preprocess, 4.8ms inference, 0.8ms postprocess per image at shape (1, 3, 640, 480)
Processing extra-4/data/train/IMG_6425_png.rf.2e963b17f26bdec538550173ca75288f.jpg...

image 1/1 /home/admin/Documents/FEUP-CV/proj/task2/../datasets/extra-4/data/train/IMG_6425_png.rf.2e963b17f26bdec538550173ca75288f.jpg: 480x640 1 pool_table, 4.8ms
Speed: 0.9ms preprocess, 4.8ms inference, 0.8ms postprocess per image at shape (1, 3, 480, 640)
Processing extra-4/data/train/IMG_6444_png.rf.c953afcec13a5842451c4dee087ec490.jpg...

image 1/1 /home/admin/Documents/FEUP-CV/proj/task2/../datasets/extra-4/data/train/IMG_6444_png.rf.c953afcec13a5842451c4dee087ec490.jpg: 480x640 1 pool_table, 4.3ms
Speed: 0.9ms preprocess, 4.3ms inference, 0.8ms postprocess per image at shape (1, 3, 480, 640)
Processing extra-4/data/train/IMG_6609_png.rf.d9fccdb49df111bf34b2252eba6d313f.jpg...

image 1/1 /home/admin/Documents/FEUP-CV/proj/task2/../datasets/extra-4/data/train/IMG_6609_png.rf.d9fccdb49df111bf34b2252eba6d313f.jpg: 640x480 1 pool_table, 4.8ms
Speed: 0.9ms preprocess, 4.8ms inference, 0.8ms postprocess per image at shape (1, 3, 640, 480)
Processing extra-4/data/train/IMG_6399_png.rf.faef65cfee89122864450dd0cddaef76.jpg...

image 1/1 /home/admin/Documents/FEUP-CV/proj/task2/../datasets/extra-4/data/train/IMG_6399_png.rf.faef65cfee89122864450dd0cddaef76.jpg: 480x640 1 pool_table, 4.6ms
Speed: 0.9ms preprocess, 4.6ms inference, 0.8ms postprocess per image at shape (1, 3, 480, 640)
Processing extra-4/data/train/IMG_6609_png.rf.3d89c2d2a09c23a0b292495059b34acf.jpg...

image 1/1 /home/admin/Documents/FEUP-CV/proj/task2/../datasets/extra-4/data/train/IMG_6609_png.rf.3d89c2d2a09c23a0b292495059b34acf.jpg: 640x480 1 pool_table, 4.5ms
Speed: 0.9ms preprocess, 4.5ms inference, 0.7ms postprocess per image at shape (1, 3, 640, 480)
Processing extra-4/data/train/IMG_6436_png.rf.eb9b1b5f225bdaaac842c84b9cc96e09.jpg...

image 1/1 /home/admin/Documents/FEUP-CV/proj/task2/../datasets/extra-4/data/train/IMG_6436_png.rf.eb9b1b5f225bdaaac842c84b9cc96e09.jpg: 640x480 1 pool_table, 4.1ms
Speed: 0.9ms preprocess, 4.1ms inference, 0.7ms postprocess per image at shape (1, 3, 640, 480)
Processing extra-4/data/train/IMG_6480_png.rf.60d8dce92f764b992c299e18c70c31bd.jpg...

image 1/1 /home/admin/Documents/FEUP-CV/proj/task2/../datasets/extra-4/data/train/IMG_6480_png.rf.60d8dce92f764b992c299e18c70c31bd.jpg: 480x640 1 pool_table, 4.5ms
Speed: 0.9ms preprocess, 4.5ms inference, 0.8ms postprocess per image at shape (1, 3, 480, 640)
Processing extra-4/data/train/IMG_6365_png.rf.4c0c2fa0bb8d48b85579bb30d3b55242.jpg...

image 1/1 /home/admin/Documents/FEUP-CV/proj/task2/../datasets/extra-4/data/train/IMG_6365_png.rf.4c0c2fa0bb8d48b85579bb30d3b55242.jpg: 640x480 1 pool_table, 4.7ms
Speed: 0.9ms preprocess, 4.7ms inference, 0.8ms postprocess per image at shape (1, 3, 640, 480)
Processing extra-4/data/train/IMG_6425_png.rf.590e94ad7af6b25191c9bbb30f6c2fb6.jpg...

image 1/1 /home/admin/Documents/FEUP-CV/proj/task2/../datasets/extra-4/data/train/IMG_6425_png.rf.590e94ad7af6b25191c9bbb30f6c2fb6.jpg: 480x640 1 pool_table, 4.5ms
Speed: 0.9ms preprocess, 4.5ms inference, 0.8ms postprocess per image at shape (1, 3, 480, 640)
Processing extra-4/data/train/IMG_6510_png.rf.0d4912e5ae008dbcf18ece338f606915.jpg...

image 1/1 /home/admin/Documents/FEUP-CV/proj/task2/../datasets/extra-4/data/train/IMG_6510_png.rf.0d4912e5ae008dbcf18ece338f606915.jpg: 480x640 1 pool_table, 7.2ms
Speed: 1.5ms preprocess, 7.2ms inference, 1.1ms postprocess per image at shape (1, 3, 480, 640)
Processing extra-4/data/train/IMG_6336_png.rf.b10cb87ff75d3e97002b203ca70015f4.jpg...

image 1/1 /home/admin/Documents/FEUP-CV/proj/task2/../datasets/extra-4/data/train/IMG_6336_png.rf.b10cb87ff75d3e97002b203ca70015f4.jpg: 480x640 1 pool_table, 4.3ms
Speed: 0.9ms preprocess, 4.3ms inference, 0.8ms postprocess per image at shape (1, 3, 480, 640)
Processing extra-4/data/train/IMG_6436_png.rf.528d6da1afbf7e047880229bc0bf108b.jpg...

image 1/1 /home/admin/Documents/FEUP-CV/proj/task2/../datasets/extra-4/data/train/IMG_6436_png.rf.528d6da1afbf7e047880229bc0bf108b.jpg: 640x480 1 pool_table, 4.6ms
Speed: 0.9ms preprocess, 4.6ms inference, 0.8ms postprocess per image at shape (1, 3, 640, 480)
Processing extra-4/data/train/IMG_6480_png.rf.7af2a125a78a1c170f469a6bba006c99.jpg...

image 1/1 /home/admin/Documents/FEUP-CV/proj/task2/../datasets/extra-4/data/train/IMG_6480_png.rf.7af2a125a78a1c170f469a6bba006c99.jpg: 480x640 1 pool_table, 8.1ms
Speed: 1.6ms preprocess, 8.1ms inference, 1.2ms postprocess per image at shape (1, 3, 480, 640)
Processing extra-4/data/train/IMG_6444_png.rf.f1bb74f17173fbefdd47149fbe3f3d5e.jpg...

image 1/1 /home/admin/Documents/FEUP-CV/proj/task2/../datasets/extra-4/data/train/IMG_6444_png.rf.f1bb74f17173fbefdd47149fbe3f3d5e.jpg: 480x640 1 pool_table, 4.6ms
Speed: 0.9ms preprocess, 4.6ms inference, 0.8ms postprocess per image at shape (1, 3, 480, 640)
Processing extra-4/data/train/IMG_6619_png.rf.eb5daf1b7b098ebe9f54563778b0ce0f.jpg...

image 1/1 /home/admin/Documents/FEUP-CV/proj/task2/../datasets/extra-4/data/train/IMG_6619_png.rf.eb5daf1b7b098ebe9f54563778b0ce0f.jpg: 480x640 1 pool_table, 4.4ms
Speed: 0.9ms preprocess, 4.4ms inference, 0.8ms postprocess per image at shape (1, 3, 480, 640)
Processing extra-4/data/train/IMG_6401_png.rf.d2c51a05022d1bf28f1cf32ebf10f004.jpg...

image 1/1 /home/admin/Documents/FEUP-CV/proj/task2/../datasets/extra-4/data/train/IMG_6401_png.rf.d2c51a05022d1bf28f1cf32ebf10f004.jpg: 480x640 1 pool_table, 4.1ms
Speed: 0.8ms preprocess, 4.1ms inference, 0.8ms postprocess per image at shape (1, 3, 480, 640)
Processing extra-4/data/train/IMG_6497_png.rf.1ec50d36d2eaae870dfff2b7bfa13b0e.jpg...

image 1/1 /home/admin/Documents/FEUP-CV/proj/task2/../datasets/extra-4/data/train/IMG_6497_png.rf.1ec50d36d2eaae870dfff2b7bfa13b0e.jpg: 480x640 1 pool_table, 4.1ms
Speed: 0.8ms preprocess, 4.1ms inference, 0.8ms postprocess per image at shape (1, 3, 480, 640)
Processing extra-4/data/train/IMG_6507_png.rf.220ab154653d9e13cac51eeffd4ed249.jpg...

image 1/1 /home/admin/Documents/FEUP-CV/proj/task2/../datasets/extra-4/data/train/IMG_6507_png.rf.220ab154653d9e13cac51eeffd4ed249.jpg: 480x640 1 pool_table, 4.1ms
Speed: 0.9ms preprocess, 4.1ms inference, 0.8ms postprocess per image at shape (1, 3, 480, 640)
Processing extra-4/data/train/IMG_6421_png.rf.f6307ad12ce70381765e684c8b2e848e.jpg...

image 1/1 /home/admin/Documents/FEUP-CV/proj/task2/../datasets/extra-4/data/train/IMG_6421_png.rf.f6307ad12ce70381765e684c8b2e848e.jpg: 480x640 1 pool_table, 4.3ms
Speed: 0.9ms preprocess, 4.3ms inference, 0.8ms postprocess per image at shape (1, 3, 480, 640)
Processing extra-4/data/train/IMG_6510_png.rf.0247c35247ac254da76b2e2a966ba835.jpg...

image 1/1 /home/admin/Documents/FEUP-CV/proj/task2/../datasets/extra-4/data/train/IMG_6510_png.rf.0247c35247ac254da76b2e2a966ba835.jpg: 480x640 1 pool_table, 4.1ms
Speed: 0.9ms preprocess, 4.1ms inference, 0.8ms postprocess per image at shape (1, 3, 480, 640)
Processing extra-4/data/train/IMG_6498_png.rf.afb81620794904ec7a122cfbfcb94092.jpg...

image 1/1 /home/admin/Documents/FEUP-CV/proj/task2/../datasets/extra-4/data/train/IMG_6498_png.rf.afb81620794904ec7a122cfbfcb94092.jpg: 480x640 1 pool_table, 4.2ms
Speed: 0.9ms preprocess, 4.2ms inference, 0.8ms postprocess per image at shape (1, 3, 480, 640)
Processing extra-4/data/train/IMG_6349_png.rf.31f939c4d172a267d2a817f2203c88f1.jpg...

image 1/1 /home/admin/Documents/FEUP-CV/proj/task2/../datasets/extra-4/data/train/IMG_6349_png.rf.31f939c4d172a267d2a817f2203c88f1.jpg: 480x640 1 pool_table, 4.1ms
Speed: 0.9ms preprocess, 4.1ms inference, 0.8ms postprocess per image at shape (1, 3, 480, 640)
Processing extra-4/data/train/IMG_6320_png.rf.bc32fdcb006c8316a9e590180335f978.jpg...

image 1/1 /home/admin/Documents/FEUP-CV/proj/task2/../datasets/extra-4/data/train/IMG_6320_png.rf.bc32fdcb006c8316a9e590180335f978.jpg: 480x640 1 pool_table, 4.2ms
Speed: 0.9ms preprocess, 4.2ms inference, 0.8ms postprocess per image at shape (1, 3, 480, 640)
Processing extra-4/data/train/IMG_6354_png.rf.95b3c1258b609381b629d10ac80c5d24.jpg...

image 1/1 /home/admin/Documents/FEUP-CV/proj/task2/../datasets/extra-4/data/train/IMG_6354_png.rf.95b3c1258b609381b629d10ac80c5d24.jpg: 480x640 1 pool_table, 4.3ms
Speed: 0.9ms preprocess, 4.3ms inference, 0.8ms postprocess per image at shape (1, 3, 480, 640)
Processing extra-4/data/train/IMG_6364_png.rf.c918b7728455a8da2eb31aaa5d0711bc.jpg...

image 1/1 /home/admin/Documents/FEUP-CV/proj/task2/../datasets/extra-4/data/train/IMG_6364_png.rf.c918b7728455a8da2eb31aaa5d0711bc.jpg: 640x480 1 pool_table, 5.1ms
Speed: 2.6ms preprocess, 5.1ms inference, 1.3ms postprocess per image at shape (1, 3, 640, 480)
Processing extra-4/data/train/IMG_6514_png.rf.a661e782b8e7772aab824c94eaa47615.jpg...

image 1/1 /home/admin/Documents/FEUP-CV/proj/task2/../datasets/extra-4/data/train/IMG_6514_png.rf.a661e782b8e7772aab824c94eaa47615.jpg: 480x640 1 pool_table, 11.7ms
Speed: 2.2ms preprocess, 11.7ms inference, 12.0ms postprocess per image at shape (1, 3, 480, 640)
Processing extra-4/data/train/IMG_6427_png.rf.44c3fd3da0038ffdf718fc7f9add44e8.jpg...

image 1/1 /home/admin/Documents/FEUP-CV/proj/task2/../datasets/extra-4/data/train/IMG_6427_png.rf.44c3fd3da0038ffdf718fc7f9add44e8.jpg: 480x640 1 pool_table, 6.9ms
Speed: 1.9ms preprocess, 6.9ms inference, 12.0ms postprocess per image at shape (1, 3, 480, 640)
Processing extra-4/data/train/IMG_6405_png.rf.32665fe48cc89cdac501864bee1082cb.jpg...

image 1/1 /home/admin/Documents/FEUP-CV/proj/task2/../datasets/extra-4/data/train/IMG_6405_png.rf.32665fe48cc89cdac501864bee1082cb.jpg: 480x640 1 pool_table, 6.8ms
Speed: 2.9ms preprocess, 6.8ms inference, 12.0ms postprocess per image at shape (1, 3, 480, 640)
Processing extra-4/data/train/IMG_6329_png.rf.c590c1e9d6aed021366a5c896daa3b78.jpg...

image 1/1 /home/admin/Documents/FEUP-CV/proj/task2/../datasets/extra-4/data/train/IMG_6329_png.rf.c590c1e9d6aed021366a5c896daa3b78.jpg: 480x640 1 pool_table, 5.7ms
Speed: 2.8ms preprocess, 5.7ms inference, 1.3ms postprocess per image at shape (1, 3, 480, 640)
Processing extra-4/data/train/IMG_6602_png.rf.3e9a4406b3716a981f9617433ac089ca.jpg...

image 1/1 /home/admin/Documents/FEUP-CV/proj/task2/../datasets/extra-4/data/train/IMG_6602_png.rf.3e9a4406b3716a981f9617433ac089ca.jpg: 640x480 1 pool_table, 11.7ms
Speed: 2.5ms preprocess, 11.7ms inference, 12.0ms postprocess per image at shape (1, 3, 640, 480)
Processing extra-4/data/train/IMG_6349_png.rf.a07ec01742a173b16c6b265b35fc08c4.jpg...

image 1/1 /home/admin/Documents/FEUP-CV/proj/task2/../datasets/extra-4/data/train/IMG_6349_png.rf.a07ec01742a173b16c6b265b35fc08c4.jpg: 480x640 1 pool_table, 11.6ms
Speed: 2.4ms preprocess, 11.6ms inference, 12.0ms postprocess per image at shape (1, 3, 480, 640)
Processing extra-4/data/train/IMG_6412_png.rf.294dfe358e03768ce3398437d81b29f9.jpg...

image 1/1 /home/admin/Documents/FEUP-CV/proj/task2/../datasets/extra-4/data/train/IMG_6412_png.rf.294dfe358e03768ce3398437d81b29f9.jpg: 480x640 1 pool_table, 7.0ms
Speed: 1.8ms preprocess, 7.0ms inference, 12.1ms postprocess per image at shape (1, 3, 480, 640)
Processing extra-4/data/train/IMG_6427_png.rf.2c4b202f4b5a207a95c132ad68d29b02.jpg...

image 1/1 /home/admin/Documents/FEUP-CV/proj/task2/../datasets/extra-4/data/train/IMG_6427_png.rf.2c4b202f4b5a207a95c132ad68d29b02.jpg: 480x640 1 pool_table, 4.4ms
Speed: 1.2ms preprocess, 4.4ms inference, 1.4ms postprocess per image at shape (1, 3, 480, 640)
Processing extra-4/data/train/IMG_6421_png.rf.1d181085b0ffce9976d0881db93b6193.jpg...

image 1/1 /home/admin/Documents/FEUP-CV/proj/task2/../datasets/extra-4/data/train/IMG_6421_png.rf.1d181085b0ffce9976d0881db93b6193.jpg: 480x640 (no detections), 6.9ms
Speed: 1.6ms preprocess, 6.9ms inference, 4.8ms postprocess per image at shape (1, 3, 480, 640)
Processing extra-4/data/train/IMG_6354_png.rf.1d5d6489655c8a225f68425fa887a6c6.jpg...

image 1/1 /home/admin/Documents/FEUP-CV/proj/task2/../datasets/extra-4/data/train/IMG_6354_png.rf.1d5d6489655c8a225f68425fa887a6c6.jpg: 480x640 1 pool_table, 7.0ms
Speed: 1.4ms preprocess, 7.0ms inference, 11.5ms postprocess per image at shape (1, 3, 480, 640)
Processing extra-4/data/train/IMG_6497_png.rf.61ebcb8e1664a4895bcb6d5605298593.jpg...

image 1/1 /home/admin/Documents/FEUP-CV/proj/task2/../datasets/extra-4/data/train/IMG_6497_png.rf.61ebcb8e1664a4895bcb6d5605298593.jpg: 480x640 1 pool_table, 7.0ms
Speed: 1.2ms preprocess, 7.0ms inference, 12.1ms postprocess per image at shape (1, 3, 480, 640)
Processing extra-4/data/train/IMG_6526_png.rf.1ced4d21d767d944f46213d6f39cc9c3.jpg...

image 1/1 /home/admin/Documents/FEUP-CV/proj/task2/../datasets/extra-4/data/train/IMG_6526_png.rf.1ced4d21d767d944f46213d6f39cc9c3.jpg: 480x640 1 pool_table, 4.4ms
Speed: 2.2ms preprocess, 4.4ms inference, 1.5ms postprocess per image at shape (1, 3, 480, 640)
Processing extra-4/data/train/IMG_6385_png.rf.835d34022d357cdf5237768aea765638.jpg...

image 1/1 /home/admin/Documents/FEUP-CV/proj/task2/../datasets/extra-4/data/train/IMG_6385_png.rf.835d34022d357cdf5237768aea765638.jpg: 480x640 2 pool_tables, 7.0ms
Speed: 1.5ms preprocess, 7.0ms inference, 12.0ms postprocess per image at shape (1, 3, 480, 640)
Processing extra-4/data/train/IMG_6351_png.rf.7faa31efccd6ae2d0031b40bd2be55b2.jpg...

image 1/1 /home/admin/Documents/FEUP-CV/proj/task2/../datasets/extra-4/data/train/IMG_6351_png.rf.7faa31efccd6ae2d0031b40bd2be55b2.jpg: 640x480 1 pool_table, 5.2ms
Speed: 1.4ms preprocess, 5.2ms inference, 1.4ms postprocess per image at shape (1, 3, 640, 480)
Processing extra-4/data/train/IMG_6400_png.rf.05bb8c8ce9b2b9c39045e865392d5ddc.jpg...

image 1/1 /home/admin/Documents/FEUP-CV/proj/task2/../datasets/extra-4/data/train/IMG_6400_png.rf.05bb8c8ce9b2b9c39045e865392d5ddc.jpg: 480x640 1 pool_table, 14.3ms
Speed: 1.4ms preprocess, 14.3ms inference, 12.1ms postprocess per image at shape (1, 3, 480, 640)
Processing extra-4/data/train/IMG_6521_png.rf.481682ac8048a38306112076daf47bc2.jpg...

image 1/1 /home/admin/Documents/FEUP-CV/proj/task2/../datasets/extra-4/data/train/IMG_6521_png.rf.481682ac8048a38306112076daf47bc2.jpg: 480x640 1 pool_table, 7.1ms
Speed: 1.3ms preprocess, 7.1ms inference, 12.1ms postprocess per image at shape (1, 3, 480, 640)
Processing extra-4/data/train/IMG_6371_png.rf.b492379c04054af43555cb84b848185b.jpg...

image 1/1 /home/admin/Documents/FEUP-CV/proj/task2/../datasets/extra-4/data/train/IMG_6371_png.rf.b492379c04054af43555cb84b848185b.jpg: 640x480 1 pool_table, 5.9ms
Speed: 3.1ms preprocess, 5.9ms inference, 1.4ms postprocess per image at shape (1, 3, 640, 480)
Processing extra-4/data/train/IMG_6403_png.rf.05d452abc0edc25f6a2ecdc057ccee73.jpg...

image 1/1 /home/admin/Documents/FEUP-CV/proj/task2/../datasets/extra-4/data/train/IMG_6403_png.rf.05d452abc0edc25f6a2ecdc057ccee73.jpg: 480x640 1 pool_table, 14.3ms
Speed: 3.1ms preprocess, 14.3ms inference, 12.0ms postprocess per image at shape (1, 3, 480, 640)
Processing extra-4/data/train/IMG_6406_png.rf.28642cb1e45d09141d663e5c733977ef.jpg...

image 1/1 /home/admin/Documents/FEUP-CV/proj/task2/../datasets/extra-4/data/train/IMG_6406_png.rf.28642cb1e45d09141d663e5c733977ef.jpg: 480x640 1 pool_table, 7.0ms
Speed: 1.9ms preprocess, 7.0ms inference, 12.2ms postprocess per image at shape (1, 3, 480, 640)
Processing extra-4/data/train/IMG_6588_png.rf.e032e22ee2b113bca380263dd2b08567.jpg...

image 1/1 /home/admin/Documents/FEUP-CV/proj/task2/../datasets/extra-4/data/train/IMG_6588_png.rf.e032e22ee2b113bca380263dd2b08567.jpg: 480x640 1 pool_table, 7.1ms
Speed: 2.9ms preprocess, 7.1ms inference, 12.1ms postprocess per image at shape (1, 3, 480, 640)
Processing extra-4/data/train/IMG_6415_png.rf.9d96e818a9e7db3d17df857843fbfaeb.jpg...

image 1/1 /home/admin/Documents/FEUP-CV/proj/task2/../datasets/extra-4/data/train/IMG_6415_png.rf.9d96e818a9e7db3d17df857843fbfaeb.jpg: 480x640 1 pool_table, 7.0ms
Speed: 1.6ms preprocess, 7.0ms inference, 3.5ms postprocess per image at shape (1, 3, 480, 640)
Processing extra-4/data/train/IMG_6340_png.rf.ba4025b4799e523b71a819d6ad1d2995.jpg...

image 1/1 /home/admin/Documents/FEUP-CV/proj/task2/../datasets/extra-4/data/train/IMG_6340_png.rf.ba4025b4799e523b71a819d6ad1d2995.jpg: 480x640 2 pool_tables, 7.0ms
Speed: 1.5ms preprocess, 7.0ms inference, 12.1ms postprocess per image at shape (1, 3, 480, 640)
Processing extra-4/data/train/IMG_6340_png.rf.2b2ded29d4bf863f4f3f03250c0fd102.jpg...

image 1/1 /home/admin/Documents/FEUP-CV/proj/task2/../datasets/extra-4/data/train/IMG_6340_png.rf.2b2ded29d4bf863f4f3f03250c0fd102.jpg: 480x640 1 pool_table, 4.2ms
Speed: 1.4ms preprocess, 4.2ms inference, 1.5ms postprocess per image at shape (1, 3, 480, 640)
Processing extra-4/data/train/IMG_6367_png.rf.1005e2ddbff9913ab39f1ca10cd8689c.jpg...

image 1/1 /home/admin/Documents/FEUP-CV/proj/task2/../datasets/extra-4/data/train/IMG_6367_png.rf.1005e2ddbff9913ab39f1ca10cd8689c.jpg: 640x480 1 pool_table, 14.2ms
Speed: 2.4ms preprocess, 14.2ms inference, 12.0ms postprocess per image at shape (1, 3, 640, 480)
Processing extra-4/data/train/IMG_6498_png.rf.7dc3e8568f1b28185eed1daba6f657bc.jpg...

image 1/1 /home/admin/Documents/FEUP-CV/proj/task2/../datasets/extra-4/data/train/IMG_6498_png.rf.7dc3e8568f1b28185eed1daba6f657bc.jpg: 480x640 1 pool_table, 14.3ms
Speed: 1.3ms preprocess, 14.3ms inference, 12.0ms postprocess per image at shape (1, 3, 480, 640)
Processing extra-4/data/train/IMG_6488_png.rf.1dce972975e2eaab43319c0c1cd35e99.jpg...

image 1/1 /home/admin/Documents/FEUP-CV/proj/task2/../datasets/extra-4/data/train/IMG_6488_png.rf.1dce972975e2eaab43319c0c1cd35e99.jpg: 480x640 1 pool_table, 7.1ms
Speed: 1.6ms preprocess, 7.1ms inference, 12.0ms postprocess per image at shape (1, 3, 480, 640)
Processing extra-4/data/train/IMG_6353_png.rf.850229d753564fac816514fced203450.jpg...

image 1/1 /home/admin/Documents/FEUP-CV/proj/task2/../datasets/extra-4/data/train/IMG_6353_png.rf.850229d753564fac816514fced203450.jpg: 640x480 1 pool_table, 5.1ms
Speed: 2.5ms preprocess, 5.1ms inference, 1.5ms postprocess per image at shape (1, 3, 640, 480)
Processing extra-4/data/train/IMG_6403_png.rf.97a76f10153c7cfd7ce8ee76091446bb.jpg...

image 1/1 /home/admin/Documents/FEUP-CV/proj/task2/../datasets/extra-4/data/train/IMG_6403_png.rf.97a76f10153c7cfd7ce8ee76091446bb.jpg: 480x640 1 pool_table, 14.3ms
Speed: 2.3ms preprocess, 14.3ms inference, 12.0ms postprocess per image at shape (1, 3, 480, 640)
Processing extra-4/data/train/IMG_6522_png.rf.e4740223d4df82cab2f4a4b06d8e03f7.jpg...

image 1/1 /home/admin/Documents/FEUP-CV/proj/task2/../datasets/extra-4/data/train/IMG_6522_png.rf.e4740223d4df82cab2f4a4b06d8e03f7.jpg: 480x640 1 pool_table, 7.1ms
Speed: 2.2ms preprocess, 7.1ms inference, 12.1ms postprocess per image at shape (1, 3, 480, 640)
Processing extra-4/data/train/IMG_6352_png.rf.598fb1b6eeed243dccde29159840cb78.jpg...

image 1/1 /home/admin/Documents/FEUP-CV/proj/task2/../datasets/extra-4/data/train/IMG_6352_png.rf.598fb1b6eeed243dccde29159840cb78.jpg: 640x480 1 pool_table, 14.3ms
Speed: 2.0ms preprocess, 14.3ms inference, 12.1ms postprocess per image at shape (1, 3, 640, 480)
Processing extra-4/data/train/IMG_6364_png.rf.e1e65560f1462f2210a3efcdaa2f7cac.jpg...

image 1/1 /home/admin/Documents/FEUP-CV/proj/task2/../datasets/extra-4/data/train/IMG_6364_png.rf.e1e65560f1462f2210a3efcdaa2f7cac.jpg: 640x480 1 pool_table, 7.1ms
Speed: 2.4ms preprocess, 7.1ms inference, 12.1ms postprocess per image at shape (1, 3, 640, 480)
Processing extra-4/data/train/IMG_6329_png.rf.56c4df7aa48e7a7893c88e5724027018.jpg...

image 1/1 /home/admin/Documents/FEUP-CV/proj/task2/../datasets/extra-4/data/train/IMG_6329_png.rf.56c4df7aa48e7a7893c88e5724027018.jpg: 480x640 1 pool_table, 7.8ms
Speed: 2.0ms preprocess, 7.8ms inference, 1.4ms postprocess per image at shape (1, 3, 480, 640)
Processing extra-4/data/train/IMG_6414_png.rf.4f17088a22948066aaf99f5782aed6f8.jpg...

image 1/1 /home/admin/Documents/FEUP-CV/proj/task2/../datasets/extra-4/data/train/IMG_6414_png.rf.4f17088a22948066aaf99f5782aed6f8.jpg: 640x480 1 pool_table, 14.3ms
Speed: 1.7ms preprocess, 14.3ms inference, 12.1ms postprocess per image at shape (1, 3, 640, 480)
Processing extra-4/data/train/IMG_6610_png.rf.30dddccf4cccd12138d2fcbfdc6f63ef.jpg...

image 1/1 /home/admin/Documents/FEUP-CV/proj/task2/../datasets/extra-4/data/train/IMG_6610_png.rf.30dddccf4cccd12138d2fcbfdc6f63ef.jpg: 480x640 (no detections), 14.3ms
Speed: 1.6ms preprocess, 14.3ms inference, 4.8ms postprocess per image at shape (1, 3, 480, 640)
Processing extra-4/data/train/IMG_6567_png.rf.77d615076dd229143436bc2315527358.jpg...

image 1/1 /home/admin/Documents/FEUP-CV/proj/task2/../datasets/extra-4/data/train/IMG_6567_png.rf.77d615076dd229143436bc2315527358.jpg: 640x480 1 pool_table, 14.1ms
Speed: 2.9ms preprocess, 14.1ms inference, 1.4ms postprocess per image at shape (1, 3, 640, 480)
Processing extra-4/data/train/IMG_6521_png.rf.b59e172730533983c98e1291e3feaed5.jpg...

image 1/1 /home/admin/Documents/FEUP-CV/proj/task2/../datasets/extra-4/data/train/IMG_6521_png.rf.b59e172730533983c98e1291e3feaed5.jpg: 480x640 1 pool_table, 14.3ms
Speed: 1.5ms preprocess, 14.3ms inference, 12.0ms postprocess per image at shape (1, 3, 480, 640)
Processing extra-4/data/train/IMG_6392_png.rf.e0cc07eccb773a86bf52a1034efbcd0e.jpg...

image 1/1 /home/admin/Documents/FEUP-CV/proj/task2/../datasets/extra-4/data/train/IMG_6392_png.rf.e0cc07eccb773a86bf52a1034efbcd0e.jpg: 480x640 1 pool_table, 7.0ms
Speed: 1.1ms preprocess, 7.0ms inference, 12.1ms postprocess per image at shape (1, 3, 480, 640)
Processing extra-4/data/train/IMG_6316_png.rf.0f170e51d189181f2ef5ab86d6529f07.jpg...

image 1/1 /home/admin/Documents/FEUP-CV/proj/task2/../datasets/extra-4/data/train/IMG_6316_png.rf.0f170e51d189181f2ef5ab86d6529f07.jpg: 480x640 1 pool_table, 4.5ms
Speed: 2.8ms preprocess, 4.5ms inference, 1.5ms postprocess per image at shape (1, 3, 480, 640)
Processing extra-4/data/test/IMG_6388_png.rf.9b9301322e982692339874bc34926551.jpg...

image 1/1 /home/admin/Documents/FEUP-CV/proj/task2/../datasets/extra-4/data/test/IMG_6388_png.rf.9b9301322e982692339874bc34926551.jpg: 640x480 1 pool_table, 14.4ms
Speed: 2.2ms preprocess, 14.4ms inference, 12.2ms postprocess per image at shape (1, 3, 640, 480)
Processing extra-4/data/test/IMG_6435_png.rf.8c9b08d83ba4721528c20756e0e6117f.jpg...

image 1/1 /home/admin/Documents/FEUP-CV/proj/task2/../datasets/extra-4/data/test/IMG_6435_png.rf.8c9b08d83ba4721528c20756e0e6117f.jpg: 480x640 1 pool_table, 14.3ms
Speed: 2.2ms preprocess, 14.3ms inference, 12.1ms postprocess per image at shape (1, 3, 480, 640)
Processing extra-4/data/test/IMG_6042_png.rf.699d411b5516193eb2be97f2186c43c5.jpg...

image 1/1 /home/admin/Documents/FEUP-CV/proj/task2/../datasets/extra-4/data/test/IMG_6042_png.rf.699d411b5516193eb2be97f2186c43c5.jpg: 480x640 1 pool_table, 7.1ms
Speed: 2.1ms preprocess, 7.1ms inference, 12.0ms postprocess per image at shape (1, 3, 480, 640)
Processing extra-4/data/test/IMG_6053_png.rf.f7d64261f084992b16eda65452cf98b8.jpg...

image 1/1 /home/admin/Documents/FEUP-CV/proj/task2/../datasets/extra-4/data/test/IMG_6053_png.rf.f7d64261f084992b16eda65452cf98b8.jpg: 480x640 1 pool_table, 5.1ms
Speed: 1.8ms preprocess, 5.1ms inference, 1.4ms postprocess per image at shape (1, 3, 480, 640)
Processing extra-4/data/test/IMG_6045_png.rf.5b47fe1420afda983efcaddfefb4c711.jpg...

image 1/1 /home/admin/Documents/FEUP-CV/proj/task2/../datasets/extra-4/data/test/IMG_6045_png.rf.5b47fe1420afda983efcaddfefb4c711.jpg: 480x640 1 pool_table, 7.1ms
Speed: 1.3ms preprocess, 7.1ms inference, 12.1ms postprocess per image at shape (1, 3, 480, 640)
Processing extra-4/data/test/IMG_6596_png.rf.9b0874e6e7e027fa5776c1b9b99b59e4.jpg...

image 1/1 /home/admin/Documents/FEUP-CV/proj/task2/../datasets/extra-4/data/test/IMG_6596_png.rf.9b0874e6e7e027fa5776c1b9b99b59e4.jpg: 640x480 1 pool_table, 4.9ms
Speed: 2.6ms preprocess, 4.9ms inference, 1.5ms postprocess per image at shape (1, 3, 640, 480)
Processing extra-4/data/test/IMG_6322_png.rf.edd35e3d1f1648509f90901d182e9af2.jpg...

image 1/1 /home/admin/Documents/FEUP-CV/proj/task2/../datasets/extra-4/data/test/IMG_6322_png.rf.edd35e3d1f1648509f90901d182e9af2.jpg: 480x640 1 pool_table, 14.2ms
Speed: 1.6ms preprocess, 14.2ms inference, 12.0ms postprocess per image at shape (1, 3, 480, 640)
Processing extra-4/data/test/IMG_6494_png.rf.b00e19655b89928a58d7341654a80f9c.jpg...

image 1/1 /home/admin/Documents/FEUP-CV/proj/task2/../datasets/extra-4/data/test/IMG_6494_png.rf.b00e19655b89928a58d7341654a80f9c.jpg: 480x640 1 pool_table, 7.0ms
Speed: 2.1ms preprocess, 7.0ms inference, 12.1ms postprocess per image at shape (1, 3, 480, 640)
Processing extra-4/data/test/IMG_6054_png.rf.60b7f87d9327a75b072ecfffbe88d575.jpg...

image 1/1 /home/admin/Documents/FEUP-CV/proj/task2/../datasets/extra-4/data/test/IMG_6054_png.rf.60b7f87d9327a75b072ecfffbe88d575.jpg: 480x640 1 pool_table, 4.7ms
Speed: 2.8ms preprocess, 4.7ms inference, 1.4ms postprocess per image at shape (1, 3, 480, 640)
Processing extra-4/data/test/IMG_5998_png.rf.13b8bfa096ee2a266c66f89c53729943.jpg...

image 1/1 /home/admin/Documents/FEUP-CV/proj/task2/../datasets/extra-4/data/test/IMG_5998_png.rf.13b8bfa096ee2a266c66f89c53729943.jpg: 480x640 1 pool_table, 7.0ms
Speed: 2.3ms preprocess, 7.0ms inference, 12.1ms postprocess per image at shape (1, 3, 480, 640)
Processing extra-4/data/test/IMG_6328_png.rf.9c3f98c3cf12b4df146f744252e4cf9c.jpg...

image 1/1 /home/admin/Documents/FEUP-CV/proj/task2/../datasets/extra-4/data/test/IMG_6328_png.rf.9c3f98c3cf12b4df146f744252e4cf9c.jpg: 480x640 1 pool_table, 7.1ms
Speed: 2.9ms preprocess, 7.1ms inference, 12.1ms postprocess per image at shape (1, 3, 480, 640)
Processing extra-4/data/test/IMG_6607_png.rf.068f34667403df2cac06bc73d5a316de.jpg...

image 1/1 /home/admin/Documents/FEUP-CV/proj/task2/../datasets/extra-4/data/test/IMG_6607_png.rf.068f34667403df2cac06bc73d5a316de.jpg: 480x640 1 pool_table, 7.0ms
Speed: 1.3ms preprocess, 7.0ms inference, 3.4ms postprocess per image at shape (1, 3, 480, 640)
Processing extra-4/data/test/IMG_6318_png.rf.ea5869b1428bd3b2a110f6bf8329ff6c.jpg...

image 1/1 /home/admin/Documents/FEUP-CV/proj/task2/../datasets/extra-4/data/test/IMG_6318_png.rf.ea5869b1428bd3b2a110f6bf8329ff6c.jpg: 480x640 1 pool_table, 7.0ms
Speed: 2.4ms preprocess, 7.0ms inference, 12.0ms postprocess per image at shape (1, 3, 480, 640)
Processing extra-4/data/test/IMG_6447_png.rf.0399ff651fca619a7325d3fb70e3ff62.jpg...

image 1/1 /home/admin/Documents/FEUP-CV/proj/task2/../datasets/extra-4/data/test/IMG_6447_png.rf.0399ff651fca619a7325d3fb70e3ff62.jpg: 480x640 1 pool_table, 4.2ms
Speed: 2.6ms preprocess, 4.2ms inference, 1.5ms postprocess per image at shape (1, 3, 480, 640)
Processing extra-4/data/test/IMG_6058_png.rf.04ae197007f05e9135a0d976e48e52b1.jpg...

image 1/1 /home/admin/Documents/FEUP-CV/proj/task2/../datasets/extra-4/data/test/IMG_6058_png.rf.04ae197007f05e9135a0d976e48e52b1.jpg: 480x640 1 pool_table, 7.0ms
Speed: 2.5ms preprocess, 7.0ms inference, 12.1ms postprocess per image at shape (1, 3, 480, 640)
Processing extra-4/data/test/IMG_6508_png.rf.33bde6eeab72be646f885af17562ce35.jpg...

image 1/1 /home/admin/Documents/FEUP-CV/proj/task2/../datasets/extra-4/data/test/IMG_6508_png.rf.33bde6eeab72be646f885af17562ce35.jpg: 480x640 1 pool_table, 7.1ms
Speed: 2.7ms preprocess, 7.1ms inference, 12.1ms postprocess per image at shape (1, 3, 480, 640)
Processing extra-4/data/test/IMG_6590_png.rf.ab391a2e24d48179e6da719a8991d06d.jpg...

image 1/1 /home/admin/Documents/FEUP-CV/proj/task2/../datasets/extra-4/data/test/IMG_6590_png.rf.ab391a2e24d48179e6da719a8991d06d.jpg: 640x480 1 pool_table, 10.3ms
Speed: 1.3ms preprocess, 10.3ms inference, 1.4ms postprocess per image at shape (1, 3, 640, 480)
Processing extra-4/data/test/IMG_6057_png.rf.83278aa565310423b1469f31c5986e66.jpg...

image 1/1 /home/admin/Documents/FEUP-CV/proj/task2/../datasets/extra-4/data/test/IMG_6057_png.rf.83278aa565310423b1469f31c5986e66.jpg: 480x640 1 pool_table, 14.2ms
Speed: 1.2ms preprocess, 14.2ms inference, 12.1ms postprocess per image at shape (1, 3, 480, 640)
Processing extra-4/data/test/IMG_6426_png.rf.c17bf033640521dc05ce100985dba30c.jpg...

image 1/1 /home/admin/Documents/FEUP-CV/proj/task2/../datasets/extra-4/data/test/IMG_6426_png.rf.c17bf033640521dc05ce100985dba30c.jpg: 640x480 1 pool_table, 14.3ms
Speed: 2.7ms preprocess, 14.3ms inference, 12.0ms postprocess per image at shape (1, 3, 640, 480)
Processing extra-4/data/test/IMG_6513_png.rf.0e10f3500b29f5bab4ca04d2a960b7db.jpg...

image 1/1 /home/admin/Documents/FEUP-CV/proj/task2/../datasets/extra-4/data/test/IMG_6513_png.rf.0e10f3500b29f5bab4ca04d2a960b7db.jpg: 480x640 1 pool_table, 14.4ms
Speed: 1.9ms preprocess, 14.4ms inference, 12.1ms postprocess per image at shape (1, 3, 480, 640)
Processing extra-4/data/test/IMG_6372_png.rf.04ee812bcac1162ce9ce6a210f2dc572.jpg...

image 1/1 /home/admin/Documents/FEUP-CV/proj/task2/../datasets/extra-4/data/test/IMG_6372_png.rf.04ee812bcac1162ce9ce6a210f2dc572.jpg: 640x480 1 pool_table, 14.3ms
Speed: 2.0ms preprocess, 14.3ms inference, 12.1ms postprocess per image at shape (1, 3, 640, 480)
Processing extra-4/data/test/IMG_6528_png.rf.7612bf5b8592331a8a8d66391ea6cbc4.jpg...

image 1/1 /home/admin/Documents/FEUP-CV/proj/task2/../datasets/extra-4/data/test/IMG_6528_png.rf.7612bf5b8592331a8a8d66391ea6cbc4.jpg: 480x640 1 pool_table, 5.1ms
Speed: 1.3ms preprocess, 5.1ms inference, 1.5ms postprocess per image at shape (1, 3, 480, 640)
Processing extra-4/data/test/IMG_6396_png.rf.61843645ed61aac53912098c4f01c479.jpg...

image 1/1 /home/admin/Documents/FEUP-CV/proj/task2/../datasets/extra-4/data/test/IMG_6396_png.rf.61843645ed61aac53912098c4f01c479.jpg: 480x640 1 pool_table, 7.0ms
Speed: 1.4ms preprocess, 7.0ms inference, 12.0ms postprocess per image at shape (1, 3, 480, 640)
Processing extra-4/data/test/IMG_6519_png.rf.a8cebe94ae7fecfffbf11bfe8924be4f.jpg...

image 1/1 /home/admin/Documents/FEUP-CV/proj/task2/../datasets/extra-4/data/test/IMG_6519_png.rf.a8cebe94ae7fecfffbf11bfe8924be4f.jpg: 480x640 1 pool_table, 4.2ms
Speed: 2.9ms preprocess, 4.2ms inference, 1.5ms postprocess per image at shape (1, 3, 480, 640)
Processing extra-4/data/test/IMG_6356_png.rf.a07a7f54a8bdbe91ec739182c1232098.jpg...

image 1/1 /home/admin/Documents/FEUP-CV/proj/task2/../datasets/extra-4/data/test/IMG_6356_png.rf.a07a7f54a8bdbe91ec739182c1232098.jpg: 640x480 1 pool_table, 14.4ms
Speed: 1.5ms preprocess, 14.4ms inference, 12.1ms postprocess per image at shape (1, 3, 640, 480)
Processing extra-4/data/test/IMG_6604_png.rf.781f873c86a346b835bb376935336745.jpg...

image 1/1 /home/admin/Documents/FEUP-CV/proj/task2/../datasets/extra-4/data/test/IMG_6604_png.rf.781f873c86a346b835bb376935336745.jpg: 480x640 1 pool_table, 14.3ms
Speed: 1.9ms preprocess, 14.3ms inference, 12.0ms postprocess per image at shape (1, 3, 480, 640)
Processing extra-4/data/test/IMG_6056_png.rf.146902102b93a9a06ef7bf2e73a19c91.jpg...

image 1/1 /home/admin/Documents/FEUP-CV/proj/task2/../datasets/extra-4/data/test/IMG_6056_png.rf.146902102b93a9a06ef7bf2e73a19c91.jpg: 480x640 1 pool_table, 7.0ms
Speed: 1.8ms preprocess, 7.0ms inference, 12.1ms postprocess per image at shape (1, 3, 480, 640)
Processing extra-4/data/test/IMG_6613_png.rf.f6a62a8c6449d892c675a5c151d14f06.jpg...

image 1/1 /home/admin/Documents/FEUP-CV/proj/task2/../datasets/extra-4/data/test/IMG_6613_png.rf.f6a62a8c6449d892c675a5c151d14f06.jpg: 480x640 1 pool_table, 6.8ms
Speed: 2.7ms preprocess, 6.8ms inference, 1.4ms postprocess per image at shape (1, 3, 480, 640)
Processing extra-4/data/test/IMG_6001_png.rf.78c79d5dc6e329b12432229c85e49b55.jpg...

image 1/1 /home/admin/Documents/FEUP-CV/proj/task2/../datasets/extra-4/data/test/IMG_6001_png.rf.78c79d5dc6e329b12432229c85e49b55.jpg: 480x640 1 pool_table, 7.0ms
Speed: 2.0ms preprocess, 7.0ms inference, 12.1ms postprocess per image at shape (1, 3, 480, 640)
Processing extra-4/data/test/IMG_6525_png.rf.23268fb44be768e041693c18c427aa95.jpg...

image 1/1 /home/admin/Documents/FEUP-CV/proj/task2/../datasets/extra-4/data/test/IMG_6525_png.rf.23268fb44be768e041693c18c427aa95.jpg: 480x640 1 pool_table, 4.4ms
Speed: 2.1ms preprocess, 4.4ms inference, 1.5ms postprocess per image at shape (1, 3, 480, 640)
Processing extra-4/data/test/IMG_6402_png.rf.c0d7c6e033b28d34acd7e9131dc0c5c4.jpg...

image 1/1 /home/admin/Documents/FEUP-CV/proj/task2/../datasets/extra-4/data/test/IMG_6402_png.rf.c0d7c6e033b28d34acd7e9131dc0c5c4.jpg: 480x640 1 pool_table, 7.0ms
Speed: 1.1ms preprocess, 7.0ms inference, 12.0ms postprocess per image at shape (1, 3, 480, 640)
Processing extra-4/data/test/IMG_6577_png.rf.969f77fe78ba6395cfd5231ce758a368.jpg...

image 1/1 /home/admin/Documents/FEUP-CV/proj/task2/../datasets/extra-4/data/test/IMG_6577_png.rf.969f77fe78ba6395cfd5231ce758a368.jpg: 480x640 1 pool_table, 4.1ms
Speed: 1.7ms preprocess, 4.1ms inference, 1.5ms postprocess per image at shape (1, 3, 480, 640)
Processing extra-4/data/test/IMG_6051_png.rf.917c145b764a9e5436b240872bd272e1.jpg...

image 1/1 /home/admin/Documents/FEUP-CV/proj/task2/../datasets/extra-4/data/test/IMG_6051_png.rf.917c145b764a9e5436b240872bd272e1.jpg: 480x640 1 pool_table, 7.1ms
Speed: 1.6ms preprocess, 7.1ms inference, 12.1ms postprocess per image at shape (1, 3, 480, 640)
Processing extra-4/data/test/IMG_6052_png.rf.d6c795e109277da419746faf37b6d363.jpg...

image 1/1 /home/admin/Documents/FEUP-CV/proj/task2/../datasets/extra-4/data/test/IMG_6052_png.rf.d6c795e109277da419746faf37b6d363.jpg: 480x640 1 pool_table, 4.2ms
Speed: 1.5ms preprocess, 4.2ms inference, 1.5ms postprocess per image at shape (1, 3, 480, 640)
Processing extra-4/data/test/IMG_6581_png.rf.4b2eb435f97ec8c670944b4c15379365.jpg...

image 1/1 /home/admin/Documents/FEUP-CV/proj/task2/../datasets/extra-4/data/test/IMG_6581_png.rf.4b2eb435f97ec8c670944b4c15379365.jpg: 480x640 1 pool_table, 7.1ms
Speed: 1.5ms preprocess, 7.1ms inference, 12.2ms postprocess per image at shape (1, 3, 480, 640)
Processing extra-4/data/test/IMG_6044_png.rf.ad88030e8fed6ac72e5a0d5a6d02a073.jpg...

image 1/1 /home/admin/Documents/FEUP-CV/proj/task2/../datasets/extra-4/data/test/IMG_6044_png.rf.ad88030e8fed6ac72e5a0d5a6d02a073.jpg: 480x640 1 pool_table, 4.2ms
Speed: 1.5ms preprocess, 4.2ms inference, 1.5ms postprocess per image at shape (1, 3, 480, 640)
Processing extra-4/data/test/IMG_6569_png.rf.b43cd2ce8f8e089c3a46977eed325890.jpg...

image 1/1 /home/admin/Documents/FEUP-CV/proj/task2/../datasets/extra-4/data/test/IMG_6569_png.rf.b43cd2ce8f8e089c3a46977eed325890.jpg: 480x640 1 pool_table, 7.1ms
Speed: 1.3ms preprocess, 7.1ms inference, 12.1ms postprocess per image at shape (1, 3, 480, 640)
Processing extra-4/data/test/IMG_6335_png.rf.e0d7dec36c4e24d899154586d897da07.jpg...

image 1/1 /home/admin/Documents/FEUP-CV/proj/task2/../datasets/extra-4/data/test/IMG_6335_png.rf.e0d7dec36c4e24d899154586d897da07.jpg: 480x640 1 pool_table, 6.0ms
Speed: 1.4ms preprocess, 6.0ms inference, 1.5ms postprocess per image at shape (1, 3, 480, 640)
Processing extra-4/data/test/IMG_6515_png.rf.445e8d1205471dc442e9aa6e513438d4.jpg...

image 1/1 /home/admin/Documents/FEUP-CV/proj/task2/../datasets/extra-4/data/test/IMG_6515_png.rf.445e8d1205471dc442e9aa6e513438d4.jpg: 480x640 1 pool_table, 7.1ms
Speed: 1.5ms preprocess, 7.1ms inference, 12.1ms postprocess per image at shape (1, 3, 480, 640)
Processing extra-4/data/test/IMG_6409_png.rf.41bef90134a011cb564bf5d8047724c3.jpg...

image 1/1 /home/admin/Documents/FEUP-CV/proj/task2/../datasets/extra-4/data/test/IMG_6409_png.rf.41bef90134a011cb564bf5d8047724c3.jpg: 640x480 1 pool_table, 5.2ms
Speed: 2.7ms preprocess, 5.2ms inference, 1.5ms postprocess per image at shape (1, 3, 640, 480)
Processing extra-4/data/test/IMG_6601_png.rf.2b175fc7fa90d3ce976dc4b3296408d6.jpg...

image 1/1 /home/admin/Documents/FEUP-CV/proj/task2/../datasets/extra-4/data/test/IMG_6601_png.rf.2b175fc7fa90d3ce976dc4b3296408d6.jpg: 480x640 1 pool_table, 14.1ms
Speed: 1.8ms preprocess, 14.1ms inference, 12.0ms postprocess per image at shape (1, 3, 480, 640)
Processing extra-4/data/test/IMG_6358_png.rf.1bf96fad263daf84aa679d0c9dddca9b.jpg...

image 1/1 /home/admin/Documents/FEUP-CV/proj/task2/../datasets/extra-4/data/test/IMG_6358_png.rf.1bf96fad263daf84aa679d0c9dddca9b.jpg: 640x480 1 pool_table, 14.2ms
Speed: 1.3ms preprocess, 14.2ms inference, 12.0ms postprocess per image at shape (1, 3, 640, 480)
Processing extra-4/data/test/IMG_6059_png.rf.0b5446de7c98284beb4db696b9d7b2ed.jpg...

image 1/1 /home/admin/Documents/FEUP-CV/proj/task2/../datasets/extra-4/data/test/IMG_6059_png.rf.0b5446de7c98284beb4db696b9d7b2ed.jpg: 480x640 1 pool_table, 14.1ms
Speed: 1.3ms preprocess, 14.1ms inference, 12.1ms postprocess per image at shape (1, 3, 480, 640)
Processing extra-4/data/test/IMG_6591_png.rf.3a97f47591bf9bb990f6331b5beefeb1.jpg...

image 1/1 /home/admin/Documents/FEUP-CV/proj/task2/../datasets/extra-4/data/test/IMG_6591_png.rf.3a97f47591bf9bb990f6331b5beefeb1.jpg: 480x640 1 pool_table, 6.9ms
Speed: 3.0ms preprocess, 6.9ms inference, 12.0ms postprocess per image at shape (1, 3, 480, 640)
Processing extra-4/data/test/IMG_6499_png.rf.260d4b6606d88b57d9002eb916f8a4d3.jpg...

image 1/1 /home/admin/Documents/FEUP-CV/proj/task2/../datasets/extra-4/data/test/IMG_6499_png.rf.260d4b6606d88b57d9002eb916f8a4d3.jpg: 480x640 1 pool_table, 6.9ms
Speed: 1.6ms preprocess, 6.9ms inference, 2.4ms postprocess per image at shape (1, 3, 480, 640)
Processing extra-4/data/test/IMG_5999_png.rf.00e5546de0d3794b20be393b6d3bfd76.jpg...

image 1/1 /home/admin/Documents/FEUP-CV/proj/task2/../datasets/extra-4/data/test/IMG_5999_png.rf.00e5546de0d3794b20be393b6d3bfd76.jpg: 480x640 1 pool_table, 6.9ms
Speed: 1.5ms preprocess, 6.9ms inference, 11.9ms postprocess per image at shape (1, 3, 480, 640)
Processing extra-4/data/valid/IMG_6338_png.rf.35e1b6bac9d7b887a6a555ed57612bd0.jpg...

image 1/1 /home/admin/Documents/FEUP-CV/proj/task2/../datasets/extra-4/data/valid/IMG_6338_png.rf.35e1b6bac9d7b887a6a555ed57612bd0.jpg: 480x640 1 pool_table, 5.0ms
Speed: 1.0ms preprocess, 5.0ms inference, 12.1ms postprocess per image at shape (1, 3, 480, 640)
Processing extra-4/data/valid/IMG_6363_png.rf.646a6bf4f866f33ff35e9fc1b836d056.jpg...

image 1/1 /home/admin/Documents/FEUP-CV/proj/task2/../datasets/extra-4/data/valid/IMG_6363_png.rf.646a6bf4f866f33ff35e9fc1b836d056.jpg: 640x480 1 pool_table, 12.7ms
Speed: 3.0ms preprocess, 12.7ms inference, 1.4ms postprocess per image at shape (1, 3, 640, 480)
Processing extra-4/data/valid/IMG_6448_png.rf.f2f727cab92747dd53a86b74f4089173.jpg...

image 1/1 /home/admin/Documents/FEUP-CV/proj/task2/../datasets/extra-4/data/valid/IMG_6448_png.rf.f2f727cab92747dd53a86b74f4089173.jpg: 640x480 1 pool_table, 7.0ms
Speed: 2.0ms preprocess, 7.0ms inference, 12.1ms postprocess per image at shape (1, 3, 640, 480)
Processing extra-4/data/valid/IMG_6506_png.rf.53a8efb97a72cd3bab76c6817b13ab88.jpg...

image 1/1 /home/admin/Documents/FEUP-CV/proj/task2/../datasets/extra-4/data/valid/IMG_6506_png.rf.53a8efb97a72cd3bab76c6817b13ab88.jpg: 480x640 1 pool_table, 5.0ms
Speed: 2.8ms preprocess, 5.0ms inference, 1.5ms postprocess per image at shape (1, 3, 480, 640)
Processing extra-4/data/valid/IMG_6529_png.rf.ae1a69a15cb36dd1ef766f516da61b69.jpg...

image 1/1 /home/admin/Documents/FEUP-CV/proj/task2/../datasets/extra-4/data/valid/IMG_6529_png.rf.ae1a69a15cb36dd1ef766f516da61b69.jpg: 480x640 1 pool_table, 7.1ms
Speed: 1.1ms preprocess, 7.1ms inference, 12.1ms postprocess per image at shape (1, 3, 480, 640)
Processing extra-4/data/valid/IMG_6387_png.rf.0985e5c1f72d30ef0d613713202216c4.jpg...

image 1/1 /home/admin/Documents/FEUP-CV/proj/task2/../datasets/extra-4/data/valid/IMG_6387_png.rf.0985e5c1f72d30ef0d613713202216c4.jpg: 480x640 1 pool_table, 4.3ms
Speed: 1.8ms preprocess, 4.3ms inference, 1.5ms postprocess per image at shape (1, 3, 480, 640)
Processing extra-4/data/valid/IMG_6600_png.rf.91029cbfe6277ae43c21e76421dc7a36.jpg...

image 1/1 /home/admin/Documents/FEUP-CV/proj/task2/../datasets/extra-4/data/valid/IMG_6600_png.rf.91029cbfe6277ae43c21e76421dc7a36.jpg: 640x480 1 pool_table, 14.3ms
Speed: 2.2ms preprocess, 14.3ms inference, 12.1ms postprocess per image at shape (1, 3, 640, 480)
Processing extra-4/data/valid/IMG_6496_png.rf.32123d8d00f9645cd9f2a1c7f885dffa.jpg...

image 1/1 /home/admin/Documents/FEUP-CV/proj/task2/../datasets/extra-4/data/valid/IMG_6496_png.rf.32123d8d00f9645cd9f2a1c7f885dffa.jpg: 480x640 1 pool_table, 14.4ms
Speed: 2.1ms preprocess, 14.4ms inference, 12.1ms postprocess per image at shape (1, 3, 480, 640)
Processing extra-4/data/valid/IMG_6440_png.rf.036111bdde0269ef0595ce0076c20496.jpg...

image 1/1 /home/admin/Documents/FEUP-CV/proj/task2/../datasets/extra-4/data/valid/IMG_6440_png.rf.036111bdde0269ef0595ce0076c20496.jpg: 480x640 1 pool_table, 7.1ms
Speed: 3.0ms preprocess, 7.1ms inference, 12.2ms postprocess per image at shape (1, 3, 480, 640)
Processing extra-4/data/valid/IMG_6319_png.rf.c53b8944a3fa760f50a3af7fafdc3f1c.jpg...

image 1/1 /home/admin/Documents/FEUP-CV/proj/task2/../datasets/extra-4/data/valid/IMG_6319_png.rf.c53b8944a3fa760f50a3af7fafdc3f1c.jpg: 480x640 1 pool_table, 5.5ms
Speed: 2.7ms preprocess, 5.5ms inference, 1.4ms postprocess per image at shape (1, 3, 480, 640)
Processing extra-4/data/valid/IMG_6046_png.rf.7e67b0cae9a2060f41d336b2d9971422.jpg...

image 1/1 /home/admin/Documents/FEUP-CV/proj/task2/../datasets/extra-4/data/valid/IMG_6046_png.rf.7e67b0cae9a2060f41d336b2d9971422.jpg: 480x640 1 pool_table, 7.1ms
Speed: 2.0ms preprocess, 7.1ms inference, 12.1ms postprocess per image at shape (1, 3, 480, 640)
Processing extra-4/data/valid/IMG_6014_png.rf.e11ddf66e0c4c846a8ae8afcc03a2a5a.jpg...

image 1/1 /home/admin/Documents/FEUP-CV/proj/task2/../datasets/extra-4/data/valid/IMG_6014_png.rf.e11ddf66e0c4c846a8ae8afcc03a2a5a.jpg: 480x640 1 pool_table, 4.1ms
Speed: 1.3ms preprocess, 4.1ms inference, 1.4ms postprocess per image at shape (1, 3, 480, 640)
Processing extra-4/data/valid/IMG_6614_png.rf.7cff694823a8f4f6fe1daa34fc353e82.jpg...

image 1/1 /home/admin/Documents/FEUP-CV/proj/task2/../datasets/extra-4/data/valid/IMG_6614_png.rf.7cff694823a8f4f6fe1daa34fc353e82.jpg: 640x480 1 pool_table, 14.4ms
Speed: 1.3ms preprocess, 14.4ms inference, 12.1ms postprocess per image at shape (1, 3, 640, 480)
Processing extra-4/data/valid/IMG_6518_png.rf.7409358cd042988d17cf51f55cc7b349.jpg...

image 1/1 /home/admin/Documents/FEUP-CV/proj/task2/../datasets/extra-4/data/valid/IMG_6518_png.rf.7409358cd042988d17cf51f55cc7b349.jpg: 480x640 1 pool_table, 14.3ms
Speed: 2.3ms preprocess, 14.3ms inference, 12.1ms postprocess per image at shape (1, 3, 480, 640)
Processing extra-4/data/valid/IMG_6504_png.rf.0000a33a6bd15b7607067da5a9e35194.jpg...

image 1/1 /home/admin/Documents/FEUP-CV/proj/task2/../datasets/extra-4/data/valid/IMG_6504_png.rf.0000a33a6bd15b7607067da5a9e35194.jpg: 480x640 1 pool_table, 7.1ms
Speed: 1.5ms preprocess, 7.1ms inference, 12.1ms postprocess per image at shape (1, 3, 480, 640)
Processing extra-4/data/valid/IMG_6516_png.rf.3af80f6eaad385e59ffeefab70a5184e.jpg...

image 1/1 /home/admin/Documents/FEUP-CV/proj/task2/../datasets/extra-4/data/valid/IMG_6516_png.rf.3af80f6eaad385e59ffeefab70a5184e.jpg: 480x640 1 pool_table, 7.0ms
Speed: 2.8ms preprocess, 7.0ms inference, 1.6ms postprocess per image at shape (1, 3, 480, 640)
Processing extra-4/data/valid/IMG_6404_png.rf.7446333ba4d49ef09e6f9890eec24fa5.jpg...

image 1/1 /home/admin/Documents/FEUP-CV/proj/task2/../datasets/extra-4/data/valid/IMG_6404_png.rf.7446333ba4d49ef09e6f9890eec24fa5.jpg: 640x480 1 pool_table, 14.2ms
Speed: 3.0ms preprocess, 14.2ms inference, 12.0ms postprocess per image at shape (1, 3, 640, 480)
Processing extra-4/data/valid/IMG_6043_png.rf.4506399a5336e814580a6728e1bcbbb2.jpg...

image 1/1 /home/admin/Documents/FEUP-CV/proj/task2/../datasets/extra-4/data/valid/IMG_6043_png.rf.4506399a5336e814580a6728e1bcbbb2.jpg: 480x640 1 pool_table, 14.3ms
Speed: 2.2ms preprocess, 14.3ms inference, 12.1ms postprocess per image at shape (1, 3, 480, 640)
Processing extra-4/data/valid/IMG_6407_png.rf.a338fcecad4d0e306056745014fe72a7.jpg...

image 1/1 /home/admin/Documents/FEUP-CV/proj/task2/../datasets/extra-4/data/valid/IMG_6407_png.rf.a338fcecad4d0e306056745014fe72a7.jpg: 640x480 1 pool_table, 14.4ms
Speed: 1.2ms preprocess, 14.4ms inference, 12.1ms postprocess per image at shape (1, 3, 640, 480)
Processing extra-4/data/valid/IMG_6323_png.rf.12679b3162811746da279fa7e1e24e07.jpg...

image 1/1 /home/admin/Documents/FEUP-CV/proj/task2/../datasets/extra-4/data/valid/IMG_6323_png.rf.12679b3162811746da279fa7e1e24e07.jpg: 480x640 1 pool_table, 14.4ms
Speed: 2.4ms preprocess, 14.4ms inference, 12.1ms postprocess per image at shape (1, 3, 480, 640)
Processing extra-4/data/valid/IMG_6574_png.rf.723e2b54d994eb3aecd72ca14a706ad9.jpg...

image 1/1 /home/admin/Documents/FEUP-CV/proj/task2/../datasets/extra-4/data/valid/IMG_6574_png.rf.723e2b54d994eb3aecd72ca14a706ad9.jpg: 640x480 2 pool_tables, 5.1ms
Speed: 1.1ms preprocess, 5.1ms inference, 1.5ms postprocess per image at shape (1, 3, 640, 480)
Processing extra-4/data/valid/IMG_6030_png.rf.9c299c1e35e33fff93c9a4af005fb032.jpg...

image 1/1 /home/admin/Documents/FEUP-CV/proj/task2/../datasets/extra-4/data/valid/IMG_6030_png.rf.9c299c1e35e33fff93c9a4af005fb032.jpg: 480x640 1 pool_table, 14.3ms
Speed: 1.1ms preprocess, 14.3ms inference, 12.1ms postprocess per image at shape (1, 3, 480, 640)
Processing extra-4/data/valid/IMG_6428_png.rf.af6fee6ebbbf933e634bd11e8e4080c2.jpg...

image 1/1 /home/admin/Documents/FEUP-CV/proj/task2/../datasets/extra-4/data/valid/IMG_6428_png.rf.af6fee6ebbbf933e634bd11e8e4080c2.jpg: 640x480 1 pool_table, 14.4ms
Speed: 1.9ms preprocess, 14.4ms inference, 12.1ms postprocess per image at shape (1, 3, 640, 480)
Processing extra-4/data/valid/IMG_6429_png.rf.c483048b53608404f658fdfb511ab25e.jpg...

image 1/1 /home/admin/Documents/FEUP-CV/proj/task2/../datasets/extra-4/data/valid/IMG_6429_png.rf.c483048b53608404f658fdfb511ab25e.jpg: 480x640 1 pool_table, 14.3ms
Speed: 2.6ms preprocess, 14.3ms inference, 12.0ms postprocess per image at shape (1, 3, 480, 640)
Processing extra-4/data/valid/IMG_6587_png.rf.68aafea8e6ae041fa2f10d5bff036013.jpg...

image 1/1 /home/admin/Documents/FEUP-CV/proj/task2/../datasets/extra-4/data/valid/IMG_6587_png.rf.68aafea8e6ae041fa2f10d5bff036013.jpg: 640x480 1 pool_table, 4.8ms
Speed: 1.0ms preprocess, 4.8ms inference, 1.5ms postprocess per image at shape (1, 3, 640, 480)
Processing extra-4/data/valid/IMG_6527_png.rf.f97e889c18c287e23a9506b5dff5bc44.jpg...

image 1/1 /home/admin/Documents/FEUP-CV/proj/task2/../datasets/extra-4/data/valid/IMG_6527_png.rf.f97e889c18c287e23a9506b5dff5bc44.jpg: 480x640 1 pool_table, 14.2ms
Speed: 1.7ms preprocess, 14.2ms inference, 12.0ms postprocess per image at shape (1, 3, 480, 640)
Processing extra-4/data/valid/IMG_6495_png.rf.a830d1823ab0026a914c4bb8c65428b0.jpg...

image 1/1 /home/admin/Documents/FEUP-CV/proj/task2/../datasets/extra-4/data/valid/IMG_6495_png.rf.a830d1823ab0026a914c4bb8c65428b0.jpg: 480x640 1 pool_table, 7.1ms
Speed: 1.8ms preprocess, 7.1ms inference, 12.0ms postprocess per image at shape (1, 3, 480, 640)
Processing extra-4/data/valid/IMG_6382_png.rf.b0f1a6fea9f0f448c0c3c2b7f8437020.jpg...

image 1/1 /home/admin/Documents/FEUP-CV/proj/task2/../datasets/extra-4/data/valid/IMG_6382_png.rf.b0f1a6fea9f0f448c0c3c2b7f8437020.jpg: 480x640 1 pool_table, 4.8ms
Speed: 2.8ms preprocess, 4.8ms inference, 1.4ms postprocess per image at shape (1, 3, 480, 640)
Processing extra-4/data/valid/IMG_6410_png.rf.1db88e9a24f0c7f6adf35ff77974a280.jpg...

image 1/1 /home/admin/Documents/FEUP-CV/proj/task2/../datasets/extra-4/data/valid/IMG_6410_png.rf.1db88e9a24f0c7f6adf35ff77974a280.jpg: 480x640 1 pool_table, 7.0ms
Speed: 1.5ms preprocess, 7.0ms inference, 12.1ms postprocess per image at shape (1, 3, 480, 640)
Processing extra-4/data/valid/IMG_6583_png.rf.9d57ecca7438b7ba898a5227303449e2.jpg...

image 1/1 /home/admin/Documents/FEUP-CV/proj/task2/../datasets/extra-4/data/valid/IMG_6583_png.rf.9d57ecca7438b7ba898a5227303449e2.jpg: 640x480 1 pool_table, 5.0ms
Speed: 2.6ms preprocess, 5.0ms inference, 1.5ms postprocess per image at shape (1, 3, 640, 480)
Processing extra-4/data/valid/IMG_6437_png.rf.2478d1c5d2a47815f7d8927603d37ea4.jpg...

image 1/1 /home/admin/Documents/FEUP-CV/proj/task2/../datasets/extra-4/data/valid/IMG_6437_png.rf.2478d1c5d2a47815f7d8927603d37ea4.jpg: 480x640 1 pool_table, 14.3ms
Speed: 3.0ms preprocess, 14.3ms inference, 12.1ms postprocess per image at shape (1, 3, 480, 640)
Processing extra-4/data/valid/IMG_6489_png.rf.59d99112da397c7bdaf5767133754eeb.jpg...

image 1/1 /home/admin/Documents/FEUP-CV/proj/task2/../datasets/extra-4/data/valid/IMG_6489_png.rf.59d99112da397c7bdaf5767133754eeb.jpg: 480x640 1 pool_table, 7.0ms
Speed: 1.3ms preprocess, 7.0ms inference, 12.1ms postprocess per image at shape (1, 3, 480, 640)
Processing extra-4/data/valid/IMG_6418_png.rf.b8286dc544c1b7acd047697b458b45e9.jpg...

image 1/1 /home/admin/Documents/FEUP-CV/proj/task2/../datasets/extra-4/data/valid/IMG_6418_png.rf.b8286dc544c1b7acd047697b458b45e9.jpg: 480x640 1 pool_table, 4.4ms
Speed: 1.3ms preprocess, 4.4ms inference, 1.5ms postprocess per image at shape (1, 3, 480, 640)
Processing extra-4/data/valid/IMG_6487_png.rf.7650779b5496562ae9fa9ec81486a6af.jpg...

image 1/1 /home/admin/Documents/FEUP-CV/proj/task2/../datasets/extra-4/data/valid/IMG_6487_png.rf.7650779b5496562ae9fa9ec81486a6af.jpg: 480x640 1 pool_table, 7.0ms
Speed: 1.9ms preprocess, 7.0ms inference, 12.0ms postprocess per image at shape (1, 3, 480, 640)
Processing extra-4/data/valid/IMG_6443_png.rf.6d58b4edfc0a139f3d3fc60edf7042b3.jpg...

image 1/1 /home/admin/Documents/FEUP-CV/proj/task2/../datasets/extra-4/data/valid/IMG_6443_png.rf.6d58b4edfc0a139f3d3fc60edf7042b3.jpg: 480x640 1 pool_table, 4.1ms
Speed: 1.0ms preprocess, 4.1ms inference, 1.5ms postprocess per image at shape (1, 3, 480, 640)
Processing extra-4/data/valid/IMG_6334_png.rf.42eaebea9672b84d4b85526bc85903ff.jpg...

image 1/1 /home/admin/Documents/FEUP-CV/proj/task2/../datasets/extra-4/data/valid/IMG_6334_png.rf.42eaebea9672b84d4b85526bc85903ff.jpg: 480x640 1 pool_table, 7.0ms
Speed: 2.6ms preprocess, 7.0ms inference, 12.1ms postprocess per image at shape (1, 3, 480, 640)
Processing extra-4/data/valid/IMG_6568_png.rf.8a020eb69b0dd3f3cf9ba1be657f1dfa.jpg...

image 1/1 /home/admin/Documents/FEUP-CV/proj/task2/../datasets/extra-4/data/valid/IMG_6568_png.rf.8a020eb69b0dd3f3cf9ba1be657f1dfa.jpg: 640x480 1 pool_table, 4.9ms
Speed: 1.0ms preprocess, 4.9ms inference, 1.5ms postprocess per image at shape (1, 3, 640, 480)
Processing extra-4/data/valid/IMG_6394_png.rf.f54d3040888ea1ebd0024e469647b886.jpg...

image 1/1 /home/admin/Documents/FEUP-CV/proj/task2/../datasets/extra-4/data/valid/IMG_6394_png.rf.f54d3040888ea1ebd0024e469647b886.jpg: 640x480 1 pool_table, 7.1ms
Speed: 1.4ms preprocess, 7.1ms inference, 12.1ms postprocess per image at shape (1, 3, 640, 480)
Processing extra-4/data/valid/IMG_6608_png.rf.32d334e306cc1b90e5a178eff7515277.jpg...

image 1/1 /home/admin/Documents/FEUP-CV/proj/task2/../datasets/extra-4/data/valid/IMG_6608_png.rf.32d334e306cc1b90e5a178eff7515277.jpg: 640x480 1 pool_table, 4.2ms
Speed: 2.6ms preprocess, 4.2ms inference, 1.5ms postprocess per image at shape (1, 3, 640, 480)
Processing extra-4/data/valid/IMG_6445_png.rf.363ac778fae2d78d89e1a92925ca20f5.jpg...

image 1/1 /home/admin/Documents/FEUP-CV/proj/task2/../datasets/extra-4/data/valid/IMG_6445_png.rf.363ac778fae2d78d89e1a92925ca20f5.jpg: 640x480 1 pool_table, 7.0ms
Speed: 1.3ms preprocess, 7.0ms inference, 12.0ms postprocess per image at shape (1, 3, 640, 480)
Processing extra-4/data/valid/IMG_6589_png.rf.31befc6c64373633b49181fae9c6f7aa.jpg...

image 1/1 /home/admin/Documents/FEUP-CV/proj/task2/../datasets/extra-4/data/valid/IMG_6589_png.rf.31befc6c64373633b49181fae9c6f7aa.jpg: 640x480 1 pool_table, 4.5ms
Speed: 2.1ms preprocess, 4.5ms inference, 1.5ms postprocess per image at shape (1, 3, 640, 480)
Processing extra-4/data/valid/IMG_6597_png.rf.ba4527cfd5be524068c50cb2d1d66cde.jpg...

image 1/1 /home/admin/Documents/FEUP-CV/proj/task2/../datasets/extra-4/data/valid/IMG_6597_png.rf.ba4527cfd5be524068c50cb2d1d66cde.jpg: 480x640 1 pool_table, 14.3ms
Speed: 1.6ms preprocess, 14.3ms inference, 12.1ms postprocess per image at shape (1, 3, 480, 640)
Processing extra-4/data/valid/IMG_6384_png.rf.2a5368235c2b8a169cbc8631444b65a2.jpg...

image 1/1 /home/admin/Documents/FEUP-CV/proj/task2/../datasets/extra-4/data/valid/IMG_6384_png.rf.2a5368235c2b8a169cbc8631444b65a2.jpg: 640x480 1 pool_table, 14.2ms
Speed: 2.4ms preprocess, 14.2ms inference, 11.9ms postprocess per image at shape (1, 3, 640, 480)
Processing extra-4/data/valid/IMG_6377_png.rf.3e21e5c0ca3a1767c9e87a462ac2487d.jpg...

image 1/1 /home/admin/Documents/FEUP-CV/proj/task2/../datasets/extra-4/data/valid/IMG_6377_png.rf.3e21e5c0ca3a1767c9e87a462ac2487d.jpg: 480x640 1 pool_table, 14.3ms
Speed: 1.2ms preprocess, 14.3ms inference, 12.1ms postprocess per image at shape (1, 3, 480, 640)
Processing extra-4/data/valid/IMG_6511_png.rf.e5f6e312711f4c87680f2d032fc77023.jpg...

image 1/1 /home/admin/Documents/FEUP-CV/proj/task2/../datasets/extra-4/data/valid/IMG_6511_png.rf.e5f6e312711f4c87680f2d032fc77023.jpg: 480x640 1 pool_table, 4.3ms
Speed: 1.0ms preprocess, 4.3ms inference, 1.5ms postprocess per image at shape (1, 3, 480, 640)
Processing extra-4/data/valid/IMG_6359_png.rf.315304349e83601400d972373132de3d.jpg...

image 1/1 /home/admin/Documents/FEUP-CV/proj/task2/../datasets/extra-4/data/valid/IMG_6359_png.rf.315304349e83601400d972373132de3d.jpg: 640x480 1 pool_table, 14.3ms
Speed: 3.0ms preprocess, 14.3ms inference, 12.1ms postprocess per image at shape (1, 3, 640, 480)
Processing extra-4/data/valid/IMG_6055_png.rf.7a750485a574568dc6c18b99e5d3c514.jpg...

image 1/1 /home/admin/Documents/FEUP-CV/proj/task2/../datasets/extra-4/data/valid/IMG_6055_png.rf.7a750485a574568dc6c18b99e5d3c514.jpg: 480x640 1 pool_table, 14.3ms
Speed: 1.8ms preprocess, 14.3ms inference, 12.2ms postprocess per image at shape (1, 3, 480, 640)
Processing extra-4/data/valid/IMG_6485_png.rf.93c49c6d330ca26b257b318db3804812.jpg...

image 1/1 /home/admin/Documents/FEUP-CV/proj/task2/../datasets/extra-4/data/valid/IMG_6485_png.rf.93c49c6d330ca26b257b318db3804812.jpg: 480x640 1 pool_table, 7.1ms
Speed: 1.9ms preprocess, 7.1ms inference, 12.1ms postprocess per image at shape (1, 3, 480, 640)
Processing extra-4/data/valid/IMG_6605_png.rf.31f57667862c6396aacf623bc85947b8.jpg...

image 1/1 /home/admin/Documents/FEUP-CV/proj/task2/../datasets/extra-4/data/valid/IMG_6605_png.rf.31f57667862c6396aacf623bc85947b8.jpg: 640x480 1 pool_table, 6.3ms
Speed: 1.1ms preprocess, 6.3ms inference, 1.4ms postprocess per image at shape (1, 3, 640, 480)
Processing extra-4/data/valid/IMG_6611_png.rf.ba3ff1f528061a71cd1db55ecb1e72b6.jpg...

image 1/1 /home/admin/Documents/FEUP-CV/proj/task2/../datasets/extra-4/data/valid/IMG_6611_png.rf.ba3ff1f528061a71cd1db55ecb1e72b6.jpg: 640x480 1 pool_table, 7.0ms
Speed: 1.6ms preprocess, 7.0ms inference, 12.1ms postprocess per image at shape (1, 3, 640, 480)
Processing extra-4/data/valid/IMG_6530_png.rf.1b90fab896d89cf1d58bcba7c2753cc4.jpg...

image 1/1 /home/admin/Documents/FEUP-CV/proj/task2/../datasets/extra-4/data/valid/IMG_6530_png.rf.1b90fab896d89cf1d58bcba7c2753cc4.jpg: 480x640 1 pool_table, 6.1ms
Speed: 1.6ms preprocess, 6.1ms inference, 1.4ms postprocess per image at shape (1, 3, 480, 640)
Processing extra-4/data/valid/IMG_6360_png.rf.9cf24bc9bdc5e4f6fa05f88b30147738.jpg...

image 1/1 /home/admin/Documents/FEUP-CV/proj/task2/../datasets/extra-4/data/valid/IMG_6360_png.rf.9cf24bc9bdc5e4f6fa05f88b30147738.jpg: 640x480 1 pool_table, 14.3ms
Speed: 2.1ms preprocess, 14.3ms inference, 12.0ms postprocess per image at shape (1, 3, 640, 480)
Processing extra-4/data/valid/IMG_6450_png.rf.18eba0dbb866b2908927dc881b46ea6e.jpg...

image 1/1 /home/admin/Documents/FEUP-CV/proj/task2/../datasets/extra-4/data/valid/IMG_6450_png.rf.18eba0dbb866b2908927dc881b46ea6e.jpg: 480x640 1 pool_table, 14.3ms
Speed: 1.6ms preprocess, 14.3ms inference, 12.0ms postprocess per image at shape (1, 3, 480, 640)
Processing extra-4/data/valid/IMG_6341_png.rf.bbb4e1e2fb061bf617985ff64cad2f05.jpg...

image 1/1 /home/admin/Documents/FEUP-CV/proj/task2/../datasets/extra-4/data/valid/IMG_6341_png.rf.bbb4e1e2fb061bf617985ff64cad2f05.jpg: 480x640 1 pool_table, 7.1ms
Speed: 1.1ms preprocess, 7.1ms inference, 12.1ms postprocess per image at shape (1, 3, 480, 640)
Using device: cuda
GPU: Quadro RTX 8000
VRAM available: 47.3 GB
📁 Initialized new experiment folder: results_task2/run_90
   ├─ 🧠 Models:  results_task2/run_90/models
   ├─ 📊 Graphs:  results_task2/run_90/graphs
   └─ 📝 Results: results_task2/run_90/results.csv
Config loaded ✓
Loaded 2,555 entries
Train: 2,151  |  Val: 384  |  Test: 20
Dataset classes ready ✓
Model                  Parameters
----------------------------------
ConvNeXt_Tiny          28,021,361
Helpers ready ✓
Initializing Datasets and DataLoaders...

============================================================
  Training: ConvNeXt_Tiny
============================================================
  [  1/50]  train=1.9906  val=1.5030 ← ✓
  [  2/50]  train=1.5505  val=1.3986 ← ✓
  [  3/50]  train=1.3759  val=1.1449 ← ✓
  [  4/50]  train=1.2415  val=1.1320 ← ✓
  [  5/50]  train=1.1419  val=0.9580 ← ✓
  [  6/50]  train=1.0983  val=0.9612
  [  7/50]  train=0.9860  val=0.9096 ← ✓
  [  8/50]  train=0.9481  val=0.9322
  [  9/50]  train=0.9041  val=0.9634
  [ 10/50]  train=0.9242  val=0.8450 ← ✓
  [ 11/50]  train=0.8225  val=0.8123 ← ✓
  [ 12/50]  train=0.8034  val=0.8178
  [ 13/50]  train=0.7392  val=0.8544
  [ 14/50]  train=0.7562  val=0.7918 ← ✓
  [ 15/50]  train=0.6509  val=0.7241 ← ✓
  [ 16/50]  train=0.6795  val=0.7626
  [ 17/50]  train=0.6491  val=0.6924 ← ✓
  [ 18/50]  train=0.6214  val=0.6475 ← ✓
  [ 19/50]  train=0.5756  val=0.7647
  [ 20/50]  train=0.5932  val=0.6848
  [ 21/50]  train=0.5165  val=0.6765
  [ 22/50]  train=0.4694  val=0.6770
  [ 23/50]  train=0.4987  val=0.6391 ← ✓
  [ 24/50]  train=0.4545  val=0.6676
  [ 25/50]  train=0.3968  val=0.5998 ← ✓
  [ 26/50]  train=0.4231  val=0.5806 ← ✓
  [ 27/50]  train=0.3607  val=0.5909
  [ 28/50]  train=0.3468  val=0.6369
  [ 29/50]  train=0.3687  val=0.6183
  [ 30/50]  train=0.2802  val=0.5757 ← ✓
  [ 31/50]  train=0.2791  val=0.6455
  [ 32/50]  train=0.2471  val=0.5822
  [ 33/50]  train=0.2237  val=0.6193
  [ 34/50]  train=0.1978  val=0.5649 ← ✓
  [ 35/50]  train=0.1696  val=0.5620 ← ✓
  [ 36/50]  train=0.1567  val=0.5449 ← ✓
  [ 37/50]  train=0.1438  val=0.5605
  [ 38/50]  train=0.1413  val=0.5201 ← ✓
  [ 39/50]  train=0.1298  val=0.5574
  [ 40/50]  train=0.1073  val=0.5569
  [ 41/50]  train=0.1051  val=0.5876
  [ 42/50]  train=0.0973  val=0.5658
  [ 43/50]  train=0.0948  val=0.5529
  [ 44/50]  train=0.0901  val=0.5437
  [ 45/50]  train=0.0814  val=0.5373
  [ 46/50]  train=0.0723  val=0.5565
  [ 47/50]  train=0.0776  val=0.5556
  [ 48/50]  train=0.0725  val=0.5521
  [ 49/50]  train=0.0717  val=0.5529
  [ 50/50]  train=0.0739  val=0.5520

  Test →  MAE=0.850  RMSE=1.025  Acc@1=0.900  ExactAcc=0.250


All models done! Results saved to results_task2/run_90/results.csv
Saved: loss_curves.png
Saved: scatter_plots.png
Saved: error_distributions.png
           Model  MAE ↓  RMSE ↓  Acc@1 ↑  Exact ↑
1  ConvNeXt_Tiny   0.85   1.025      0.9     0.25
Saved: model_comparison.png
📊 Final Model Rankings saved to CSV:
 Rank         model                               datasets_used  MAE  MSE   RMSE  Acc@1  ExactAcc
    1 ConvNeXt_Tiny main_dataset,extra-3,custom,extra-1,extra-4 0.85 1.05 1.0247    0.9      0.25
------------------------------------------------------------
🏆 Best model: ConvNeXt_Tiny  (ExactAcc=0.250)
Running full evaluation on 20 test images using ConvNeXt_Tiny...
Evaluating:   0%|          | 0/20 [00:00<?, ?it/s]

========================================
  FINAL TEST SET EVALUATION REPORT
========================================
Model Evaluated        : ConvNeXt_Tiny
Total Images Evaluated : 20
MAE  (avg error)       : 0.850 balls
RMSE (penalty error)   : 1.025
Acc@1 (within ±1)      : 90.00%
Exact Accuracy         : 25.00%
========================================

🔍 Detailed error analysis saved to: results_task2/run_90/ConvNeXt_Tiny_error_breakdown.csv

Top 5 Worst Predictions:
                                     Image_Name  Actual_Balls  Predicted_Balls  Error
  9_png.rf.3a4164e5647feea77eb3062be7e65aea.jpg             7                5     -2
 27_png.rf.b66e7ecbfb20811de556a247f42c24ec.jpg            16               14     -2
  1_png.rf.8199e7f82efa196a0732a582c5d2472e.jpg             2                3      1
185_png.rf.d2a971d3a33d7f290e313be493525277.jpg             4                5      1
 38_png.rf.5f7178d32f8c80830acba72ceaa53c52.jpg             8                7     -1

🔍 Finding missed predictions for ConvNeXt_Tiny...
Found 15 mistakes. Generating heatmaps...
✅ High-Res Heatmaps saved to results_task2/run_90/graphs/ConvNeXt_Tiny_missed_layercam.png
🚀 Starting final pipeline run with datasets: ['main_dataset', 'extra-3', 'custom', 'extra-1', 'extra-4']

▶️  Running parser.py...
▶️  Running pre_processor.py...
▶️  Running task2.py...

✅ PIPELINE COMPLETED! Your final model and results are ready.
