nohup: ignoring input
🔧 Parser running with datasets: ['main_dataset', 'extra-3', 'custom', 'extra-6']
Loaded 247 partition rules from partition.csv

Success! Extracted 1827 images into parsed_dataset_catalog.json
Processing custom/data/train/eduardo/IMG_20260619_143225870.jpg...

image 1/1 /home/admin/Documents/FEUP-CV/proj/task2/../datasets/custom/data/train/eduardo/IMG_20260619_143225870.jpg: 640x512 1 pool_table, 41.0ms
Speed: 4.2ms preprocess, 41.0ms inference, 34.0ms postprocess per image at shape (1, 3, 640, 512)
Processing custom/data/train/eduardo/IMG_20260619_143233733.jpg...

image 1/1 /home/admin/Documents/FEUP-CV/proj/task2/../datasets/custom/data/train/eduardo/IMG_20260619_143233733.jpg: 640x512 1 pool_table, 12.1ms
Speed: 7.9ms preprocess, 12.1ms inference, 30.7ms postprocess per image at shape (1, 3, 640, 512)
Processing custom/data/train/eduardo/IMG_20260619_143318505.jpg...

image 1/1 /home/admin/Documents/FEUP-CV/proj/task2/../datasets/custom/data/train/eduardo/IMG_20260619_143318505.jpg: 640x512 1 pool_table, 16.3ms
Speed: 6.3ms preprocess, 16.3ms inference, 23.4ms postprocess per image at shape (1, 3, 640, 512)
Processing custom/data/train/eduardo/IMG_20260619_143324523.jpg...

image 1/1 /home/admin/Documents/FEUP-CV/proj/task2/../datasets/custom/data/train/eduardo/IMG_20260619_143324523.jpg: 640x512 2 pool_tables, 11.9ms
Speed: 3.1ms preprocess, 11.9ms inference, 24.3ms postprocess per image at shape (1, 3, 640, 512)
Processing custom/data/train/eduardo/IMG_20260619_143357045.jpg...

image 1/1 /home/admin/Documents/FEUP-CV/proj/task2/../datasets/custom/data/train/eduardo/IMG_20260619_143357045.jpg: 640x512 1 pool_table, 12.2ms
Speed: 3.4ms preprocess, 12.2ms inference, 24.4ms postprocess per image at shape (1, 3, 640, 512)
Processing custom/data/train/eduardo/IMG_20260619_143407418.jpg...

image 1/1 /home/admin/Documents/FEUP-CV/proj/task2/../datasets/custom/data/train/eduardo/IMG_20260619_143407418.jpg: 640x512 2 pool_tables, 16.3ms
Speed: 4.9ms preprocess, 16.3ms inference, 34.8ms postprocess per image at shape (1, 3, 640, 512)
Processing custom/data/train/eduardo/IMG_20260619_143439465.jpg...

image 1/1 /home/admin/Documents/FEUP-CV/proj/task2/../datasets/custom/data/train/eduardo/IMG_20260619_143439465.jpg: 640x512 1 pool_table, 12.1ms
Speed: 5.6ms preprocess, 12.1ms inference, 24.3ms postprocess per image at shape (1, 3, 640, 512)
Processing custom/data/train/eduardo/IMG_20260619_143448130.jpg...

image 1/1 /home/admin/Documents/FEUP-CV/proj/task2/../datasets/custom/data/train/eduardo/IMG_20260619_143448130.jpg: 640x512 1 pool_table, 12.0ms
Speed: 6.5ms preprocess, 12.0ms inference, 24.5ms postprocess per image at shape (1, 3, 640, 512)
Processing custom/data/train/eduardo/IMG_20260619_143703795.jpg...

image 1/1 /home/admin/Documents/FEUP-CV/proj/task2/../datasets/custom/data/train/eduardo/IMG_20260619_143703795.jpg: 640x512 1 pool_table, 16.2ms
Speed: 4.8ms preprocess, 16.2ms inference, 34.9ms postprocess per image at shape (1, 3, 640, 512)
Processing custom/data/train/eduardo/IMG_20260619_143709840.jpg...

image 1/1 /home/admin/Documents/FEUP-CV/proj/task2/../datasets/custom/data/train/eduardo/IMG_20260619_143709840.jpg: 640x512 1 pool_table, 12.0ms
Speed: 5.5ms preprocess, 12.0ms inference, 24.4ms postprocess per image at shape (1, 3, 640, 512)
Processing custom/data/train/eduardo/IMG_20260619_143753918.jpg...

image 1/1 /home/admin/Documents/FEUP-CV/proj/task2/../datasets/custom/data/train/eduardo/IMG_20260619_143753918.jpg: 640x512 1 pool_table, 12.2ms
Speed: 5.8ms preprocess, 12.2ms inference, 30.7ms postprocess per image at shape (1, 3, 640, 512)
Processing custom/data/train/eduardo/IMG_20260619_143812908.jpg...

image 1/1 /home/admin/Documents/FEUP-CV/proj/task2/../datasets/custom/data/train/eduardo/IMG_20260619_143812908.jpg: 640x512 1 pool_table, 12.7ms
Speed: 9.0ms preprocess, 12.7ms inference, 24.3ms postprocess per image at shape (1, 3, 640, 512)
Processing custom/data/train/eduardo/IMG_20260619_144130575.jpg...

image 1/1 /home/admin/Documents/FEUP-CV/proj/task2/../datasets/custom/data/train/eduardo/IMG_20260619_144130575.jpg: 640x512 1 pool_table, 12.2ms
Speed: 7.3ms preprocess, 12.2ms inference, 24.4ms postprocess per image at shape (1, 3, 640, 512)
Processing custom/data/train/eduardo/IMG_20260619_144140417.jpg...

image 1/1 /home/admin/Documents/FEUP-CV/proj/task2/../datasets/custom/data/train/eduardo/IMG_20260619_144140417.jpg: 640x512 2 pool_tables, 12.2ms
Speed: 5.3ms preprocess, 12.2ms inference, 24.6ms postprocess per image at shape (1, 3, 640, 512)
Processing custom/data/train/eduardo/IMG_20260619_144217657.jpg...

image 1/1 /home/admin/Documents/FEUP-CV/proj/task2/../datasets/custom/data/train/eduardo/IMG_20260619_144217657.jpg: 640x512 1 pool_table, 16.2ms
Speed: 7.5ms preprocess, 16.2ms inference, 35.0ms postprocess per image at shape (1, 3, 640, 512)
Processing custom/data/train/eduardo/IMG_20260619_144227731.jpg...

image 1/1 /home/admin/Documents/FEUP-CV/proj/task2/../datasets/custom/data/train/eduardo/IMG_20260619_144227731.jpg: 640x512 1 pool_table, 16.5ms
Speed: 3.3ms preprocess, 16.5ms inference, 35.1ms postprocess per image at shape (1, 3, 640, 512)
Processing custom/data/train/eduardo/IMG_20260619_144344679.jpg...

image 1/1 /home/admin/Documents/FEUP-CV/proj/task2/../datasets/custom/data/train/eduardo/IMG_20260619_144344679.jpg: 640x512 1 pool_table, 12.2ms
Speed: 2.8ms preprocess, 12.2ms inference, 28.6ms postprocess per image at shape (1, 3, 640, 512)
Processing custom/data/train/eduardo/IMG_20260619_144351780.jpg...

image 1/1 /home/admin/Documents/FEUP-CV/proj/task2/../datasets/custom/data/train/eduardo/IMG_20260619_144351780.jpg: 640x512 2 pool_tables, 12.2ms
Speed: 5.1ms preprocess, 12.2ms inference, 24.5ms postprocess per image at shape (1, 3, 640, 512)
Processing custom/data/train/eduardo/IMG_20260619_144454102.jpg...

image 1/1 /home/admin/Documents/FEUP-CV/proj/task2/../datasets/custom/data/train/eduardo/IMG_20260619_144454102.jpg: 640x512 1 pool_table, 12.0ms
Speed: 4.8ms preprocess, 12.0ms inference, 24.3ms postprocess per image at shape (1, 3, 640, 512)
Processing custom/data/train/eduardo/IMG_20260619_144503990.jpg...

image 1/1 /home/admin/Documents/FEUP-CV/proj/task2/../datasets/custom/data/train/eduardo/IMG_20260619_144503990.jpg: 640x512 1 pool_table, 15.0ms
Speed: 4.1ms preprocess, 15.0ms inference, 24.3ms postprocess per image at shape (1, 3, 640, 512)
Processing custom/data/train/eduardo/IMG_20260619_144624618.jpg...

image 1/1 /home/admin/Documents/FEUP-CV/proj/task2/../datasets/custom/data/train/eduardo/IMG_20260619_144624618.jpg: 640x512 1 pool_table, 12.2ms
Speed: 5.4ms preprocess, 12.2ms inference, 24.5ms postprocess per image at shape (1, 3, 640, 512)
Processing custom/data/train/eduardo/IMG_20260619_144636577.jpg...

image 1/1 /home/admin/Documents/FEUP-CV/proj/task2/../datasets/custom/data/train/eduardo/IMG_20260619_144636577.jpg: 640x512 1 pool_table, 16.3ms
Speed: 7.5ms preprocess, 16.3ms inference, 32.4ms postprocess per image at shape (1, 3, 640, 512)
Processing custom/data/train/eduardo/IMG_20260619_144725661.jpg...

image 1/1 /home/admin/Documents/FEUP-CV/proj/task2/../datasets/custom/data/train/eduardo/IMG_20260619_144725661.jpg: 640x512 1 pool_table, 16.5ms
Speed: 5.2ms preprocess, 16.5ms inference, 34.9ms postprocess per image at shape (1, 3, 640, 512)
Processing custom/data/train/eduardo/IMG_20260619_144744178.jpg...

image 1/1 /home/admin/Documents/FEUP-CV/proj/task2/../datasets/custom/data/train/eduardo/IMG_20260619_144744178.jpg: 640x512 1 pool_table, 16.5ms
Speed: 3.7ms preprocess, 16.5ms inference, 35.1ms postprocess per image at shape (1, 3, 640, 512)
Processing custom/data/train/eduardo/IMG_20260619_144954562.jpg...

image 1/1 /home/admin/Documents/FEUP-CV/proj/task2/../datasets/custom/data/train/eduardo/IMG_20260619_144954562.jpg: 640x512 2 pool_tables, 12.2ms
Speed: 2.9ms preprocess, 12.2ms inference, 24.4ms postprocess per image at shape (1, 3, 640, 512)
Processing custom/data/train/eduardo/IMG_20260619_145001666.jpg...

image 1/1 /home/admin/Documents/FEUP-CV/proj/task2/../datasets/custom/data/train/eduardo/IMG_20260619_145001666.jpg: 640x512 1 pool_table, 12.2ms
Speed: 2.6ms preprocess, 12.2ms inference, 26.6ms postprocess per image at shape (1, 3, 640, 512)
Processing custom/data/train/eduardo/IMG_20260619_145105301.jpg...

image 1/1 /home/admin/Documents/FEUP-CV/proj/task2/../datasets/custom/data/train/eduardo/IMG_20260619_145105301.jpg: 640x512 1 pool_table, 12.1ms
Speed: 3.6ms preprocess, 12.1ms inference, 24.4ms postprocess per image at shape (1, 3, 640, 512)
Processing custom/data/train/eduardo/IMG_20260619_145111354.jpg...

image 1/1 /home/admin/Documents/FEUP-CV/proj/task2/../datasets/custom/data/train/eduardo/IMG_20260619_145111354.jpg: 640x512 2 pool_tables, 11.9ms
Speed: 2.8ms preprocess, 11.9ms inference, 24.3ms postprocess per image at shape (1, 3, 640, 512)
Processing custom/data/train/eduardo/IMG_20260619_145229583.jpg...

image 1/1 /home/admin/Documents/FEUP-CV/proj/task2/../datasets/custom/data/train/eduardo/IMG_20260619_145229583.jpg: 640x512 1 pool_table, 12.4ms
Speed: 5.5ms preprocess, 12.4ms inference, 24.6ms postprocess per image at shape (1, 3, 640, 512)
Processing custom/data/train/eduardo/IMG_20260619_145235701.jpg...

image 1/1 /home/admin/Documents/FEUP-CV/proj/task2/../datasets/custom/data/train/eduardo/IMG_20260619_145235701.jpg: 640x512 4 pool_tables, 12.0ms
Speed: 6.2ms preprocess, 12.0ms inference, 24.3ms postprocess per image at shape (1, 3, 640, 512)
Processing custom/data/train/eduardo/IMG_20260619_145706453.jpg...

image 1/1 /home/admin/Documents/FEUP-CV/proj/task2/../datasets/custom/data/train/eduardo/IMG_20260619_145706453.jpg: 640x512 1 pool_table, 12.0ms
Speed: 5.9ms preprocess, 12.0ms inference, 24.4ms postprocess per image at shape (1, 3, 640, 512)
Processing custom/data/train/eduardo/IMG_20260619_145716351.jpg...

image 1/1 /home/admin/Documents/FEUP-CV/proj/task2/../datasets/custom/data/train/eduardo/IMG_20260619_145716351.jpg: 640x512 1 pool_table, 16.4ms
Speed: 7.8ms preprocess, 16.4ms inference, 34.9ms postprocess per image at shape (1, 3, 640, 512)
Processing custom/data/train/eduardo/IMG_20260619_145825584.jpg...

image 1/1 /home/admin/Documents/FEUP-CV/proj/task2/../datasets/custom/data/train/eduardo/IMG_20260619_145825584.jpg: 512x640 1 pool_table, 40.9ms
Speed: 5.2ms preprocess, 40.9ms inference, 24.3ms postprocess per image at shape (1, 3, 512, 640)
Processing custom/data/train/eduardo/IMG_20260619_145836800.jpg...

image 1/1 /home/admin/Documents/FEUP-CV/proj/task2/../datasets/custom/data/train/eduardo/IMG_20260619_145836800.jpg: 640x512 1 pool_table, 26.5ms
Speed: 4.2ms preprocess, 26.5ms inference, 21.9ms postprocess per image at shape (1, 3, 640, 512)
Processing custom/data/train/eduardo/IMG_20260619_150015659.jpg...

image 1/1 /home/admin/Documents/FEUP-CV/proj/task2/../datasets/custom/data/train/eduardo/IMG_20260619_150015659.jpg: 640x512 2 pool_tables, 16.4ms
Speed: 6.1ms preprocess, 16.4ms inference, 34.8ms postprocess per image at shape (1, 3, 640, 512)
Processing custom/data/train/eduardo/IMG_20260619_150022341.jpg...

image 1/1 /home/admin/Documents/FEUP-CV/proj/task2/../datasets/custom/data/train/eduardo/IMG_20260619_150022341.jpg: 640x512 1 pool_table, 12.7ms
Speed: 5.9ms preprocess, 12.7ms inference, 24.4ms postprocess per image at shape (1, 3, 640, 512)
Processing custom/data/train/eduardo/IMG_20260619_150224080.jpg...

image 1/1 /home/admin/Documents/FEUP-CV/proj/task2/../datasets/custom/data/train/eduardo/IMG_20260619_150224080.jpg: 640x512 1 pool_table, 12.8ms
Speed: 2.6ms preprocess, 12.8ms inference, 24.5ms postprocess per image at shape (1, 3, 640, 512)
Processing custom/data/train/eduardo/IMG_20260619_150240395.jpg...

image 1/1 /home/admin/Documents/FEUP-CV/proj/task2/../datasets/custom/data/train/eduardo/IMG_20260619_150240395.jpg: 640x512 2 pool_tables, 12.3ms
Speed: 2.7ms preprocess, 12.3ms inference, 24.5ms postprocess per image at shape (1, 3, 640, 512)
Processing custom/data/train/eduardo/IMG_20260619_150305532.jpg...

image 1/1 /home/admin/Documents/FEUP-CV/proj/task2/../datasets/custom/data/train/eduardo/IMG_20260619_150305532.jpg: 640x512 1 pool_table, 11.9ms
Speed: 6.3ms preprocess, 11.9ms inference, 24.2ms postprocess per image at shape (1, 3, 640, 512)
Processing custom/data/train/eduardo/IMG_20260619_150312439.jpg...

image 1/1 /home/admin/Documents/FEUP-CV/proj/task2/../datasets/custom/data/train/eduardo/IMG_20260619_150312439.jpg: 640x512 2 pool_tables, 12.0ms
Speed: 4.4ms preprocess, 12.0ms inference, 24.3ms postprocess per image at shape (1, 3, 640, 512)
Processing custom/data/train/eduardo/IMG_20260619_150450171.jpg...

image 1/1 /home/admin/Documents/FEUP-CV/proj/task2/../datasets/custom/data/train/eduardo/IMG_20260619_150450171.jpg: 640x512 1 pool_table, 12.1ms
Speed: 5.1ms preprocess, 12.1ms inference, 24.5ms postprocess per image at shape (1, 3, 640, 512)
Processing custom/data/train/eduardo/IMG_20260619_150456601.jpg...

image 1/1 /home/admin/Documents/FEUP-CV/proj/task2/../datasets/custom/data/train/eduardo/IMG_20260619_150456601.jpg: 640x512 1 pool_table, 16.4ms
Speed: 2.6ms preprocess, 16.4ms inference, 33.3ms postprocess per image at shape (1, 3, 640, 512)
Processing custom/data/train/eduardo/IMG_20260619_150518711.jpg...

image 1/1 /home/admin/Documents/FEUP-CV/proj/task2/../datasets/custom/data/train/eduardo/IMG_20260619_150518711.jpg: 640x512 1 pool_table, 7.7ms
Speed: 3.1ms preprocess, 7.7ms inference, 20.2ms postprocess per image at shape (1, 3, 640, 512)
Processing custom/data/train/eduardo/IMG_20260619_150523189.jpg...

image 1/1 /home/admin/Documents/FEUP-CV/proj/task2/../datasets/custom/data/train/eduardo/IMG_20260619_150523189.jpg: 640x512 1 pool_table, 16.5ms
Speed: 8.5ms preprocess, 16.5ms inference, 35.2ms postprocess per image at shape (1, 3, 640, 512)
Processing custom/data/train/eduardo/IMG_20260619_150720513.jpg...

image 1/1 /home/admin/Documents/FEUP-CV/proj/task2/../datasets/custom/data/train/eduardo/IMG_20260619_150720513.jpg: 640x512 1 pool_table, 16.5ms
Speed: 3.2ms preprocess, 16.5ms inference, 35.4ms postprocess per image at shape (1, 3, 640, 512)
Processing custom/data/train/eduardo/IMG_20260619_150723231.jpg...

image 1/1 /home/admin/Documents/FEUP-CV/proj/task2/../datasets/custom/data/train/eduardo/IMG_20260619_150723231.jpg: 640x512 1 pool_table, 16.6ms
Speed: 4.6ms preprocess, 16.6ms inference, 35.3ms postprocess per image at shape (1, 3, 640, 512)
Processing custom/data/train/eduardo/IMG_20260619_150757811.jpg...

image 1/1 /home/admin/Documents/FEUP-CV/proj/task2/../datasets/custom/data/train/eduardo/IMG_20260619_150757811.jpg: 640x512 1 pool_table, 16.6ms
Speed: 3.4ms preprocess, 16.6ms inference, 35.3ms postprocess per image at shape (1, 3, 640, 512)
Processing custom/data/train/eduardo/IMG_20260619_150802825.jpg...

image 1/1 /home/admin/Documents/FEUP-CV/proj/task2/../datasets/custom/data/train/eduardo/IMG_20260619_150802825.jpg: 640x512 1 pool_table, 12.1ms
Speed: 3.1ms preprocess, 12.1ms inference, 28.9ms postprocess per image at shape (1, 3, 640, 512)
Processing custom/data/train/eduardo/IMG_20260619_151046445.jpg...

image 1/1 /home/admin/Documents/FEUP-CV/proj/task2/../datasets/custom/data/train/eduardo/IMG_20260619_151046445.jpg: 640x512 1 pool_table, 16.3ms
Speed: 5.0ms preprocess, 16.3ms inference, 35.0ms postprocess per image at shape (1, 3, 640, 512)
Processing custom/data/train/eduardo/IMG_20260619_151050834.jpg...

image 1/1 /home/admin/Documents/FEUP-CV/proj/task2/../datasets/custom/data/train/eduardo/IMG_20260619_151050834.jpg: 640x512 1 pool_table, 16.6ms
Speed: 3.9ms preprocess, 16.6ms inference, 35.2ms postprocess per image at shape (1, 3, 640, 512)
Processing custom/data/train/eduardo/IMG_20260619_151237316.jpg...

image 1/1 /home/admin/Documents/FEUP-CV/proj/task2/../datasets/custom/data/train/eduardo/IMG_20260619_151237316.jpg: 640x512 1 pool_table, 16.5ms
Speed: 2.8ms preprocess, 16.5ms inference, 35.2ms postprocess per image at shape (1, 3, 640, 512)
Processing custom/data/train/eduardo/IMG_20260619_151249155.jpg...

image 1/1 /home/admin/Documents/FEUP-CV/proj/task2/../datasets/custom/data/train/eduardo/IMG_20260619_151249155.jpg: 640x512 1 pool_table, 16.5ms
Speed: 3.7ms preprocess, 16.5ms inference, 35.1ms postprocess per image at shape (1, 3, 640, 512)
Processing custom/data/train/eduardo/IMG_20260619_151552148.jpg...

image 1/1 /home/admin/Documents/FEUP-CV/proj/task2/../datasets/custom/data/train/eduardo/IMG_20260619_151552148.jpg: 512x640 1 pool_table, 37.7ms
Speed: 8.9ms preprocess, 37.7ms inference, 35.2ms postprocess per image at shape (1, 3, 512, 640)
Processing custom/data/train/eduardo/IMG_20260619_151606038.jpg...

image 1/1 /home/admin/Documents/FEUP-CV/proj/task2/../datasets/custom/data/train/eduardo/IMG_20260619_151606038.jpg: 640x512 1 pool_table, 37.4ms
Speed: 2.8ms preprocess, 37.4ms inference, 35.2ms postprocess per image at shape (1, 3, 640, 512)
Processing custom/data/train/eduardo/IMG_20260619_151913084.jpg...

image 1/1 /home/admin/Documents/FEUP-CV/proj/task2/../datasets/custom/data/train/eduardo/IMG_20260619_151913084.jpg: 640x512 1 pool_table, 16.6ms
Speed: 3.5ms preprocess, 16.6ms inference, 35.2ms postprocess per image at shape (1, 3, 640, 512)
Processing custom/data/train/eduardo/IMG_20260619_151919768.jpg...

image 1/1 /home/admin/Documents/FEUP-CV/proj/task2/../datasets/custom/data/train/eduardo/IMG_20260619_151919768.jpg: 640x512 3 pool_tables, 16.6ms
Speed: 6.3ms preprocess, 16.6ms inference, 35.2ms postprocess per image at shape (1, 3, 640, 512)
Processing custom/data/train/eduardo/IMG_20260619_152311032.jpg...

image 1/1 /home/admin/Documents/FEUP-CV/proj/task2/../datasets/custom/data/train/eduardo/IMG_20260619_152311032.jpg: 640x512 1 pool_table, 16.7ms
Speed: 2.7ms preprocess, 16.7ms inference, 35.2ms postprocess per image at shape (1, 3, 640, 512)
Processing custom/data/train/eduardo/IMG_20260619_152318652.jpg...

image 1/1 /home/admin/Documents/FEUP-CV/proj/task2/../datasets/custom/data/train/eduardo/IMG_20260619_152318652.jpg: 640x512 2 pool_tables, 16.7ms
Speed: 5.2ms preprocess, 16.7ms inference, 35.4ms postprocess per image at shape (1, 3, 640, 512)
Processing custom/data/train/eduardo/IMG_20260619_153654321.jpg...

image 1/1 /home/admin/Documents/FEUP-CV/proj/task2/../datasets/custom/data/train/eduardo/IMG_20260619_153654321.jpg: 640x512 1 pool_table, 16.4ms
Speed: 7.8ms preprocess, 16.4ms inference, 35.0ms postprocess per image at shape (1, 3, 640, 512)
Processing custom/data/train/eduardo/IMG_20260619_153700695.jpg...

image 1/1 /home/admin/Documents/FEUP-CV/proj/task2/../datasets/custom/data/train/eduardo/IMG_20260619_153700695.jpg: 640x512 1 pool_table, 12.0ms
Speed: 4.3ms preprocess, 12.0ms inference, 24.3ms postprocess per image at shape (1, 3, 640, 512)
Processing custom/data/train/eduardo/IMG_20260619_153857889.jpg...

image 1/1 /home/admin/Documents/FEUP-CV/proj/task2/../datasets/custom/data/train/eduardo/IMG_20260619_153857889.jpg: 640x512 2 pool_tables, 14.1ms
Speed: 3.8ms preprocess, 14.1ms inference, 34.8ms postprocess per image at shape (1, 3, 640, 512)
Processing custom/data/train/eduardo/IMG_20260619_153902142.jpg...

image 1/1 /home/admin/Documents/FEUP-CV/proj/task2/../datasets/custom/data/train/eduardo/IMG_20260619_153902142.jpg: 640x512 1 pool_table, 12.1ms
Speed: 6.7ms preprocess, 12.1ms inference, 24.2ms postprocess per image at shape (1, 3, 640, 512)
Processing custom/data/train/eduardo/IMG_20260619_154329904.jpg...

image 1/1 /home/admin/Documents/FEUP-CV/proj/task2/../datasets/custom/data/train/eduardo/IMG_20260619_154329904.jpg: 640x512 1 pool_table, 12.2ms
Speed: 6.7ms preprocess, 12.2ms inference, 24.4ms postprocess per image at shape (1, 3, 640, 512)
Processing custom/data/train/eduardo/IMG_20260619_154340126.jpg...

image 1/1 /home/admin/Documents/FEUP-CV/proj/task2/../datasets/custom/data/train/eduardo/IMG_20260619_154340126.jpg: 640x512 1 pool_table, 12.2ms
Speed: 3.5ms preprocess, 12.2ms inference, 24.4ms postprocess per image at shape (1, 3, 640, 512)
Processing custom/data/train/eduardo/IMG_20260619_161338793.jpg...

image 1/1 /home/admin/Documents/FEUP-CV/proj/task2/../datasets/custom/data/train/eduardo/IMG_20260619_161338793.jpg: 640x512 1 pool_table, 12.3ms
Speed: 3.1ms preprocess, 12.3ms inference, 24.5ms postprocess per image at shape (1, 3, 640, 512)
Processing custom/data/train/eduardo/IMG_20260619_161343941.jpg...

image 1/1 /home/admin/Documents/FEUP-CV/proj/task2/../datasets/custom/data/train/eduardo/IMG_20260619_161343941.jpg: 640x512 1 pool_table, 14.3ms
Speed: 4.7ms preprocess, 14.3ms inference, 35.1ms postprocess per image at shape (1, 3, 640, 512)
Processing custom/data/train/eduardo/IMG_20260619_161409041.jpg...

image 1/1 /home/admin/Documents/FEUP-CV/proj/task2/../datasets/custom/data/train/eduardo/IMG_20260619_161409041.jpg: 640x512 1 pool_table, 16.5ms
Speed: 3.9ms preprocess, 16.5ms inference, 25.4ms postprocess per image at shape (1, 3, 640, 512)
Processing custom/data/train/eduardo/IMG_20260619_161417183.jpg...

image 1/1 /home/admin/Documents/FEUP-CV/proj/task2/../datasets/custom/data/train/eduardo/IMG_20260619_161417183.jpg: 640x512 1 pool_table, 12.3ms
Speed: 5.7ms preprocess, 12.3ms inference, 24.6ms postprocess per image at shape (1, 3, 640, 512)
Processing custom/data/train/eduardo/IMG_20260619_161451324.jpg...

image 1/1 /home/admin/Documents/FEUP-CV/proj/task2/../datasets/custom/data/train/eduardo/IMG_20260619_161451324.jpg: 640x512 1 pool_table, 16.5ms
Speed: 6.2ms preprocess, 16.5ms inference, 35.0ms postprocess per image at shape (1, 3, 640, 512)
Processing custom/data/train/eduardo/IMG_20260619_161457115.jpg...

image 1/1 /home/admin/Documents/FEUP-CV/proj/task2/../datasets/custom/data/train/eduardo/IMG_20260619_161457115.jpg: 640x512 1 pool_table, 12.1ms
Speed: 4.3ms preprocess, 12.1ms inference, 24.3ms postprocess per image at shape (1, 3, 640, 512)
Processing custom/data/train/eduardo/IMG_20260619_161505657.jpg...

image 1/1 /home/admin/Documents/FEUP-CV/proj/task2/../datasets/custom/data/train/eduardo/IMG_20260619_161505657.jpg: 512x640 1 pool_table, 37.5ms
Speed: 5.0ms preprocess, 37.5ms inference, 35.1ms postprocess per image at shape (1, 3, 512, 640)
Processing custom/data/train/eduardo/IMG_20260619_161519729.jpg...

image 1/1 /home/admin/Documents/FEUP-CV/proj/task2/../datasets/custom/data/train/eduardo/IMG_20260619_161519729.jpg: 640x512 2 pool_tables, 37.6ms
Speed: 3.7ms preprocess, 37.6ms inference, 35.2ms postprocess per image at shape (1, 3, 640, 512)
Processing custom/data/train/eduardo/IMG_20260619_161607706.jpg...

image 1/1 /home/admin/Documents/FEUP-CV/proj/task2/../datasets/custom/data/train/eduardo/IMG_20260619_161607706.jpg: 640x512 1 pool_table, 12.3ms
Speed: 5.3ms preprocess, 12.3ms inference, 24.5ms postprocess per image at shape (1, 3, 640, 512)
Processing custom/data/train/eduardo/IMG_20260619_161612416.jpg...

image 1/1 /home/admin/Documents/FEUP-CV/proj/task2/../datasets/custom/data/train/eduardo/IMG_20260619_161612416.jpg: 640x512 1 pool_table, 12.1ms
Speed: 6.2ms preprocess, 12.1ms inference, 28.6ms postprocess per image at shape (1, 3, 640, 512)
Processing custom/data/train/eduardo/IMG_20260619_161619105.jpg...

image 1/1 /home/admin/Documents/FEUP-CV/proj/task2/../datasets/custom/data/train/eduardo/IMG_20260619_161619105.jpg: 640x512 1 pool_table, 11.6ms
Speed: 6.8ms preprocess, 11.6ms inference, 22.0ms postprocess per image at shape (1, 3, 640, 512)
Processing custom/data/train/eduardo/IMG_20260619_161656706.jpg...

image 1/1 /home/admin/Documents/FEUP-CV/proj/task2/../datasets/custom/data/train/eduardo/IMG_20260619_161656706.jpg: 640x512 1 pool_table, 16.5ms
Speed: 2.6ms preprocess, 16.5ms inference, 33.5ms postprocess per image at shape (1, 3, 640, 512)
Processing custom/data/train/eduardo/IMG_20260619_161718695.jpg...

image 1/1 /home/admin/Documents/FEUP-CV/proj/task2/../datasets/custom/data/train/eduardo/IMG_20260619_161718695.jpg: 640x512 2 pool_tables, 12.4ms
Speed: 3.6ms preprocess, 12.4ms inference, 22.2ms postprocess per image at shape (1, 3, 640, 512)
Processing custom/data/train/eduardo/IMG_20260619_161731058.jpg...

image 1/1 /home/admin/Documents/FEUP-CV/proj/task2/../datasets/custom/data/train/eduardo/IMG_20260619_161731058.jpg: 640x512 1 pool_table, 12.0ms
Speed: 4.1ms preprocess, 12.0ms inference, 29.1ms postprocess per image at shape (1, 3, 640, 512)
Processing custom/data/train/eduardo/IMG_20260619_161835777.jpg...

image 1/1 /home/admin/Documents/FEUP-CV/proj/task2/../datasets/custom/data/train/eduardo/IMG_20260619_161835777.jpg: 640x512 1 pool_table, 16.3ms
Speed: 2.3ms preprocess, 16.3ms inference, 35.1ms postprocess per image at shape (1, 3, 640, 512)
Processing custom/data/train/eduardo/IMG_20260619_161840054.jpg...

image 1/1 /home/admin/Documents/FEUP-CV/proj/task2/../datasets/custom/data/train/eduardo/IMG_20260619_161840054.jpg: 640x512 1 pool_table, 16.4ms
Speed: 6.3ms preprocess, 16.4ms inference, 35.0ms postprocess per image at shape (1, 3, 640, 512)
Processing custom/data/train/eduardo/IMG_20260619_161932851.jpg...

image 1/1 /home/admin/Documents/FEUP-CV/proj/task2/../datasets/custom/data/train/eduardo/IMG_20260619_161932851.jpg: 640x512 1 pool_table, 12.1ms
Speed: 3.0ms preprocess, 12.1ms inference, 32.8ms postprocess per image at shape (1, 3, 640, 512)
Processing custom/data/train/eduardo/IMG_20260619_161937458.jpg...

image 1/1 /home/admin/Documents/FEUP-CV/proj/task2/../datasets/custom/data/train/eduardo/IMG_20260619_161937458.jpg: 640x512 1 pool_table, 12.3ms
Speed: 5.3ms preprocess, 12.3ms inference, 24.6ms postprocess per image at shape (1, 3, 640, 512)
Processing custom/data/train/eduardo/IMG_20260619_162006174.jpg...

image 1/1 /home/admin/Documents/FEUP-CV/proj/task2/../datasets/custom/data/train/eduardo/IMG_20260619_162006174.jpg: 640x512 1 pool_table, 12.1ms
Speed: 4.8ms preprocess, 12.1ms inference, 24.2ms postprocess per image at shape (1, 3, 640, 512)
Processing custom/data/train/eduardo/IMG_20260619_162027635.jpg...

image 1/1 /home/admin/Documents/FEUP-CV/proj/task2/../datasets/custom/data/train/eduardo/IMG_20260619_162027635.jpg: 640x512 1 pool_table, 16.2ms
Speed: 2.8ms preprocess, 16.2ms inference, 34.9ms postprocess per image at shape (1, 3, 640, 512)
Processing custom/data/train/eduardo/IMG_20260619_162102130.jpg...

image 1/1 /home/admin/Documents/FEUP-CV/proj/task2/../datasets/custom/data/train/eduardo/IMG_20260619_162102130.jpg: 640x512 1 pool_table, 12.8ms
Speed: 2.6ms preprocess, 12.8ms inference, 24.2ms postprocess per image at shape (1, 3, 640, 512)
Processing custom/data/train/eduardo/IMG_20260619_162113165.jpg...

image 1/1 /home/admin/Documents/FEUP-CV/proj/task2/../datasets/custom/data/train/eduardo/IMG_20260619_162113165.jpg: 640x512 1 pool_table, 12.2ms
Speed: 2.9ms preprocess, 12.2ms inference, 24.4ms postprocess per image at shape (1, 3, 640, 512)
Processing custom/data/train/eduardo/IMG_20260619_162132872.jpg...

image 1/1 /home/admin/Documents/FEUP-CV/proj/task2/../datasets/custom/data/train/eduardo/IMG_20260619_162132872.jpg: 640x512 1 pool_table, 12.2ms
Speed: 6.4ms preprocess, 12.2ms inference, 24.3ms postprocess per image at shape (1, 3, 640, 512)
Processing custom/data/train/eduardo/IMG_20260619_162143999.jpg...

image 1/1 /home/admin/Documents/FEUP-CV/proj/task2/../datasets/custom/data/train/eduardo/IMG_20260619_162143999.jpg: 640x512 1 pool_table, 8.0ms
Speed: 5.7ms preprocess, 8.0ms inference, 22.5ms postprocess per image at shape (1, 3, 640, 512)
Processing custom/data/train/eduardo/IMG_20260619_162259809.jpg...

image 1/1 /home/admin/Documents/FEUP-CV/proj/task2/../datasets/custom/data/train/eduardo/IMG_20260619_162259809.jpg: 640x512 1 pool_table, 12.2ms
Speed: 5.5ms preprocess, 12.2ms inference, 26.6ms postprocess per image at shape (1, 3, 640, 512)
Processing custom/data/train/eduardo/IMG_20260619_162317321.jpg...

image 1/1 /home/admin/Documents/FEUP-CV/proj/task2/../datasets/custom/data/train/eduardo/IMG_20260619_162317321.jpg: 640x512 1 pool_table, 12.0ms
Speed: 3.6ms preprocess, 12.0ms inference, 35.1ms postprocess per image at shape (1, 3, 640, 512)
Processing custom/data/train/eduardo/IMG_20260619_162331075.jpg...

image 1/1 /home/admin/Documents/FEUP-CV/proj/task2/../datasets/custom/data/train/eduardo/IMG_20260619_162331075.jpg: 640x512 2 pool_tables, 12.1ms
Speed: 7.0ms preprocess, 12.1ms inference, 24.4ms postprocess per image at shape (1, 3, 640, 512)
Processing custom/data/train/eduardo/IMG_20260619_162354295.jpg...

image 1/1 /home/admin/Documents/FEUP-CV/proj/task2/../datasets/custom/data/train/eduardo/IMG_20260619_162354295.jpg: 640x512 1 pool_table, 12.2ms
Speed: 4.4ms preprocess, 12.2ms inference, 24.6ms postprocess per image at shape (1, 3, 640, 512)
Processing custom/data/train/eduardo/IMG_20260619_162440076.jpg...

image 1/1 /home/admin/Documents/FEUP-CV/proj/task2/../datasets/custom/data/train/eduardo/IMG_20260619_162440076.jpg: 640x512 1 pool_table, 16.5ms
Speed: 8.2ms preprocess, 16.5ms inference, 35.0ms postprocess per image at shape (1, 3, 640, 512)
Processing custom/data/train/eduardo/IMG_20260619_162449648.jpg...

image 1/1 /home/admin/Documents/FEUP-CV/proj/task2/../datasets/custom/data/train/eduardo/IMG_20260619_162449648.jpg: 640x512 1 pool_table, 12.4ms
Speed: 5.4ms preprocess, 12.4ms inference, 24.7ms postprocess per image at shape (1, 3, 640, 512)
Processing custom/data/train/eduardo/IMG_20260619_162501520.jpg...

image 1/1 /home/admin/Documents/FEUP-CV/proj/task2/../datasets/custom/data/train/eduardo/IMG_20260619_162501520.jpg: 640x512 1 pool_table, 16.4ms
Speed: 9.0ms preprocess, 16.4ms inference, 35.2ms postprocess per image at shape (1, 3, 640, 512)
Processing custom/data/train/eduardo/IMG_20260619_162511473.jpg...

image 1/1 /home/admin/Documents/FEUP-CV/proj/task2/../datasets/custom/data/train/eduardo/IMG_20260619_162511473.jpg: 640x512 1 pool_table, 12.1ms
Speed: 6.7ms preprocess, 12.1ms inference, 24.5ms postprocess per image at shape (1, 3, 640, 512)
Processing custom/data/train/eduardo/IMG_20260619_163225764.jpg...

image 1/1 /home/admin/Documents/FEUP-CV/proj/task2/../datasets/custom/data/train/eduardo/IMG_20260619_163225764.jpg: 640x512 1 pool_table, 12.2ms
Speed: 6.1ms preprocess, 12.2ms inference, 30.8ms postprocess per image at shape (1, 3, 640, 512)
Processing custom/data/train/eduardo/IMG_20260619_163235788.jpg...

image 1/1 /home/admin/Documents/FEUP-CV/proj/task2/../datasets/custom/data/train/eduardo/IMG_20260619_163235788.jpg: 640x512 1 pool_table, 16.4ms
Speed: 3.0ms preprocess, 16.4ms inference, 35.1ms postprocess per image at shape (1, 3, 640, 512)
Processing custom/data/train/eduardo/IMG_20260619_163240822.jpg...

image 1/1 /home/admin/Documents/FEUP-CV/proj/task2/../datasets/custom/data/train/eduardo/IMG_20260619_163240822.jpg: 640x512 2 pool_tables, 12.2ms
Speed: 6.1ms preprocess, 12.2ms inference, 24.6ms postprocess per image at shape (1, 3, 640, 512)
Processing custom/data/train/eduardo/IMG_20260619_163301424.jpg...

image 1/1 /home/admin/Documents/FEUP-CV/proj/task2/../datasets/custom/data/train/eduardo/IMG_20260619_163301424.jpg: 640x512 1 pool_table, 12.4ms
Speed: 5.4ms preprocess, 12.4ms inference, 24.6ms postprocess per image at shape (1, 3, 640, 512)
Processing custom/data/train/marinho/PXL_20260619_133038654.jpg...

image 1/1 /home/admin/Documents/FEUP-CV/proj/task2/../datasets/custom/data/train/marinho/PXL_20260619_133038654.jpg: 384x640 1 pool_table, 41.2ms
Speed: 2.9ms preprocess, 41.2ms inference, 20.7ms postprocess per image at shape (1, 3, 384, 640)
Processing custom/data/train/marinho/PXL_20260619_133217169.jpg...

image 1/1 /home/admin/Documents/FEUP-CV/proj/task2/../datasets/custom/data/train/marinho/PXL_20260619_133217169.jpg: 640x384 2 pool_tables, 40.8ms
Speed: 3.3ms preprocess, 40.8ms inference, 24.7ms postprocess per image at shape (1, 3, 640, 384)
Processing custom/data/train/marinho/PXL_20260619_133329216.jpg...

image 1/1 /home/admin/Documents/FEUP-CV/proj/task2/../datasets/custom/data/train/marinho/PXL_20260619_133329216.jpg: 640x384 1 pool_table, 11.9ms
Speed: 3.0ms preprocess, 11.9ms inference, 24.2ms postprocess per image at shape (1, 3, 640, 384)
Processing custom/data/train/marinho/PXL_20260619_133337325.jpg...

image 1/1 /home/admin/Documents/FEUP-CV/proj/task2/../datasets/custom/data/train/marinho/PXL_20260619_133337325.jpg: 384x640 1 pool_table, 30.9ms
Speed: 2.0ms preprocess, 30.9ms inference, 28.4ms postprocess per image at shape (1, 3, 384, 640)
Processing custom/data/train/marinho/PXL_20260619_133359865.jpg...

image 1/1 /home/admin/Documents/FEUP-CV/proj/task2/../datasets/custom/data/train/marinho/PXL_20260619_133359865.jpg: 640x384 1 pool_table, 37.4ms
Speed: 5.7ms preprocess, 37.4ms inference, 34.9ms postprocess per image at shape (1, 3, 640, 384)
Processing custom/data/train/marinho/PXL_20260619_133414275.jpg...

image 1/1 /home/admin/Documents/FEUP-CV/proj/task2/../datasets/custom/data/train/marinho/PXL_20260619_133414275.jpg: 384x640 1 pool_table, 27.1ms
Speed: 2.0ms preprocess, 27.1ms inference, 32.9ms postprocess per image at shape (1, 3, 384, 640)
Processing custom/data/train/marinho/PXL_20260619_133446079.jpg...

image 1/1 /home/admin/Documents/FEUP-CV/proj/task2/../datasets/custom/data/train/marinho/PXL_20260619_133446079.jpg: 640x384 3 pool_tables, 26.4ms
Speed: 5.5ms preprocess, 26.4ms inference, 24.2ms postprocess per image at shape (1, 3, 640, 384)
Processing custom/data/train/marinho/PXL_20260619_133512366.jpg...

image 1/1 /home/admin/Documents/FEUP-CV/proj/task2/../datasets/custom/data/train/marinho/PXL_20260619_133512366.jpg: 384x640 1 pool_table, 27.0ms
Speed: 3.0ms preprocess, 27.0ms inference, 24.7ms postprocess per image at shape (1, 3, 384, 640)
Processing custom/data/train/marinho/PXL_20260619_133715617.jpg...

image 1/1 /home/admin/Documents/FEUP-CV/proj/task2/../datasets/custom/data/train/marinho/PXL_20260619_133715617.jpg: 640x384 1 pool_table, 37.2ms
Speed: 6.6ms preprocess, 37.2ms inference, 25.9ms postprocess per image at shape (1, 3, 640, 384)
Processing custom/data/train/marinho/PXL_20260619_133725151.jpg...

image 1/1 /home/admin/Documents/FEUP-CV/proj/task2/../datasets/custom/data/train/marinho/PXL_20260619_133725151.jpg: 640x384 1 pool_table, 16.5ms
Speed: 2.0ms preprocess, 16.5ms inference, 35.1ms postprocess per image at shape (1, 3, 640, 384)
Processing custom/data/train/marinho/PXL_20260619_133814854.jpg...

image 1/1 /home/admin/Documents/FEUP-CV/proj/task2/../datasets/custom/data/train/marinho/PXL_20260619_133814854.jpg: 640x384 1 pool_table, 12.2ms
Speed: 2.7ms preprocess, 12.2ms inference, 24.3ms postprocess per image at shape (1, 3, 640, 384)
Processing custom/data/train/marinho/PXL_20260619_133824446.jpg...

image 1/1 /home/admin/Documents/FEUP-CV/proj/task2/../datasets/custom/data/train/marinho/PXL_20260619_133824446.jpg: 640x384 1 pool_table, 12.1ms
Speed: 6.1ms preprocess, 12.1ms inference, 24.4ms postprocess per image at shape (1, 3, 640, 384)
Processing custom/data/train/marinho/PXL_20260619_134130878.jpg...

image 1/1 /home/admin/Documents/FEUP-CV/proj/task2/../datasets/custom/data/train/marinho/PXL_20260619_134130878.jpg: 640x384 1 pool_table, 16.5ms
Speed: 3.3ms preprocess, 16.5ms inference, 35.0ms postprocess per image at shape (1, 3, 640, 384)
Processing custom/data/train/marinho/PXL_20260619_134138675.jpg...

image 1/1 /home/admin/Documents/FEUP-CV/proj/task2/../datasets/custom/data/train/marinho/PXL_20260619_134138675.jpg: 384x640 1 pool_table, 33.0ms
Speed: 4.0ms preprocess, 33.0ms inference, 34.9ms postprocess per image at shape (1, 3, 384, 640)
Processing custom/data/train/marinho/PXL_20260619_134222954.jpg...

image 1/1 /home/admin/Documents/FEUP-CV/proj/task2/../datasets/custom/data/train/marinho/PXL_20260619_134222954.jpg: 640x384 1 pool_table, 27.0ms
Speed: 2.6ms preprocess, 27.0ms inference, 32.9ms postprocess per image at shape (1, 3, 640, 384)
Processing custom/data/train/marinho/PXL_20260619_134237436.jpg...

image 1/1 /home/admin/Documents/FEUP-CV/proj/task2/../datasets/custom/data/train/marinho/PXL_20260619_134237436.jpg: 640x384 1 pool_table, 12.0ms
Speed: 6.7ms preprocess, 12.0ms inference, 24.2ms postprocess per image at shape (1, 3, 640, 384)
Processing custom/data/train/marinho/PXL_20260619_134349574.jpg...

image 1/1 /home/admin/Documents/FEUP-CV/proj/task2/../datasets/custom/data/train/marinho/PXL_20260619_134349574.jpg: 640x384 1 pool_table, 16.5ms
Speed: 4.6ms preprocess, 16.5ms inference, 25.3ms postprocess per image at shape (1, 3, 640, 384)
Processing custom/data/train/marinho/PXL_20260619_134403931.jpg...

image 1/1 /home/admin/Documents/FEUP-CV/proj/task2/../datasets/custom/data/train/marinho/PXL_20260619_134403931.jpg: 384x640 1 pool_table, 37.3ms
Speed: 4.9ms preprocess, 37.3ms inference, 34.8ms postprocess per image at shape (1, 3, 384, 640)
Processing custom/data/train/marinho/PXL_20260619_134454480.jpg...

image 1/1 /home/admin/Documents/FEUP-CV/proj/task2/../datasets/custom/data/train/marinho/PXL_20260619_134454480.jpg: 640x384 1 pool_table, 33.1ms
Speed: 6.3ms preprocess, 33.1ms inference, 35.1ms postprocess per image at shape (1, 3, 640, 384)
Processing custom/data/train/marinho/PXL_20260619_134505013.jpg...

image 1/1 /home/admin/Documents/FEUP-CV/proj/task2/../datasets/custom/data/train/marinho/PXL_20260619_134505013.jpg: 384x640 1 pool_table, 26.9ms
Speed: 4.0ms preprocess, 26.9ms inference, 24.4ms postprocess per image at shape (1, 3, 384, 640)
Processing custom/data/train/marinho/PXL_20260619_134620758.jpg...

image 1/1 /home/admin/Documents/FEUP-CV/proj/task2/../datasets/custom/data/train/marinho/PXL_20260619_134620758.jpg: 640x384 1 pool_table, 26.6ms
Speed: 5.8ms preprocess, 26.6ms inference, 24.4ms postprocess per image at shape (1, 3, 640, 384)
Processing custom/data/train/marinho/PXL_20260619_134632925.jpg...

image 1/1 /home/admin/Documents/FEUP-CV/proj/task2/../datasets/custom/data/train/marinho/PXL_20260619_134632925.jpg: 640x384 1 pool_table, 16.5ms
Speed: 8.0ms preprocess, 16.5ms inference, 34.4ms postprocess per image at shape (1, 3, 640, 384)
Processing custom/data/train/marinho/PXL_20260619_134726711.jpg...

image 1/1 /home/admin/Documents/FEUP-CV/proj/task2/../datasets/custom/data/train/marinho/PXL_20260619_134726711.jpg: 384x640 1 pool_table, 37.3ms
Speed: 7.5ms preprocess, 37.3ms inference, 34.8ms postprocess per image at shape (1, 3, 384, 640)
Processing custom/data/train/marinho/PXL_20260619_134753702.jpg...

image 1/1 /home/admin/Documents/FEUP-CV/proj/task2/../datasets/custom/data/train/marinho/PXL_20260619_134753702.jpg: 640x384 1 pool_table, 28.9ms
Speed: 4.3ms preprocess, 28.9ms inference, 35.1ms postprocess per image at shape (1, 3, 640, 384)
Processing custom/data/train/marinho/PXL_20260619_134955424.jpg...

image 1/1 /home/admin/Documents/FEUP-CV/proj/task2/../datasets/custom/data/train/marinho/PXL_20260619_134955424.jpg: 640x384 1 pool_table, 12.0ms
Speed: 4.4ms preprocess, 12.0ms inference, 24.2ms postprocess per image at shape (1, 3, 640, 384)
Processing custom/data/train/marinho/PXL_20260619_135004975.jpg...

image 1/1 /home/admin/Documents/FEUP-CV/proj/task2/../datasets/custom/data/train/marinho/PXL_20260619_135004975.jpg: 640x384 1 pool_table, 16.4ms
Speed: 3.7ms preprocess, 16.4ms inference, 25.4ms postprocess per image at shape (1, 3, 640, 384)
Processing custom/data/train/marinho/PXL_20260619_135058940.jpg...

image 1/1 /home/admin/Documents/FEUP-CV/proj/task2/../datasets/custom/data/train/marinho/PXL_20260619_135058940.jpg: 640x384 1 pool_table, 16.4ms
Speed: 4.7ms preprocess, 16.4ms inference, 35.1ms postprocess per image at shape (1, 3, 640, 384)
Processing custom/data/train/marinho/PXL_20260619_135110047.jpg...

image 1/1 /home/admin/Documents/FEUP-CV/proj/task2/../datasets/custom/data/train/marinho/PXL_20260619_135110047.jpg: 384x640 1 pool_table, 26.8ms
Speed: 2.1ms preprocess, 26.8ms inference, 30.6ms postprocess per image at shape (1, 3, 384, 640)
Processing custom/data/train/marinho/PXL_20260619_135243141.jpg...

image 1/1 /home/admin/Documents/FEUP-CV/proj/task2/../datasets/custom/data/train/marinho/PXL_20260619_135243141.jpg: 640x384 1 pool_table, 26.7ms
Speed: 4.9ms preprocess, 26.7ms inference, 24.3ms postprocess per image at shape (1, 3, 640, 384)
Processing custom/data/train/marinho/PXL_20260619_135256606.jpg...

image 1/1 /home/admin/Documents/FEUP-CV/proj/task2/../datasets/custom/data/train/marinho/PXL_20260619_135256606.jpg: 384x640 1 pool_table, 26.9ms
Speed: 2.0ms preprocess, 26.9ms inference, 24.5ms postprocess per image at shape (1, 3, 384, 640)
Processing custom/data/train/marinho/PXL_20260619_135716951.jpg...

image 1/1 /home/admin/Documents/FEUP-CV/proj/task2/../datasets/custom/data/train/marinho/PXL_20260619_135716951.jpg: 640x384 1 pool_table, 37.1ms
Speed: 4.6ms preprocess, 37.1ms inference, 35.0ms postprocess per image at shape (1, 3, 640, 384)
Processing custom/data/train/marinho/PXL_20260619_135725812.jpg...

image 1/1 /home/admin/Documents/FEUP-CV/proj/task2/../datasets/custom/data/train/marinho/PXL_20260619_135725812.jpg: 384x640 1 pool_table, 26.8ms
Speed: 1.9ms preprocess, 26.8ms inference, 24.4ms postprocess per image at shape (1, 3, 384, 640)
Processing custom/data/train/marinho/PXL_20260619_135829586.jpg...

image 1/1 /home/admin/Documents/FEUP-CV/proj/task2/../datasets/custom/data/train/marinho/PXL_20260619_135829586.jpg: 640x384 1 pool_table, 26.7ms
Speed: 6.6ms preprocess, 26.7ms inference, 24.4ms postprocess per image at shape (1, 3, 640, 384)
Processing custom/data/train/marinho/PXL_20260619_135852415.jpg...

image 1/1 /home/admin/Documents/FEUP-CV/proj/task2/../datasets/custom/data/train/marinho/PXL_20260619_135852415.jpg: 384x640 1 pool_table, 26.9ms
Speed: 2.6ms preprocess, 26.9ms inference, 24.6ms postprocess per image at shape (1, 3, 384, 640)
Processing custom/data/train/marinho/PXL_20260619_140018754.jpg...

image 1/1 /home/admin/Documents/FEUP-CV/proj/task2/../datasets/custom/data/train/marinho/PXL_20260619_140018754.jpg: 640x384 1 pool_table, 37.0ms
Speed: 6.0ms preprocess, 37.0ms inference, 26.6ms postprocess per image at shape (1, 3, 640, 384)
Processing custom/data/train/marinho/PXL_20260619_140045666.jpg...

image 1/1 /home/admin/Documents/FEUP-CV/proj/task2/../datasets/custom/data/train/marinho/PXL_20260619_140045666.jpg: 384x640 1 pool_table, 37.4ms
Speed: 8.1ms preprocess, 37.4ms inference, 35.1ms postprocess per image at shape (1, 3, 384, 640)
Processing custom/data/train/marinho/PXL_20260619_140224140.jpg...

image 1/1 /home/admin/Documents/FEUP-CV/proj/task2/../datasets/custom/data/train/marinho/PXL_20260619_140224140.jpg: 640x384 1 pool_table, 33.1ms
Speed: 6.7ms preprocess, 33.1ms inference, 35.1ms postprocess per image at shape (1, 3, 640, 384)
Processing custom/data/train/marinho/PXL_20260619_140231023.jpg...

image 1/1 /home/admin/Documents/FEUP-CV/proj/task2/../datasets/custom/data/train/marinho/PXL_20260619_140231023.jpg: 640x384 1 pool_table, 12.0ms
Speed: 4.3ms preprocess, 12.0ms inference, 24.4ms postprocess per image at shape (1, 3, 640, 384)
Processing custom/data/train/marinho/PXL_20260619_140310163.jpg...

image 1/1 /home/admin/Documents/FEUP-CV/proj/task2/../datasets/custom/data/train/marinho/PXL_20260619_140310163.jpg: 384x640 1 pool_table, 20.4ms
Speed: 4.5ms preprocess, 20.4ms inference, 24.3ms postprocess per image at shape (1, 3, 384, 640)
Processing custom/data/train/marinho/PXL_20260619_140324254.jpg...

image 1/1 /home/admin/Documents/FEUP-CV/proj/task2/../datasets/custom/data/train/marinho/PXL_20260619_140324254.jpg: 640x384 1 pool_table, 37.6ms
Speed: 5.3ms preprocess, 37.6ms inference, 28.7ms postprocess per image at shape (1, 3, 640, 384)
Processing custom/data/train/marinho/PXL_20260619_140456953.jpg...

image 1/1 /home/admin/Documents/FEUP-CV/proj/task2/../datasets/custom/data/train/marinho/PXL_20260619_140456953.jpg: 640x384 2 pool_tables, 12.2ms
Speed: 2.7ms preprocess, 12.2ms inference, 32.7ms postprocess per image at shape (1, 3, 640, 384)
Processing custom/data/train/marinho/PXL_20260619_140504458.jpg...

image 1/1 /home/admin/Documents/FEUP-CV/proj/task2/../datasets/custom/data/train/marinho/PXL_20260619_140504458.jpg: 384x640 1 pool_table, 26.9ms
Speed: 4.4ms preprocess, 26.9ms inference, 24.5ms postprocess per image at shape (1, 3, 384, 640)
Processing custom/data/train/marinho/PXL_20260619_140528566.jpg...

image 1/1 /home/admin/Documents/FEUP-CV/proj/task2/../datasets/custom/data/train/marinho/PXL_20260619_140528566.jpg: 640x384 2 pool_tables, 26.5ms
Speed: 3.3ms preprocess, 26.5ms inference, 24.3ms postprocess per image at shape (1, 3, 640, 384)
Processing custom/data/train/marinho/PXL_20260619_140542343.jpg...

image 1/1 /home/admin/Documents/FEUP-CV/proj/task2/../datasets/custom/data/train/marinho/PXL_20260619_140542343.jpg: 384x640 1 pool_table, 28.9ms
Speed: 3.3ms preprocess, 28.9ms inference, 24.4ms postprocess per image at shape (1, 3, 384, 640)
Processing custom/data/train/marinho/PXL_20260619_140725269.jpg...

image 1/1 /home/admin/Documents/FEUP-CV/proj/task2/../datasets/custom/data/train/marinho/PXL_20260619_140725269.jpg: 640x384 1 pool_table, 37.4ms
Speed: 5.8ms preprocess, 37.4ms inference, 34.9ms postprocess per image at shape (1, 3, 640, 384)
Processing custom/data/train/marinho/PXL_20260619_140737221.jpg...

image 1/1 /home/admin/Documents/FEUP-CV/proj/task2/../datasets/custom/data/train/marinho/PXL_20260619_140737221.jpg: 384x640 1 pool_table, 37.4ms
Speed: 3.6ms preprocess, 37.4ms inference, 35.0ms postprocess per image at shape (1, 3, 384, 640)
Processing custom/data/train/marinho/PXL_20260619_140806923.jpg...

image 1/1 /home/admin/Documents/FEUP-CV/proj/task2/../datasets/custom/data/train/marinho/PXL_20260619_140806923.jpg: 640x384 1 pool_table, 26.9ms
Speed: 4.8ms preprocess, 26.9ms inference, 24.6ms postprocess per image at shape (1, 3, 640, 384)
Processing custom/data/train/marinho/PXL_20260619_140818860.jpg...

image 1/1 /home/admin/Documents/FEUP-CV/proj/task2/../datasets/custom/data/train/marinho/PXL_20260619_140818860.jpg: 640x384 1 pool_table, 12.1ms
Speed: 6.4ms preprocess, 12.1ms inference, 24.4ms postprocess per image at shape (1, 3, 640, 384)
Processing custom/data/train/marinho/PXL_20260619_141056364.jpg...

image 1/1 /home/admin/Documents/FEUP-CV/proj/task2/../datasets/custom/data/train/marinho/PXL_20260619_141056364.jpg: 640x384 2 pool_tables, 16.5ms
Speed: 6.4ms preprocess, 16.5ms inference, 34.1ms postprocess per image at shape (1, 3, 640, 384)
Processing custom/data/train/marinho/PXL_20260619_141104611.jpg...

image 1/1 /home/admin/Documents/FEUP-CV/proj/task2/../datasets/custom/data/train/marinho/PXL_20260619_141104611.jpg: 384x640 1 pool_table, 37.1ms
Speed: 6.6ms preprocess, 37.1ms inference, 35.0ms postprocess per image at shape (1, 3, 384, 640)
Processing custom/data/train/marinho/PXL_20260619_141249318.jpg...

image 1/1 /home/admin/Documents/FEUP-CV/proj/task2/../datasets/custom/data/train/marinho/PXL_20260619_141249318.jpg: 640x384 1 pool_table, 27.1ms
Speed: 5.1ms preprocess, 27.1ms inference, 34.9ms postprocess per image at shape (1, 3, 640, 384)
Processing custom/data/train/marinho/PXL_20260619_141258716.jpg...

image 1/1 /home/admin/Documents/FEUP-CV/proj/task2/../datasets/custom/data/train/marinho/PXL_20260619_141258716.jpg: 384x640 1 pool_table, 26.8ms
Speed: 5.1ms preprocess, 26.8ms inference, 24.6ms postprocess per image at shape (1, 3, 384, 640)
Processing custom/data/train/marinho/PXL_20260619_141549184.jpg...

image 1/1 /home/admin/Documents/FEUP-CV/proj/task2/../datasets/custom/data/train/marinho/PXL_20260619_141549184.jpg: 640x384 1 pool_table, 25.9ms
Speed: 2.2ms preprocess, 25.9ms inference, 13.3ms postprocess per image at shape (1, 3, 640, 384)
Processing custom/data/train/marinho/PXL_20260619_141556622.jpg...

image 1/1 /home/admin/Documents/FEUP-CV/proj/task2/../datasets/custom/data/train/marinho/PXL_20260619_141556622.jpg: 384x640 1 pool_table, 37.4ms
Speed: 3.1ms preprocess, 37.4ms inference, 28.6ms postprocess per image at shape (1, 3, 384, 640)
Processing custom/data/train/marinho/PXL_20260619_141917747.jpg...

image 1/1 /home/admin/Documents/FEUP-CV/proj/task2/../datasets/custom/data/train/marinho/PXL_20260619_141917747.jpg: 640x384 1 pool_table, 37.7ms
Speed: 8.2ms preprocess, 37.7ms inference, 35.2ms postprocess per image at shape (1, 3, 640, 384)
Processing custom/data/train/marinho/PXL_20260619_141924941.jpg...

image 1/1 /home/admin/Documents/FEUP-CV/proj/task2/../datasets/custom/data/train/marinho/PXL_20260619_141924941.jpg: 640x384 2 pool_tables, 7.6ms
Speed: 4.4ms preprocess, 7.6ms inference, 22.2ms postprocess per image at shape (1, 3, 640, 384)
Processing custom/data/train/marinho/PXL_20260619_142315723.jpg...

image 1/1 /home/admin/Documents/FEUP-CV/proj/task2/../datasets/custom/data/train/marinho/PXL_20260619_142315723.jpg: 384x640 1 pool_table, 27.0ms
Speed: 3.9ms preprocess, 27.0ms inference, 24.6ms postprocess per image at shape (1, 3, 384, 640)
Processing custom/data/train/marinho/PXL_20260619_142327853.jpg...

image 1/1 /home/admin/Documents/FEUP-CV/proj/task2/../datasets/custom/data/train/marinho/PXL_20260619_142327853.jpg: 640x384 1 pool_table, 32.6ms
Speed: 7.4ms preprocess, 32.6ms inference, 24.6ms postprocess per image at shape (1, 3, 640, 384)
Processing custom/data/train/marinho/PXL_20260619_143651727.jpg...

image 1/1 /home/admin/Documents/FEUP-CV/proj/task2/../datasets/custom/data/train/marinho/PXL_20260619_143651727.jpg: 640x384 1 pool_table, 16.4ms
Speed: 5.3ms preprocess, 16.4ms inference, 34.8ms postprocess per image at shape (1, 3, 640, 384)
Processing custom/data/train/marinho/PXL_20260619_143700521.jpg...

image 1/1 /home/admin/Documents/FEUP-CV/proj/task2/../datasets/custom/data/train/marinho/PXL_20260619_143700521.jpg: 640x384 1 pool_table, 12.3ms
Speed: 2.1ms preprocess, 12.3ms inference, 24.6ms postprocess per image at shape (1, 3, 640, 384)
Processing custom/data/train/marinho/PXL_20260619_143855613.jpg...

image 1/1 /home/admin/Documents/FEUP-CV/proj/task2/../datasets/custom/data/train/marinho/PXL_20260619_143855613.jpg: 384x640 1 pool_table, 26.7ms
Speed: 2.6ms preprocess, 26.7ms inference, 24.4ms postprocess per image at shape (1, 3, 384, 640)
Processing custom/data/train/marinho/PXL_20260619_143912064.jpg...

image 1/1 /home/admin/Documents/FEUP-CV/proj/task2/../datasets/custom/data/train/marinho/PXL_20260619_143912064.jpg: 640x384 1 pool_table, 33.7ms
Speed: 6.2ms preprocess, 33.7ms inference, 24.5ms postprocess per image at shape (1, 3, 640, 384)
Processing custom/data/train/marinho/PXL_20260619_144329378.jpg...

image 1/1 /home/admin/Documents/FEUP-CV/proj/task2/../datasets/custom/data/train/marinho/PXL_20260619_144329378.jpg: 384x640 1 pool_table, 35.0ms
Speed: 5.0ms preprocess, 35.0ms inference, 30.6ms postprocess per image at shape (1, 3, 384, 640)
Processing custom/data/train/marinho/PXL_20260619_144338961.jpg...

image 1/1 /home/admin/Documents/FEUP-CV/proj/task2/../datasets/custom/data/train/marinho/PXL_20260619_144338961.jpg: 640x384 3 pool_tables, 33.2ms
Speed: 2.6ms preprocess, 33.2ms inference, 35.1ms postprocess per image at shape (1, 3, 640, 384)
Processing custom/data/train/marinho/PXL_20260619_151408663.jpg...

image 1/1 /home/admin/Documents/FEUP-CV/proj/task2/../datasets/custom/data/train/marinho/PXL_20260619_151408663.jpg: 640x384 1 pool_table, 12.1ms
Speed: 6.6ms preprocess, 12.1ms inference, 24.5ms postprocess per image at shape (1, 3, 640, 384)
Processing custom/data/train/marinho/PXL_20260619_151417949.jpg...

image 1/1 /home/admin/Documents/FEUP-CV/proj/task2/../datasets/custom/data/train/marinho/PXL_20260619_151417949.jpg: 384x640 1 pool_table, 26.9ms
Speed: 4.0ms preprocess, 26.9ms inference, 24.5ms postprocess per image at shape (1, 3, 384, 640)
Processing custom/data/train/marinho/PXL_20260619_151427418.jpg...

image 1/1 /home/admin/Documents/FEUP-CV/proj/task2/../datasets/custom/data/train/marinho/PXL_20260619_151427418.jpg: 640x384 1 pool_table, 33.0ms
Speed: 3.3ms preprocess, 33.0ms inference, 24.2ms postprocess per image at shape (1, 3, 640, 384)
Processing custom/data/train/marinho/PXL_20260619_151434121.jpg...

image 1/1 /home/admin/Documents/FEUP-CV/proj/task2/../datasets/custom/data/train/marinho/PXL_20260619_151434121.jpg: 640x384 1 pool_table, 16.4ms
Speed: 4.9ms preprocess, 16.4ms inference, 34.9ms postprocess per image at shape (1, 3, 640, 384)
Processing custom/data/train/marinho/PXL_20260619_151459597.jpg...

image 1/1 /home/admin/Documents/FEUP-CV/proj/task2/../datasets/custom/data/train/marinho/PXL_20260619_151459597.jpg: 640x384 1 pool_table, 12.2ms
Speed: 5.5ms preprocess, 12.2ms inference, 24.3ms postprocess per image at shape (1, 3, 640, 384)
Processing custom/data/train/marinho/PXL_20260619_151509801.jpg...

image 1/1 /home/admin/Documents/FEUP-CV/proj/task2/../datasets/custom/data/train/marinho/PXL_20260619_151509801.jpg: 384x640 1 pool_table, 26.8ms
Speed: 7.7ms preprocess, 26.8ms inference, 24.4ms postprocess per image at shape (1, 3, 384, 640)
Processing custom/data/train/marinho/PXL_20260619_151522423.jpg...

image 1/1 /home/admin/Documents/FEUP-CV/proj/task2/../datasets/custom/data/train/marinho/PXL_20260619_151522423.jpg: 640x384 1 pool_table, 35.2ms
Speed: 7.1ms preprocess, 35.2ms inference, 24.4ms postprocess per image at shape (1, 3, 640, 384)
Processing custom/data/train/marinho/PXL_20260619_151532936.jpg...

image 1/1 /home/admin/Documents/FEUP-CV/proj/task2/../datasets/custom/data/train/marinho/PXL_20260619_151532936.jpg: 640x384 1 pool_table, 16.5ms
Speed: 5.3ms preprocess, 16.5ms inference, 35.0ms postprocess per image at shape (1, 3, 640, 384)
Processing custom/data/train/marinho/PXL_20260619_151613709.jpg...

image 1/1 /home/admin/Documents/FEUP-CV/proj/task2/../datasets/custom/data/train/marinho/PXL_20260619_151613709.jpg: 640x384 1 pool_table, 14.3ms
Speed: 2.4ms preprocess, 14.3ms inference, 28.2ms postprocess per image at shape (1, 3, 640, 384)
Processing custom/data/train/marinho/PXL_20260619_151622109.jpg...

image 1/1 /home/admin/Documents/FEUP-CV/proj/task2/../datasets/custom/data/train/marinho/PXL_20260619_151622109.jpg: 384x640 1 pool_table, 26.7ms
Speed: 2.4ms preprocess, 26.7ms inference, 24.4ms postprocess per image at shape (1, 3, 384, 640)
Processing custom/data/train/marinho/PXL_20260619_151631691.jpg...

image 1/1 /home/admin/Documents/FEUP-CV/proj/task2/../datasets/custom/data/train/marinho/PXL_20260619_151631691.jpg: 640x384 1 pool_table, 26.8ms
Speed: 4.9ms preprocess, 26.8ms inference, 24.4ms postprocess per image at shape (1, 3, 640, 384)
Processing custom/data/train/marinho/PXL_20260619_151702189.jpg...

image 1/1 /home/admin/Documents/FEUP-CV/proj/task2/../datasets/custom/data/train/marinho/PXL_20260619_151702189.jpg: 640x384 1 pool_table, 16.2ms
Speed: 7.3ms preprocess, 16.2ms inference, 34.9ms postprocess per image at shape (1, 3, 640, 384)
Processing custom/data/train/marinho/PXL_20260619_151723616.jpg...

image 1/1 /home/admin/Documents/FEUP-CV/proj/task2/../datasets/custom/data/train/marinho/PXL_20260619_151723616.jpg: 640x384 1 pool_table, 12.2ms
Speed: 4.8ms preprocess, 12.2ms inference, 33.0ms postprocess per image at shape (1, 3, 640, 384)
Processing custom/data/train/marinho/PXL_20260619_151731509.jpg...

image 1/1 /home/admin/Documents/FEUP-CV/proj/task2/../datasets/custom/data/train/marinho/PXL_20260619_151731509.jpg: 384x640 1 pool_table, 26.7ms
Speed: 3.4ms preprocess, 26.7ms inference, 24.4ms postprocess per image at shape (1, 3, 384, 640)
Processing custom/data/train/marinho/PXL_20260619_151747187.jpg...

image 1/1 /home/admin/Documents/FEUP-CV/proj/task2/../datasets/custom/data/train/marinho/PXL_20260619_151747187.jpg: 640x384 1 pool_table, 26.8ms
Speed: 5.0ms preprocess, 26.8ms inference, 24.4ms postprocess per image at shape (1, 3, 640, 384)
Processing custom/data/train/marinho/PXL_20260619_151834973.jpg...

image 1/1 /home/admin/Documents/FEUP-CV/proj/task2/../datasets/custom/data/train/marinho/PXL_20260619_151834973.jpg: 384x640 1 pool_table, 37.4ms
Speed: 3.8ms preprocess, 37.4ms inference, 26.1ms postprocess per image at shape (1, 3, 384, 640)
Processing custom/data/train/marinho/PXL_20260619_151931828.jpg...

image 1/1 /home/admin/Documents/FEUP-CV/proj/task2/../datasets/custom/data/train/marinho/PXL_20260619_151931828.jpg: 640x384 1 pool_table, 37.4ms
Speed: 7.3ms preprocess, 37.4ms inference, 35.2ms postprocess per image at shape (1, 3, 640, 384)
Processing custom/data/train/marinho/PXL_20260619_151937164.jpg...

image 1/1 /home/admin/Documents/FEUP-CV/proj/task2/../datasets/custom/data/train/marinho/PXL_20260619_151937164.jpg: 640x384 1 pool_table, 12.1ms
Speed: 3.1ms preprocess, 12.1ms inference, 24.3ms postprocess per image at shape (1, 3, 640, 384)
Processing custom/data/train/marinho/PXL_20260619_151955488.jpg...

image 1/1 /home/admin/Documents/FEUP-CV/proj/task2/../datasets/custom/data/train/marinho/PXL_20260619_151955488.jpg: 384x640 1 pool_table, 26.8ms
Speed: 4.4ms preprocess, 26.8ms inference, 24.4ms postprocess per image at shape (1, 3, 384, 640)
Processing custom/data/train/marinho/PXL_20260619_152010310.jpg...

image 1/1 /home/admin/Documents/FEUP-CV/proj/task2/../datasets/custom/data/train/marinho/PXL_20260619_152010310.jpg: 640x384 1 pool_table, 28.8ms
Speed: 2.3ms preprocess, 28.8ms inference, 24.3ms postprocess per image at shape (1, 3, 640, 384)
Processing custom/data/train/marinho/PXL_20260619_152103842.jpg...

image 1/1 /home/admin/Documents/FEUP-CV/proj/task2/../datasets/custom/data/train/marinho/PXL_20260619_152103842.jpg: 640x384 2 pool_tables, 16.4ms
Speed: 6.4ms preprocess, 16.4ms inference, 35.1ms postprocess per image at shape (1, 3, 640, 384)
Processing custom/data/train/marinho/PXL_20260619_152111752.jpg...

image 1/1 /home/admin/Documents/FEUP-CV/proj/task2/../datasets/custom/data/train/marinho/PXL_20260619_152111752.jpg: 640x384 1 pool_table, 12.0ms
Speed: 6.5ms preprocess, 12.0ms inference, 24.5ms postprocess per image at shape (1, 3, 640, 384)
Processing custom/data/train/marinho/PXL_20260619_152142005.jpg...

image 1/1 /home/admin/Documents/FEUP-CV/proj/task2/../datasets/custom/data/train/marinho/PXL_20260619_152142005.jpg: 384x640 1 pool_table, 26.8ms
Speed: 6.6ms preprocess, 26.8ms inference, 21.0ms postprocess per image at shape (1, 3, 384, 640)
Processing custom/data/train/marinho/PXL_20260619_152234603.jpg...

image 1/1 /home/admin/Documents/FEUP-CV/proj/task2/../datasets/custom/data/train/marinho/PXL_20260619_152234603.jpg: 640x384 1 pool_table, 33.7ms
Speed: 3.3ms preprocess, 33.7ms inference, 24.4ms postprocess per image at shape (1, 3, 640, 384)
Processing custom/data/train/marinho/PXL_20260619_152303232.jpg...

image 1/1 /home/admin/Documents/FEUP-CV/proj/task2/../datasets/custom/data/train/marinho/PXL_20260619_152303232.jpg: 640x384 1 pool_table, 16.4ms
Speed: 7.8ms preprocess, 16.4ms inference, 25.1ms postprocess per image at shape (1, 3, 640, 384)
Processing custom/data/train/marinho/PXL_20260619_152323701.jpg...

image 1/1 /home/admin/Documents/FEUP-CV/proj/task2/../datasets/custom/data/train/marinho/PXL_20260619_152323701.jpg: 384x640 1 pool_table, 26.7ms
Speed: 4.5ms preprocess, 26.7ms inference, 24.2ms postprocess per image at shape (1, 3, 384, 640)
Processing custom/data/train/marinho/PXL_20260619_152335408.jpg...

image 1/1 /home/admin/Documents/FEUP-CV/proj/task2/../datasets/custom/data/train/marinho/PXL_20260619_152335408.jpg: 640x384 1 pool_table, 27.0ms
Speed: 3.9ms preprocess, 27.0ms inference, 24.6ms postprocess per image at shape (1, 3, 640, 384)
Processing custom/data/train/marinho/PXL_20260619_152351145.jpg...

image 1/1 /home/admin/Documents/FEUP-CV/proj/task2/../datasets/custom/data/train/marinho/PXL_20260619_152351145.jpg: 640x384 1 pool_table, 16.4ms
Speed: 8.4ms preprocess, 16.4ms inference, 24.5ms postprocess per image at shape (1, 3, 640, 384)
Processing custom/data/train/marinho/PXL_20260619_152439909.jpg...

image 1/1 /home/admin/Documents/FEUP-CV/proj/task2/../datasets/custom/data/train/marinho/PXL_20260619_152439909.jpg: 640x384 1 pool_table, 16.4ms
Speed: 8.4ms preprocess, 16.4ms inference, 35.1ms postprocess per image at shape (1, 3, 640, 384)
Processing custom/data/train/marinho/PXL_20260619_152450479.jpg...

image 1/1 /home/admin/Documents/FEUP-CV/proj/task2/../datasets/custom/data/train/marinho/PXL_20260619_152450479.jpg: 384x640 1 pool_table, 26.5ms
Speed: 4.9ms preprocess, 26.5ms inference, 24.3ms postprocess per image at shape (1, 3, 384, 640)
Processing custom/data/train/marinho/PXL_20260619_152543637.jpg...

image 1/1 /home/admin/Documents/FEUP-CV/proj/task2/../datasets/custom/data/train/marinho/PXL_20260619_152543637.jpg: 640x384 1 pool_table, 27.0ms
Speed: 5.5ms preprocess, 27.0ms inference, 24.4ms postprocess per image at shape (1, 3, 640, 384)
Processing custom/data/train/marinho/PXL_20260619_152621081.jpg...

image 1/1 /home/admin/Documents/FEUP-CV/proj/task2/../datasets/custom/data/train/marinho/PXL_20260619_152621081.jpg: 640x384 1 pool_table, 16.1ms
Speed: 8.1ms preprocess, 16.1ms inference, 34.6ms postprocess per image at shape (1, 3, 640, 384)
Processing custom/data/train/marinho/PXL_20260619_153235091.jpg...

image 1/1 /home/admin/Documents/FEUP-CV/proj/task2/../datasets/custom/data/train/marinho/PXL_20260619_153235091.jpg: 640x384 1 pool_table, 7.4ms
Speed: 4.3ms preprocess, 7.4ms inference, 15.3ms postprocess per image at shape (1, 3, 640, 384)
Processing custom/data/train/marinho/PXL_20260619_153250908.jpg...

image 1/1 /home/admin/Documents/FEUP-CV/proj/task2/../datasets/custom/data/train/marinho/PXL_20260619_153250908.jpg: 640x384 1 pool_table, 11.7ms
Speed: 3.0ms preprocess, 11.7ms inference, 18.2ms postprocess per image at shape (1, 3, 640, 384)
Processing custom/data/train/marinho/PXL_20260619_153314234.jpg...

image 1/1 /home/admin/Documents/FEUP-CV/proj/task2/../datasets/custom/data/train/marinho/PXL_20260619_153314234.jpg: 384x640 1 pool_table, 26.1ms
Speed: 4.2ms preprocess, 26.1ms inference, 16.3ms postprocess per image at shape (1, 3, 384, 640)
Processing custom/data/train/marinho/PXL_20260619_153329883.jpg...

image 1/1 /home/admin/Documents/FEUP-CV/proj/task2/../datasets/custom/data/train/marinho/PXL_20260619_153329883.jpg: 640x384 1 pool_table, 26.0ms
Speed: 5.3ms preprocess, 26.0ms inference, 23.5ms postprocess per image at shape (1, 3, 640, 384)
Processing main_dataset/data/train/90_png.rf.cc19908ab37dc78235324d2e16614622.jpg...

image 1/1 /home/admin/Documents/FEUP-CV/proj/task2/../datasets/main_dataset/data/train/90_png.rf.cc19908ab37dc78235324d2e16614622.jpg: 384x640 1 pool_table, 26.1ms
Speed: 4.7ms preprocess, 26.1ms inference, 23.7ms postprocess per image at shape (1, 3, 384, 640)
Processing main_dataset/data/train/63_png.rf.f5b4c1c38fa5fd80098db299a9f5f331.jpg...

image 1/1 /home/admin/Documents/FEUP-CV/proj/task2/../datasets/main_dataset/data/train/63_png.rf.f5b4c1c38fa5fd80098db299a9f5f331.jpg: 384x640 1 pool_table, 11.9ms
Speed: 4.3ms preprocess, 11.9ms inference, 23.6ms postprocess per image at shape (1, 3, 384, 640)
Processing main_dataset/data/train/137_png.rf.bbe9edbb99cbe83b2d718df3122d9344.jpg...

image 1/1 /home/admin/Documents/FEUP-CV/proj/task2/../datasets/main_dataset/data/train/137_png.rf.bbe9edbb99cbe83b2d718df3122d9344.jpg: 384x640 1 pool_table, 11.9ms
Speed: 3.2ms preprocess, 11.9ms inference, 23.7ms postprocess per image at shape (1, 3, 384, 640)
Processing main_dataset/data/train/7_png.rf.3ff9087c873d2ff25e8d5c120bb417e8.jpg...

image 1/1 /home/admin/Documents/FEUP-CV/proj/task2/../datasets/main_dataset/data/train/7_png.rf.3ff9087c873d2ff25e8d5c120bb417e8.jpg: 384x640 2 pool_tables, 12.2ms
Speed: 3.1ms preprocess, 12.2ms inference, 35.3ms postprocess per image at shape (1, 3, 384, 640)
Processing main_dataset/data/train/159_png.rf.301cd8292389a32360fcde7abf681cfe.jpg...

image 1/1 /home/admin/Documents/FEUP-CV/proj/task2/../datasets/main_dataset/data/train/159_png.rf.301cd8292389a32360fcde7abf681cfe.jpg: 384x640 1 pool_table, 16.6ms
Speed: 3.3ms preprocess, 16.6ms inference, 35.2ms postprocess per image at shape (1, 3, 384, 640)
Processing main_dataset/data/train/107_png.rf.f31cf99275d8de0c817398bad1fbb98c.jpg...

image 1/1 /home/admin/Documents/FEUP-CV/proj/task2/../datasets/main_dataset/data/train/107_png.rf.f31cf99275d8de0c817398bad1fbb98c.jpg: 384x640 2 pool_tables, 16.1ms
Speed: 3.6ms preprocess, 16.1ms inference, 23.9ms postprocess per image at shape (1, 3, 384, 640)
Processing main_dataset/data/train/17a_png.rf.156d5bf7e3400bc2a30f1251bb4dd348.jpg...

image 1/1 /home/admin/Documents/FEUP-CV/proj/task2/../datasets/main_dataset/data/train/17a_png.rf.156d5bf7e3400bc2a30f1251bb4dd348.jpg: 416x640 1 pool_table, 39.3ms
Speed: 3.2ms preprocess, 39.3ms inference, 23.7ms postprocess per image at shape (1, 3, 416, 640)
Processing main_dataset/data/train/5_png.rf.83aee7ccd4569a48f90641b7606818c5.jpg...

image 1/1 /home/admin/Documents/FEUP-CV/proj/task2/../datasets/main_dataset/data/train/5_png.rf.83aee7ccd4569a48f90641b7606818c5.jpg: 384x640 1 pool_table, 26.3ms
Speed: 5.7ms preprocess, 26.3ms inference, 23.9ms postprocess per image at shape (1, 3, 384, 640)
Processing main_dataset/data/train/81_png.rf.7783c33301fcb8871d6013ca6a4eb879.jpg...

image 1/1 /home/admin/Documents/FEUP-CV/proj/task2/../datasets/main_dataset/data/train/81_png.rf.7783c33301fcb8871d6013ca6a4eb879.jpg: 384x640 1 pool_table, 12.1ms
Speed: 3.9ms preprocess, 12.1ms inference, 23.7ms postprocess per image at shape (1, 3, 384, 640)
Processing main_dataset/data/train/179_png.rf.61fcb6e012295881e5f82e05b6d15283.jpg...

image 1/1 /home/admin/Documents/FEUP-CV/proj/task2/../datasets/main_dataset/data/train/179_png.rf.61fcb6e012295881e5f82e05b6d15283.jpg: 384x640 1 pool_table, 11.8ms
Speed: 3.8ms preprocess, 11.8ms inference, 23.7ms postprocess per image at shape (1, 3, 384, 640)
Processing main_dataset/data/train/3t_png.rf.24d7be26d05ffb22bd6af95f0e28b99c.jpg...

image 1/1 /home/admin/Documents/FEUP-CV/proj/task2/../datasets/main_dataset/data/train/3t_png.rf.24d7be26d05ffb22bd6af95f0e28b99c.jpg: 416x640 1 pool_table, 25.8ms
Speed: 4.9ms preprocess, 25.8ms inference, 23.6ms postprocess per image at shape (1, 3, 416, 640)
Processing main_dataset/data/train/46_png.rf.e8ee7736ebfa4a3181665065498b2b12.jpg...

image 1/1 /home/admin/Documents/FEUP-CV/proj/task2/../datasets/main_dataset/data/train/46_png.rf.e8ee7736ebfa4a3181665065498b2b12.jpg: 384x640 1 pool_table, 26.5ms
Speed: 3.2ms preprocess, 26.5ms inference, 23.9ms postprocess per image at shape (1, 3, 384, 640)
Processing main_dataset/data/train/2_png.rf.e294eab9e1b8504f18e1964e03f9e9e5.jpg...

image 1/1 /home/admin/Documents/FEUP-CV/proj/task2/../datasets/main_dataset/data/train/2_png.rf.e294eab9e1b8504f18e1964e03f9e9e5.jpg: 384x640 1 pool_table, 12.1ms
Speed: 4.8ms preprocess, 12.1ms inference, 23.6ms postprocess per image at shape (1, 3, 384, 640)
Processing main_dataset/data/train/106_png.rf.28ee53acf89d9e7f17b2fb26185597a0.jpg...

image 1/1 /home/admin/Documents/FEUP-CV/proj/task2/../datasets/main_dataset/data/train/106_png.rf.28ee53acf89d9e7f17b2fb26185597a0.jpg: 384x640 2 pool_tables, 11.8ms
Speed: 3.2ms preprocess, 11.8ms inference, 23.7ms postprocess per image at shape (1, 3, 384, 640)
Processing main_dataset/data/train/25_png.rf.7e8991bbc403d6fbe9b9e6877ce5f38a.jpg...

image 1/1 /home/admin/Documents/FEUP-CV/proj/task2/../datasets/main_dataset/data/train/25_png.rf.7e8991bbc403d6fbe9b9e6877ce5f38a.jpg: 384x640 2 pool_tables, 11.8ms
Speed: 5.5ms preprocess, 11.8ms inference, 26.0ms postprocess per image at shape (1, 3, 384, 640)
Processing main_dataset/data/train/49_png.rf.34dd21e67336cfaacfc62268433a9c2d.jpg...

image 1/1 /home/admin/Documents/FEUP-CV/proj/task2/../datasets/main_dataset/data/train/49_png.rf.34dd21e67336cfaacfc62268433a9c2d.jpg: 384x640 4 pool_tables, 12.4ms
Speed: 4.7ms preprocess, 12.4ms inference, 33.3ms postprocess per image at shape (1, 3, 384, 640)
Processing main_dataset/data/train/130_png.rf.21f92398160a76a64b948884e4c8103c.jpg...

image 1/1 /home/admin/Documents/FEUP-CV/proj/task2/../datasets/main_dataset/data/train/130_png.rf.21f92398160a76a64b948884e4c8103c.jpg: 384x640 1 pool_table, 16.6ms
Speed: 3.8ms preprocess, 16.6ms inference, 32.6ms postprocess per image at shape (1, 3, 384, 640)
Processing main_dataset/data/train/122_png.rf.7df85841dad9a1f2d79c7f510f562052.jpg...

image 1/1 /home/admin/Documents/FEUP-CV/proj/task2/../datasets/main_dataset/data/train/122_png.rf.7df85841dad9a1f2d79c7f510f562052.jpg: 384x640 1 pool_table, 11.7ms
Speed: 4.7ms preprocess, 11.7ms inference, 23.7ms postprocess per image at shape (1, 3, 384, 640)
Processing main_dataset/data/train/16_png.rf.691cc1c2ecb1a6b9e2b253b55ee31e37.jpg...

image 1/1 /home/admin/Documents/FEUP-CV/proj/task2/../datasets/main_dataset/data/train/16_png.rf.691cc1c2ecb1a6b9e2b253b55ee31e37.jpg: 384x640 3 pool_tables, 11.8ms
Speed: 2.5ms preprocess, 11.8ms inference, 23.6ms postprocess per image at shape (1, 3, 384, 640)
Processing main_dataset/data/train/189_png.rf.35e0d3792b1aa85a1a2e55167fd0d8c5.jpg...

image 1/1 /home/admin/Documents/FEUP-CV/proj/task2/../datasets/main_dataset/data/train/189_png.rf.35e0d3792b1aa85a1a2e55167fd0d8c5.jpg: 384x640 1 pool_table, 12.0ms
Speed: 3.1ms preprocess, 12.0ms inference, 23.9ms postprocess per image at shape (1, 3, 384, 640)
Processing main_dataset/data/train/65_png.rf.a963145e1b7dbd2a2dfc63cdecb0cbf2.jpg...

image 1/1 /home/admin/Documents/FEUP-CV/proj/task2/../datasets/main_dataset/data/train/65_png.rf.a963145e1b7dbd2a2dfc63cdecb0cbf2.jpg: 384x640 1 pool_table, 12.0ms
Speed: 4.2ms preprocess, 12.0ms inference, 23.7ms postprocess per image at shape (1, 3, 384, 640)
Processing main_dataset/data/train/96_png.rf.99112aad2385b754f6a041d89282c4f9.jpg...

image 1/1 /home/admin/Documents/FEUP-CV/proj/task2/../datasets/main_dataset/data/train/96_png.rf.99112aad2385b754f6a041d89282c4f9.jpg: 384x640 1 pool_table, 12.0ms
Speed: 2.1ms preprocess, 12.0ms inference, 33.1ms postprocess per image at shape (1, 3, 384, 640)
Processing main_dataset/data/train/11_png.rf.6b73a508e3eafaac95768aae9325dabc.jpg...

image 1/1 /home/admin/Documents/FEUP-CV/proj/task2/../datasets/main_dataset/data/train/11_png.rf.6b73a508e3eafaac95768aae9325dabc.jpg: 384x640 2 pool_tables, 16.5ms
Speed: 2.0ms preprocess, 16.5ms inference, 35.2ms postprocess per image at shape (1, 3, 384, 640)
Processing main_dataset/data/train/1_png.rf.8199e7f82efa196a0732a582c5d2472e.jpg...

image 1/1 /home/admin/Documents/FEUP-CV/proj/task2/../datasets/main_dataset/data/train/1_png.rf.8199e7f82efa196a0732a582c5d2472e.jpg: 384x640 1 pool_table, 16.6ms
Speed: 2.1ms preprocess, 16.6ms inference, 25.4ms postprocess per image at shape (1, 3, 384, 640)
Processing main_dataset/data/train/186_png.rf.6e7fc2cce220b40aa716f4d90902659a.jpg...

image 1/1 /home/admin/Documents/FEUP-CV/proj/task2/../datasets/main_dataset/data/train/186_png.rf.6e7fc2cce220b40aa716f4d90902659a.jpg: 384x640 2 pool_tables, 12.0ms
Speed: 2.3ms preprocess, 12.0ms inference, 23.8ms postprocess per image at shape (1, 3, 384, 640)
Processing main_dataset/data/train/192_png.rf.17e286ffa138705b5b8013c45e867d69.jpg...

image 1/1 /home/admin/Documents/FEUP-CV/proj/task2/../datasets/main_dataset/data/train/192_png.rf.17e286ffa138705b5b8013c45e867d69.jpg: 384x640 1 pool_table, 12.0ms
Speed: 5.2ms preprocess, 12.0ms inference, 23.8ms postprocess per image at shape (1, 3, 384, 640)
Processing main_dataset/data/train/38_png.rf.5f7178d32f8c80830acba72ceaa53c52.jpg...

image 1/1 /home/admin/Documents/FEUP-CV/proj/task2/../datasets/main_dataset/data/train/38_png.rf.5f7178d32f8c80830acba72ceaa53c52.jpg: 384x640 2 pool_tables, 7.7ms
Speed: 3.0ms preprocess, 7.7ms inference, 21.6ms postprocess per image at shape (1, 3, 384, 640)
Processing main_dataset/data/train/175_png.rf.3bb291132648e4ddc6318584b8fab3f6.jpg...

image 1/1 /home/admin/Documents/FEUP-CV/proj/task2/../datasets/main_dataset/data/train/175_png.rf.3bb291132648e4ddc6318584b8fab3f6.jpg: 384x640 3 pool_tables, 12.0ms
Speed: 2.6ms preprocess, 12.0ms inference, 23.9ms postprocess per image at shape (1, 3, 384, 640)
Processing main_dataset/data/train/56_png.rf.d816086571a6166985bd89660706de3c.jpg...

image 1/1 /home/admin/Documents/FEUP-CV/proj/task2/../datasets/main_dataset/data/train/56_png.rf.d816086571a6166985bd89660706de3c.jpg: 384x640 2 pool_tables, 16.6ms
Speed: 3.2ms preprocess, 16.6ms inference, 35.3ms postprocess per image at shape (1, 3, 384, 640)
Processing main_dataset/data/train/42_png.rf.c6be4b18ac2a7d7c6e71b98132d5b411.jpg...

image 1/1 /home/admin/Documents/FEUP-CV/proj/task2/../datasets/main_dataset/data/train/42_png.rf.c6be4b18ac2a7d7c6e71b98132d5b411.jpg: 384x640 2 pool_tables, 16.5ms
Speed: 2.8ms preprocess, 16.5ms inference, 34.5ms postprocess per image at shape (1, 3, 384, 640)
Processing main_dataset/data/train/129_png.rf.eb2bbec526ed5285770c494673de2c04.jpg...

image 1/1 /home/admin/Documents/FEUP-CV/proj/task2/../datasets/main_dataset/data/train/129_png.rf.eb2bbec526ed5285770c494673de2c04.jpg: 384x640 1 pool_table, 12.0ms
Speed: 3.8ms preprocess, 12.0ms inference, 23.9ms postprocess per image at shape (1, 3, 384, 640)
Processing main_dataset/data/train/89_png.rf.f6d530aecfb9a6a925bb6db4a606a529.jpg...

image 1/1 /home/admin/Documents/FEUP-CV/proj/task2/../datasets/main_dataset/data/train/89_png.rf.f6d530aecfb9a6a925bb6db4a606a529.jpg: 384x640 1 pool_table, 16.6ms
Speed: 2.7ms preprocess, 16.6ms inference, 35.3ms postprocess per image at shape (1, 3, 384, 640)
Processing main_dataset/data/train/24_png.rf.76109e322271997766d83ebb01eba055.jpg...

image 1/1 /home/admin/Documents/FEUP-CV/proj/task2/../datasets/main_dataset/data/train/24_png.rf.76109e322271997766d83ebb01eba055.jpg: 384x640 2 pool_tables, 16.6ms
Speed: 3.5ms preprocess, 16.6ms inference, 35.1ms postprocess per image at shape (1, 3, 384, 640)
Processing main_dataset/data/train/185_png.rf.d2a971d3a33d7f290e313be493525277.jpg...

image 1/1 /home/admin/Documents/FEUP-CV/proj/task2/../datasets/main_dataset/data/train/185_png.rf.d2a971d3a33d7f290e313be493525277.jpg: 384x640 2 pool_tables, 11.9ms
Speed: 3.6ms preprocess, 11.9ms inference, 33.0ms postprocess per image at shape (1, 3, 384, 640)
Processing main_dataset/data/train/98_png.rf.68df6216acc2ca690c16e3f15e3969ac.jpg...

image 1/1 /home/admin/Documents/FEUP-CV/proj/task2/../datasets/main_dataset/data/train/98_png.rf.68df6216acc2ca690c16e3f15e3969ac.jpg: 384x640 2 pool_tables, 16.5ms
Speed: 2.1ms preprocess, 16.5ms inference, 35.2ms postprocess per image at shape (1, 3, 384, 640)
Processing main_dataset/data/train/146_png.rf.8c716f42d6929f1b4c27cbfde0544e05.jpg...

image 1/1 /home/admin/Documents/FEUP-CV/proj/task2/../datasets/main_dataset/data/train/146_png.rf.8c716f42d6929f1b4c27cbfde0544e05.jpg: 384x640 1 pool_table, 16.6ms
Speed: 3.2ms preprocess, 16.6ms inference, 28.4ms postprocess per image at shape (1, 3, 384, 640)
Processing main_dataset/data/train/124_png.rf.1c7ed97791213cc079fccc558f1ad959.jpg...

image 1/1 /home/admin/Documents/FEUP-CV/proj/task2/../datasets/main_dataset/data/train/124_png.rf.1c7ed97791213cc079fccc558f1ad959.jpg: 384x640 2 pool_tables, 16.6ms
Speed: 6.2ms preprocess, 16.6ms inference, 35.2ms postprocess per image at shape (1, 3, 384, 640)
Processing main_dataset/data/train/13_png.rf.6997e656c43b72e712856bc7557bedf9.jpg...

image 1/1 /home/admin/Documents/FEUP-CV/proj/task2/../datasets/main_dataset/data/train/13_png.rf.6997e656c43b72e712856bc7557bedf9.jpg: 384x640 2 pool_tables, 16.4ms
Speed: 3.6ms preprocess, 16.4ms inference, 31.8ms postprocess per image at shape (1, 3, 384, 640)
Processing main_dataset/data/train/13a_png.rf.b63780972f2990e77bbc2889190bd191.jpg...

image 1/1 /home/admin/Documents/FEUP-CV/proj/task2/../datasets/main_dataset/data/train/13a_png.rf.b63780972f2990e77bbc2889190bd191.jpg: 416x640 1 pool_table, 35.2ms
Speed: 2.3ms preprocess, 35.2ms inference, 35.3ms postprocess per image at shape (1, 3, 416, 640)
Processing main_dataset/data/train/112_png.rf.9b08015f172aafbe456ed9d92cca77fe.jpg...

image 1/1 /home/admin/Documents/FEUP-CV/proj/task2/../datasets/main_dataset/data/train/112_png.rf.9b08015f172aafbe456ed9d92cca77fe.jpg: 384x640 1 pool_table, 37.8ms
Speed: 7.8ms preprocess, 37.8ms inference, 35.3ms postprocess per image at shape (1, 3, 384, 640)
Processing main_dataset/data/train/64_png.rf.8322253b1a0f6abfcf98c466097d8b17.jpg...

image 1/1 /home/admin/Documents/FEUP-CV/proj/task2/../datasets/main_dataset/data/train/64_png.rf.8322253b1a0f6abfcf98c466097d8b17.jpg: 384x640 1 pool_table, 16.5ms
Speed: 3.2ms preprocess, 16.5ms inference, 35.3ms postprocess per image at shape (1, 3, 384, 640)
Processing main_dataset/data/train/2t_png.rf.cc82f8a1e04420002737935546caff16.jpg...

image 1/1 /home/admin/Documents/FEUP-CV/proj/task2/../datasets/main_dataset/data/train/2t_png.rf.cc82f8a1e04420002737935546caff16.jpg: 416x640 1 pool_table, 37.6ms
Speed: 5.0ms preprocess, 37.6ms inference, 35.2ms postprocess per image at shape (1, 3, 416, 640)
Processing main_dataset/data/train/136_png.rf.e99c3dfd6e84ce294cdabc3bb5ee8a75.jpg...

image 1/1 /home/admin/Documents/FEUP-CV/proj/task2/../datasets/main_dataset/data/train/136_png.rf.e99c3dfd6e84ce294cdabc3bb5ee8a75.jpg: 384x640 1 pool_table, 37.7ms
Speed: 5.5ms preprocess, 37.7ms inference, 35.2ms postprocess per image at shape (1, 3, 384, 640)
Processing main_dataset/data/train/190_png.rf.24ed612fdc752703c31861be4bc95545.jpg...

image 1/1 /home/admin/Documents/FEUP-CV/proj/task2/../datasets/main_dataset/data/train/190_png.rf.24ed612fdc752703c31861be4bc95545.jpg: 384x640 1 pool_table, 16.5ms
Speed: 2.3ms preprocess, 16.5ms inference, 35.2ms postprocess per image at shape (1, 3, 384, 640)
Processing main_dataset/data/train/57_png.rf.03d3722260858e9a17b3a16291bd0103.jpg...

image 1/1 /home/admin/Documents/FEUP-CV/proj/task2/../datasets/main_dataset/data/train/57_png.rf.03d3722260858e9a17b3a16291bd0103.jpg: 384x640 2 pool_tables, 16.7ms
Speed: 6.7ms preprocess, 16.7ms inference, 35.4ms postprocess per image at shape (1, 3, 384, 640)
Processing main_dataset/data/train/1a_png.rf.17bf9820312efff2213b1d1b08ffad66.jpg...

image 1/1 /home/admin/Documents/FEUP-CV/proj/task2/../datasets/main_dataset/data/train/1a_png.rf.17bf9820312efff2213b1d1b08ffad66.jpg: 416x640 1 pool_table, 37.6ms
Speed: 3.9ms preprocess, 37.6ms inference, 33.4ms postprocess per image at shape (1, 3, 416, 640)
Processing main_dataset/data/train/187_png.rf.b5c19d9e137330a99f4a5885ac5c7d73.jpg...

image 1/1 /home/admin/Documents/FEUP-CV/proj/task2/../datasets/main_dataset/data/train/187_png.rf.b5c19d9e137330a99f4a5885ac5c7d73.jpg: 384x640 1 pool_table, 37.6ms
Speed: 6.7ms preprocess, 37.6ms inference, 35.2ms postprocess per image at shape (1, 3, 384, 640)
Processing main_dataset/data/train/16t_png.rf.119ab55b2bf60739d833fe614cf03c92.jpg...

image 1/1 /home/admin/Documents/FEUP-CV/proj/task2/../datasets/main_dataset/data/train/16t_png.rf.119ab55b2bf60739d833fe614cf03c92.jpg: 416x640 1 pool_table, 37.7ms
Speed: 3.6ms preprocess, 37.7ms inference, 35.2ms postprocess per image at shape (1, 3, 416, 640)
Processing main_dataset/data/train/20t_png.rf.9c3224a237aafafb9884ca7c91a4ddb3.jpg...

image 1/1 /home/admin/Documents/FEUP-CV/proj/task2/../datasets/main_dataset/data/train/20t_png.rf.9c3224a237aafafb9884ca7c91a4ddb3.jpg: 416x640 1 pool_table, 12.5ms
Speed: 2.9ms preprocess, 12.5ms inference, 33.1ms postprocess per image at shape (1, 3, 416, 640)
Processing main_dataset/data/train/91_png.rf.d78bae1b26a617eb6363e4345800eb54.jpg...

image 1/1 /home/admin/Documents/FEUP-CV/proj/task2/../datasets/main_dataset/data/train/91_png.rf.d78bae1b26a617eb6363e4345800eb54.jpg: 384x640 1 pool_table, 37.8ms
Speed: 7.5ms preprocess, 37.8ms inference, 29.8ms postprocess per image at shape (1, 3, 384, 640)
Processing main_dataset/data/train/100_png.rf.1d10e5312c53cc3fb4e0bf319dd466ba.jpg...

image 1/1 /home/admin/Documents/FEUP-CV/proj/task2/../datasets/main_dataset/data/train/100_png.rf.1d10e5312c53cc3fb4e0bf319dd466ba.jpg: 384x640 1 pool_table, 16.4ms
Speed: 1.9ms preprocess, 16.4ms inference, 35.0ms postprocess per image at shape (1, 3, 384, 640)
Processing main_dataset/data/train/9_png.rf.3a4164e5647feea77eb3062be7e65aea.jpg...

image 1/1 /home/admin/Documents/FEUP-CV/proj/task2/../datasets/main_dataset/data/train/9_png.rf.3a4164e5647feea77eb3062be7e65aea.jpg: 384x640 1 pool_table, 12.3ms
Speed: 1.8ms preprocess, 12.3ms inference, 24.6ms postprocess per image at shape (1, 3, 384, 640)
Processing main_dataset/data/train/43_png.rf.68ae08a017d1928a4cef37867a7f3231.jpg...

image 1/1 /home/admin/Documents/FEUP-CV/proj/task2/../datasets/main_dataset/data/train/43_png.rf.68ae08a017d1928a4cef37867a7f3231.jpg: 384x640 2 pool_tables, 12.3ms
Speed: 4.0ms preprocess, 12.3ms inference, 24.6ms postprocess per image at shape (1, 3, 384, 640)
Processing main_dataset/data/train/157_png.rf.27c930f4a54872dbae1acb7faf69b5af.jpg...

image 1/1 /home/admin/Documents/FEUP-CV/proj/task2/../datasets/main_dataset/data/train/157_png.rf.27c930f4a54872dbae1acb7faf69b5af.jpg: 384x640 1 pool_table, 12.3ms
Speed: 2.7ms preprocess, 12.3ms inference, 34.2ms postprocess per image at shape (1, 3, 384, 640)
Processing main_dataset/data/train/86_png.rf.ed680afb145347de62fa9e5dd2b90bbe.jpg...

image 1/1 /home/admin/Documents/FEUP-CV/proj/task2/../datasets/main_dataset/data/train/86_png.rf.ed680afb145347de62fa9e5dd2b90bbe.jpg: 384x640 1 pool_table, 16.5ms
Speed: 3.6ms preprocess, 16.5ms inference, 34.0ms postprocess per image at shape (1, 3, 384, 640)
Processing main_dataset/data/train/131_png.rf.593310c39f8835ed0786033b6690de45.jpg...

image 1/1 /home/admin/Documents/FEUP-CV/proj/task2/../datasets/main_dataset/data/train/131_png.rf.593310c39f8835ed0786033b6690de45.jpg: 384x640 1 pool_table, 12.3ms
Speed: 3.1ms preprocess, 12.3ms inference, 23.1ms postprocess per image at shape (1, 3, 384, 640)
Processing main_dataset/data/train/140_png.rf.6645e10bad5cf3f197b71ddb6b34e6b4.jpg...

image 1/1 /home/admin/Documents/FEUP-CV/proj/task2/../datasets/main_dataset/data/train/140_png.rf.6645e10bad5cf3f197b71ddb6b34e6b4.jpg: 384x640 1 pool_table, 12.3ms
Speed: 6.2ms preprocess, 12.3ms inference, 24.6ms postprocess per image at shape (1, 3, 384, 640)
Processing main_dataset/data/train/24f_png.rf.ee5f961ec533993bb9907fa09380d92a.jpg...

image 1/1 /home/admin/Documents/FEUP-CV/proj/task2/../datasets/main_dataset/data/train/24f_png.rf.ee5f961ec533993bb9907fa09380d92a.jpg: 416x640 1 pool_table, 33.9ms
Speed: 5.2ms preprocess, 33.9ms inference, 32.0ms postprocess per image at shape (1, 3, 416, 640)
Processing main_dataset/data/train/103_png.rf.8837c4ba6e91c59a634fc8cd30cd204b.jpg...

image 1/1 /home/admin/Documents/FEUP-CV/proj/task2/../datasets/main_dataset/data/train/103_png.rf.8837c4ba6e91c59a634fc8cd30cd204b.jpg: 384x640 1 pool_table, 26.9ms
Speed: 2.3ms preprocess, 26.9ms inference, 18.3ms postprocess per image at shape (1, 3, 384, 640)
Processing main_dataset/data/train/35_png.rf.3b3f67570700881bc1962c56d85d95eb.jpg...

image 1/1 /home/admin/Documents/FEUP-CV/proj/task2/../datasets/main_dataset/data/train/35_png.rf.3b3f67570700881bc1962c56d85d95eb.jpg: 384x640 1 pool_table, 16.3ms
Speed: 4.7ms preprocess, 16.3ms inference, 34.4ms postprocess per image at shape (1, 3, 384, 640)
Processing main_dataset/data/train/59_png.rf.4a6785ea55d34bd60949327634ab613d.jpg...

image 1/1 /home/admin/Documents/FEUP-CV/proj/task2/../datasets/main_dataset/data/train/59_png.rf.4a6785ea55d34bd60949327634ab613d.jpg: 384x640 1 pool_table, 16.6ms
Speed: 2.8ms preprocess, 16.6ms inference, 24.9ms postprocess per image at shape (1, 3, 384, 640)
Processing main_dataset/data/train/161_png.rf.2436f2b0f85b3351121e334fce1ae80c.jpg...

image 1/1 /home/admin/Documents/FEUP-CV/proj/task2/../datasets/main_dataset/data/train/161_png.rf.2436f2b0f85b3351121e334fce1ae80c.jpg: 384x640 1 pool_table, 12.3ms
Speed: 4.4ms preprocess, 12.3ms inference, 24.5ms postprocess per image at shape (1, 3, 384, 640)
Processing main_dataset/data/train/70_png.rf.c11964e069c3c801f450ed11cbc6a414.jpg...

image 1/1 /home/admin/Documents/FEUP-CV/proj/task2/../datasets/main_dataset/data/train/70_png.rf.c11964e069c3c801f450ed11cbc6a414.jpg: 384x640 1 pool_table, 12.1ms
Speed: 3.1ms preprocess, 12.1ms inference, 20.8ms postprocess per image at shape (1, 3, 384, 640)
Processing main_dataset/data/train/60_png.rf.86486015e392f6e4d94b76b74845f588.jpg...

image 1/1 /home/admin/Documents/FEUP-CV/proj/task2/../datasets/main_dataset/data/train/60_png.rf.86486015e392f6e4d94b76b74845f588.jpg: 384x640 1 pool_table, 16.3ms
Speed: 3.4ms preprocess, 16.3ms inference, 34.9ms postprocess per image at shape (1, 3, 384, 640)
Processing main_dataset/data/train/105_png.rf.ea359f2dfa667da92e30a8ceeefe7e62.jpg...

image 1/1 /home/admin/Documents/FEUP-CV/proj/task2/../datasets/main_dataset/data/train/105_png.rf.ea359f2dfa667da92e30a8ceeefe7e62.jpg: 384x640 1 pool_table, 12.2ms
Speed: 4.6ms preprocess, 12.2ms inference, 18.3ms postprocess per image at shape (1, 3, 384, 640)
Processing main_dataset/data/train/133_png.rf.a4164ecd79cdd480304adcf094cd17e3.jpg...

image 1/1 /home/admin/Documents/FEUP-CV/proj/task2/../datasets/main_dataset/data/train/133_png.rf.a4164ecd79cdd480304adcf094cd17e3.jpg: 384x640 1 pool_table, 12.3ms
Speed: 1.8ms preprocess, 12.3ms inference, 24.7ms postprocess per image at shape (1, 3, 384, 640)
Processing main_dataset/data/train/74_png.rf.d4457ce90ae63f42842e5cc1f35d9425.jpg...

image 1/1 /home/admin/Documents/FEUP-CV/proj/task2/../datasets/main_dataset/data/train/74_png.rf.d4457ce90ae63f42842e5cc1f35d9425.jpg: 384x640 3 pool_tables, 16.4ms
Speed: 3.3ms preprocess, 16.4ms inference, 28.9ms postprocess per image at shape (1, 3, 384, 640)
Processing main_dataset/data/train/51_png.rf.6cd3806d5bbf3bb4c08aa71f88200357.jpg...

image 1/1 /home/admin/Documents/FEUP-CV/proj/task2/../datasets/main_dataset/data/train/51_png.rf.6cd3806d5bbf3bb4c08aa71f88200357.jpg: 384x640 2 pool_tables, 16.3ms
Speed: 6.8ms preprocess, 16.3ms inference, 24.9ms postprocess per image at shape (1, 3, 384, 640)
Processing main_dataset/data/train/139_png.rf.3b1d0480bfeb169028854cb472ea5f25.jpg...

image 1/1 /home/admin/Documents/FEUP-CV/proj/task2/../datasets/main_dataset/data/train/139_png.rf.3b1d0480bfeb169028854cb472ea5f25.jpg: 384x640 1 pool_table, 10.7ms
Speed: 4.2ms preprocess, 10.7ms inference, 20.1ms postprocess per image at shape (1, 3, 384, 640)
Processing main_dataset/data/train/118_png.rf.3e82e1f3d657302b61a62c113271b753.jpg...

image 1/1 /home/admin/Documents/FEUP-CV/proj/task2/../datasets/main_dataset/data/train/118_png.rf.3e82e1f3d657302b61a62c113271b753.jpg: 384x640 1 pool_table, 12.4ms
Speed: 4.1ms preprocess, 12.4ms inference, 28.8ms postprocess per image at shape (1, 3, 384, 640)
Processing main_dataset/data/train/128_png.rf.536c0efc16ea6cf15f4f2a6f280450cf.jpg...

image 1/1 /home/admin/Documents/FEUP-CV/proj/task2/../datasets/main_dataset/data/train/128_png.rf.536c0efc16ea6cf15f4f2a6f280450cf.jpg: 384x640 1 pool_table, 16.1ms
Speed: 4.0ms preprocess, 16.1ms inference, 30.9ms postprocess per image at shape (1, 3, 384, 640)
Processing main_dataset/data/train/127_png.rf.9f6501b0ba0e856cf6dd9e59f65ce574.jpg...

image 1/1 /home/admin/Documents/FEUP-CV/proj/task2/../datasets/main_dataset/data/train/127_png.rf.9f6501b0ba0e856cf6dd9e59f65ce574.jpg: 384x640 1 pool_table, 12.1ms
Speed: 1.9ms preprocess, 12.1ms inference, 24.4ms postprocess per image at shape (1, 3, 384, 640)
Processing main_dataset/data/train/162_png.rf.faeb269d920f46126201519c32565e6d.jpg...

image 1/1 /home/admin/Documents/FEUP-CV/proj/task2/../datasets/main_dataset/data/train/162_png.rf.faeb269d920f46126201519c32565e6d.jpg: 384x640 1 pool_table, 7.8ms
Speed: 3.4ms preprocess, 7.8ms inference, 24.4ms postprocess per image at shape (1, 3, 384, 640)
Processing main_dataset/data/train/144_png.rf.5c3890791bfecba0869eafb73fa3a4f5.jpg...

image 1/1 /home/admin/Documents/FEUP-CV/proj/task2/../datasets/main_dataset/data/train/144_png.rf.5c3890791bfecba0869eafb73fa3a4f5.jpg: 384x640 1 pool_table, 16.4ms
Speed: 6.7ms preprocess, 16.4ms inference, 35.1ms postprocess per image at shape (1, 3, 384, 640)
Processing main_dataset/data/train/18_png.rf.deca17bfe3ef6a0738238319d1dcdd71.jpg...

image 1/1 /home/admin/Documents/FEUP-CV/proj/task2/../datasets/main_dataset/data/train/18_png.rf.deca17bfe3ef6a0738238319d1dcdd71.jpg: 384x640 2 pool_tables, 12.3ms
Speed: 3.4ms preprocess, 12.3ms inference, 24.5ms postprocess per image at shape (1, 3, 384, 640)
Processing main_dataset/data/train/138_png.rf.8f90a2d90a20d34006c446dc14a852c0.jpg...

image 1/1 /home/admin/Documents/FEUP-CV/proj/task2/../datasets/main_dataset/data/train/138_png.rf.8f90a2d90a20d34006c446dc14a852c0.jpg: 384x640 1 pool_table, 12.3ms
Speed: 5.5ms preprocess, 12.3ms inference, 24.6ms postprocess per image at shape (1, 3, 384, 640)
Processing main_dataset/data/train/40_png.rf.5bb1a2e7946b7a35cb9e87950cc508da.jpg...

image 1/1 /home/admin/Documents/FEUP-CV/proj/task2/../datasets/main_dataset/data/train/40_png.rf.5bb1a2e7946b7a35cb9e87950cc508da.jpg: 384x640 1 pool_table, 16.5ms
Speed: 4.5ms preprocess, 16.5ms inference, 35.1ms postprocess per image at shape (1, 3, 384, 640)
Processing main_dataset/data/train/8a_png.rf.d4bd36f20fb980c22c7f33948a375e2a.jpg...

image 1/1 /home/admin/Documents/FEUP-CV/proj/task2/../datasets/main_dataset/data/train/8a_png.rf.d4bd36f20fb980c22c7f33948a375e2a.jpg: 416x640 1 pool_table, 26.6ms
Speed: 7.1ms preprocess, 26.6ms inference, 21.0ms postprocess per image at shape (1, 3, 416, 640)
Processing main_dataset/data/train/68_png.rf.2abffb51d52abb9355fb9037922c7535.jpg...

image 1/1 /home/admin/Documents/FEUP-CV/proj/task2/../datasets/main_dataset/data/train/68_png.rf.2abffb51d52abb9355fb9037922c7535.jpg: 384x640 1 pool_table, 26.8ms
Speed: 3.2ms preprocess, 26.8ms inference, 32.8ms postprocess per image at shape (1, 3, 384, 640)
Processing main_dataset/data/train/20a_png.rf.a3aea3e21d9ff672c555eaa2dcd6c945.jpg...

image 1/1 /home/admin/Documents/FEUP-CV/proj/task2/../datasets/main_dataset/data/train/20a_png.rf.a3aea3e21d9ff672c555eaa2dcd6c945.jpg: 416x640 1 pool_table, 31.8ms
Speed: 8.9ms preprocess, 31.8ms inference, 24.5ms postprocess per image at shape (1, 3, 416, 640)
Processing main_dataset/data/train/23a_png.rf.c51e6e9452d0f5b24425c277e7e93085.jpg...

image 1/1 /home/admin/Documents/FEUP-CV/proj/task2/../datasets/main_dataset/data/train/23a_png.rf.c51e6e9452d0f5b24425c277e7e93085.jpg: 416x640 1 pool_table, 11.6ms
Speed: 6.5ms preprocess, 11.6ms inference, 17.6ms postprocess per image at shape (1, 3, 416, 640)
Processing main_dataset/data/train/33_png.rf.297fe8781d6a91fb415a3483e34b5d6d.jpg...

image 1/1 /home/admin/Documents/FEUP-CV/proj/task2/../datasets/main_dataset/data/train/33_png.rf.297fe8781d6a91fb415a3483e34b5d6d.jpg: 384x640 2 pool_tables, 31.5ms
Speed: 4.5ms preprocess, 31.5ms inference, 24.4ms postprocess per image at shape (1, 3, 384, 640)
Processing main_dataset/data/train/11f_png.rf.eb0169eccfb6b264a582491457ff37b6.jpg...

image 1/1 /home/admin/Documents/FEUP-CV/proj/task2/../datasets/main_dataset/data/train/11f_png.rf.eb0169eccfb6b264a582491457ff37b6.jpg: 416x640 1 pool_table, 23.4ms
Speed: 1.9ms preprocess, 23.4ms inference, 22.5ms postprocess per image at shape (1, 3, 416, 640)
Processing main_dataset/data/train/188_png.rf.817e806abd4f5edc9588cc0dbf1a8616.jpg...

image 1/1 /home/admin/Documents/FEUP-CV/proj/task2/../datasets/main_dataset/data/train/188_png.rf.817e806abd4f5edc9588cc0dbf1a8616.jpg: 384x640 1 pool_table, 26.0ms
Speed: 4.6ms preprocess, 26.0ms inference, 16.0ms postprocess per image at shape (1, 3, 384, 640)
Processing main_dataset/data/train/66_png.rf.4cae8e3276f22572dc03614ba2654a27.jpg...

image 1/1 /home/admin/Documents/FEUP-CV/proj/task2/../datasets/main_dataset/data/train/66_png.rf.4cae8e3276f22572dc03614ba2654a27.jpg: 384x640 1 pool_table, 7.6ms
Speed: 2.4ms preprocess, 7.6ms inference, 13.0ms postprocess per image at shape (1, 3, 384, 640)
Processing main_dataset/data/train/28_png.rf.eae3c87c5a3a27e7321c4f3f9b902dc7.jpg...

image 1/1 /home/admin/Documents/FEUP-CV/proj/task2/../datasets/main_dataset/data/train/28_png.rf.eae3c87c5a3a27e7321c4f3f9b902dc7.jpg: 384x640 2 pool_tables, 11.8ms
Speed: 2.0ms preprocess, 11.8ms inference, 23.7ms postprocess per image at shape (1, 3, 384, 640)
Processing main_dataset/data/train/61_png.rf.fcb03285eaaa0805f6a53443b10cd4fe.jpg...

image 1/1 /home/admin/Documents/FEUP-CV/proj/task2/../datasets/main_dataset/data/train/61_png.rf.fcb03285eaaa0805f6a53443b10cd4fe.jpg: 384x640 2 pool_tables, 7.9ms
Speed: 4.6ms preprocess, 7.9ms inference, 12.9ms postprocess per image at shape (1, 3, 384, 640)
Processing main_dataset/data/train/34_png.rf.407889c8b2afe2a57c57461fa46b2d4f.jpg...

image 1/1 /home/admin/Documents/FEUP-CV/proj/task2/../datasets/main_dataset/data/train/34_png.rf.407889c8b2afe2a57c57461fa46b2d4f.jpg: 384x640 2 pool_tables, 11.8ms
Speed: 4.3ms preprocess, 11.8ms inference, 23.6ms postprocess per image at shape (1, 3, 384, 640)
Processing main_dataset/data/train/10_png.rf.9b8c9cafc4edaba51d6fc14bc4ef7186.jpg...

image 1/1 /home/admin/Documents/FEUP-CV/proj/task2/../datasets/main_dataset/data/train/10_png.rf.9b8c9cafc4edaba51d6fc14bc4ef7186.jpg: 384x640 2 pool_tables, 7.5ms
Speed: 2.5ms preprocess, 7.5ms inference, 13.0ms postprocess per image at shape (1, 3, 384, 640)
Processing main_dataset/data/train/13t_png.rf.6106fd96f4902de298dac63ac73ac264.jpg...

image 1/1 /home/admin/Documents/FEUP-CV/proj/task2/../datasets/main_dataset/data/train/13t_png.rf.6106fd96f4902de298dac63ac73ac264.jpg: 416x640 1 pool_table, 25.7ms
Speed: 6.0ms preprocess, 25.7ms inference, 23.7ms postprocess per image at shape (1, 3, 416, 640)
Processing main_dataset/data/train/7t_png.rf.d593f52ab7cb17881fddcaf5de468819.jpg...

image 1/1 /home/admin/Documents/FEUP-CV/proj/task2/../datasets/main_dataset/data/train/7t_png.rf.d593f52ab7cb17881fddcaf5de468819.jpg: 416x640 1 pool_table, 7.4ms
Speed: 3.2ms preprocess, 7.4ms inference, 13.0ms postprocess per image at shape (1, 3, 416, 640)
Processing main_dataset/data/train/3_png.rf.3623643d6ea770476054dcbc18ec4da8.jpg...

image 1/1 /home/admin/Documents/FEUP-CV/proj/task2/../datasets/main_dataset/data/train/3_png.rf.3623643d6ea770476054dcbc18ec4da8.jpg: 384x640 1 pool_table, 17.5ms
Speed: 5.7ms preprocess, 17.5ms inference, 12.9ms postprocess per image at shape (1, 3, 384, 640)
Processing main_dataset/data/train/29_png.rf.6123f6b17b0b0752cc729beefa04a070.jpg...

image 1/1 /home/admin/Documents/FEUP-CV/proj/task2/../datasets/main_dataset/data/train/29_png.rf.6123f6b17b0b0752cc729beefa04a070.jpg: 384x640 4 pool_tables, 7.5ms
Speed: 1.9ms preprocess, 7.5ms inference, 13.0ms postprocess per image at shape (1, 3, 384, 640)
Processing main_dataset/data/train/111_png.rf.573bdb8149674c4469ce560c651c6a48.jpg...

image 1/1 /home/admin/Documents/FEUP-CV/proj/task2/../datasets/main_dataset/data/train/111_png.rf.573bdb8149674c4469ce560c651c6a48.jpg: 384x640 1 pool_table, 16.4ms
Speed: 7.1ms preprocess, 16.4ms inference, 35.0ms postprocess per image at shape (1, 3, 384, 640)
Processing main_dataset/data/train/180_png.rf.d95ed08408ababb588c6d1af919a1ba5.jpg...

image 1/1 /home/admin/Documents/FEUP-CV/proj/task2/../datasets/main_dataset/data/train/180_png.rf.d95ed08408ababb588c6d1af919a1ba5.jpg: 384x640 2 pool_tables, 12.8ms
Speed: 3.3ms preprocess, 12.8ms inference, 24.4ms postprocess per image at shape (1, 3, 384, 640)
Processing main_dataset/data/train/1t_png.rf.4e6421a849d36687701eb5b4187ff417.jpg...

image 1/1 /home/admin/Documents/FEUP-CV/proj/task2/../datasets/main_dataset/data/train/1t_png.rf.4e6421a849d36687701eb5b4187ff417.jpg: 416x640 1 pool_table, 26.7ms
Speed: 6.1ms preprocess, 26.7ms inference, 24.5ms postprocess per image at shape (1, 3, 416, 640)
Processing main_dataset/data/train/85_png.rf.92386fd10cea05180773e53215694d52.jpg...

image 1/1 /home/admin/Documents/FEUP-CV/proj/task2/../datasets/main_dataset/data/train/85_png.rf.92386fd10cea05180773e53215694d52.jpg: 384x640 1 pool_table, 37.3ms
Speed: 8.4ms preprocess, 37.3ms inference, 33.2ms postprocess per image at shape (1, 3, 384, 640)
Processing main_dataset/data/train/116_png.rf.d62651a8a8690338109c790bb5e036bd.jpg...

image 1/1 /home/admin/Documents/FEUP-CV/proj/task2/../datasets/main_dataset/data/train/116_png.rf.d62651a8a8690338109c790bb5e036bd.jpg: 384x640 1 pool_table, 12.2ms
Speed: 2.6ms preprocess, 12.2ms inference, 18.3ms postprocess per image at shape (1, 3, 384, 640)
Processing main_dataset/data/train/75_png.rf.fec3448d8e1f00fd7d681730877c8e37.jpg...

image 1/1 /home/admin/Documents/FEUP-CV/proj/task2/../datasets/main_dataset/data/train/75_png.rf.fec3448d8e1f00fd7d681730877c8e37.jpg: 384x640 2 pool_tables, 12.1ms
Speed: 1.8ms preprocess, 12.1ms inference, 24.4ms postprocess per image at shape (1, 3, 384, 640)
Processing main_dataset/data/train/123_png.rf.c77820fd3abbca5d6265af63564f9564.jpg...

image 1/1 /home/admin/Documents/FEUP-CV/proj/task2/../datasets/main_dataset/data/train/123_png.rf.c77820fd3abbca5d6265af63564f9564.jpg: 384x640 1 pool_table, 16.4ms
Speed: 6.1ms preprocess, 16.4ms inference, 34.9ms postprocess per image at shape (1, 3, 384, 640)
Processing main_dataset/data/train/18a_png.rf.6fd1e6c4251554864ca626ac2595e32d.jpg...

image 1/1 /home/admin/Documents/FEUP-CV/proj/task2/../datasets/main_dataset/data/train/18a_png.rf.6fd1e6c4251554864ca626ac2595e32d.jpg: 416x640 1 pool_table, 26.5ms
Speed: 3.3ms preprocess, 26.5ms inference, 22.7ms postprocess per image at shape (1, 3, 416, 640)
Processing main_dataset/data/train/10t_png.rf.97c979f963b5a914b50a065e59ef3873.jpg...

image 1/1 /home/admin/Documents/FEUP-CV/proj/task2/../datasets/main_dataset/data/train/10t_png.rf.97c979f963b5a914b50a065e59ef3873.jpg: 416x640 1 pool_table, 13.9ms
Speed: 5.5ms preprocess, 13.9ms inference, 35.0ms postprocess per image at shape (1, 3, 416, 640)
Processing main_dataset/data/train/167_png.rf.9c4562ed01369906a44a489f10bd858b.jpg...

image 1/1 /home/admin/Documents/FEUP-CV/proj/task2/../datasets/main_dataset/data/train/167_png.rf.9c4562ed01369906a44a489f10bd858b.jpg: 384x640 1 pool_table, 27.0ms
Speed: 5.4ms preprocess, 27.0ms inference, 24.6ms postprocess per image at shape (1, 3, 384, 640)
Processing main_dataset/data/train/15_png.rf.f28eaebb6a7dae29a59dd6b9d28ea7d5.jpg...

image 1/1 /home/admin/Documents/FEUP-CV/proj/task2/../datasets/main_dataset/data/train/15_png.rf.f28eaebb6a7dae29a59dd6b9d28ea7d5.jpg: 384x640 1 pool_table, 12.4ms
Speed: 2.7ms preprocess, 12.4ms inference, 24.5ms postprocess per image at shape (1, 3, 384, 640)
Processing main_dataset/data/train/83_png.rf.660e765884a44b4f58b54170810c4888.jpg...

image 1/1 /home/admin/Documents/FEUP-CV/proj/task2/../datasets/main_dataset/data/train/83_png.rf.660e765884a44b4f58b54170810c4888.jpg: 384x640 1 pool_table, 16.2ms
Speed: 4.0ms preprocess, 16.2ms inference, 34.9ms postprocess per image at shape (1, 3, 384, 640)
Processing main_dataset/data/train/173_png.rf.f39ff7cc18819e237dd9a08f84c71d40.jpg...

image 1/1 /home/admin/Documents/FEUP-CV/proj/task2/../datasets/main_dataset/data/train/173_png.rf.f39ff7cc18819e237dd9a08f84c71d40.jpg: 384x640 1 pool_table, 16.3ms
Speed: 4.6ms preprocess, 16.3ms inference, 25.5ms postprocess per image at shape (1, 3, 384, 640)
Processing main_dataset/data/train/99_png.rf.980b3b82bd6f61bc422a234a44e95383.jpg...

image 1/1 /home/admin/Documents/FEUP-CV/proj/task2/../datasets/main_dataset/data/train/99_png.rf.980b3b82bd6f61bc422a234a44e95383.jpg: 384x640 2 pool_tables, 12.2ms
Speed: 3.4ms preprocess, 12.2ms inference, 24.3ms postprocess per image at shape (1, 3, 384, 640)
Processing main_dataset/data/train/72_png.rf.d71504fccb884a26e91b51ad8efcd509.jpg...

image 1/1 /home/admin/Documents/FEUP-CV/proj/task2/../datasets/main_dataset/data/train/72_png.rf.d71504fccb884a26e91b51ad8efcd509.jpg: 384x640 1 pool_table, 12.1ms
Speed: 5.3ms preprocess, 12.1ms inference, 32.7ms postprocess per image at shape (1, 3, 384, 640)
Processing main_dataset/data/train/24t_png.rf.736be6ec774d58d37397d1d1675e4fb9.jpg...

image 1/1 /home/admin/Documents/FEUP-CV/proj/task2/../datasets/main_dataset/data/train/24t_png.rf.736be6ec774d58d37397d1d1675e4fb9.jpg: 416x640 1 pool_table, 33.8ms
Speed: 3.8ms preprocess, 33.8ms inference, 24.5ms postprocess per image at shape (1, 3, 416, 640)
Processing main_dataset/data/train/149_png.rf.9aba27d537b76bf911a1f4553acc6bc1.jpg...

image 1/1 /home/admin/Documents/FEUP-CV/proj/task2/../datasets/main_dataset/data/train/149_png.rf.9aba27d537b76bf911a1f4553acc6bc1.jpg: 384x640 2 pool_tables, 26.9ms
Speed: 5.0ms preprocess, 26.9ms inference, 26.5ms postprocess per image at shape (1, 3, 384, 640)
Processing main_dataset/data/train/93_png.rf.e4404052301ebc4f485e978401b476d2.jpg...

image 1/1 /home/admin/Documents/FEUP-CV/proj/task2/../datasets/main_dataset/data/train/93_png.rf.e4404052301ebc4f485e978401b476d2.jpg: 384x640 1 pool_table, 16.5ms
Speed: 2.6ms preprocess, 16.5ms inference, 35.1ms postprocess per image at shape (1, 3, 384, 640)
Processing main_dataset/data/train/20_png.rf.52c78aebcebbb16b65b30edf6e6dc4a5.jpg...

image 1/1 /home/admin/Documents/FEUP-CV/proj/task2/../datasets/main_dataset/data/train/20_png.rf.52c78aebcebbb16b65b30edf6e6dc4a5.jpg: 384x640 2 pool_tables, 12.1ms
Speed: 3.7ms preprocess, 12.1ms inference, 24.4ms postprocess per image at shape (1, 3, 384, 640)
Processing main_dataset/data/train/135_png.rf.8a27e2add3109c3d2fc762fd95669219.jpg...

image 1/1 /home/admin/Documents/FEUP-CV/proj/task2/../datasets/main_dataset/data/train/135_png.rf.8a27e2add3109c3d2fc762fd95669219.jpg: 384x640 1 pool_table, 12.1ms
Speed: 2.0ms preprocess, 12.1ms inference, 24.4ms postprocess per image at shape (1, 3, 384, 640)
Processing main_dataset/data/train/21_png.rf.14a3f0eb3df1717c54de3445f3988524.jpg...

image 1/1 /home/admin/Documents/FEUP-CV/proj/task2/../datasets/main_dataset/data/train/21_png.rf.14a3f0eb3df1717c54de3445f3988524.jpg: 384x640 1 pool_table, 16.4ms
Speed: 8.3ms preprocess, 16.4ms inference, 29.6ms postprocess per image at shape (1, 3, 384, 640)
Processing main_dataset/data/train/27_png.rf.b66e7ecbfb20811de556a247f42c24ec.jpg...

image 1/1 /home/admin/Documents/FEUP-CV/proj/task2/../datasets/main_dataset/data/train/27_png.rf.b66e7ecbfb20811de556a247f42c24ec.jpg: 384x640 1 pool_table, 14.8ms
Speed: 7.0ms preprocess, 14.8ms inference, 24.3ms postprocess per image at shape (1, 3, 384, 640)
Processing main_dataset/data/train/50_png.rf.383e95718229d46e0da9d8f13dff24d6.jpg...

image 1/1 /home/admin/Documents/FEUP-CV/proj/task2/../datasets/main_dataset/data/train/50_png.rf.383e95718229d46e0da9d8f13dff24d6.jpg: 384x640 2 pool_tables, 12.2ms
Speed: 1.7ms preprocess, 12.2ms inference, 24.5ms postprocess per image at shape (1, 3, 384, 640)
Processing main_dataset/data/train/14_png.rf.8d86ed0d9c157e98afbb750c6da8e2a3.jpg...

image 1/1 /home/admin/Documents/FEUP-CV/proj/task2/../datasets/main_dataset/data/train/14_png.rf.8d86ed0d9c157e98afbb750c6da8e2a3.jpg: 384x640 2 pool_tables, 12.2ms
Speed: 6.2ms preprocess, 12.2ms inference, 19.1ms postprocess per image at shape (1, 3, 384, 640)
Processing main_dataset/data/train/108_png.rf.7bd2f9160e38391af93d2d6ebaaf966a.jpg...

image 1/1 /home/admin/Documents/FEUP-CV/proj/task2/../datasets/main_dataset/data/train/108_png.rf.7bd2f9160e38391af93d2d6ebaaf966a.jpg: 384x640 1 pool_table, 16.3ms
Speed: 2.8ms preprocess, 16.3ms inference, 34.9ms postprocess per image at shape (1, 3, 384, 640)
Processing main_dataset/data/train/47_png.rf.bc20932b8fce905f2947cfc69dd6920c.jpg...

image 1/1 /home/admin/Documents/FEUP-CV/proj/task2/../datasets/main_dataset/data/train/47_png.rf.bc20932b8fce905f2947cfc69dd6920c.jpg: 384x640 2 pool_tables, 12.2ms
Speed: 5.1ms preprocess, 12.2ms inference, 24.7ms postprocess per image at shape (1, 3, 384, 640)
Processing main_dataset/data/train/7f_png.rf.4c4c0c1f3dbe608fab29a732857d2927.jpg...

image 1/1 /home/admin/Documents/FEUP-CV/proj/task2/../datasets/main_dataset/data/train/7f_png.rf.4c4c0c1f3dbe608fab29a732857d2927.jpg: 416x640 1 pool_table, 32.8ms
Speed: 5.6ms preprocess, 32.8ms inference, 35.0ms postprocess per image at shape (1, 3, 416, 640)
Processing main_dataset/data/train/4a_png.rf.a6bb5c5706fd8628eb53d34a122cf441.jpg...

image 1/1 /home/admin/Documents/FEUP-CV/proj/task2/../datasets/main_dataset/data/train/4a_png.rf.a6bb5c5706fd8628eb53d34a122cf441.jpg: 416x640 1 pool_table, 11.9ms
Speed: 6.3ms preprocess, 11.9ms inference, 24.5ms postprocess per image at shape (1, 3, 416, 640)
Processing main_dataset/data/train/166_png.rf.2a5fbe9b778584d26692a480bda6f22a.jpg...

image 1/1 /home/admin/Documents/FEUP-CV/proj/task2/../datasets/main_dataset/data/train/166_png.rf.2a5fbe9b778584d26692a480bda6f22a.jpg: 384x640 1 pool_table, 26.7ms
Speed: 1.7ms preprocess, 26.7ms inference, 32.8ms postprocess per image at shape (1, 3, 384, 640)
Processing main_dataset/data/train/92_png.rf.5436107fa80a186911267011f1bad05e.jpg...

image 1/1 /home/admin/Documents/FEUP-CV/proj/task2/../datasets/main_dataset/data/train/92_png.rf.5436107fa80a186911267011f1bad05e.jpg: 384x640 1 pool_table, 16.4ms
Speed: 2.3ms preprocess, 16.4ms inference, 34.9ms postprocess per image at shape (1, 3, 384, 640)
Processing main_dataset/data/train/156_png.rf.be7d3c328dad9ee7e3722259541a79d5.jpg...

image 1/1 /home/admin/Documents/FEUP-CV/proj/task2/../datasets/main_dataset/data/train/156_png.rf.be7d3c328dad9ee7e3722259541a79d5.jpg: 384x640 1 pool_table, 12.2ms
Speed: 4.1ms preprocess, 12.2ms inference, 24.2ms postprocess per image at shape (1, 3, 384, 640)
Processing main_dataset/data/train/73_png.rf.16191fc07ebda5e8a83294c9c4fbd4bb.jpg...

image 1/1 /home/admin/Documents/FEUP-CV/proj/task2/../datasets/main_dataset/data/train/73_png.rf.16191fc07ebda5e8a83294c9c4fbd4bb.jpg: 384x640 1 pool_table, 12.2ms
Speed: 6.1ms preprocess, 12.2ms inference, 24.4ms postprocess per image at shape (1, 3, 384, 640)
Processing main_dataset/data/train/39_png.rf.dc31e2cb0d05a0df89cfefc35ec71231.jpg...

image 1/1 /home/admin/Documents/FEUP-CV/proj/task2/../datasets/main_dataset/data/train/39_png.rf.dc31e2cb0d05a0df89cfefc35ec71231.jpg: 384x640 1 pool_table, 16.3ms
Speed: 3.5ms preprocess, 16.3ms inference, 28.3ms postprocess per image at shape (1, 3, 384, 640)
Processing main_dataset/data/train/25f_png.rf.e20424d4f5cc6ff760cbfa7767c3ec32.jpg...

image 1/1 /home/admin/Documents/FEUP-CV/proj/task2/../datasets/main_dataset/data/train/25f_png.rf.e20424d4f5cc6ff760cbfa7767c3ec32.jpg: 416x640 1 pool_table, 26.6ms
Speed: 4.9ms preprocess, 26.6ms inference, 24.4ms postprocess per image at shape (1, 3, 416, 640)
Processing main_dataset/data/train/30_png.rf.e72e10b42198e1de89cc63429368e384.jpg...

image 1/1 /home/admin/Documents/FEUP-CV/proj/task2/../datasets/main_dataset/data/train/30_png.rf.e72e10b42198e1de89cc63429368e384.jpg: 384x640 2 pool_tables, 33.3ms
Speed: 5.8ms preprocess, 33.3ms inference, 35.0ms postprocess per image at shape (1, 3, 384, 640)
Processing main_dataset/data/train/134_png.rf.eafc70891a991c969df70bd817a63375.jpg...

image 1/1 /home/admin/Documents/FEUP-CV/proj/task2/../datasets/main_dataset/data/train/134_png.rf.eafc70891a991c969df70bd817a63375.jpg: 384x640 1 pool_table, 16.4ms
Speed: 3.8ms preprocess, 16.4ms inference, 27.2ms postprocess per image at shape (1, 3, 384, 640)
Processing main_dataset/data/train/119_png.rf.eff91a09289a82f634d7b231b06dbbdd.jpg...

image 1/1 /home/admin/Documents/FEUP-CV/proj/task2/../datasets/main_dataset/data/train/119_png.rf.eff91a09289a82f634d7b231b06dbbdd.jpg: 384x640 1 pool_table, 12.2ms
Speed: 2.0ms preprocess, 12.2ms inference, 24.3ms postprocess per image at shape (1, 3, 384, 640)
Processing main_dataset/data/train/77_png.rf.255db85931c9fbf597fd7c63e341d1dc.jpg...

image 1/1 /home/admin/Documents/FEUP-CV/proj/task2/../datasets/main_dataset/data/train/77_png.rf.255db85931c9fbf597fd7c63e341d1dc.jpg: 384x640 1 pool_table, 12.1ms
Speed: 2.7ms preprocess, 12.1ms inference, 24.4ms postprocess per image at shape (1, 3, 384, 640)
Processing main_dataset/data/train/54_png.rf.18d8023ac7bcdc316c9be6efbd0070ef.jpg...

image 1/1 /home/admin/Documents/FEUP-CV/proj/task2/../datasets/main_dataset/data/train/54_png.rf.18d8023ac7bcdc316c9be6efbd0070ef.jpg: 384x640 1 pool_table, 16.3ms
Speed: 4.5ms preprocess, 16.3ms inference, 34.9ms postprocess per image at shape (1, 3, 384, 640)
Processing main_dataset/data/train/163_png.rf.caf94b785a094d025843b480af8738cc.jpg...

image 1/1 /home/admin/Documents/FEUP-CV/proj/task2/../datasets/main_dataset/data/train/163_png.rf.caf94b785a094d025843b480af8738cc.jpg: 384x640 1 pool_table, 12.2ms
Speed: 5.8ms preprocess, 12.2ms inference, 24.5ms postprocess per image at shape (1, 3, 384, 640)
Processing main_dataset/data/train/87_png.rf.15d2533afb10c3ae6488769488ecce3f.jpg...

image 1/1 /home/admin/Documents/FEUP-CV/proj/task2/../datasets/main_dataset/data/train/87_png.rf.15d2533afb10c3ae6488769488ecce3f.jpg: 384x640 1 pool_table, 12.3ms
Speed: 4.5ms preprocess, 12.3ms inference, 24.5ms postprocess per image at shape (1, 3, 384, 640)
Processing main_dataset/data/train/95_png.rf.03182e61750c77320a1463bb756ed0cf.jpg...

image 1/1 /home/admin/Documents/FEUP-CV/proj/task2/../datasets/main_dataset/data/train/95_png.rf.03182e61750c77320a1463bb756ed0cf.jpg: 384x640 1 pool_table, 16.4ms
Speed: 2.3ms preprocess, 16.4ms inference, 35.0ms postprocess per image at shape (1, 3, 384, 640)
Processing main_dataset/data/train/191_png.rf.f0dae604026d771ea10fc7983a5b03e7.jpg...

image 1/1 /home/admin/Documents/FEUP-CV/proj/task2/../datasets/main_dataset/data/train/191_png.rf.f0dae604026d771ea10fc7983a5b03e7.jpg: 384x640 1 pool_table, 12.1ms
Speed: 6.4ms preprocess, 12.1ms inference, 24.3ms postprocess per image at shape (1, 3, 384, 640)
Processing main_dataset/data/train/23t_png.rf.f9c0505fe9f3c1f4d088ff99d4625b48.jpg...

image 1/1 /home/admin/Documents/FEUP-CV/proj/task2/../datasets/main_dataset/data/train/23t_png.rf.f9c0505fe9f3c1f4d088ff99d4625b48.jpg: 416x640 1 pool_table, 23.8ms
Speed: 5.9ms preprocess, 23.8ms inference, 13.6ms postprocess per image at shape (1, 3, 416, 640)
Processing main_dataset/data/train/41_png.rf.1b958373ee00ad9b6c72ccde65ac6c44.jpg...

image 1/1 /home/admin/Documents/FEUP-CV/proj/task2/../datasets/main_dataset/data/train/41_png.rf.1b958373ee00ad9b6c72ccde65ac6c44.jpg: 384x640 3 pool_tables, 37.5ms
Speed: 4.6ms preprocess, 37.5ms inference, 26.8ms postprocess per image at shape (1, 3, 384, 640)
Processing main_dataset/data/train/152_png.rf.278ae564b1c981f43016889a9c3240e6.jpg...

image 1/1 /home/admin/Documents/FEUP-CV/proj/task2/../datasets/main_dataset/data/train/152_png.rf.278ae564b1c981f43016889a9c3240e6.jpg: 384x640 1 pool_table, 12.1ms
Speed: 5.1ms preprocess, 12.1ms inference, 24.3ms postprocess per image at shape (1, 3, 384, 640)
Processing main_dataset/data/train/26_png.rf.58fd63888dc80d24e902a96995a31656.jpg...

image 1/1 /home/admin/Documents/FEUP-CV/proj/task2/../datasets/main_dataset/data/train/26_png.rf.58fd63888dc80d24e902a96995a31656.jpg: 384x640 2 pool_tables, 12.2ms
Speed: 3.2ms preprocess, 12.2ms inference, 24.6ms postprocess per image at shape (1, 3, 384, 640)
Processing main_dataset/data/train/31_png.rf.0f21d20a8cd7c12cbb1222cd2070b345.jpg...

image 1/1 /home/admin/Documents/FEUP-CV/proj/task2/../datasets/main_dataset/data/train/31_png.rf.0f21d20a8cd7c12cbb1222cd2070b345.jpg: 384x640 1 pool_table, 16.5ms
Speed: 2.8ms preprocess, 16.5ms inference, 35.2ms postprocess per image at shape (1, 3, 384, 640)
Processing main_dataset/data/train/6t_png.rf.3bfa7c04f03519e61d659108c308de32.jpg...

image 1/1 /home/admin/Documents/FEUP-CV/proj/task2/../datasets/main_dataset/data/train/6t_png.rf.3bfa7c04f03519e61d659108c308de32.jpg: 416x640 1 pool_table, 26.5ms
Speed: 2.7ms preprocess, 26.5ms inference, 24.4ms postprocess per image at shape (1, 3, 416, 640)
Processing main_dataset/data/train/22_png.rf.57aac7aececd3a52d497d28fbb121c8c.jpg...

image 1/1 /home/admin/Documents/FEUP-CV/proj/task2/../datasets/main_dataset/data/train/22_png.rf.57aac7aececd3a52d497d28fbb121c8c.jpg: 384x640 3 pool_tables, 37.1ms
Speed: 3.9ms preprocess, 37.1ms inference, 35.0ms postprocess per image at shape (1, 3, 384, 640)
Processing main_dataset/data/train/148_png.rf.ce6399c2c651b1e0c1ccbe0ed06b1038.jpg...

image 1/1 /home/admin/Documents/FEUP-CV/proj/task2/../datasets/main_dataset/data/train/148_png.rf.ce6399c2c651b1e0c1ccbe0ed06b1038.jpg: 384x640 1 pool_table, 12.4ms
Speed: 5.7ms preprocess, 12.4ms inference, 24.5ms postprocess per image at shape (1, 3, 384, 640)
Processing main_dataset/data/train/158_png.rf.26ee57b4f05c15fe87b27ed170cd79b2.jpg...

image 1/1 /home/admin/Documents/FEUP-CV/proj/task2/../datasets/main_dataset/data/train/158_png.rf.26ee57b4f05c15fe87b27ed170cd79b2.jpg: 384x640 1 pool_table, 12.3ms
Speed: 5.9ms preprocess, 12.3ms inference, 24.6ms postprocess per image at shape (1, 3, 384, 640)
Processing main_dataset/data/train/84_png.rf.ce54014b2da8c78d7c8d54001ffdf576.jpg...

image 1/1 /home/admin/Documents/FEUP-CV/proj/task2/../datasets/main_dataset/data/train/84_png.rf.ce54014b2da8c78d7c8d54001ffdf576.jpg: 384x640 1 pool_table, 14.2ms
Speed: 3.9ms preprocess, 14.2ms inference, 34.9ms postprocess per image at shape (1, 3, 384, 640)
Processing main_dataset/data/train/55_png.rf.68431d245b349b193d16154de0905524.jpg...

image 1/1 /home/admin/Documents/FEUP-CV/proj/task2/../datasets/main_dataset/data/train/55_png.rf.68431d245b349b193d16154de0905524.jpg: 384x640 1 pool_table, 16.3ms
Speed: 5.0ms preprocess, 16.3ms inference, 30.2ms postprocess per image at shape (1, 3, 384, 640)
Processing main_dataset/data/train/53_png.rf.855b0f59076e870a81b9fa99f43590a7.jpg...

image 1/1 /home/admin/Documents/FEUP-CV/proj/task2/../datasets/main_dataset/data/train/53_png.rf.855b0f59076e870a81b9fa99f43590a7.jpg: 384x640 1 pool_table, 12.2ms
Speed: 2.0ms preprocess, 12.2ms inference, 24.5ms postprocess per image at shape (1, 3, 384, 640)
Processing main_dataset/data/train/164_png.rf.adf1d66e8c2fa71261ca3f1d6852fa16.jpg...

image 1/1 /home/admin/Documents/FEUP-CV/proj/task2/../datasets/main_dataset/data/train/164_png.rf.adf1d66e8c2fa71261ca3f1d6852fa16.jpg: 384x640 1 pool_table, 12.3ms
Speed: 4.5ms preprocess, 12.3ms inference, 24.5ms postprocess per image at shape (1, 3, 384, 640)
Processing main_dataset/data/train/132_png.rf.071b2e2111df71728a6b770afd959117.jpg...

image 1/1 /home/admin/Documents/FEUP-CV/proj/task2/../datasets/main_dataset/data/train/132_png.rf.071b2e2111df71728a6b770afd959117.jpg: 384x640 1 pool_table, 16.6ms
Speed: 4.2ms preprocess, 16.6ms inference, 35.0ms postprocess per image at shape (1, 3, 384, 640)
Processing main_dataset/data/train/142_png.rf.7094e2d69746d686d71b971d474ae84d.jpg...

image 1/1 /home/admin/Documents/FEUP-CV/proj/task2/../datasets/main_dataset/data/train/142_png.rf.7094e2d69746d686d71b971d474ae84d.jpg: 384x640 1 pool_table, 12.1ms
Speed: 3.7ms preprocess, 12.1ms inference, 24.3ms postprocess per image at shape (1, 3, 384, 640)
Processing main_dataset/data/train/44_png.rf.fa470a214cd0390f0989f6f83d9bdb4b.jpg...

image 1/1 /home/admin/Documents/FEUP-CV/proj/task2/../datasets/main_dataset/data/train/44_png.rf.fa470a214cd0390f0989f6f83d9bdb4b.jpg: 384x640 2 pool_tables, 12.0ms
Speed: 1.8ms preprocess, 12.0ms inference, 24.4ms postprocess per image at shape (1, 3, 384, 640)
Processing main_dataset/data/train/21f_png.rf.1d0b1d461f995224e4dda334c1e6a20c.jpg...

image 1/1 /home/admin/Documents/FEUP-CV/proj/task2/../datasets/main_dataset/data/train/21f_png.rf.1d0b1d461f995224e4dda334c1e6a20c.jpg: 416x640 1 pool_table, 37.2ms
Speed: 5.5ms preprocess, 37.2ms inference, 34.9ms postprocess per image at shape (1, 3, 416, 640)
Processing main_dataset/data/train/193_png.rf.0d9b4209cb5fb72ec5b2eed87c2f25cc.jpg...

image 1/1 /home/admin/Documents/FEUP-CV/proj/task2/../datasets/main_dataset/data/train/193_png.rf.0d9b4209cb5fb72ec5b2eed87c2f25cc.jpg: 384x640 1 pool_table, 26.8ms
Speed: 3.9ms preprocess, 26.8ms inference, 24.3ms postprocess per image at shape (1, 3, 384, 640)
Processing main_dataset/data/train/104_png.rf.759632d10d5cf129aab09f0968304a4e.jpg...

image 1/1 /home/admin/Documents/FEUP-CV/proj/task2/../datasets/main_dataset/data/train/104_png.rf.759632d10d5cf129aab09f0968304a4e.jpg: 384x640 1 pool_table, 12.0ms
Speed: 4.0ms preprocess, 12.0ms inference, 28.6ms postprocess per image at shape (1, 3, 384, 640)
Processing main_dataset/data/train/168_png.rf.9624724987837b5f2876222d5229cbb0.jpg...

image 1/1 /home/admin/Documents/FEUP-CV/proj/task2/../datasets/main_dataset/data/train/168_png.rf.9624724987837b5f2876222d5229cbb0.jpg: 384x640 3 pool_tables, 16.5ms
Speed: 3.8ms preprocess, 16.5ms inference, 35.1ms postprocess per image at shape (1, 3, 384, 640)
Processing main_dataset/data/train/101_png.rf.ae5f060fc5ed9e0adfaf2ffa7d786c67.jpg...

image 1/1 /home/admin/Documents/FEUP-CV/proj/task2/../datasets/main_dataset/data/train/101_png.rf.ae5f060fc5ed9e0adfaf2ffa7d786c67.jpg: 384x640 1 pool_table, 12.3ms
Speed: 3.7ms preprocess, 12.3ms inference, 24.5ms postprocess per image at shape (1, 3, 384, 640)
Processing main_dataset/data/train/88_png.rf.b58437827b6f9fab3cebf868795b9e21.jpg...

image 1/1 /home/admin/Documents/FEUP-CV/proj/task2/../datasets/main_dataset/data/train/88_png.rf.b58437827b6f9fab3cebf868795b9e21.jpg: 384x640 3 pool_tables, 12.1ms
Speed: 4.2ms preprocess, 12.1ms inference, 24.4ms postprocess per image at shape (1, 3, 384, 640)
Processing main_dataset/data/train/48_png.rf.6d53741dd87298c5fedafc4e15fab214.jpg...

image 1/1 /home/admin/Documents/FEUP-CV/proj/task2/../datasets/main_dataset/data/train/48_png.rf.6d53741dd87298c5fedafc4e15fab214.jpg: 384x640 2 pool_tables, 16.3ms
Speed: 5.9ms preprocess, 16.3ms inference, 34.9ms postprocess per image at shape (1, 3, 384, 640)
Processing main_dataset/data/train/12_png.rf.9071d30b04e7162eeae5abb28b0ff82c.jpg...

image 1/1 /home/admin/Documents/FEUP-CV/proj/task2/../datasets/main_dataset/data/train/12_png.rf.9071d30b04e7162eeae5abb28b0ff82c.jpg: 384x640 1 pool_table, 14.1ms
Speed: 3.1ms preprocess, 14.1ms inference, 24.5ms postprocess per image at shape (1, 3, 384, 640)
Processing main_dataset/data/train/194_png.rf.6b3c01d7e039ffa56fe5023410954781.jpg...

image 1/1 /home/admin/Documents/FEUP-CV/proj/task2/../datasets/main_dataset/data/train/194_png.rf.6b3c01d7e039ffa56fe5023410954781.jpg: 384x640 1 pool_table, 12.3ms
Speed: 3.2ms preprocess, 12.3ms inference, 24.6ms postprocess per image at shape (1, 3, 384, 640)
Processing main_dataset/data/train/19t_png.rf.379beff6ca036f9dfee92873c63e1c91.jpg...

image 1/1 /home/admin/Documents/FEUP-CV/proj/task2/../datasets/main_dataset/data/train/19t_png.rf.379beff6ca036f9dfee92873c63e1c91.jpg: 416x640 1 pool_table, 30.8ms
Speed: 5.2ms preprocess, 30.8ms inference, 34.8ms postprocess per image at shape (1, 3, 416, 640)
Processing main_dataset/data/train/58_png.rf.b94027c8488125d21180dde164fc71f6.jpg...

image 1/1 /home/admin/Documents/FEUP-CV/proj/task2/../datasets/main_dataset/data/train/58_png.rf.b94027c8488125d21180dde164fc71f6.jpg: 384x640 1 pool_table, 26.5ms
Speed: 3.8ms preprocess, 26.5ms inference, 24.3ms postprocess per image at shape (1, 3, 384, 640)
Processing main_dataset/data/train/5a_png.rf.bae1d48b3d2d96a990799b836ecebcbb.jpg...

image 1/1 /home/admin/Documents/FEUP-CV/proj/task2/../datasets/main_dataset/data/train/5a_png.rf.bae1d48b3d2d96a990799b836ecebcbb.jpg: 416x640 1 pool_table, 18.2ms
Speed: 5.4ms preprocess, 18.2ms inference, 28.7ms postprocess per image at shape (1, 3, 416, 640)
Processing main_dataset/data/train/79_png.rf.2789d3bf1e3be008d14e55f240bd3bc4.jpg...

image 1/1 /home/admin/Documents/FEUP-CV/proj/task2/../datasets/main_dataset/data/train/79_png.rf.2789d3bf1e3be008d14e55f240bd3bc4.jpg: 384x640 1 pool_table, 31.5ms
Speed: 8.4ms preprocess, 31.5ms inference, 24.4ms postprocess per image at shape (1, 3, 384, 640)
Processing main_dataset/data/train/12t_png.rf.80855510c9a4d8a3a88e103ed8baeeb7.jpg...

image 1/1 /home/admin/Documents/FEUP-CV/proj/task2/../datasets/main_dataset/data/train/12t_png.rf.80855510c9a4d8a3a88e103ed8baeeb7.jpg: 416x640 1 pool_table, 26.5ms
Speed: 6.5ms preprocess, 26.5ms inference, 24.4ms postprocess per image at shape (1, 3, 416, 640)
Processing main_dataset/data/train/52_png.rf.d9ef7051544ef241be7a8134959f3411.jpg...

image 1/1 /home/admin/Documents/FEUP-CV/proj/task2/../datasets/main_dataset/data/train/52_png.rf.d9ef7051544ef241be7a8134959f3411.jpg: 384x640 1 pool_table, 37.6ms
Speed: 4.0ms preprocess, 37.6ms inference, 34.2ms postprocess per image at shape (1, 3, 384, 640)
Processing main_dataset/data/train/80_png.rf.6c9e5b41ab30f9b3891c82322220421c.jpg...

image 1/1 /home/admin/Documents/FEUP-CV/proj/task2/../datasets/main_dataset/data/train/80_png.rf.6c9e5b41ab30f9b3891c82322220421c.jpg: 384x640 1 pool_table, 12.3ms
Speed: 3.6ms preprocess, 12.3ms inference, 24.5ms postprocess per image at shape (1, 3, 384, 640)
Processing main_dataset/data/train/8_png.rf.00b44beea89152bdea072ac458c5ec85.jpg...

image 1/1 /home/admin/Documents/FEUP-CV/proj/task2/../datasets/main_dataset/data/train/8_png.rf.00b44beea89152bdea072ac458c5ec85.jpg: 384x640 8 pool_tables, 11.9ms
Speed: 1.6ms preprocess, 11.9ms inference, 24.3ms postprocess per image at shape (1, 3, 384, 640)
Processing main_dataset/data/train/183_png.rf.e95dd6384d920b9bc1a7360580bc06d0.jpg...

image 1/1 /home/admin/Documents/FEUP-CV/proj/task2/../datasets/main_dataset/data/train/183_png.rf.e95dd6384d920b9bc1a7360580bc06d0.jpg: 384x640 1 pool_table, 16.3ms
Speed: 4.6ms preprocess, 16.3ms inference, 34.7ms postprocess per image at shape (1, 3, 384, 640)
Processing main_dataset/data/train/113_png.rf.5843d20115f51d7d26f2cf52734504d3.jpg...

image 1/1 /home/admin/Documents/FEUP-CV/proj/task2/../datasets/main_dataset/data/train/113_png.rf.5843d20115f51d7d26f2cf52734504d3.jpg: 384x640 1 pool_table, 12.2ms
Speed: 3.3ms preprocess, 12.2ms inference, 24.5ms postprocess per image at shape (1, 3, 384, 640)
Processing main_dataset/data/train/82_png.rf.d084be48b241d855d5a48b16f9595b2a.jpg...

image 1/1 /home/admin/Documents/FEUP-CV/proj/task2/../datasets/main_dataset/data/train/82_png.rf.d084be48b241d855d5a48b16f9595b2a.jpg: 384x640 1 pool_table, 12.3ms
Speed: 4.3ms preprocess, 12.3ms inference, 24.6ms postprocess per image at shape (1, 3, 384, 640)
Processing main_dataset/data/train/147_png.rf.f75092db32c867f5974bd801ebff4919.jpg...

image 1/1 /home/admin/Documents/FEUP-CV/proj/task2/../datasets/main_dataset/data/train/147_png.rf.f75092db32c867f5974bd801ebff4919.jpg: 384x640 1 pool_table, 12.2ms
Speed: 5.8ms preprocess, 12.2ms inference, 30.6ms postprocess per image at shape (1, 3, 384, 640)
Processing main_dataset/data/train/62_png.rf.bf43de5f5dde5fa31781dc0f01c58883.jpg...

image 1/1 /home/admin/Documents/FEUP-CV/proj/task2/../datasets/main_dataset/data/train/62_png.rf.bf43de5f5dde5fa31781dc0f01c58883.jpg: 384x640 1 pool_table, 16.4ms
Speed: 4.7ms preprocess, 16.4ms inference, 35.0ms postprocess per image at shape (1, 3, 384, 640)
Processing main_dataset/data/train/184_png.rf.a6c6949a3896015ff99ada47dc75393b.jpg...

image 1/1 /home/admin/Documents/FEUP-CV/proj/task2/../datasets/main_dataset/data/train/184_png.rf.a6c6949a3896015ff99ada47dc75393b.jpg: 384x640 2 pool_tables, 12.2ms
Speed: 5.0ms preprocess, 12.2ms inference, 24.5ms postprocess per image at shape (1, 3, 384, 640)
Processing main_dataset/data/train/172_png.rf.fcfccb64edd6563c971ed5aadc369851.jpg...

image 1/1 /home/admin/Documents/FEUP-CV/proj/task2/../datasets/main_dataset/data/train/172_png.rf.fcfccb64edd6563c971ed5aadc369851.jpg: 384x640 1 pool_table, 12.1ms
Speed: 4.8ms preprocess, 12.1ms inference, 24.5ms postprocess per image at shape (1, 3, 384, 640)
Processing main_dataset/data/train/4_png.rf.e18166281030baded761bc4f93be6120.jpg...

image 1/1 /home/admin/Documents/FEUP-CV/proj/task2/../datasets/main_dataset/data/train/4_png.rf.e18166281030baded761bc4f93be6120.jpg: 384x640 1 pool_table, 16.4ms
Speed: 3.5ms preprocess, 16.4ms inference, 34.8ms postprocess per image at shape (1, 3, 384, 640)
Processing main_dataset/data/train/174_png.rf.de712a5dfd0118a5ad22b8dda3158691.jpg...

image 1/1 /home/admin/Documents/FEUP-CV/proj/task2/../datasets/main_dataset/data/train/174_png.rf.de712a5dfd0118a5ad22b8dda3158691.jpg: 384x640 1 pool_table, 12.2ms
Speed: 4.3ms preprocess, 12.2ms inference, 24.3ms postprocess per image at shape (1, 3, 384, 640)
Processing main_dataset/data/train/115_png.rf.ed51d53dd5c384b1f26a2b6ece52ad69.jpg...

image 1/1 /home/admin/Documents/FEUP-CV/proj/task2/../datasets/main_dataset/data/train/115_png.rf.ed51d53dd5c384b1f26a2b6ece52ad69.jpg: 384x640 2 pool_tables, 12.0ms
Speed: 4.4ms preprocess, 12.0ms inference, 24.3ms postprocess per image at shape (1, 3, 384, 640)
Processing main_dataset/data/train/76_png.rf.c2154cf087f65699b7b490adbae0b965.jpg...

image 1/1 /home/admin/Documents/FEUP-CV/proj/task2/../datasets/main_dataset/data/train/76_png.rf.c2154cf087f65699b7b490adbae0b965.jpg: 384x640 1 pool_table, 12.2ms
Speed: 3.7ms preprocess, 12.2ms inference, 32.7ms postprocess per image at shape (1, 3, 384, 640)
Processing main_dataset/data/train/102_png.rf.e106f609270b206b301a09b5c5473e95.jpg...

image 1/1 /home/admin/Documents/FEUP-CV/proj/task2/../datasets/main_dataset/data/train/102_png.rf.e106f609270b206b301a09b5c5473e95.jpg: 384x640 1 pool_table, 16.5ms
Speed: 7.1ms preprocess, 16.5ms inference, 33.8ms postprocess per image at shape (1, 3, 384, 640)
Processing main_dataset/data/train/94_png.rf.914de818a4ff0d086b7cb41abc8b95fd.jpg...

image 1/1 /home/admin/Documents/FEUP-CV/proj/task2/../datasets/main_dataset/data/train/94_png.rf.914de818a4ff0d086b7cb41abc8b95fd.jpg: 384x640 1 pool_table, 12.1ms
Speed: 4.7ms preprocess, 12.1ms inference, 24.4ms postprocess per image at shape (1, 3, 384, 640)
Processing main_dataset/data/train/19a_png.rf.dd2935e517f1adfcd0a735f3f937fa02.jpg...

image 1/1 /home/admin/Documents/FEUP-CV/proj/task2/../datasets/main_dataset/data/train/19a_png.rf.dd2935e517f1adfcd0a735f3f937fa02.jpg: 416x640 1 pool_table, 37.0ms
Speed: 4.6ms preprocess, 37.0ms inference, 35.0ms postprocess per image at shape (1, 3, 416, 640)
Processing main_dataset/data/train/16a_png.rf.e7f801e6e3e47469fbbd3bdd34677025.jpg...

image 1/1 /home/admin/Documents/FEUP-CV/proj/task2/../datasets/main_dataset/data/train/16a_png.rf.e7f801e6e3e47469fbbd3bdd34677025.jpg: 416x640 1 pool_table, 12.1ms
Speed: 5.8ms preprocess, 12.1ms inference, 24.5ms postprocess per image at shape (1, 3, 416, 640)
Processing main_dataset/data/train/18t_png.rf.52573d3d561f4ef4c73fbcc5a0d18752.jpg...

image 1/1 /home/admin/Documents/FEUP-CV/proj/task2/../datasets/main_dataset/data/train/18t_png.rf.52573d3d561f4ef4c73fbcc5a0d18752.jpg: 416x640 1 pool_table, 16.1ms
Speed: 7.6ms preprocess, 16.1ms inference, 34.9ms postprocess per image at shape (1, 3, 416, 640)
Processing main_dataset/data/train/126_png.rf.e6e489914c00e5b8f70f174d0e305e25.jpg...

image 1/1 /home/admin/Documents/FEUP-CV/proj/task2/../datasets/main_dataset/data/train/126_png.rf.e6e489914c00e5b8f70f174d0e305e25.jpg: 384x640 1 pool_table, 27.0ms
Speed: 5.6ms preprocess, 27.0ms inference, 24.5ms postprocess per image at shape (1, 3, 384, 640)
Processing main_dataset/data/train/69_png.rf.1edee7e4c9a2c82d508c7805de8bb35c.jpg...

image 1/1 /home/admin/Documents/FEUP-CV/proj/task2/../datasets/main_dataset/data/train/69_png.rf.1edee7e4c9a2c82d508c7805de8bb35c.jpg: 384x640 2 pool_tables, 8.6ms
Speed: 2.7ms preprocess, 8.6ms inference, 20.2ms postprocess per image at shape (1, 3, 384, 640)
Processing main_dataset/data/train/10a_png.rf.bdc9984ba169594ea32b012098ad10dd.jpg...

image 1/1 /home/admin/Documents/FEUP-CV/proj/task2/../datasets/main_dataset/data/train/10a_png.rf.bdc9984ba169594ea32b012098ad10dd.jpg: 416x640 1 pool_table, 36.9ms
Speed: 7.4ms preprocess, 36.9ms inference, 28.7ms postprocess per image at shape (1, 3, 416, 640)
Processing main_dataset/data/train/150_png.rf.d73327d3ac59114d003f79ec28e80c36.jpg...

image 1/1 /home/admin/Documents/FEUP-CV/proj/task2/../datasets/main_dataset/data/train/150_png.rf.d73327d3ac59114d003f79ec28e80c36.jpg: 384x640 1 pool_table, 20.7ms
Speed: 3.1ms preprocess, 20.7ms inference, 18.2ms postprocess per image at shape (1, 3, 384, 640)
Processing main_dataset/data/train/176_png.rf.efe1d54c6d6afc77df454c854179fe54.jpg...

image 1/1 /home/admin/Documents/FEUP-CV/proj/task2/../datasets/main_dataset/data/train/176_png.rf.efe1d54c6d6afc77df454c854179fe54.jpg: 384x640 2 pool_tables, 16.6ms
Speed: 7.0ms preprocess, 16.6ms inference, 35.0ms postprocess per image at shape (1, 3, 384, 640)
Processing main_dataset/data/train/15a_png.rf.d7f7746ea5afb68e6b42346c4990fa43.jpg...

image 1/1 /home/admin/Documents/FEUP-CV/proj/task2/../datasets/main_dataset/data/train/15a_png.rf.d7f7746ea5afb68e6b42346c4990fa43.jpg: 416x640 1 pool_table, 21.5ms
Speed: 4.1ms preprocess, 21.5ms inference, 24.3ms postprocess per image at shape (1, 3, 416, 640)
Processing main_dataset/data/train/14t_png.rf.3c97b229d4e5a2823995bdb9dbd1db76.jpg...

image 1/1 /home/admin/Documents/FEUP-CV/proj/task2/../datasets/main_dataset/data/train/14t_png.rf.3c97b229d4e5a2823995bdb9dbd1db76.jpg: 416x640 1 pool_table, 11.8ms
Speed: 2.1ms preprocess, 11.8ms inference, 30.6ms postprocess per image at shape (1, 3, 416, 640)
Processing main_dataset/data/train/5t_png.rf.8e895b792f2cfabbbbaf6eb62c6e2622.jpg...

image 1/1 /home/admin/Documents/FEUP-CV/proj/task2/../datasets/main_dataset/data/train/5t_png.rf.8e895b792f2cfabbbbaf6eb62c6e2622.jpg: 416x640 1 pool_table, 14.2ms
Speed: 2.4ms preprocess, 14.2ms inference, 14.5ms postprocess per image at shape (1, 3, 416, 640)
Processing main_dataset/data/train/17t_png.rf.a8ac8e7a7eacab92e5eeafd4bec778c9.jpg...

image 1/1 /home/admin/Documents/FEUP-CV/proj/task2/../datasets/main_dataset/data/train/17t_png.rf.a8ac8e7a7eacab92e5eeafd4bec778c9.jpg: 416x640 1 pool_table, 12.2ms
Speed: 5.8ms preprocess, 12.2ms inference, 24.5ms postprocess per image at shape (1, 3, 416, 640)
Processing main_dataset/data/train/32_png.rf.1edd41098eb074d061f00c09470d90cf.jpg...

image 1/1 /home/admin/Documents/FEUP-CV/proj/task2/../datasets/main_dataset/data/train/32_png.rf.1edd41098eb074d061f00c09470d90cf.jpg: 384x640 2 pool_tables, 37.5ms
Speed: 2.4ms preprocess, 37.5ms inference, 35.1ms postprocess per image at shape (1, 3, 384, 640)
Processing main_dataset/data/train/117_png.rf.8cc2251ee5c44b6bd3734b39795c7cc9.jpg...

image 1/1 /home/admin/Documents/FEUP-CV/proj/task2/../datasets/main_dataset/data/train/117_png.rf.8cc2251ee5c44b6bd3734b39795c7cc9.jpg: 384x640 1 pool_table, 12.1ms
Speed: 4.2ms preprocess, 12.1ms inference, 24.4ms postprocess per image at shape (1, 3, 384, 640)
Processing main_dataset/data/train/178_png.rf.5087fa5324451e07d2ed4f3d0e39b8e7.jpg...

image 1/1 /home/admin/Documents/FEUP-CV/proj/task2/../datasets/main_dataset/data/train/178_png.rf.5087fa5324451e07d2ed4f3d0e39b8e7.jpg: 384x640 1 pool_table, 12.2ms
Speed: 1.9ms preprocess, 12.2ms inference, 24.4ms postprocess per image at shape (1, 3, 384, 640)
Processing main_dataset/data/train/141_png.rf.29f059d54b07ead4d4680ae0a8a66ec4.jpg...

image 1/1 /home/admin/Documents/FEUP-CV/proj/task2/../datasets/main_dataset/data/train/141_png.rf.29f059d54b07ead4d4680ae0a8a66ec4.jpg: 384x640 1 pool_table, 16.4ms
Speed: 8.0ms preprocess, 16.4ms inference, 35.1ms postprocess per image at shape (1, 3, 384, 640)
Processing main_dataset/data/train/4t_png.rf.de24767c63cfdd43e998b62fa3c37be8.jpg...

image 1/1 /home/admin/Documents/FEUP-CV/proj/task2/../datasets/main_dataset/data/train/4t_png.rf.de24767c63cfdd43e998b62fa3c37be8.jpg: 416x640 1 pool_table, 26.6ms
Speed: 5.1ms preprocess, 26.6ms inference, 24.5ms postprocess per image at shape (1, 3, 416, 640)
Processing main_dataset/data/train/6f_png.rf.4dcfc0c556af56e418f2226f40765059.jpg...

image 1/1 /home/admin/Documents/FEUP-CV/proj/task2/../datasets/main_dataset/data/train/6f_png.rf.4dcfc0c556af56e418f2226f40765059.jpg: 416x640 1 pool_table, 11.9ms
Speed: 4.5ms preprocess, 11.9ms inference, 32.6ms postprocess per image at shape (1, 3, 416, 640)
Processing main_dataset/data/train/143_png.rf.4ddb999b17c98b304ca30654dfd0b01c.jpg...

image 1/1 /home/admin/Documents/FEUP-CV/proj/task2/../datasets/main_dataset/data/train/143_png.rf.4ddb999b17c98b304ca30654dfd0b01c.jpg: 384x640 1 pool_table, 26.3ms
Speed: 8.1ms preprocess, 26.3ms inference, 13.6ms postprocess per image at shape (1, 3, 384, 640)
Processing main_dataset/data/train/9a_png.rf.320750a7ef629a2e6980cea9f008f5c0.jpg...

image 1/1 /home/admin/Documents/FEUP-CV/proj/task2/../datasets/main_dataset/data/train/9a_png.rf.320750a7ef629a2e6980cea9f008f5c0.jpg: 416x640 1 pool_table, 26.7ms
Speed: 5.6ms preprocess, 26.7ms inference, 24.4ms postprocess per image at shape (1, 3, 416, 640)
Processing main_dataset/data/train/6_png.rf.58e75c08e57045157699ab7736195989.jpg...

image 1/1 /home/admin/Documents/FEUP-CV/proj/task2/../datasets/main_dataset/data/train/6_png.rf.58e75c08e57045157699ab7736195989.jpg: 384x640 1 pool_table, 37.3ms
Speed: 4.8ms preprocess, 37.3ms inference, 29.0ms postprocess per image at shape (1, 3, 384, 640)
Processing main_dataset/data/train/45_png.rf.43f0ee51239a195f99b51eccc4d2a8f2.jpg...

image 1/1 /home/admin/Documents/FEUP-CV/proj/task2/../datasets/main_dataset/data/train/45_png.rf.43f0ee51239a195f99b51eccc4d2a8f2.jpg: 384x640 1 pool_table, 12.1ms
Speed: 3.9ms preprocess, 12.1ms inference, 24.4ms postprocess per image at shape (1, 3, 384, 640)
Processing main_dataset/data/train/154_png.rf.9667f3add0f6a1d344745423a5d13882.jpg...

image 1/1 /home/admin/Documents/FEUP-CV/proj/task2/../datasets/main_dataset/data/train/154_png.rf.9667f3add0f6a1d344745423a5d13882.jpg: 384x640 1 pool_table, 12.2ms
Speed: 5.4ms preprocess, 12.2ms inference, 24.5ms postprocess per image at shape (1, 3, 384, 640)
Processing main_dataset/data/train/22t_png.rf.49863f3eafde9439e26908afffa544c8.jpg...

image 1/1 /home/admin/Documents/FEUP-CV/proj/task2/../datasets/main_dataset/data/train/22t_png.rf.49863f3eafde9439e26908afffa544c8.jpg: 416x640 1 pool_table, 37.1ms
Speed: 7.4ms preprocess, 37.1ms inference, 29.0ms postprocess per image at shape (1, 3, 416, 640)
Processing main_dataset/data/train/121_png.rf.782a44b8496f239b5f996a6ed498e63a.jpg...

image 1/1 /home/admin/Documents/FEUP-CV/proj/task2/../datasets/main_dataset/data/train/121_png.rf.782a44b8496f239b5f996a6ed498e63a.jpg: 384x640 1 pool_table, 19.2ms
Speed: 6.3ms preprocess, 19.2ms inference, 24.3ms postprocess per image at shape (1, 3, 384, 640)
Processing main_dataset/data/train/97_png.rf.b1d56d5cdf3128d08eab5b4d6d269c17.jpg...

image 1/1 /home/admin/Documents/FEUP-CV/proj/task2/../datasets/main_dataset/data/train/97_png.rf.b1d56d5cdf3128d08eab5b4d6d269c17.jpg: 384x640 2 pool_tables, 16.5ms
Speed: 7.5ms preprocess, 16.5ms inference, 35.2ms postprocess per image at shape (1, 3, 384, 640)
Processing main_dataset/data/train/22f_png.rf.5f4dedb3e61ea2ced7d183a74035d313.jpg...

image 1/1 /home/admin/Documents/FEUP-CV/proj/task2/../datasets/main_dataset/data/train/22f_png.rf.5f4dedb3e61ea2ced7d183a74035d313.jpg: 416x640 1 pool_table, 26.7ms
Speed: 6.6ms preprocess, 26.7ms inference, 24.4ms postprocess per image at shape (1, 3, 416, 640)
Processing main_dataset/data/train/114_png.rf.98b2144c25b9f48816abd7edb00f365c.jpg...

image 1/1 /home/admin/Documents/FEUP-CV/proj/task2/../datasets/main_dataset/data/train/114_png.rf.98b2144c25b9f48816abd7edb00f365c.jpg: 384x640 2 pool_tables, 28.9ms
Speed: 2.0ms preprocess, 28.9ms inference, 34.9ms postprocess per image at shape (1, 3, 384, 640)
Processing main_dataset/data/train/21t_png.rf.23503211ec11166ceb013315fc5d8c4c.jpg...

image 1/1 /home/admin/Documents/FEUP-CV/proj/task2/../datasets/main_dataset/data/train/21t_png.rf.23503211ec11166ceb013315fc5d8c4c.jpg: 416x640 1 pool_table, 28.8ms
Speed: 7.6ms preprocess, 28.8ms inference, 24.6ms postprocess per image at shape (1, 3, 416, 640)
Processing main_dataset/data/train/171_png.rf.e0f78688a6d730302708d2eec60a4bdf.jpg...

image 1/1 /home/admin/Documents/FEUP-CV/proj/task2/../datasets/main_dataset/data/train/171_png.rf.e0f78688a6d730302708d2eec60a4bdf.jpg: 384x640 1 pool_table, 21.4ms
Speed: 2.3ms preprocess, 21.4ms inference, 20.3ms postprocess per image at shape (1, 3, 384, 640)
Processing main_dataset/data/train/3f_png.rf.81c7e132365ef95bb19380ca389025f6.jpg...

image 1/1 /home/admin/Documents/FEUP-CV/proj/task2/../datasets/main_dataset/data/train/3f_png.rf.81c7e132365ef95bb19380ca389025f6.jpg: 416x640 1 pool_table, 29.9ms
Speed: 5.9ms preprocess, 29.9ms inference, 28.0ms postprocess per image at shape (1, 3, 416, 640)
Processing main_dataset/data/train/151_png.rf.dded9697689a87303c84573468e354a9.jpg...

image 1/1 /home/admin/Documents/FEUP-CV/proj/task2/../datasets/main_dataset/data/train/151_png.rf.dded9697689a87303c84573468e354a9.jpg: 384x640 1 pool_table, 28.4ms
Speed: 5.5ms preprocess, 28.4ms inference, 23.0ms postprocess per image at shape (1, 3, 384, 640)
Processing main_dataset/data/train/37_png.rf.a2fe8faa9b5237f15f8ad0a0f63d704e.jpg...

image 1/1 /home/admin/Documents/FEUP-CV/proj/task2/../datasets/main_dataset/data/train/37_png.rf.a2fe8faa9b5237f15f8ad0a0f63d704e.jpg: 384x640 2 pool_tables, 16.5ms
Speed: 1.9ms preprocess, 16.5ms inference, 35.0ms postprocess per image at shape (1, 3, 384, 640)
Processing main_dataset/data/train/8t_png.rf.a49c210a8d59660de79ffdb07d55a6f6.jpg...

image 1/1 /home/admin/Documents/FEUP-CV/proj/task2/../datasets/main_dataset/data/train/8t_png.rf.a49c210a8d59660de79ffdb07d55a6f6.jpg: 416x640 1 pool_table, 26.6ms
Speed: 3.3ms preprocess, 26.6ms inference, 24.5ms postprocess per image at shape (1, 3, 416, 640)
Processing main_dataset/data/train/19_png.rf.9bdb39240f3b93c04a458babb9612353.jpg...

image 1/1 /home/admin/Documents/FEUP-CV/proj/task2/../datasets/main_dataset/data/train/19_png.rf.9bdb39240f3b93c04a458babb9612353.jpg: 384x640 1 pool_table, 18.2ms
Speed: 3.0ms preprocess, 18.2ms inference, 34.9ms postprocess per image at shape (1, 3, 384, 640)
Processing main_dataset/data/train/145_png.rf.223f80e4aff2b64f2711cd186532e118.jpg...

image 1/1 /home/admin/Documents/FEUP-CV/proj/task2/../datasets/main_dataset/data/train/145_png.rf.223f80e4aff2b64f2711cd186532e118.jpg: 384x640 1 pool_table, 16.3ms
Speed: 4.4ms preprocess, 16.3ms inference, 32.8ms postprocess per image at shape (1, 3, 384, 640)
Processing main_dataset/data/train/110_png.rf.9a38b6057e543f83b58aa59b9748688b.jpg...

image 1/1 /home/admin/Documents/FEUP-CV/proj/task2/../datasets/main_dataset/data/train/110_png.rf.9a38b6057e543f83b58aa59b9748688b.jpg: 384x640 2 pool_tables, 12.1ms
Speed: 2.9ms preprocess, 12.1ms inference, 24.3ms postprocess per image at shape (1, 3, 384, 640)
Processing main_dataset/data/train/12f_png.rf.5a7e571b0b0c0eef39ae35682db8394f.jpg...

image 1/1 /home/admin/Documents/FEUP-CV/proj/task2/../datasets/main_dataset/data/train/12f_png.rf.5a7e571b0b0c0eef39ae35682db8394f.jpg: 416x640 1 pool_table, 30.9ms
Speed: 6.7ms preprocess, 30.9ms inference, 32.0ms postprocess per image at shape (1, 3, 416, 640)
Processing main_dataset/data/train/67_png.rf.1f3b76172afb30906fa89dde6248e1c9.jpg...

image 1/1 /home/admin/Documents/FEUP-CV/proj/task2/../datasets/main_dataset/data/train/67_png.rf.1f3b76172afb30906fa89dde6248e1c9.jpg: 384x640 1 pool_table, 26.6ms
Speed: 6.2ms preprocess, 26.6ms inference, 24.4ms postprocess per image at shape (1, 3, 384, 640)
Processing main_dataset/data/train/177_png.rf.44e0980f0a0137fa46f4a9ac8c51e603.jpg...

image 1/1 /home/admin/Documents/FEUP-CV/proj/task2/../datasets/main_dataset/data/train/177_png.rf.44e0980f0a0137fa46f4a9ac8c51e603.jpg: 384x640 1 pool_table, 12.1ms
Speed: 3.1ms preprocess, 12.1ms inference, 24.4ms postprocess per image at shape (1, 3, 384, 640)
Processing main_dataset/data/train/109_png.rf.0d8042ff3ef7a93feb5a18be8a42ca80.jpg...

image 1/1 /home/admin/Documents/FEUP-CV/proj/task2/../datasets/main_dataset/data/train/109_png.rf.0d8042ff3ef7a93feb5a18be8a42ca80.jpg: 384x640 2 pool_tables, 16.5ms
Speed: 6.7ms preprocess, 16.5ms inference, 35.1ms postprocess per image at shape (1, 3, 384, 640)
Processing main_dataset/data/train/182_png.rf.55cbb79bf5ed24435f284153cd02ac6b.jpg...

image 1/1 /home/admin/Documents/FEUP-CV/proj/task2/../datasets/main_dataset/data/train/182_png.rf.55cbb79bf5ed24435f284153cd02ac6b.jpg: 384x640 1 pool_table, 11.3ms
Speed: 4.4ms preprocess, 11.3ms inference, 20.3ms postprocess per image at shape (1, 3, 384, 640)
Processing main_dataset/data/train/36_png.rf.0335463c111a76dc82384e5664c969ca.jpg...

image 1/1 /home/admin/Documents/FEUP-CV/proj/task2/../datasets/main_dataset/data/train/36_png.rf.0335463c111a76dc82384e5664c969ca.jpg: 384x640 3 pool_tables, 12.2ms
Speed: 3.5ms preprocess, 12.2ms inference, 24.5ms postprocess per image at shape (1, 3, 384, 640)
Processing main_dataset/data/train/7a_png.rf.7cf9f36a358969bd16be866d1570a303.jpg...

image 1/1 /home/admin/Documents/FEUP-CV/proj/task2/../datasets/main_dataset/data/train/7a_png.rf.7cf9f36a358969bd16be866d1570a303.jpg: 416x640 1 pool_table, 27.9ms
Speed: 4.1ms preprocess, 27.9ms inference, 34.7ms postprocess per image at shape (1, 3, 416, 640)
Processing main_dataset/data/train/71_png.rf.d0fcba57880d4305e4d6881d171c6ad3.jpg...

image 1/1 /home/admin/Documents/FEUP-CV/proj/task2/../datasets/main_dataset/data/train/71_png.rf.d0fcba57880d4305e4d6881d171c6ad3.jpg: 384x640 1 pool_table, 27.0ms
Speed: 5.3ms preprocess, 27.0ms inference, 24.5ms postprocess per image at shape (1, 3, 384, 640)
Processing main_dataset/data/train/14a_png.rf.81c6d6e6686127d4274b4b8bbf8256b7.jpg...

image 1/1 /home/admin/Documents/FEUP-CV/proj/task2/../datasets/main_dataset/data/train/14a_png.rf.81c6d6e6686127d4274b4b8bbf8256b7.jpg: 416x640 1 pool_table, 26.7ms
Speed: 2.5ms preprocess, 26.7ms inference, 26.6ms postprocess per image at shape (1, 3, 416, 640)
Processing main_dataset/data/train/165_png.rf.24adc446423ba35cdbff16ccaffc9785.jpg...

image 1/1 /home/admin/Documents/FEUP-CV/proj/task2/../datasets/main_dataset/data/train/165_png.rf.24adc446423ba35cdbff16ccaffc9785.jpg: 384x640 1 pool_table, 30.1ms
Speed: 4.1ms preprocess, 30.1ms inference, 24.3ms postprocess per image at shape (1, 3, 384, 640)
Processing main_dataset/data/train/169_png.rf.db5c4e716dac3be45044ffb904f0202d.jpg...

image 1/1 /home/admin/Documents/FEUP-CV/proj/task2/../datasets/main_dataset/data/train/169_png.rf.db5c4e716dac3be45044ffb904f0202d.jpg: 384x640 1 pool_table, 12.2ms
Speed: 2.5ms preprocess, 12.2ms inference, 24.5ms postprocess per image at shape (1, 3, 384, 640)
Processing main_dataset/data/train/9t_png.rf.9fed287c2c696d2899ea436ef7e3d20d.jpg...

image 1/1 /home/admin/Documents/FEUP-CV/proj/task2/../datasets/main_dataset/data/train/9t_png.rf.9fed287c2c696d2899ea436ef7e3d20d.jpg: 416x640 1 pool_table, 37.3ms
Speed: 2.5ms preprocess, 37.3ms inference, 34.9ms postprocess per image at shape (1, 3, 416, 640)
Processing main_dataset/data/train/181_png.rf.23ccd3b4b31a6fef484f7f0d25cf89d7.jpg...

image 1/1 /home/admin/Documents/FEUP-CV/proj/task2/../datasets/main_dataset/data/train/181_png.rf.23ccd3b4b31a6fef484f7f0d25cf89d7.jpg: 384x640 2 pool_tables, 27.1ms
Speed: 4.1ms preprocess, 27.1ms inference, 24.6ms postprocess per image at shape (1, 3, 384, 640)
Processing main_dataset/data/train/25t_png.rf.28a806c6e73dff70dbdafd6d5343f0ff.jpg...

image 1/1 /home/admin/Documents/FEUP-CV/proj/task2/../datasets/main_dataset/data/train/25t_png.rf.28a806c6e73dff70dbdafd6d5343f0ff.jpg: 416x640 2 pool_tables, 34.7ms
Speed: 2.8ms preprocess, 34.7ms inference, 34.9ms postprocess per image at shape (1, 3, 416, 640)
Processing main_dataset/data/train/0_png.rf.e35063c144cfd241454863d624cf01d3.jpg...

image 1/1 /home/admin/Documents/FEUP-CV/proj/task2/../datasets/main_dataset/data/train/0_png.rf.e35063c144cfd241454863d624cf01d3.jpg: 384x640 1 pool_table, 26.7ms
Speed: 2.6ms preprocess, 26.7ms inference, 24.4ms postprocess per image at shape (1, 3, 384, 640)
Processing main_dataset/data/train/21a_png.rf.34ea0016904d75da861731071be2058f.jpg...

image 1/1 /home/admin/Documents/FEUP-CV/proj/task2/../datasets/main_dataset/data/train/21a_png.rf.34ea0016904d75da861731071be2058f.jpg: 416x640 1 pool_table, 35.1ms
Speed: 2.9ms preprocess, 35.1ms inference, 35.1ms postprocess per image at shape (1, 3, 416, 640)
Processing main_dataset/data/train/11t_png.rf.bfd0b31ac2643b2a5d526f315fbf1812.jpg...

image 1/1 /home/admin/Documents/FEUP-CV/proj/task2/../datasets/main_dataset/data/train/11t_png.rf.bfd0b31ac2643b2a5d526f315fbf1812.jpg: 416x640 1 pool_table, 11.9ms
Speed: 2.3ms preprocess, 11.9ms inference, 24.4ms postprocess per image at shape (1, 3, 416, 640)
Processing main_dataset/data/train/155_png.rf.f3ae78698646b2d6f43fe88d2d1752f4.jpg...

image 1/1 /home/admin/Documents/FEUP-CV/proj/task2/../datasets/main_dataset/data/train/155_png.rf.f3ae78698646b2d6f43fe88d2d1752f4.jpg: 384x640 1 pool_table, 33.0ms
Speed: 5.6ms preprocess, 33.0ms inference, 35.1ms postprocess per image at shape (1, 3, 384, 640)
Processing main_dataset/data/train/17_png.rf.412b3f3fd9387b5e2df8747caf3236b6.jpg...

image 1/1 /home/admin/Documents/FEUP-CV/proj/task2/../datasets/main_dataset/data/train/17_png.rf.412b3f3fd9387b5e2df8747caf3236b6.jpg: 384x640 3 pool_tables, 16.4ms
Speed: 4.5ms preprocess, 16.4ms inference, 26.3ms postprocess per image at shape (1, 3, 384, 640)
Processing main_dataset/data/train/78_png.rf.e4113b07a8da6a1795e7bb7519fab19a.jpg...

image 1/1 /home/admin/Documents/FEUP-CV/proj/task2/../datasets/main_dataset/data/train/78_png.rf.e4113b07a8da6a1795e7bb7519fab19a.jpg: 384x640 1 pool_table, 12.2ms
Speed: 2.0ms preprocess, 12.2ms inference, 24.4ms postprocess per image at shape (1, 3, 384, 640)
Processing main_dataset/data/train/120_png.rf.ad88298a705a565adab2f06fe083c434.jpg...

image 1/1 /home/admin/Documents/FEUP-CV/proj/task2/../datasets/main_dataset/data/train/120_png.rf.ad88298a705a565adab2f06fe083c434.jpg: 384x640 1 pool_table, 12.2ms
Speed: 5.8ms preprocess, 12.2ms inference, 26.5ms postprocess per image at shape (1, 3, 384, 640)
Processing main_dataset/data/train/153_png.rf.6e13f8c07bec12bd7e4094e6179bd363.jpg...

image 1/1 /home/admin/Documents/FEUP-CV/proj/task2/../datasets/main_dataset/data/train/153_png.rf.6e13f8c07bec12bd7e4094e6179bd363.jpg: 384x640 1 pool_table, 16.5ms
Speed: 7.4ms preprocess, 16.5ms inference, 27.4ms postprocess per image at shape (1, 3, 384, 640)
Processing main_dataset/data/train/170_png.rf.41755d44f9afc99e7cda8ff7b064d3e5.jpg...

image 1/1 /home/admin/Documents/FEUP-CV/proj/task2/../datasets/main_dataset/data/train/170_png.rf.41755d44f9afc99e7cda8ff7b064d3e5.jpg: 384x640 1 pool_table, 11.9ms
Speed: 4.4ms preprocess, 11.9ms inference, 24.3ms postprocess per image at shape (1, 3, 384, 640)
Processing main_dataset/data/train/23_png.rf.16eca710aad8f132510abb5de8930fc0.jpg...

image 1/1 /home/admin/Documents/FEUP-CV/proj/task2/../datasets/main_dataset/data/train/23_png.rf.16eca710aad8f132510abb5de8930fc0.jpg: 384x640 2 pool_tables, 11.9ms
Speed: 4.9ms preprocess, 11.9ms inference, 24.3ms postprocess per image at shape (1, 3, 384, 640)
Processing main_dataset/data/train/125_png.rf.746e605d23baaa43560542b8554b714c.jpg...

image 1/1 /home/admin/Documents/FEUP-CV/proj/task2/../datasets/main_dataset/data/train/125_png.rf.746e605d23baaa43560542b8554b714c.jpg: 384x640 1 pool_table, 16.6ms
Speed: 4.6ms preprocess, 16.6ms inference, 35.3ms postprocess per image at shape (1, 3, 384, 640)
Processing main_dataset/data/train/160_png.rf.6f41e2456edd6888c9fae22813acc55e.jpg...

image 1/1 /home/admin/Documents/FEUP-CV/proj/task2/../datasets/main_dataset/data/train/160_png.rf.6f41e2456edd6888c9fae22813acc55e.jpg: 384x640 1 pool_table, 12.3ms
Speed: 4.0ms preprocess, 12.3ms inference, 24.4ms postprocess per image at shape (1, 3, 384, 640)
Processing main_dataset/data/train/2a_png.rf.d8a574394a3499846384d0e2f5162459.jpg...

image 1/1 /home/admin/Documents/FEUP-CV/proj/task2/../datasets/main_dataset/data/train/2a_png.rf.d8a574394a3499846384d0e2f5162459.jpg: 416x640 1 pool_table, 26.6ms
Speed: 5.4ms preprocess, 26.6ms inference, 24.4ms postprocess per image at shape (1, 3, 416, 640)
Processing main_dataset/data/train/15t_png.rf.0c6ff91ce5b83c01c4f9b1acefae2d71.jpg...

image 1/1 /home/admin/Documents/FEUP-CV/proj/task2/../datasets/main_dataset/data/train/15t_png.rf.0c6ff91ce5b83c01c4f9b1acefae2d71.jpg: 416x640 1 pool_table, 16.1ms
Speed: 8.3ms preprocess, 16.1ms inference, 35.0ms postprocess per image at shape (1, 3, 416, 640)
Processing extra-3/data/train/2024-03-30-11-07-17_mp4-0038_jpg.rf.cf3db2406e2c6bc57abfcb8a59d71901.jpg...

image 1/1 /home/admin/Documents/FEUP-CV/proj/task2/../datasets/extra-3/data/train/2024-03-30-11-07-17_mp4-0038_jpg.rf.cf3db2406e2c6bc57abfcb8a59d71901.jpg: 640x640 1 pool_table, 26.2ms
Speed: 4.5ms preprocess, 26.2ms inference, 3.6ms postprocess per image at shape (1, 3, 640, 640)
Processing extra-3/data/train/2024-03-30-11-15-02_mp4-0072_jpg.rf.5982228627b2e6b50f7a64415107afd0.jpg...

image 1/1 /home/admin/Documents/FEUP-CV/proj/task2/../datasets/extra-3/data/train/2024-03-30-11-15-02_mp4-0072_jpg.rf.5982228627b2e6b50f7a64415107afd0.jpg: 640x640 1 pool_table, 12.6ms
Speed: 3.7ms preprocess, 12.6ms inference, 35.1ms postprocess per image at shape (1, 3, 640, 640)
Processing extra-3/data/train/2024-03-28-18-28-05_mp4-0009_jpg.rf.a730cbec4d4518c69bd8bf9098f07612.jpg...

image 1/1 /home/admin/Documents/FEUP-CV/proj/task2/../datasets/extra-3/data/train/2024-03-28-18-28-05_mp4-0009_jpg.rf.a730cbec4d4518c69bd8bf9098f07612.jpg: 640x640 1 pool_table, 16.4ms
Speed: 7.1ms preprocess, 16.4ms inference, 34.8ms postprocess per image at shape (1, 3, 640, 640)
Processing extra-3/data/train/2024-03-30-11-15-02_mp4-0014_jpg.rf.b957da852cd9dff41e4ba9b8a44be2e8.jpg...

image 1/1 /home/admin/Documents/FEUP-CV/proj/task2/../datasets/extra-3/data/train/2024-03-30-11-15-02_mp4-0014_jpg.rf.b957da852cd9dff41e4ba9b8a44be2e8.jpg: 640x640 1 pool_table, 12.3ms
Speed: 3.6ms preprocess, 12.3ms inference, 24.2ms postprocess per image at shape (1, 3, 640, 640)
Processing extra-3/data/train/20240319_120449_jpg.rf.0ce200f083e29d8e9e01a81b178c6d21.jpg...

image 1/1 /home/admin/Documents/FEUP-CV/proj/task2/../datasets/extra-3/data/train/20240319_120449_jpg.rf.0ce200f083e29d8e9e01a81b178c6d21.jpg: 640x640 1 pool_table, 12.3ms
Speed: 3.3ms preprocess, 12.3ms inference, 24.3ms postprocess per image at shape (1, 3, 640, 640)
Processing extra-3/data/train/2024-03-28-15-41-19_mp4-0081_jpg.rf.d176a76c57682d31d49e103340efb404.jpg...

image 1/1 /home/admin/Documents/FEUP-CV/proj/task2/../datasets/extra-3/data/train/2024-03-28-15-41-19_mp4-0081_jpg.rf.d176a76c57682d31d49e103340efb404.jpg: 640x640 1 pool_table, 12.5ms
Speed: 1.8ms preprocess, 12.5ms inference, 35.0ms postprocess per image at shape (1, 3, 640, 640)
Processing extra-3/data/train/IMG_20240319_120925_jpg.rf.1570588a2e3bfd03b6180d4159c6dec0.jpg...

image 1/1 /home/admin/Documents/FEUP-CV/proj/task2/../datasets/extra-3/data/train/IMG_20240319_120925_jpg.rf.1570588a2e3bfd03b6180d4159c6dec0.jpg: 640x640 1 pool_table, 16.8ms
Speed: 7.3ms preprocess, 16.8ms inference, 35.0ms postprocess per image at shape (1, 3, 640, 640)
Processing extra-3/data/train/2024-03-30-11-15-02_mp4-0048_jpg.rf.c7e49dcce05f08d9957af50481077d1c.jpg...

image 1/1 /home/admin/Documents/FEUP-CV/proj/task2/../datasets/extra-3/data/train/2024-03-30-11-15-02_mp4-0048_jpg.rf.c7e49dcce05f08d9957af50481077d1c.jpg: 640x640 1 pool_table, 12.5ms
Speed: 3.5ms preprocess, 12.5ms inference, 24.6ms postprocess per image at shape (1, 3, 640, 640)
Processing extra-3/data/train/2024-03-30-11-22-03_mp4-0006_jpg.rf.363d2ade5a39eb4037d5dcba6f12471c.jpg...

image 1/1 /home/admin/Documents/FEUP-CV/proj/task2/../datasets/extra-3/data/train/2024-03-30-11-22-03_mp4-0006_jpg.rf.363d2ade5a39eb4037d5dcba6f12471c.jpg: 640x640 1 pool_table, 12.7ms
Speed: 3.5ms preprocess, 12.7ms inference, 24.5ms postprocess per image at shape (1, 3, 640, 640)
Processing extra-3/data/train/2024-03-30-11-22-03_mp4-0036_jpg.rf.a8faad75621a69d0da776ffc1baa91c3.jpg...

image 1/1 /home/admin/Documents/FEUP-CV/proj/task2/../datasets/extra-3/data/train/2024-03-30-11-22-03_mp4-0036_jpg.rf.a8faad75621a69d0da776ffc1baa91c3.jpg: 640x640 1 pool_table, 12.5ms
Speed: 3.4ms preprocess, 12.5ms inference, 24.5ms postprocess per image at shape (1, 3, 640, 640)
Processing extra-3/data/train/2024-03-28-18-35-18_mp4-0019_jpg.rf.e1cce3a6a7eebb78d0486b38f4cc1253.jpg...

image 1/1 /home/admin/Documents/FEUP-CV/proj/task2/../datasets/extra-3/data/train/2024-03-28-18-35-18_mp4-0019_jpg.rf.e1cce3a6a7eebb78d0486b38f4cc1253.jpg: 640x640 1 pool_table, 16.7ms
Speed: 7.6ms preprocess, 16.7ms inference, 34.9ms postprocess per image at shape (1, 3, 640, 640)
Processing extra-3/data/train/2024-03-28-18-35-18_mp4-0028_jpg.rf.5463b416968a6f7d42a51613387a1051.jpg...

image 1/1 /home/admin/Documents/FEUP-CV/proj/task2/../datasets/extra-3/data/train/2024-03-28-18-35-18_mp4-0028_jpg.rf.5463b416968a6f7d42a51613387a1051.jpg: 640x640 1 pool_table, 14.7ms
Speed: 1.4ms preprocess, 14.7ms inference, 24.2ms postprocess per image at shape (1, 3, 640, 640)
Processing extra-3/data/train/2024-03-30-11-15-02_mp4-0024_jpg.rf.fbbfda77a2b895977013b2f7d54d5350.jpg...

image 1/1 /home/admin/Documents/FEUP-CV/proj/task2/../datasets/extra-3/data/train/2024-03-30-11-15-02_mp4-0024_jpg.rf.fbbfda77a2b895977013b2f7d54d5350.jpg: 640x640 1 pool_table, 7.0ms
Speed: 2.4ms preprocess, 7.0ms inference, 18.0ms postprocess per image at shape (1, 3, 640, 640)
Processing extra-3/data/train/2024-03-30-11-15-02_mp4-0049_jpg.rf.0dd7f4f4ad843d00c83f691c7616a1db.jpg...

image 1/1 /home/admin/Documents/FEUP-CV/proj/task2/../datasets/extra-3/data/train/2024-03-30-11-15-02_mp4-0049_jpg.rf.0dd7f4f4ad843d00c83f691c7616a1db.jpg: 640x640 1 pool_table, 12.6ms
Speed: 3.9ms preprocess, 12.6ms inference, 24.5ms postprocess per image at shape (1, 3, 640, 640)
Processing extra-3/data/train/20240319_120442_jpg.rf.982fceeaff9012cdb491326ce805a78d.jpg...

image 1/1 /home/admin/Documents/FEUP-CV/proj/task2/../datasets/extra-3/data/train/20240319_120442_jpg.rf.982fceeaff9012cdb491326ce805a78d.jpg: 640x640 1 pool_table, 16.8ms
Speed: 7.6ms preprocess, 16.8ms inference, 35.0ms postprocess per image at shape (1, 3, 640, 640)
Processing extra-3/data/train/2024-03-30-11-22-03_mp4-0012_jpg.rf.ef83948c04f4d23b45695be984888b16.jpg...

image 1/1 /home/admin/Documents/FEUP-CV/proj/task2/../datasets/extra-3/data/train/2024-03-30-11-22-03_mp4-0012_jpg.rf.ef83948c04f4d23b45695be984888b16.jpg: 640x640 1 pool_table, 16.6ms
Speed: 5.7ms preprocess, 16.6ms inference, 24.8ms postprocess per image at shape (1, 3, 640, 640)
Processing extra-3/data/train/IMG_20240319_121755_jpg.rf.f00e26634f6cb71a949061fe5c0163ed.jpg...

image 1/1 /home/admin/Documents/FEUP-CV/proj/task2/../datasets/extra-3/data/train/IMG_20240319_121755_jpg.rf.f00e26634f6cb71a949061fe5c0163ed.jpg: 640x640 1 pool_table, 12.5ms
Speed: 2.8ms preprocess, 12.5ms inference, 24.4ms postprocess per image at shape (1, 3, 640, 640)
Processing extra-3/data/train/2024-03-28-15-41-19_mp4-0056_jpg.rf.911f15324e382ffab85048558465b6ad.jpg...

image 1/1 /home/admin/Documents/FEUP-CV/proj/task2/../datasets/extra-3/data/train/2024-03-28-15-41-19_mp4-0056_jpg.rf.911f15324e382ffab85048558465b6ad.jpg: 640x640 1 pool_table, 12.5ms
Speed: 3.6ms preprocess, 12.5ms inference, 24.5ms postprocess per image at shape (1, 3, 640, 640)
Processing extra-3/data/train/2024-03-30-11-15-02_mp4-0083_jpg.rf.0bed2f84aa38f64ce48795d6ab9018b8.jpg...

image 1/1 /home/admin/Documents/FEUP-CV/proj/task2/../datasets/extra-3/data/train/2024-03-30-11-15-02_mp4-0083_jpg.rf.0bed2f84aa38f64ce48795d6ab9018b8.jpg: 640x640 1 pool_table, 16.6ms
Speed: 4.0ms preprocess, 16.6ms inference, 34.9ms postprocess per image at shape (1, 3, 640, 640)
Processing extra-3/data/train/2024-03-28-18-28-05_mp4-0017_jpg.rf.1bc83589011d8733609974cfe575b32a.jpg...

image 1/1 /home/admin/Documents/FEUP-CV/proj/task2/../datasets/extra-3/data/train/2024-03-28-18-28-05_mp4-0017_jpg.rf.1bc83589011d8733609974cfe575b32a.jpg: 640x640 1 pool_table, 16.6ms
Speed: 1.8ms preprocess, 16.6ms inference, 34.9ms postprocess per image at shape (1, 3, 640, 640)
Processing extra-3/data/train/2024-03-30-11-15-02_mp4-0066_jpg.rf.b909660ec3bd7f26bb4fefe8eb0a137e.jpg...

image 1/1 /home/admin/Documents/FEUP-CV/proj/task2/../datasets/extra-3/data/train/2024-03-30-11-15-02_mp4-0066_jpg.rf.b909660ec3bd7f26bb4fefe8eb0a137e.jpg: 640x640 1 pool_table, 7.9ms
Speed: 2.9ms preprocess, 7.9ms inference, 18.0ms postprocess per image at shape (1, 3, 640, 640)
Processing extra-3/data/train/2024-03-28-15-41-19_mp4-0035_jpg.rf.b20687c9f52bf4b6165c596ce86dad59.jpg...

image 1/1 /home/admin/Documents/FEUP-CV/proj/task2/../datasets/extra-3/data/train/2024-03-28-15-41-19_mp4-0035_jpg.rf.b20687c9f52bf4b6165c596ce86dad59.jpg: 640x640 1 pool_table, 12.6ms
Speed: 4.2ms preprocess, 12.6ms inference, 24.5ms postprocess per image at shape (1, 3, 640, 640)
Processing extra-3/data/train/2024-03-30-11-22-03_mp4-0016_jpg.rf.12ca5e50d230bcc3e6c7ad3cd8ce1923.jpg...

image 1/1 /home/admin/Documents/FEUP-CV/proj/task2/../datasets/extra-3/data/train/2024-03-30-11-22-03_mp4-0016_jpg.rf.12ca5e50d230bcc3e6c7ad3cd8ce1923.jpg: 640x640 1 pool_table, 12.5ms
Speed: 4.3ms preprocess, 12.5ms inference, 26.6ms postprocess per image at shape (1, 3, 640, 640)
Processing extra-3/data/train/IMG_20240319_120905_jpg.rf.a1161c2ccc33d9b7e8d0fadbaaad2628.jpg...

image 1/1 /home/admin/Documents/FEUP-CV/proj/task2/../datasets/extra-3/data/train/IMG_20240319_120905_jpg.rf.a1161c2ccc33d9b7e8d0fadbaaad2628.jpg: 640x640 1 pool_table, 16.9ms
Speed: 7.9ms preprocess, 16.9ms inference, 30.1ms postprocess per image at shape (1, 3, 640, 640)
Processing extra-3/data/train/2024-03-30-11-07-17_mp4-0065_jpg.rf.81f1889490460e10fc5d01ad1d33643f.jpg...

image 1/1 /home/admin/Documents/FEUP-CV/proj/task2/../datasets/extra-3/data/train/2024-03-30-11-07-17_mp4-0065_jpg.rf.81f1889490460e10fc5d01ad1d33643f.jpg: 640x640 1 pool_table, 13.0ms
Speed: 1.3ms preprocess, 13.0ms inference, 24.2ms postprocess per image at shape (1, 3, 640, 640)
Processing extra-3/data/train/IMG_20240319_121816_jpg.rf.4eca6c115a8760ce68f0d24077f3b6e9.jpg...

image 1/1 /home/admin/Documents/FEUP-CV/proj/task2/../datasets/extra-3/data/train/IMG_20240319_121816_jpg.rf.4eca6c115a8760ce68f0d24077f3b6e9.jpg: 640x640 1 pool_table, 12.2ms
Speed: 3.7ms preprocess, 12.2ms inference, 24.2ms postprocess per image at shape (1, 3, 640, 640)
Processing extra-3/data/train/IMG_20240319_122002_jpg.rf.1d0615e706c9f84b1d3ad2527eacd41b.jpg...

image 1/1 /home/admin/Documents/FEUP-CV/proj/task2/../datasets/extra-3/data/train/IMG_20240319_122002_jpg.rf.1d0615e706c9f84b1d3ad2527eacd41b.jpg: 640x640 1 pool_table, 12.4ms
Speed: 3.1ms preprocess, 12.4ms inference, 24.4ms postprocess per image at shape (1, 3, 640, 640)
Processing extra-3/data/train/IMG_20240319_121511_jpg.rf.cc35349d2387beebc32ed034a79e513f.jpg...

image 1/1 /home/admin/Documents/FEUP-CV/proj/task2/../datasets/extra-3/data/train/IMG_20240319_121511_jpg.rf.cc35349d2387beebc32ed034a79e513f.jpg: 640x640 1 pool_table, 17.0ms
Speed: 5.0ms preprocess, 17.0ms inference, 35.3ms postprocess per image at shape (1, 3, 640, 640)
Processing extra-3/data/train/2024-03-30-11-15-02_mp4-0049_jpg.rf.ecdbfb8bb969ad96d7e63b263b5a2648.jpg...

image 1/1 /home/admin/Documents/FEUP-CV/proj/task2/../datasets/extra-3/data/train/2024-03-30-11-15-02_mp4-0049_jpg.rf.ecdbfb8bb969ad96d7e63b263b5a2648.jpg: 640x640 1 pool_table, 12.3ms
Speed: 6.7ms preprocess, 12.3ms inference, 26.0ms postprocess per image at shape (1, 3, 640, 640)
Processing extra-3/data/train/2024-03-28-15-41-19_mp4-0025_jpg.rf.91cd215d83ffd433293899cc96d19ddc.jpg...

image 1/1 /home/admin/Documents/FEUP-CV/proj/task2/../datasets/extra-3/data/train/2024-03-28-15-41-19_mp4-0025_jpg.rf.91cd215d83ffd433293899cc96d19ddc.jpg: 640x640 1 pool_table, 12.6ms
Speed: 3.6ms preprocess, 12.6ms inference, 24.4ms postprocess per image at shape (1, 3, 640, 640)
Processing extra-3/data/train/IMG_20240319_121827_jpg.rf.0e6e812dfa3c5fb0708043f2b35a468b.jpg...

image 1/1 /home/admin/Documents/FEUP-CV/proj/task2/../datasets/extra-3/data/train/IMG_20240319_121827_jpg.rf.0e6e812dfa3c5fb0708043f2b35a468b.jpg: 640x640 1 pool_table, 12.5ms
Speed: 3.9ms preprocess, 12.5ms inference, 24.4ms postprocess per image at shape (1, 3, 640, 640)
Processing extra-3/data/train/2024-03-30-11-22-03_mp4-0035_jpg.rf.0b751ff4dd87d5bcd297ec226c685012.jpg...

image 1/1 /home/admin/Documents/FEUP-CV/proj/task2/../datasets/extra-3/data/train/2024-03-30-11-22-03_mp4-0035_jpg.rf.0b751ff4dd87d5bcd297ec226c685012.jpg: 640x640 1 pool_table, 12.5ms
Speed: 3.8ms preprocess, 12.5ms inference, 30.7ms postprocess per image at shape (1, 3, 640, 640)
Processing extra-3/data/train/IMG_20240319_121027_jpg.rf.9799b8ee65f180e413e45e31d6a19789.jpg...

image 1/1 /home/admin/Documents/FEUP-CV/proj/task2/../datasets/extra-3/data/train/IMG_20240319_121027_jpg.rf.9799b8ee65f180e413e45e31d6a19789.jpg: 640x640 1 pool_table, 16.7ms
Speed: 7.8ms preprocess, 16.7ms inference, 34.9ms postprocess per image at shape (1, 3, 640, 640)
Processing extra-3/data/train/2024-03-28-18-28-05_mp4-0052_jpg.rf.d8305d524227ec0e676f976bc65b9559.jpg...

image 1/1 /home/admin/Documents/FEUP-CV/proj/task2/../datasets/extra-3/data/train/2024-03-28-18-28-05_mp4-0052_jpg.rf.d8305d524227ec0e676f976bc65b9559.jpg: 640x640 1 pool_table, 12.5ms
Speed: 4.0ms preprocess, 12.5ms inference, 24.4ms postprocess per image at shape (1, 3, 640, 640)
Processing extra-3/data/train/IMG_20240319_122235_jpg.rf.0d526d9b289cada01e9a2662ffe0c26b.jpg...

image 1/1 /home/admin/Documents/FEUP-CV/proj/task2/../datasets/extra-3/data/train/IMG_20240319_122235_jpg.rf.0d526d9b289cada01e9a2662ffe0c26b.jpg: 640x640 1 pool_table, 12.5ms
Speed: 3.9ms preprocess, 12.5ms inference, 24.3ms postprocess per image at shape (1, 3, 640, 640)
Processing extra-3/data/train/2024-03-28-18-28-05_mp4-0043_jpg.rf.02e612589b0dad869f846c0d43d77020.jpg...

image 1/1 /home/admin/Documents/FEUP-CV/proj/task2/../datasets/extra-3/data/train/2024-03-28-18-28-05_mp4-0043_jpg.rf.02e612589b0dad869f846c0d43d77020.jpg: 640x640 1 pool_table, 10.2ms
Speed: 2.2ms preprocess, 10.2ms inference, 24.3ms postprocess per image at shape (1, 3, 640, 640)
Processing extra-3/data/train/2024-03-28-18-28-05_mp4-0019_jpg.rf.aa9a42c2db4509ccc3277836a5c234a7.jpg...

image 1/1 /home/admin/Documents/FEUP-CV/proj/task2/../datasets/extra-3/data/train/2024-03-28-18-28-05_mp4-0019_jpg.rf.aa9a42c2db4509ccc3277836a5c234a7.jpg: 640x640 1 pool_table, 16.5ms
Speed: 7.9ms preprocess, 16.5ms inference, 30.8ms postprocess per image at shape (1, 3, 640, 640)
Processing extra-3/data/train/2024-03-30-11-15-02_mp4-0022_jpg.rf.c9f83233eca9ee26ce73bb7b0737d09e.jpg...

image 1/1 /home/admin/Documents/FEUP-CV/proj/task2/../datasets/extra-3/data/train/2024-03-30-11-15-02_mp4-0022_jpg.rf.c9f83233eca9ee26ce73bb7b0737d09e.jpg: 640x640 1 pool_table, 12.3ms
Speed: 7.4ms preprocess, 12.3ms inference, 24.3ms postprocess per image at shape (1, 3, 640, 640)
Processing extra-3/data/train/2024-03-28-15-41-19_mp4-0071_jpg.rf.5a1d98747a4ebc0e7d3ac827a78b5320.jpg...

image 1/1 /home/admin/Documents/FEUP-CV/proj/task2/../datasets/extra-3/data/train/2024-03-28-15-41-19_mp4-0071_jpg.rf.5a1d98747a4ebc0e7d3ac827a78b5320.jpg: 640x640 1 pool_table, 12.4ms
Speed: 3.5ms preprocess, 12.4ms inference, 24.5ms postprocess per image at shape (1, 3, 640, 640)
Processing extra-3/data/train/2024-03-30-11-22-03_mp4-0046_jpg.rf.c3356b37990c42dccf38e63bca80641a.jpg...

image 1/1 /home/admin/Documents/FEUP-CV/proj/task2/../datasets/extra-3/data/train/2024-03-30-11-22-03_mp4-0046_jpg.rf.c3356b37990c42dccf38e63bca80641a.jpg: 640x640 1 pool_table, 12.4ms
Speed: 2.3ms preprocess, 12.4ms inference, 24.4ms postprocess per image at shape (1, 3, 640, 640)
Processing extra-3/data/train/2024-03-30-11-15-02_mp4-0048_jpg.rf.79ac800d166b8dda4ac6c8bc9ceafc5c.jpg...

image 1/1 /home/admin/Documents/FEUP-CV/proj/task2/../datasets/extra-3/data/train/2024-03-30-11-15-02_mp4-0048_jpg.rf.79ac800d166b8dda4ac6c8bc9ceafc5c.jpg: 640x640 1 pool_table, 16.6ms
Speed: 7.0ms preprocess, 16.6ms inference, 35.0ms postprocess per image at shape (1, 3, 640, 640)
Processing extra-3/data/train/2024-03-28-18-28-05_mp4-0018_jpg.rf.e2f0bf1bd90c68844d283b67d3ebac63.jpg...

image 1/1 /home/admin/Documents/FEUP-CV/proj/task2/../datasets/extra-3/data/train/2024-03-28-18-28-05_mp4-0018_jpg.rf.e2f0bf1bd90c68844d283b67d3ebac63.jpg: 640x640 1 pool_table, 13.0ms
Speed: 8.0ms preprocess, 13.0ms inference, 24.6ms postprocess per image at shape (1, 3, 640, 640)
Processing extra-3/data/train/2024-03-30-11-15-02_mp4-0005_jpg.rf.9e8a3e767dc7313afb6060fdb5260940.jpg...

image 1/1 /home/admin/Documents/FEUP-CV/proj/task2/../datasets/extra-3/data/train/2024-03-30-11-15-02_mp4-0005_jpg.rf.9e8a3e767dc7313afb6060fdb5260940.jpg: 640x640 1 pool_table, 12.6ms
Speed: 3.9ms preprocess, 12.6ms inference, 24.7ms postprocess per image at shape (1, 3, 640, 640)
Processing extra-3/data/train/2024-03-30-11-15-02_mp4-0081_jpg.rf.efe08fbbf49991073c15c2121969b92f.jpg...

image 1/1 /home/admin/Documents/FEUP-CV/proj/task2/../datasets/extra-3/data/train/2024-03-30-11-15-02_mp4-0081_jpg.rf.efe08fbbf49991073c15c2121969b92f.jpg: 640x640 1 pool_table, 12.7ms
Speed: 4.3ms preprocess, 12.7ms inference, 24.3ms postprocess per image at shape (1, 3, 640, 640)
Processing extra-3/data/train/2024-03-28-18-28-05_mp4-0028_jpg.rf.1b6865ce9b55dcde819caf2a8468893a.jpg...

image 1/1 /home/admin/Documents/FEUP-CV/proj/task2/../datasets/extra-3/data/train/2024-03-28-18-28-05_mp4-0028_jpg.rf.1b6865ce9b55dcde819caf2a8468893a.jpg: 640x640 1 pool_table, 16.5ms
Speed: 1.6ms preprocess, 16.5ms inference, 34.8ms postprocess per image at shape (1, 3, 640, 640)
Processing extra-3/data/train/2024-03-30-11-15-02_mp4-0015_jpg.rf.585fa556fde8a952922a0ced476fa6a4.jpg...

image 1/1 /home/admin/Documents/FEUP-CV/proj/task2/../datasets/extra-3/data/train/2024-03-30-11-15-02_mp4-0015_jpg.rf.585fa556fde8a952922a0ced476fa6a4.jpg: 640x640 1 pool_table, 16.5ms
Speed: 1.8ms preprocess, 16.5ms inference, 27.7ms postprocess per image at shape (1, 3, 640, 640)
Processing extra-3/data/train/2024-03-28-15-41-19_mp4-0075_jpg.rf.7f1511374c5bc99f44c00ed744d78b9c.jpg...

image 1/1 /home/admin/Documents/FEUP-CV/proj/task2/../datasets/extra-3/data/train/2024-03-28-15-41-19_mp4-0075_jpg.rf.7f1511374c5bc99f44c00ed744d78b9c.jpg: 640x640 1 pool_table, 12.3ms
Speed: 3.9ms preprocess, 12.3ms inference, 18.4ms postprocess per image at shape (1, 3, 640, 640)
Processing extra-3/data/train/2024-03-30-11-15-02_mp4-0078_jpg.rf.774a0bf56744058dbf0c4d2d6a54d511.jpg...

image 1/1 /home/admin/Documents/FEUP-CV/proj/task2/../datasets/extra-3/data/train/2024-03-30-11-15-02_mp4-0078_jpg.rf.774a0bf56744058dbf0c4d2d6a54d511.jpg: 640x640 1 pool_table, 12.6ms
Speed: 4.5ms preprocess, 12.6ms inference, 24.5ms postprocess per image at shape (1, 3, 640, 640)
Processing extra-3/data/train/2024-03-30-11-07-17_mp4-0012_jpg.rf.3103eb21dc80c1c6e5717cf4453fa5bf.jpg...

image 1/1 /home/admin/Documents/FEUP-CV/proj/task2/../datasets/extra-3/data/train/2024-03-30-11-07-17_mp4-0012_jpg.rf.3103eb21dc80c1c6e5717cf4453fa5bf.jpg: 640x640 1 pool_table, 12.6ms
Speed: 5.3ms preprocess, 12.6ms inference, 30.8ms postprocess per image at shape (1, 3, 640, 640)
Processing extra-3/data/train/2024-03-28-18-28-05_mp4-0047_jpg.rf.f6cf5c466c541899baeb90742d6aec82.jpg...

image 1/1 /home/admin/Documents/FEUP-CV/proj/task2/../datasets/extra-3/data/train/2024-03-28-18-28-05_mp4-0047_jpg.rf.f6cf5c466c541899baeb90742d6aec82.jpg: 640x640 1 pool_table, 16.8ms
Speed: 7.7ms preprocess, 16.8ms inference, 32.1ms postprocess per image at shape (1, 3, 640, 640)
Processing extra-3/data/train/2024-03-30-11-22-03_mp4-0038_jpg.rf.bfc41acb3734139b08b4e4c1b9f7a176.jpg...

image 1/1 /home/admin/Documents/FEUP-CV/proj/task2/../datasets/extra-3/data/train/2024-03-30-11-22-03_mp4-0038_jpg.rf.bfc41acb3734139b08b4e4c1b9f7a176.jpg: 640x640 1 pool_table, 12.5ms
Speed: 3.5ms preprocess, 12.5ms inference, 24.5ms postprocess per image at shape (1, 3, 640, 640)
Processing extra-3/data/train/20240328_171434_jpg.rf.0a86fefc1013089e9575609e3bab216c.jpg...

image 1/1 /home/admin/Documents/FEUP-CV/proj/task2/../datasets/extra-3/data/train/20240328_171434_jpg.rf.0a86fefc1013089e9575609e3bab216c.jpg: 640x640 1 pool_table, 12.5ms
Speed: 3.5ms preprocess, 12.5ms inference, 24.6ms postprocess per image at shape (1, 3, 640, 640)
Processing extra-3/data/train/IMG_20240319_121203_jpg.rf.6371d2273c5845d6dfd86ef2053ffee1.jpg...

image 1/1 /home/admin/Documents/FEUP-CV/proj/task2/../datasets/extra-3/data/train/IMG_20240319_121203_jpg.rf.6371d2273c5845d6dfd86ef2053ffee1.jpg: 640x640 1 pool_table, 14.5ms
Speed: 3.7ms preprocess, 14.5ms inference, 34.9ms postprocess per image at shape (1, 3, 640, 640)
Processing extra-3/data/train/IMG_20240319_121143_jpg.rf.42463b6acf03d6d6022c14aaa74eb378.jpg...

image 1/1 /home/admin/Documents/FEUP-CV/proj/task2/../datasets/extra-3/data/train/IMG_20240319_121143_jpg.rf.42463b6acf03d6d6022c14aaa74eb378.jpg: 640x640 1 pool_table, 16.5ms
Speed: 7.7ms preprocess, 16.5ms inference, 34.5ms postprocess per image at shape (1, 3, 640, 640)
Processing extra-3/data/train/2024-03-28-18-35-18_mp4-0004_jpg.rf.891fe3476a604bd8047b968ff10a1942.jpg...

image 1/1 /home/admin/Documents/FEUP-CV/proj/task2/../datasets/extra-3/data/train/2024-03-28-18-35-18_mp4-0004_jpg.rf.891fe3476a604bd8047b968ff10a1942.jpg: 640x640 1 pool_table, 12.2ms
Speed: 3.5ms preprocess, 12.2ms inference, 24.5ms postprocess per image at shape (1, 3, 640, 640)
Processing extra-3/data/train/2024-03-30-11-07-17_mp4-0054_jpg.rf.7089dbf24e621db56eda62b235e5b77b.jpg...

image 1/1 /home/admin/Documents/FEUP-CV/proj/task2/../datasets/extra-3/data/train/2024-03-30-11-07-17_mp4-0054_jpg.rf.7089dbf24e621db56eda62b235e5b77b.jpg: 640x640 1 pool_table, 12.6ms
Speed: 4.1ms preprocess, 12.6ms inference, 24.6ms postprocess per image at shape (1, 3, 640, 640)
Processing extra-3/data/train/IMG_20240319_120712_jpg.rf.4ee75dd0c73d489eb738c945a871933e.jpg...

image 1/1 /home/admin/Documents/FEUP-CV/proj/task2/../datasets/extra-3/data/train/IMG_20240319_120712_jpg.rf.4ee75dd0c73d489eb738c945a871933e.jpg: 640x640 1 pool_table, 8.1ms
Speed: 3.3ms preprocess, 8.1ms inference, 20.3ms postprocess per image at shape (1, 3, 640, 640)
Processing extra-3/data/train/2024-03-30-11-15-02_mp4-0057_jpg.rf.40c3ebd3a0b270e609b9aa812374b81c.jpg...

image 1/1 /home/admin/Documents/FEUP-CV/proj/task2/../datasets/extra-3/data/train/2024-03-30-11-15-02_mp4-0057_jpg.rf.40c3ebd3a0b270e609b9aa812374b81c.jpg: 640x640 1 pool_table, 16.8ms
Speed: 1.6ms preprocess, 16.8ms inference, 35.0ms postprocess per image at shape (1, 3, 640, 640)
Processing extra-3/data/train/IMG_20240319_121130_jpg.rf.c8e5b4ec147699e4c6a1b561794b4078.jpg...

image 1/1 /home/admin/Documents/FEUP-CV/proj/task2/../datasets/extra-3/data/train/IMG_20240319_121130_jpg.rf.c8e5b4ec147699e4c6a1b561794b4078.jpg: 640x640 1 pool_table, 8.8ms
Speed: 5.3ms preprocess, 8.8ms inference, 22.2ms postprocess per image at shape (1, 3, 640, 640)
Processing extra-3/data/train/2024-03-30-11-15-02_mp4-0017_jpg.rf.add62180104ffe9ff4537c9aa8b68aec.jpg...

image 1/1 /home/admin/Documents/FEUP-CV/proj/task2/../datasets/extra-3/data/train/2024-03-30-11-15-02_mp4-0017_jpg.rf.add62180104ffe9ff4537c9aa8b68aec.jpg: 640x640 1 pool_table, 12.4ms
Speed: 3.3ms preprocess, 12.4ms inference, 24.4ms postprocess per image at shape (1, 3, 640, 640)
Processing extra-3/data/train/2024-03-30-11-22-03_mp4-0016_jpg.rf.6aabefea23ac61f1c18c446a50ac2112.jpg...

image 1/1 /home/admin/Documents/FEUP-CV/proj/task2/../datasets/extra-3/data/train/2024-03-30-11-22-03_mp4-0016_jpg.rf.6aabefea23ac61f1c18c446a50ac2112.jpg: 640x640 1 pool_table, 12.4ms
Speed: 3.4ms preprocess, 12.4ms inference, 24.3ms postprocess per image at shape (1, 3, 640, 640)
Processing extra-3/data/train/2024-03-30-11-15-02_mp4-0003_jpg.rf.725e5eb4d74f459a2fd2f75a0a2d18fe.jpg...

image 1/1 /home/admin/Documents/FEUP-CV/proj/task2/../datasets/extra-3/data/train/2024-03-30-11-15-02_mp4-0003_jpg.rf.725e5eb4d74f459a2fd2f75a0a2d18fe.jpg: 640x640 1 pool_table, 16.9ms
Speed: 7.4ms preprocess, 16.9ms inference, 35.1ms postprocess per image at shape (1, 3, 640, 640)
Processing extra-3/data/train/IMG_20240319_121925_jpg.rf.b1e30c8f7a57bc4263700002bb74b989.jpg...

image 1/1 /home/admin/Documents/FEUP-CV/proj/task2/../datasets/extra-3/data/train/IMG_20240319_121925_jpg.rf.b1e30c8f7a57bc4263700002bb74b989.jpg: 640x640 1 pool_table, 16.8ms
Speed: 7.8ms preprocess, 16.8ms inference, 29.1ms postprocess per image at shape (1, 3, 640, 640)
Processing extra-3/data/train/20240328_171438_jpg.rf.7710ac3652c3defa850cb3493b4c4273.jpg...

image 1/1 /home/admin/Documents/FEUP-CV/proj/task2/../datasets/extra-3/data/train/20240328_171438_jpg.rf.7710ac3652c3defa850cb3493b4c4273.jpg: 640x640 1 pool_table, 11.7ms
Speed: 3.4ms preprocess, 11.7ms inference, 13.8ms postprocess per image at shape (1, 3, 640, 640)
Processing extra-3/data/train/2024-03-28-18-35-18_mp4-0031_jpg.rf.766d4343fcf4aca8a880e79934306b8c.jpg...

image 1/1 /home/admin/Documents/FEUP-CV/proj/task2/../datasets/extra-3/data/train/2024-03-28-18-35-18_mp4-0031_jpg.rf.766d4343fcf4aca8a880e79934306b8c.jpg: 640x640 1 pool_table, 12.5ms
Speed: 3.7ms preprocess, 12.5ms inference, 24.5ms postprocess per image at shape (1, 3, 640, 640)
Processing extra-3/data/train/IMG_20240319_121936_jpg.rf.0f88bb6f69f4201ab7631f7b2736da54.jpg...

image 1/1 /home/admin/Documents/FEUP-CV/proj/task2/../datasets/extra-3/data/train/IMG_20240319_121936_jpg.rf.0f88bb6f69f4201ab7631f7b2736da54.jpg: 640x640 1 pool_table, 12.5ms
Speed: 4.2ms preprocess, 12.5ms inference, 34.9ms postprocess per image at shape (1, 3, 640, 640)
Processing extra-3/data/train/2024-03-30-11-07-17_mp4-0065_jpg.rf.c7a6ce2a1cf5d911618f3a9da52cb385.jpg...

image 1/1 /home/admin/Documents/FEUP-CV/proj/task2/../datasets/extra-3/data/train/2024-03-30-11-07-17_mp4-0065_jpg.rf.c7a6ce2a1cf5d911618f3a9da52cb385.jpg: 640x640 1 pool_table, 16.6ms
Speed: 1.3ms preprocess, 16.6ms inference, 35.0ms postprocess per image at shape (1, 3, 640, 640)
Processing extra-3/data/train/2024-03-28-18-28-05_mp4-0042_jpg.rf.03b3dfc3bcb2f9d6612043bbba301544.jpg...

image 1/1 /home/admin/Documents/FEUP-CV/proj/task2/../datasets/extra-3/data/train/2024-03-28-18-28-05_mp4-0042_jpg.rf.03b3dfc3bcb2f9d6612043bbba301544.jpg: 640x640 1 pool_table, 12.3ms
Speed: 4.4ms preprocess, 12.3ms inference, 24.2ms postprocess per image at shape (1, 3, 640, 640)
Processing extra-3/data/train/2024-03-28-18-28-05_mp4-0018_jpg.rf.426baf61b56187b6477f19b1c6de623e.jpg...

image 1/1 /home/admin/Documents/FEUP-CV/proj/task2/../datasets/extra-3/data/train/2024-03-28-18-28-05_mp4-0018_jpg.rf.426baf61b56187b6477f19b1c6de623e.jpg: 640x640 1 pool_table, 12.4ms
Speed: 4.5ms preprocess, 12.4ms inference, 24.4ms postprocess per image at shape (1, 3, 640, 640)
Processing extra-3/data/train/2024-03-30-11-22-03_mp4-0036_jpg.rf.4b0dc2c1d6ab22111ef5873ceaa25a35.jpg...

image 1/1 /home/admin/Documents/FEUP-CV/proj/task2/../datasets/extra-3/data/train/2024-03-30-11-22-03_mp4-0036_jpg.rf.4b0dc2c1d6ab22111ef5873ceaa25a35.jpg: 640x640 1 pool_table, 12.5ms
Speed: 3.8ms preprocess, 12.5ms inference, 25.0ms postprocess per image at shape (1, 3, 640, 640)
Processing extra-3/data/train/2024-03-30-11-22-03_mp4-0009_jpg.rf.616b0f43074671852df58a0b88711d52.jpg...

image 1/1 /home/admin/Documents/FEUP-CV/proj/task2/../datasets/extra-3/data/train/2024-03-30-11-22-03_mp4-0009_jpg.rf.616b0f43074671852df58a0b88711d52.jpg: 640x640 1 pool_table, 16.8ms
Speed: 7.6ms preprocess, 16.8ms inference, 35.1ms postprocess per image at shape (1, 3, 640, 640)
Processing extra-3/data/train/IMG_20240319_121739_jpg.rf.9787e9d788732b2deb1379070646d2a6.jpg...

image 1/1 /home/admin/Documents/FEUP-CV/proj/task2/../datasets/extra-3/data/train/IMG_20240319_121739_jpg.rf.9787e9d788732b2deb1379070646d2a6.jpg: 640x640 1 pool_table, 12.4ms
Speed: 5.3ms preprocess, 12.4ms inference, 23.1ms postprocess per image at shape (1, 3, 640, 640)
Processing extra-3/data/train/2024-03-30-11-15-02_mp4-0016_jpg.rf.d7c093fb2957bfaea240841b29605f94.jpg...

image 1/1 /home/admin/Documents/FEUP-CV/proj/task2/../datasets/extra-3/data/train/2024-03-30-11-15-02_mp4-0016_jpg.rf.d7c093fb2957bfaea240841b29605f94.jpg: 640x640 1 pool_table, 12.4ms
Speed: 5.8ms preprocess, 12.4ms inference, 24.4ms postprocess per image at shape (1, 3, 640, 640)
Processing extra-3/data/train/2024-03-30-11-15-02_mp4-0062_jpg.rf.8e8b6edf43c834290921b6c044801822.jpg...

image 1/1 /home/admin/Documents/FEUP-CV/proj/task2/../datasets/extra-3/data/train/2024-03-30-11-15-02_mp4-0062_jpg.rf.8e8b6edf43c834290921b6c044801822.jpg: 640x640 1 pool_table, 12.4ms
Speed: 3.6ms preprocess, 12.4ms inference, 24.3ms postprocess per image at shape (1, 3, 640, 640)
Processing extra-3/data/train/2024-03-28-15-41-19_mp4-0055_jpg.rf.8a43c1c80d4ef22b450471b715e34e2e.jpg...

image 1/1 /home/admin/Documents/FEUP-CV/proj/task2/../datasets/extra-3/data/train/2024-03-28-15-41-19_mp4-0055_jpg.rf.8a43c1c80d4ef22b450471b715e34e2e.jpg: 640x640 1 pool_table, 16.7ms
Speed: 8.0ms preprocess, 16.7ms inference, 35.1ms postprocess per image at shape (1, 3, 640, 640)
Processing extra-3/data/train/IMG_20240319_122139_jpg.rf.b42da7c68013fdac89415af611167868.jpg...

image 1/1 /home/admin/Documents/FEUP-CV/proj/task2/../datasets/extra-3/data/train/IMG_20240319_122139_jpg.rf.b42da7c68013fdac89415af611167868.jpg: 640x640 1 pool_table, 16.8ms
Speed: 7.6ms preprocess, 16.8ms inference, 27.0ms postprocess per image at shape (1, 3, 640, 640)
Processing extra-3/data/train/20240328_171419_jpg.rf.76895d06232bccd8519829b50a477d2a.jpg...

image 1/1 /home/admin/Documents/FEUP-CV/proj/task2/../datasets/extra-3/data/train/20240328_171419_jpg.rf.76895d06232bccd8519829b50a477d2a.jpg: 640x640 1 pool_table, 12.6ms
Speed: 2.9ms preprocess, 12.6ms inference, 24.6ms postprocess per image at shape (1, 3, 640, 640)
Processing extra-3/data/train/2024-03-30-11-22-03_mp4-0048_jpg.rf.e7063fd1cee45fd1dfcf7ebeca591de3.jpg...

image 1/1 /home/admin/Documents/FEUP-CV/proj/task2/../datasets/extra-3/data/train/2024-03-30-11-22-03_mp4-0048_jpg.rf.e7063fd1cee45fd1dfcf7ebeca591de3.jpg: 640x640 1 pool_table, 12.4ms
Speed: 3.3ms preprocess, 12.4ms inference, 24.3ms postprocess per image at shape (1, 3, 640, 640)
Processing extra-3/data/train/2024-03-30-11-15-02_mp4-0057_jpg.rf.2bb312f37b52dcf6c43f28fd20e81782.jpg...

image 1/1 /home/admin/Documents/FEUP-CV/proj/task2/../datasets/extra-3/data/train/2024-03-30-11-15-02_mp4-0057_jpg.rf.2bb312f37b52dcf6c43f28fd20e81782.jpg: 640x640 1 pool_table, 12.4ms
Speed: 3.5ms preprocess, 12.4ms inference, 32.7ms postprocess per image at shape (1, 3, 640, 640)
Processing extra-3/data/train/IMG_20240319_120722_jpg.rf.398c4addc97ae76eaf4ea1e494fa4588.jpg...

image 1/1 /home/admin/Documents/FEUP-CV/proj/task2/../datasets/extra-3/data/train/IMG_20240319_120722_jpg.rf.398c4addc97ae76eaf4ea1e494fa4588.jpg: 640x640 1 pool_table, 16.6ms
Speed: 1.6ms preprocess, 16.6ms inference, 34.8ms postprocess per image at shape (1, 3, 640, 640)
Processing extra-3/data/train/2024-03-28-18-28-05_mp4-0037_jpg.rf.dd293c926debd4448ca36c8b3c3f30de.jpg...

image 1/1 /home/admin/Documents/FEUP-CV/proj/task2/../datasets/extra-3/data/train/2024-03-28-18-28-05_mp4-0037_jpg.rf.dd293c926debd4448ca36c8b3c3f30de.jpg: 640x640 1 pool_table, 12.5ms
Speed: 4.3ms preprocess, 12.5ms inference, 24.4ms postprocess per image at shape (1, 3, 640, 640)
Processing extra-3/data/train/2024-03-30-11-07-17_mp4-0052_jpg.rf.fb7ffff1e709fc06ccd2a3ed588592a6.jpg...

image 1/1 /home/admin/Documents/FEUP-CV/proj/task2/../datasets/extra-3/data/train/2024-03-30-11-07-17_mp4-0052_jpg.rf.fb7ffff1e709fc06ccd2a3ed588592a6.jpg: 640x640 1 pool_table, 8.3ms
Speed: 3.2ms preprocess, 8.3ms inference, 22.3ms postprocess per image at shape (1, 3, 640, 640)
Processing extra-3/data/train/2024-03-28-18-28-05_mp4-0010_jpg.rf.ea42c657c0355aef0ce82415a32e234c.jpg...

image 1/1 /home/admin/Documents/FEUP-CV/proj/task2/../datasets/extra-3/data/train/2024-03-28-18-28-05_mp4-0010_jpg.rf.ea42c657c0355aef0ce82415a32e234c.jpg: 640x640 1 pool_table, 12.5ms
Speed: 4.3ms preprocess, 12.5ms inference, 21.4ms postprocess per image at shape (1, 3, 640, 640)
Processing extra-3/data/train/2024-03-28-18-35-18_mp4-0022_jpg.rf.d77a11728936684665c2e497ef36fb19.jpg...

image 1/1 /home/admin/Documents/FEUP-CV/proj/task2/../datasets/extra-3/data/train/2024-03-28-18-35-18_mp4-0022_jpg.rf.d77a11728936684665c2e497ef36fb19.jpg: 640x640 1 pool_table, 16.7ms
Speed: 7.5ms preprocess, 16.7ms inference, 35.0ms postprocess per image at shape (1, 3, 640, 640)
Processing extra-3/data/train/2024-03-28-18-28-05_mp4-0048_jpg.rf.1d6f26863b722a1a4f4e227ed3716d45.jpg...

image 1/1 /home/admin/Documents/FEUP-CV/proj/task2/../datasets/extra-3/data/train/2024-03-28-18-28-05_mp4-0048_jpg.rf.1d6f26863b722a1a4f4e227ed3716d45.jpg: 640x640 1 pool_table, 14.7ms
Speed: 7.5ms preprocess, 14.7ms inference, 24.3ms postprocess per image at shape (1, 3, 640, 640)
Processing extra-3/data/train/IMG_20240319_120550_jpg.rf.6fda82674e725f242afca3293d229793.jpg...

image 1/1 /home/admin/Documents/FEUP-CV/proj/task2/../datasets/extra-3/data/train/IMG_20240319_120550_jpg.rf.6fda82674e725f242afca3293d229793.jpg: 640x640 1 pool_table, 12.4ms
Speed: 3.2ms preprocess, 12.4ms inference, 24.5ms postprocess per image at shape (1, 3, 640, 640)
Processing extra-3/data/train/IMG_20240319_121755_jpg.rf.ca6d20221ac8c70399571ebed43b0bec.jpg...

image 1/1 /home/admin/Documents/FEUP-CV/proj/task2/../datasets/extra-3/data/train/IMG_20240319_121755_jpg.rf.ca6d20221ac8c70399571ebed43b0bec.jpg: 640x640 1 pool_table, 12.6ms
Speed: 5.1ms preprocess, 12.6ms inference, 24.5ms postprocess per image at shape (1, 3, 640, 640)
Processing extra-3/data/train/2024-03-28-15-41-19_mp4-0029_jpg.rf.f88216e81cdd886fe8ec42568f948f51.jpg...

image 1/1 /home/admin/Documents/FEUP-CV/proj/task2/../datasets/extra-3/data/train/2024-03-28-15-41-19_mp4-0029_jpg.rf.f88216e81cdd886fe8ec42568f948f51.jpg: 640x640 1 pool_table, 16.8ms
Speed: 7.6ms preprocess, 16.8ms inference, 35.1ms postprocess per image at shape (1, 3, 640, 640)
Processing extra-3/data/train/2024-03-28-15-41-19_mp4-0036_jpg.rf.e834731b9753b5084ac526ea8bf263b6.jpg...

image 1/1 /home/admin/Documents/FEUP-CV/proj/task2/../datasets/extra-3/data/train/2024-03-28-15-41-19_mp4-0036_jpg.rf.e834731b9753b5084ac526ea8bf263b6.jpg: 640x640 1 pool_table, 16.6ms
Speed: 1.5ms preprocess, 16.6ms inference, 26.9ms postprocess per image at shape (1, 3, 640, 640)
Processing extra-3/data/train/2024-03-30-11-15-02_mp4-0009_jpg.rf.5c7e3f1ea7115235226071a91365af65.jpg...

image 1/1 /home/admin/Documents/FEUP-CV/proj/task2/../datasets/extra-3/data/train/2024-03-30-11-15-02_mp4-0009_jpg.rf.5c7e3f1ea7115235226071a91365af65.jpg: 640x640 1 pool_table, 12.4ms
Speed: 4.4ms preprocess, 12.4ms inference, 24.3ms postprocess per image at shape (1, 3, 640, 640)
Processing extra-3/data/train/IMG_20240319_122231_jpg.rf.4e25c7b5324aeab58840fcd1af8c3869.jpg...

image 1/1 /home/admin/Documents/FEUP-CV/proj/task2/../datasets/extra-3/data/train/IMG_20240319_122231_jpg.rf.4e25c7b5324aeab58840fcd1af8c3869.jpg: 640x640 1 pool_table, 12.2ms
Speed: 4.1ms preprocess, 12.2ms inference, 13.6ms postprocess per image at shape (1, 3, 640, 640)
Processing extra-3/data/train/2024-03-28-18-28-05_mp4-0046_jpg.rf.d4e08dcb83504bc628f8fcb6f8409045.jpg...

image 1/1 /home/admin/Documents/FEUP-CV/proj/task2/../datasets/extra-3/data/train/2024-03-28-18-28-05_mp4-0046_jpg.rf.d4e08dcb83504bc628f8fcb6f8409045.jpg: 640x640 1 pool_table, 14.4ms
Speed: 4.1ms preprocess, 14.4ms inference, 35.0ms postprocess per image at shape (1, 3, 640, 640)
Processing extra-3/data/train/IMG_20240319_122235_jpg.rf.d7ca301a6ec6b69540ea91292d628d24.jpg...

image 1/1 /home/admin/Documents/FEUP-CV/proj/task2/../datasets/extra-3/data/train/IMG_20240319_122235_jpg.rf.d7ca301a6ec6b69540ea91292d628d24.jpg: 640x640 1 pool_table, 16.8ms
Speed: 4.5ms preprocess, 16.8ms inference, 29.1ms postprocess per image at shape (1, 3, 640, 640)
Processing extra-3/data/train/2024-03-30-11-15-02_mp4-0027_jpg.rf.6116a4caac553c9174cd8370f12bc405.jpg...

image 1/1 /home/admin/Documents/FEUP-CV/proj/task2/../datasets/extra-3/data/train/2024-03-30-11-15-02_mp4-0027_jpg.rf.6116a4caac553c9174cd8370f12bc405.jpg: 640x640 1 pool_table, 12.6ms
Speed: 3.7ms preprocess, 12.6ms inference, 24.6ms postprocess per image at shape (1, 3, 640, 640)
Processing extra-3/data/train/IMG_20240319_120925_jpg.rf.8a028b300417a11284deea9804d2b2dd.jpg...

image 1/1 /home/admin/Documents/FEUP-CV/proj/task2/../datasets/extra-3/data/train/IMG_20240319_120925_jpg.rf.8a028b300417a11284deea9804d2b2dd.jpg: 640x640 1 pool_table, 12.3ms
Speed: 3.8ms preprocess, 12.3ms inference, 24.2ms postprocess per image at shape (1, 3, 640, 640)
Processing extra-3/data/train/2024-03-30-11-22-03_mp4-0045_jpg.rf.b473fd1f5cc50deb7cdef712e0f2a4aa.jpg...

image 1/1 /home/admin/Documents/FEUP-CV/proj/task2/../datasets/extra-3/data/train/2024-03-30-11-22-03_mp4-0045_jpg.rf.b473fd1f5cc50deb7cdef712e0f2a4aa.jpg: 640x640 1 pool_table, 12.3ms
Speed: 3.8ms preprocess, 12.3ms inference, 26.3ms postprocess per image at shape (1, 3, 640, 640)
Processing extra-3/data/train/2024-03-30-11-22-03_mp4-0017_jpg.rf.0d3112191d2dc7eb11960e14373dd88c.jpg...

image 1/1 /home/admin/Documents/FEUP-CV/proj/task2/../datasets/extra-3/data/train/2024-03-30-11-22-03_mp4-0017_jpg.rf.0d3112191d2dc7eb11960e14373dd88c.jpg: 640x640 1 pool_table, 16.6ms
Speed: 6.7ms preprocess, 16.6ms inference, 35.1ms postprocess per image at shape (1, 3, 640, 640)
Processing extra-3/data/train/2024-03-28-18-28-05_mp4-0048_jpg.rf.8ffa229742a9c79d07b73b974c129096.jpg...

image 1/1 /home/admin/Documents/FEUP-CV/proj/task2/../datasets/extra-3/data/train/2024-03-28-18-28-05_mp4-0048_jpg.rf.8ffa229742a9c79d07b73b974c129096.jpg: 640x640 1 pool_table, 12.6ms
Speed: 5.5ms preprocess, 12.6ms inference, 19.6ms postprocess per image at shape (1, 3, 640, 640)
Processing extra-3/data/train/2024-03-30-11-22-03_mp4-0047_jpg.rf.74b21f794dbe0fbf64da7c031d88fc5b.jpg...

image 1/1 /home/admin/Documents/FEUP-CV/proj/task2/../datasets/extra-3/data/train/2024-03-30-11-22-03_mp4-0047_jpg.rf.74b21f794dbe0fbf64da7c031d88fc5b.jpg: 640x640 1 pool_table, 12.7ms
Speed: 4.1ms preprocess, 12.7ms inference, 24.6ms postprocess per image at shape (1, 3, 640, 640)
Processing extra-3/data/train/2024-03-28-15-41-19_mp4-0030_jpg.rf.6f4d379083c4867f76123f4687476d0b.jpg...

image 1/1 /home/admin/Documents/FEUP-CV/proj/task2/../datasets/extra-3/data/train/2024-03-28-15-41-19_mp4-0030_jpg.rf.6f4d379083c4867f76123f4687476d0b.jpg: 640x640 1 pool_table, 12.7ms
Speed: 3.7ms preprocess, 12.7ms inference, 24.7ms postprocess per image at shape (1, 3, 640, 640)
Processing extra-3/data/train/2024-03-28-18-28-05_mp4-0007_jpg.rf.58fd80636be02ff3df4d7a553af728ed.jpg...

image 1/1 /home/admin/Documents/FEUP-CV/proj/task2/../datasets/extra-3/data/train/2024-03-28-18-28-05_mp4-0007_jpg.rf.58fd80636be02ff3df4d7a553af728ed.jpg: 640x640 1 pool_table, 16.6ms
Speed: 1.5ms preprocess, 16.6ms inference, 34.9ms postprocess per image at shape (1, 3, 640, 640)
Processing extra-3/data/train/2024-03-28-15-41-19_mp4-0030_jpg.rf.f6a60d70558db496ffe6ca40e73b9935.jpg...

image 1/1 /home/admin/Documents/FEUP-CV/proj/task2/../datasets/extra-3/data/train/2024-03-28-15-41-19_mp4-0030_jpg.rf.f6a60d70558db496ffe6ca40e73b9935.jpg: 640x640 1 pool_table, 16.5ms
Speed: 1.9ms preprocess, 16.5ms inference, 32.1ms postprocess per image at shape (1, 3, 640, 640)
Processing extra-3/data/train/2024-03-30-11-07-17_mp4-0059_jpg.rf.66940e35f6658e21ca30e845a2c79f94.jpg...

image 1/1 /home/admin/Documents/FEUP-CV/proj/task2/../datasets/extra-3/data/train/2024-03-30-11-07-17_mp4-0059_jpg.rf.66940e35f6658e21ca30e845a2c79f94.jpg: 640x640 1 pool_table, 12.4ms
Speed: 4.1ms preprocess, 12.4ms inference, 24.4ms postprocess per image at shape (1, 3, 640, 640)
Processing extra-3/data/train/2024-03-30-11-15-02_mp4-0047_jpg.rf.02793460e9a10e9c1bbd0bda6ee042be.jpg...

image 1/1 /home/admin/Documents/FEUP-CV/proj/task2/../datasets/extra-3/data/train/2024-03-30-11-15-02_mp4-0047_jpg.rf.02793460e9a10e9c1bbd0bda6ee042be.jpg: 640x640 1 pool_table, 12.6ms
Speed: 4.1ms preprocess, 12.6ms inference, 24.4ms postprocess per image at shape (1, 3, 640, 640)
Processing extra-3/data/train/2024-03-30-11-22-03_mp4-0018_jpg.rf.5c596959b8b1fe754f71f5752264df5a.jpg...

image 1/1 /home/admin/Documents/FEUP-CV/proj/task2/../datasets/extra-3/data/train/2024-03-30-11-22-03_mp4-0018_jpg.rf.5c596959b8b1fe754f71f5752264df5a.jpg: 640x640 1 pool_table, 8.9ms
Speed: 4.4ms preprocess, 8.9ms inference, 24.5ms postprocess per image at shape (1, 3, 640, 640)
Processing extra-3/data/train/2024-03-28-15-41-19_mp4-0029_jpg.rf.686ebb218e4fe934c5d993e8a916f655.jpg...

image 1/1 /home/admin/Documents/FEUP-CV/proj/task2/../datasets/extra-3/data/train/2024-03-28-15-41-19_mp4-0029_jpg.rf.686ebb218e4fe934c5d993e8a916f655.jpg: 640x640 1 pool_table, 16.6ms
Speed: 7.8ms preprocess, 16.6ms inference, 34.9ms postprocess per image at shape (1, 3, 640, 640)
Processing extra-3/data/train/IMG_20240319_121930_jpg.rf.d162ffcdc67c0736e9e711a7acbd5d3e.jpg...

image 1/1 /home/admin/Documents/FEUP-CV/proj/task2/../datasets/extra-3/data/train/IMG_20240319_121930_jpg.rf.d162ffcdc67c0736e9e711a7acbd5d3e.jpg: 640x640 1 pool_table, 12.3ms
Speed: 3.9ms preprocess, 12.3ms inference, 24.1ms postprocess per image at shape (1, 3, 640, 640)
Processing extra-3/data/train/2024-03-28-18-35-18_mp4-0029_jpg.rf.b1bcb105e795284de9ec1b48ec057f1b.jpg...

image 1/1 /home/admin/Documents/FEUP-CV/proj/task2/../datasets/extra-3/data/train/2024-03-28-18-35-18_mp4-0029_jpg.rf.b1bcb105e795284de9ec1b48ec057f1b.jpg: 640x640 1 pool_table, 12.3ms
Speed: 3.2ms preprocess, 12.3ms inference, 24.4ms postprocess per image at shape (1, 3, 640, 640)
Processing extra-3/data/train/2024-03-28-18-35-18_mp4-0002_jpg.rf.b0c3308c4e26b67dae759f4702b94c4a.jpg...

image 1/1 /home/admin/Documents/FEUP-CV/proj/task2/../datasets/extra-3/data/train/2024-03-28-18-35-18_mp4-0002_jpg.rf.b0c3308c4e26b67dae759f4702b94c4a.jpg: 640x640 1 pool_table, 12.6ms
Speed: 3.8ms preprocess, 12.6ms inference, 24.5ms postprocess per image at shape (1, 3, 640, 640)
Processing extra-3/data/train/2024-03-28-15-41-19_mp4-0043_jpg.rf.d0230f49deb736aec1c29eb0f1d00b8f.jpg...

image 1/1 /home/admin/Documents/FEUP-CV/proj/task2/../datasets/extra-3/data/train/2024-03-28-15-41-19_mp4-0043_jpg.rf.d0230f49deb736aec1c29eb0f1d00b8f.jpg: 640x640 1 pool_table, 16.7ms
Speed: 1.6ms preprocess, 16.7ms inference, 35.0ms postprocess per image at shape (1, 3, 640, 640)
Processing extra-3/data/train/2024-03-28-15-41-19_mp4-0086_jpg.rf.991580ec8f706872f24a432ccd0eb83b.jpg...

image 1/1 /home/admin/Documents/FEUP-CV/proj/task2/../datasets/extra-3/data/train/2024-03-28-15-41-19_mp4-0086_jpg.rf.991580ec8f706872f24a432ccd0eb83b.jpg: 640x640 1 pool_table, 16.6ms
Speed: 1.6ms preprocess, 16.6ms inference, 28.5ms postprocess per image at shape (1, 3, 640, 640)
Processing extra-3/data/train/20240328_171153_jpg.rf.7a8e7f4eec9d81b2fcb801c6f741340f.jpg...

image 1/1 /home/admin/Documents/FEUP-CV/proj/task2/../datasets/extra-3/data/train/20240328_171153_jpg.rf.7a8e7f4eec9d81b2fcb801c6f741340f.jpg: 640x640 1 pool_table, 12.8ms
Speed: 4.1ms preprocess, 12.8ms inference, 24.6ms postprocess per image at shape (1, 3, 640, 640)
Processing extra-3/data/train/2024-03-30-11-15-02_mp4-0083_jpg.rf.4866fe855eea66935c3b266d1ffeefb9.jpg...

image 1/1 /home/admin/Documents/FEUP-CV/proj/task2/../datasets/extra-3/data/train/2024-03-30-11-15-02_mp4-0083_jpg.rf.4866fe855eea66935c3b266d1ffeefb9.jpg: 640x640 1 pool_table, 12.7ms
Speed: 3.6ms preprocess, 12.7ms inference, 24.7ms postprocess per image at shape (1, 3, 640, 640)
Processing extra-3/data/train/2024-03-30-11-22-03_mp4-0016_jpg.rf.449c0f4cc708c5434f97def8bf0044a0.jpg...

image 1/1 /home/admin/Documents/FEUP-CV/proj/task2/../datasets/extra-3/data/train/2024-03-30-11-22-03_mp4-0016_jpg.rf.449c0f4cc708c5434f97def8bf0044a0.jpg: 640x640 1 pool_table, 14.8ms
Speed: 4.2ms preprocess, 14.8ms inference, 35.0ms postprocess per image at shape (1, 3, 640, 640)
Processing extra-3/data/train/IMG_20240319_120621_jpg.rf.f952dc788b9915b4bf929211befac05a.jpg...

image 1/1 /home/admin/Documents/FEUP-CV/proj/task2/../datasets/extra-3/data/train/IMG_20240319_120621_jpg.rf.f952dc788b9915b4bf929211befac05a.jpg: 640x640 1 pool_table, 16.6ms
Speed: 7.9ms preprocess, 16.6ms inference, 29.5ms postprocess per image at shape (1, 3, 640, 640)
Processing extra-3/data/train/2024-03-30-11-22-03_mp4-0043_jpg.rf.df903cbe90dae8cc0f76c1240614ef92.jpg...

image 1/1 /home/admin/Documents/FEUP-CV/proj/task2/../datasets/extra-3/data/train/2024-03-30-11-22-03_mp4-0043_jpg.rf.df903cbe90dae8cc0f76c1240614ef92.jpg: 640x640 1 pool_table, 12.3ms
Speed: 4.1ms preprocess, 12.3ms inference, 24.2ms postprocess per image at shape (1, 3, 640, 640)
Processing extra-3/data/train/2024-03-30-11-22-03_mp4-0043_jpg.rf.6a01e31d2fab6e72ae9def27eb31d8f3.jpg...

image 1/1 /home/admin/Documents/FEUP-CV/proj/task2/../datasets/extra-3/data/train/2024-03-30-11-22-03_mp4-0043_jpg.rf.6a01e31d2fab6e72ae9def27eb31d8f3.jpg: 640x640 1 pool_table, 12.4ms
Speed: 1.4ms preprocess, 12.4ms inference, 24.3ms postprocess per image at shape (1, 3, 640, 640)
Processing extra-3/data/train/2024-03-28-18-35-18_mp4-0008_jpg.rf.7edac6bb98a1e4dcb6cb8bfe679ba75c.jpg...

image 1/1 /home/admin/Documents/FEUP-CV/proj/task2/../datasets/extra-3/data/train/2024-03-28-18-35-18_mp4-0008_jpg.rf.7edac6bb98a1e4dcb6cb8bfe679ba75c.jpg: 640x640 1 pool_table, 12.5ms
Speed: 3.4ms preprocess, 12.5ms inference, 26.5ms postprocess per image at shape (1, 3, 640, 640)
Processing extra-3/data/train/2024-03-28-18-28-05_mp4-0040_jpg.rf.ee62478ac262837980c99e3ec4133c71.jpg...

image 1/1 /home/admin/Documents/FEUP-CV/proj/task2/../datasets/extra-3/data/train/2024-03-28-18-28-05_mp4-0040_jpg.rf.ee62478ac262837980c99e3ec4133c71.jpg: 640x640 1 pool_table, 16.7ms
Speed: 7.5ms preprocess, 16.7ms inference, 35.0ms postprocess per image at shape (1, 3, 640, 640)
Processing extra-3/data/train/IMG_20240319_120540_jpg.rf.c8c54eeb15b50a38b6199ff433c99afe.jpg...

image 1/1 /home/admin/Documents/FEUP-CV/proj/task2/../datasets/extra-3/data/train/IMG_20240319_120540_jpg.rf.c8c54eeb15b50a38b6199ff433c99afe.jpg: 640x640 1 pool_table, 13.1ms
Speed: 1.3ms preprocess, 13.1ms inference, 24.4ms postprocess per image at shape (1, 3, 640, 640)
Processing extra-3/data/train/2024-03-28-15-41-19_mp4-0000_jpg.rf.b78a755e602dc43c777c928c41f58baf.jpg...

image 1/1 /home/admin/Documents/FEUP-CV/proj/task2/../datasets/extra-3/data/train/2024-03-28-15-41-19_mp4-0000_jpg.rf.b78a755e602dc43c777c928c41f58baf.jpg: 640x640 1 pool_table, 12.5ms
Speed: 3.9ms preprocess, 12.5ms inference, 24.4ms postprocess per image at shape (1, 3, 640, 640)
Processing extra-3/data/train/IMG_20240319_122228_jpg.rf.44cddbd42ae5e58d632f61cb13885034.jpg...

image 1/1 /home/admin/Documents/FEUP-CV/proj/task2/../datasets/extra-3/data/train/IMG_20240319_122228_jpg.rf.44cddbd42ae5e58d632f61cb13885034.jpg: 640x640 1 pool_table, 12.5ms
Speed: 3.8ms preprocess, 12.5ms inference, 24.5ms postprocess per image at shape (1, 3, 640, 640)
Processing extra-3/data/train/IMG_20240319_122211_jpg.rf.1af89d57e654843ee1b10c511d55bd90.jpg...

image 1/1 /home/admin/Documents/FEUP-CV/proj/task2/../datasets/extra-3/data/train/IMG_20240319_122211_jpg.rf.1af89d57e654843ee1b10c511d55bd90.jpg: 640x640 1 pool_table, 16.8ms
Speed: 7.4ms preprocess, 16.8ms inference, 35.0ms postprocess per image at shape (1, 3, 640, 640)
Processing extra-3/data/train/IMG_20240319_121037_jpg.rf.0cfa90d6961270ee6ce81e01ca136eca.jpg...

image 1/1 /home/admin/Documents/FEUP-CV/proj/task2/../datasets/extra-3/data/train/IMG_20240319_121037_jpg.rf.0cfa90d6961270ee6ce81e01ca136eca.jpg: 640x640 1 pool_table, 16.6ms
Speed: 7.4ms preprocess, 16.6ms inference, 24.8ms postprocess per image at shape (1, 3, 640, 640)
Processing extra-3/data/train/2024-03-30-11-22-03_mp4-0042_jpg.rf.c67b707b37c5525b08f753ac08e2dcad.jpg...

image 1/1 /home/admin/Documents/FEUP-CV/proj/task2/../datasets/extra-3/data/train/2024-03-30-11-22-03_mp4-0042_jpg.rf.c67b707b37c5525b08f753ac08e2dcad.jpg: 640x640 1 pool_table, 12.4ms
Speed: 4.2ms preprocess, 12.4ms inference, 24.4ms postprocess per image at shape (1, 3, 640, 640)
Processing extra-3/data/train/20240328_171149_jpg.rf.d5597bb5395556b9fed017ce20db0b5f.jpg...

image 1/1 /home/admin/Documents/FEUP-CV/proj/task2/../datasets/extra-3/data/train/20240328_171149_jpg.rf.d5597bb5395556b9fed017ce20db0b5f.jpg: 640x640 1 pool_table, 12.5ms
Speed: 3.5ms preprocess, 12.5ms inference, 24.3ms postprocess per image at shape (1, 3, 640, 640)
Processing extra-3/data/train/IMG_20240319_122139_jpg.rf.cefa4aad1cd676d76d8fca1301f46c60.jpg...

image 1/1 /home/admin/Documents/FEUP-CV/proj/task2/../datasets/extra-3/data/train/IMG_20240319_122139_jpg.rf.cefa4aad1cd676d76d8fca1301f46c60.jpg: 640x640 1 pool_table, 16.6ms
Speed: 4.9ms preprocess, 16.6ms inference, 34.9ms postprocess per image at shape (1, 3, 640, 640)
Processing extra-3/data/train/2024-03-28-15-41-19_mp4-0081_jpg.rf.3eb83987d11f8cb056cff4605b46fa6d.jpg...

image 1/1 /home/admin/Documents/FEUP-CV/proj/task2/../datasets/extra-3/data/train/2024-03-28-15-41-19_mp4-0081_jpg.rf.3eb83987d11f8cb056cff4605b46fa6d.jpg: 640x640 1 pool_table, 16.8ms
Speed: 7.8ms preprocess, 16.8ms inference, 22.8ms postprocess per image at shape (1, 3, 640, 640)
Processing extra-3/data/train/2024-03-28-15-41-19_mp4-0027_jpg.rf.450a134c8a0bc83e2c8b7e35adea6781.jpg...

image 1/1 /home/admin/Documents/FEUP-CV/proj/task2/../datasets/extra-3/data/train/2024-03-28-15-41-19_mp4-0027_jpg.rf.450a134c8a0bc83e2c8b7e35adea6781.jpg: 640x640 1 pool_table, 12.6ms
Speed: 4.5ms preprocess, 12.6ms inference, 24.5ms postprocess per image at shape (1, 3, 640, 640)
Processing extra-3/data/train/IMG_20240319_122238_jpg.rf.c19c5e9f2bb8cb012b726e810fba3ec5.jpg...

image 1/1 /home/admin/Documents/FEUP-CV/proj/task2/../datasets/extra-3/data/train/IMG_20240319_122238_jpg.rf.c19c5e9f2bb8cb012b726e810fba3ec5.jpg: 640x640 1 pool_table, 8.2ms
Speed: 2.4ms preprocess, 8.2ms inference, 24.5ms postprocess per image at shape (1, 3, 640, 640)
Processing extra-3/data/train/2024-03-28-18-28-05_mp4-0044_jpg.rf.f08314f2d9e02c4079b3f9b144901f7e.jpg...

image 1/1 /home/admin/Documents/FEUP-CV/proj/task2/../datasets/extra-3/data/train/2024-03-28-18-28-05_mp4-0044_jpg.rf.f08314f2d9e02c4079b3f9b144901f7e.jpg: 640x640 1 pool_table, 12.5ms
Speed: 3.9ms preprocess, 12.5ms inference, 34.8ms postprocess per image at shape (1, 3, 640, 640)
Processing extra-3/data/train/IMG_20240319_120652_jpg.rf.8e5d4c84035d768a27bfd791b3f39338.jpg...

image 1/1 /home/admin/Documents/FEUP-CV/proj/task2/../datasets/extra-3/data/train/IMG_20240319_120652_jpg.rf.8e5d4c84035d768a27bfd791b3f39338.jpg: 640x640 1 pool_table, 16.8ms
Speed: 7.3ms preprocess, 16.8ms inference, 35.1ms postprocess per image at shape (1, 3, 640, 640)
Processing extra-3/data/train/2024-03-28-18-35-18_mp4-0034_jpg.rf.4fb6e6d2ecf99cc16b5479c06507bd4d.jpg...

image 1/1 /home/admin/Documents/FEUP-CV/proj/task2/../datasets/extra-3/data/train/2024-03-28-18-35-18_mp4-0034_jpg.rf.4fb6e6d2ecf99cc16b5479c06507bd4d.jpg: 640x640 1 pool_table, 12.6ms
Speed: 3.3ms preprocess, 12.6ms inference, 24.5ms postprocess per image at shape (1, 3, 640, 640)
Processing extra-3/data/train/2024-03-28-15-41-19_mp4-0028_jpg.rf.c50dd483d45b8e4fc4b90526d511df03.jpg...

image 1/1 /home/admin/Documents/FEUP-CV/proj/task2/../datasets/extra-3/data/train/2024-03-28-15-41-19_mp4-0028_jpg.rf.c50dd483d45b8e4fc4b90526d511df03.jpg: 640x640 1 pool_table, 12.3ms
Speed: 3.8ms preprocess, 12.3ms inference, 24.4ms postprocess per image at shape (1, 3, 640, 640)
Processing extra-3/data/train/IMG_20240319_122149_jpg.rf.23db3d996b67d4ecf1cdb7bbde088687.jpg...

image 1/1 /home/admin/Documents/FEUP-CV/proj/task2/../datasets/extra-3/data/train/IMG_20240319_122149_jpg.rf.23db3d996b67d4ecf1cdb7bbde088687.jpg: 640x640 1 pool_table, 12.4ms
Speed: 4.3ms preprocess, 12.4ms inference, 24.4ms postprocess per image at shape (1, 3, 640, 640)
Processing extra-3/data/train/20240328_171419_jpg.rf.1f8d98169e38c55f84b7044efac5adc0.jpg...

image 1/1 /home/admin/Documents/FEUP-CV/proj/task2/../datasets/extra-3/data/train/20240328_171419_jpg.rf.1f8d98169e38c55f84b7044efac5adc0.jpg: 640x640 1 pool_table, 16.5ms
Speed: 7.8ms preprocess, 16.5ms inference, 34.9ms postprocess per image at shape (1, 3, 640, 640)
Processing extra-3/data/train/20240319_120451_jpg.rf.9aea4cc0edf3fe8f6a1ac97761f4dc6e.jpg...

image 1/1 /home/admin/Documents/FEUP-CV/proj/task2/../datasets/extra-3/data/train/20240319_120451_jpg.rf.9aea4cc0edf3fe8f6a1ac97761f4dc6e.jpg: 640x640 1 pool_table, 12.6ms
Speed: 7.8ms preprocess, 12.6ms inference, 24.4ms postprocess per image at shape (1, 3, 640, 640)
Processing extra-3/data/train/2024-03-30-11-15-02_mp4-0075_jpg.rf.cea47d5ce1b2a3f83d947fa5ee222f81.jpg...

image 1/1 /home/admin/Documents/FEUP-CV/proj/task2/../datasets/extra-3/data/train/2024-03-30-11-15-02_mp4-0075_jpg.rf.cea47d5ce1b2a3f83d947fa5ee222f81.jpg: 640x640 1 pool_table, 12.6ms
Speed: 3.2ms preprocess, 12.6ms inference, 24.5ms postprocess per image at shape (1, 3, 640, 640)
Processing extra-3/data/train/2024-03-28-15-41-19_mp4-0086_jpg.rf.ee2f2c814d7e9d4a23b65c461a50de12.jpg...

image 1/1 /home/admin/Documents/FEUP-CV/proj/task2/../datasets/extra-3/data/train/2024-03-28-15-41-19_mp4-0086_jpg.rf.ee2f2c814d7e9d4a23b65c461a50de12.jpg: 640x640 1 pool_table, 12.7ms
Speed: 4.2ms preprocess, 12.7ms inference, 24.5ms postprocess per image at shape (1, 3, 640, 640)
Processing extra-3/data/train/2024-03-28-18-28-05_mp4-0017_jpg.rf.39fc53e9db7b1325723f0aa124796112.jpg...

image 1/1 /home/admin/Documents/FEUP-CV/proj/task2/../datasets/extra-3/data/train/2024-03-28-18-28-05_mp4-0017_jpg.rf.39fc53e9db7b1325723f0aa124796112.jpg: 640x640 1 pool_table, 16.5ms
Speed: 6.7ms preprocess, 16.5ms inference, 34.9ms postprocess per image at shape (1, 3, 640, 640)
Processing extra-3/data/train/20240328_171411_jpg.rf.ecbe74180f1c8e8a80f7c13c643f0a01.jpg...

image 1/1 /home/admin/Documents/FEUP-CV/proj/task2/../datasets/extra-3/data/train/20240328_171411_jpg.rf.ecbe74180f1c8e8a80f7c13c643f0a01.jpg: 640x640 1 pool_table, 16.5ms
Speed: 1.3ms preprocess, 16.5ms inference, 32.1ms postprocess per image at shape (1, 3, 640, 640)
Processing extra-3/data/train/IMG_20240319_122129_jpg.rf.2532e6e3848aadf94c2b3d2f7e074de9.jpg...

image 1/1 /home/admin/Documents/FEUP-CV/proj/task2/../datasets/extra-3/data/train/IMG_20240319_122129_jpg.rf.2532e6e3848aadf94c2b3d2f7e074de9.jpg: 640x640 1 pool_table, 12.5ms
Speed: 2.8ms preprocess, 12.5ms inference, 24.6ms postprocess per image at shape (1, 3, 640, 640)
Processing extra-3/data/train/20240319_120451_jpg.rf.821289eec1ef9e83f8df3e48704dc0ee.jpg...

image 1/1 /home/admin/Documents/FEUP-CV/proj/task2/../datasets/extra-3/data/train/20240319_120451_jpg.rf.821289eec1ef9e83f8df3e48704dc0ee.jpg: 640x640 1 pool_table, 12.6ms
Speed: 2.8ms preprocess, 12.6ms inference, 24.4ms postprocess per image at shape (1, 3, 640, 640)
Processing extra-3/data/train/2024-03-30-11-15-02_mp4-0074_jpg.rf.32a46f4c44f8bd944922ef1a3d9a4789.jpg...

image 1/1 /home/admin/Documents/FEUP-CV/proj/task2/../datasets/extra-3/data/train/2024-03-30-11-15-02_mp4-0074_jpg.rf.32a46f4c44f8bd944922ef1a3d9a4789.jpg: 640x640 1 pool_table, 12.5ms
Speed: 2.7ms preprocess, 12.5ms inference, 28.6ms postprocess per image at shape (1, 3, 640, 640)
Processing extra-3/data/train/20240319_120442_jpg.rf.2e0b2d6c1ed84725a2f7199e61868acc.jpg...

image 1/1 /home/admin/Documents/FEUP-CV/proj/task2/../datasets/extra-3/data/train/20240319_120442_jpg.rf.2e0b2d6c1ed84725a2f7199e61868acc.jpg: 640x640 1 pool_table, 16.7ms
Speed: 1.3ms preprocess, 16.7ms inference, 35.0ms postprocess per image at shape (1, 3, 640, 640)
Processing extra-3/data/train/2024-03-28-18-35-18_mp4-0029_jpg.rf.d10cb55278b57ec6c6cb36dd484aa2db.jpg...

image 1/1 /home/admin/Documents/FEUP-CV/proj/task2/../datasets/extra-3/data/train/2024-03-28-18-35-18_mp4-0029_jpg.rf.d10cb55278b57ec6c6cb36dd484aa2db.jpg: 640x640 1 pool_table, 12.5ms
Speed: 4.3ms preprocess, 12.5ms inference, 24.4ms postprocess per image at shape (1, 3, 640, 640)
Processing extra-3/data/train/2024-03-30-11-07-17_mp4-0072_jpg.rf.7d8bff9d3376ae6551a413d4432ea545.jpg...

image 1/1 /home/admin/Documents/FEUP-CV/proj/task2/../datasets/extra-3/data/train/2024-03-30-11-07-17_mp4-0072_jpg.rf.7d8bff9d3376ae6551a413d4432ea545.jpg: 640x640 1 pool_table, 12.4ms
Speed: 4.4ms preprocess, 12.4ms inference, 24.4ms postprocess per image at shape (1, 3, 640, 640)
Processing extra-3/data/train/IMG_20240319_120540_jpg.rf.260946d2f4dd67c580982b039df08952.jpg...

image 1/1 /home/admin/Documents/FEUP-CV/proj/task2/../datasets/extra-3/data/train/IMG_20240319_120540_jpg.rf.260946d2f4dd67c580982b039df08952.jpg: 640x640 1 pool_table, 12.5ms
Speed: 4.5ms preprocess, 12.5ms inference, 24.4ms postprocess per image at shape (1, 3, 640, 640)
Processing extra-3/data/train/2024-03-30-11-22-03_mp4-0013_jpg.rf.06d357e21e68baf82259fd651d9dacc9.jpg...

image 1/1 /home/admin/Documents/FEUP-CV/proj/task2/../datasets/extra-3/data/train/2024-03-30-11-22-03_mp4-0013_jpg.rf.06d357e21e68baf82259fd651d9dacc9.jpg: 640x640 1 pool_table, 16.7ms
Speed: 1.2ms preprocess, 16.7ms inference, 35.0ms postprocess per image at shape (1, 3, 640, 640)
Processing extra-3/data/train/2024-03-30-11-22-03_mp4-0012_jpg.rf.01d2163a1c0b35be3ed5e943862a2d81.jpg...

image 1/1 /home/admin/Documents/FEUP-CV/proj/task2/../datasets/extra-3/data/train/2024-03-30-11-22-03_mp4-0012_jpg.rf.01d2163a1c0b35be3ed5e943862a2d81.jpg: 640x640 1 pool_table, 12.4ms
Speed: 3.4ms preprocess, 12.4ms inference, 24.2ms postprocess per image at shape (1, 3, 640, 640)
Processing extra-3/data/train/IMG_20240319_122152_jpg.rf.e0dde0065294534f6809d16e57aed6f8.jpg...

image 1/1 /home/admin/Documents/FEUP-CV/proj/task2/../datasets/extra-3/data/train/IMG_20240319_122152_jpg.rf.e0dde0065294534f6809d16e57aed6f8.jpg: 640x640 1 pool_table, 12.5ms
Speed: 3.3ms preprocess, 12.5ms inference, 16.4ms postprocess per image at shape (1, 3, 640, 640)
Processing extra-3/data/train/2024-03-28-18-28-05_mp4-0046_jpg.rf.7899e2ee97f715f127c2f54f289fee7b.jpg...

image 1/1 /home/admin/Documents/FEUP-CV/proj/task2/../datasets/extra-3/data/train/2024-03-28-18-28-05_mp4-0046_jpg.rf.7899e2ee97f715f127c2f54f289fee7b.jpg: 640x640 1 pool_table, 12.6ms
Speed: 3.5ms preprocess, 12.6ms inference, 24.5ms postprocess per image at shape (1, 3, 640, 640)
Processing extra-3/data/train/IMG_20240319_121920_jpg.rf.8acc311e452c5628ff765378023d9068.jpg...

image 1/1 /home/admin/Documents/FEUP-CV/proj/task2/../datasets/extra-3/data/train/IMG_20240319_121920_jpg.rf.8acc311e452c5628ff765378023d9068.jpg: 640x640 1 pool_table, 14.6ms
Speed: 4.0ms preprocess, 14.6ms inference, 34.9ms postprocess per image at shape (1, 3, 640, 640)
Processing extra-3/data/train/2024-03-30-11-15-02_mp4-0081_jpg.rf.e4b204f4a6819a5ce829146c0ac016e3.jpg...

image 1/1 /home/admin/Documents/FEUP-CV/proj/task2/../datasets/extra-3/data/train/2024-03-30-11-15-02_mp4-0081_jpg.rf.e4b204f4a6819a5ce829146c0ac016e3.jpg: 640x640 1 pool_table, 16.7ms
Speed: 7.8ms preprocess, 16.7ms inference, 35.2ms postprocess per image at shape (1, 3, 640, 640)
Processing extra-3/data/train/2024-03-30-11-22-03_mp4-0048_jpg.rf.dd68de6a876d3aa90ee79bf8dbe7ada0.jpg...

image 1/1 /home/admin/Documents/FEUP-CV/proj/task2/../datasets/extra-3/data/train/2024-03-30-11-22-03_mp4-0048_jpg.rf.dd68de6a876d3aa90ee79bf8dbe7ada0.jpg: 640x640 1 pool_table, 12.5ms
Speed: 3.7ms preprocess, 12.5ms inference, 24.5ms postprocess per image at shape (1, 3, 640, 640)
Processing extra-3/data/train/IMG_20240319_120844_jpg.rf.9693e06a10414819bdae7fca1c408d81.jpg...

image 1/1 /home/admin/Documents/FEUP-CV/proj/task2/../datasets/extra-3/data/train/IMG_20240319_120844_jpg.rf.9693e06a10414819bdae7fca1c408d81.jpg: 640x640 1 pool_table, 12.4ms
Speed: 3.4ms preprocess, 12.4ms inference, 24.5ms postprocess per image at shape (1, 3, 640, 640)
Processing extra-3/data/train/2024-03-28-18-28-05_mp4-0052_jpg.rf.2b2eb98ad4b1b2995ecaf92ed70527f4.jpg...

image 1/1 /home/admin/Documents/FEUP-CV/proj/task2/../datasets/extra-3/data/train/2024-03-28-18-28-05_mp4-0052_jpg.rf.2b2eb98ad4b1b2995ecaf92ed70527f4.jpg: 640x640 1 pool_table, 12.5ms
Speed: 4.0ms preprocess, 12.5ms inference, 32.9ms postprocess per image at shape (1, 3, 640, 640)
Processing extra-3/data/train/IMG_20240319_121143_jpg.rf.1eb5dfb9cd06e9222bcb9e665cfc9451.jpg...

image 1/1 /home/admin/Documents/FEUP-CV/proj/task2/../datasets/extra-3/data/train/IMG_20240319_121143_jpg.rf.1eb5dfb9cd06e9222bcb9e665cfc9451.jpg: 640x640 1 pool_table, 16.7ms
Speed: 1.9ms preprocess, 16.7ms inference, 35.1ms postprocess per image at shape (1, 3, 640, 640)
Processing extra-3/data/train/20240328_171147_jpg.rf.6c29b1ac72d21158fe6beb25194f235f.jpg...

image 1/1 /home/admin/Documents/FEUP-CV/proj/task2/../datasets/extra-3/data/train/20240328_171147_jpg.rf.6c29b1ac72d21158fe6beb25194f235f.jpg: 640x640 1 pool_table, 12.3ms
Speed: 3.8ms preprocess, 12.3ms inference, 24.4ms postprocess per image at shape (1, 3, 640, 640)
Processing extra-3/data/train/2024-03-28-18-28-05_mp4-0044_jpg.rf.205b448a7db03ae8efe83e7e4e1ec840.jpg...

image 1/1 /home/admin/Documents/FEUP-CV/proj/task2/../datasets/extra-3/data/train/2024-03-28-18-28-05_mp4-0044_jpg.rf.205b448a7db03ae8efe83e7e4e1ec840.jpg: 640x640 1 pool_table, 12.3ms
Speed: 4.0ms preprocess, 12.3ms inference, 24.3ms postprocess per image at shape (1, 3, 640, 640)
Processing extra-3/data/train/2024-03-30-11-07-17_mp4-0057_jpg.rf.9835971a04331c3291d9e93a22a6cb37.jpg...

image 1/1 /home/admin/Documents/FEUP-CV/proj/task2/../datasets/extra-3/data/train/2024-03-30-11-07-17_mp4-0057_jpg.rf.9835971a04331c3291d9e93a22a6cb37.jpg: 640x640 1 pool_table, 12.4ms
Speed: 4.3ms preprocess, 12.4ms inference, 24.3ms postprocess per image at shape (1, 3, 640, 640)
Processing extra-3/data/train/2024-03-28-18-28-05_mp4-0038_jpg.rf.3517106c8823986e6ca6cc17014d854a.jpg...

image 1/1 /home/admin/Documents/FEUP-CV/proj/task2/../datasets/extra-3/data/train/2024-03-28-18-28-05_mp4-0038_jpg.rf.3517106c8823986e6ca6cc17014d854a.jpg: 640x640 1 pool_table, 16.7ms
Speed: 1.5ms preprocess, 16.7ms inference, 35.1ms postprocess per image at shape (1, 3, 640, 640)
Processing extra-3/data/train/2024-03-28-18-28-05_mp4-0017_jpg.rf.106916c4eee29b3f4387e1431ed66876.jpg...

image 1/1 /home/admin/Documents/FEUP-CV/proj/task2/../datasets/extra-3/data/train/2024-03-28-18-28-05_mp4-0017_jpg.rf.106916c4eee29b3f4387e1431ed66876.jpg: 640x640 1 pool_table, 12.5ms
Speed: 1.4ms preprocess, 12.5ms inference, 29.8ms postprocess per image at shape (1, 3, 640, 640)
Processing extra-3/data/train/2024-03-30-11-22-03_mp4-0036_jpg.rf.4f61264fad49649d2ae83c15705d1c52.jpg...

image 1/1 /home/admin/Documents/FEUP-CV/proj/task2/../datasets/extra-3/data/train/2024-03-30-11-22-03_mp4-0036_jpg.rf.4f61264fad49649d2ae83c15705d1c52.jpg: 640x640 1 pool_table, 12.5ms
Speed: 4.0ms preprocess, 12.5ms inference, 24.5ms postprocess per image at shape (1, 3, 640, 640)
Processing extra-3/data/train/IMG_20240319_121516_jpg.rf.cfcc4e1a7a663adee02eaf02bc88c8ae.jpg...

image 1/1 /home/admin/Documents/FEUP-CV/proj/task2/../datasets/extra-3/data/train/IMG_20240319_121516_jpg.rf.cfcc4e1a7a663adee02eaf02bc88c8ae.jpg: 640x640 1 pool_table, 12.4ms
Speed: 4.6ms preprocess, 12.4ms inference, 24.4ms postprocess per image at shape (1, 3, 640, 640)
Processing extra-3/data/train/2024-03-28-15-41-19_mp4-0005_jpg.rf.e6ee7f03885b8ce6dc6cba5ffe0900a9.jpg...

image 1/1 /home/admin/Documents/FEUP-CV/proj/task2/../datasets/extra-3/data/train/2024-03-28-15-41-19_mp4-0005_jpg.rf.e6ee7f03885b8ce6dc6cba5ffe0900a9.jpg: 640x640 1 pool_table, 12.4ms
Speed: 3.2ms preprocess, 12.4ms inference, 32.8ms postprocess per image at shape (1, 3, 640, 640)
Processing extra-3/data/train/2024-03-30-11-15-02_mp4-0018_jpg.rf.47c35d0ade477c30affef159f8f38d75.jpg...

image 1/1 /home/admin/Documents/FEUP-CV/proj/task2/../datasets/extra-3/data/train/2024-03-30-11-15-02_mp4-0018_jpg.rf.47c35d0ade477c30affef159f8f38d75.jpg: 640x640 1 pool_table, 16.6ms
Speed: 1.3ms preprocess, 16.6ms inference, 35.0ms postprocess per image at shape (1, 3, 640, 640)
Processing extra-3/data/train/2024-03-30-11-15-02_mp4-0020_jpg.rf.f1eb5bd1023e4dd2662aa1d9a496260e.jpg...

image 1/1 /home/admin/Documents/FEUP-CV/proj/task2/../datasets/extra-3/data/train/2024-03-30-11-15-02_mp4-0020_jpg.rf.f1eb5bd1023e4dd2662aa1d9a496260e.jpg: 640x640 1 pool_table, 12.5ms
Speed: 3.6ms preprocess, 12.5ms inference, 24.4ms postprocess per image at shape (1, 3, 640, 640)
Processing extra-3/data/train/2024-03-30-11-07-17_mp4-0021_jpg.rf.c339e81294523803a02a0928dae13769.jpg...

image 1/1 /home/admin/Documents/FEUP-CV/proj/task2/../datasets/extra-3/data/train/2024-03-30-11-07-17_mp4-0021_jpg.rf.c339e81294523803a02a0928dae13769.jpg: 640x640 1 pool_table, 12.6ms
Speed: 3.7ms preprocess, 12.6ms inference, 24.5ms postprocess per image at shape (1, 3, 640, 640)
Processing extra-3/data/train/2024-03-30-11-22-03_mp4-0048_jpg.rf.d578b2c5e29fda618e86da2a059b2b68.jpg...

image 1/1 /home/admin/Documents/FEUP-CV/proj/task2/../datasets/extra-3/data/train/2024-03-30-11-22-03_mp4-0048_jpg.rf.d578b2c5e29fda618e86da2a059b2b68.jpg: 640x640 1 pool_table, 12.5ms
Speed: 4.2ms preprocess, 12.5ms inference, 24.6ms postprocess per image at shape (1, 3, 640, 640)
Processing extra-3/data/train/2024-03-30-11-07-17_mp4-0018_jpg.rf.e5d92e203f2ca9858bbb57ecd24eca37.jpg...

image 1/1 /home/admin/Documents/FEUP-CV/proj/task2/../datasets/extra-3/data/train/2024-03-30-11-07-17_mp4-0018_jpg.rf.e5d92e203f2ca9858bbb57ecd24eca37.jpg: 640x640 1 pool_table, 16.8ms
Speed: 1.2ms preprocess, 16.8ms inference, 35.2ms postprocess per image at shape (1, 3, 640, 640)
Processing extra-3/data/train/IMG_20240319_121516_jpg.rf.0b29db687c04f526e69540a9c707608a.jpg...

image 1/1 /home/admin/Documents/FEUP-CV/proj/task2/../datasets/extra-3/data/train/IMG_20240319_121516_jpg.rf.0b29db687c04f526e69540a9c707608a.jpg: 640x640 1 pool_table, 16.8ms
Speed: 1.7ms preprocess, 16.8ms inference, 25.5ms postprocess per image at shape (1, 3, 640, 640)
Processing extra-3/data/train/2024-03-28-15-41-19_mp4-0068_jpg.rf.d3deade4f3f3885914d2d0e3addb9832.jpg...

image 1/1 /home/admin/Documents/FEUP-CV/proj/task2/../datasets/extra-3/data/train/2024-03-28-15-41-19_mp4-0068_jpg.rf.d3deade4f3f3885914d2d0e3addb9832.jpg: 640x640 1 pool_table, 12.4ms
Speed: 4.2ms preprocess, 12.4ms inference, 24.3ms postprocess per image at shape (1, 3, 640, 640)
Processing extra-3/data/train/2024-03-28-18-28-05_mp4-0015_jpg.rf.6d44f636c4a821e68474b82b0c7342d6.jpg...

image 1/1 /home/admin/Documents/FEUP-CV/proj/task2/../datasets/extra-3/data/train/2024-03-28-18-28-05_mp4-0015_jpg.rf.6d44f636c4a821e68474b82b0c7342d6.jpg: 640x640 1 pool_table, 12.3ms
Speed: 4.5ms preprocess, 12.3ms inference, 22.7ms postprocess per image at shape (1, 3, 640, 640)
Processing extra-3/data/train/2024-03-28-15-41-19_mp4-0086_jpg.rf.147ab6f3eb0041b94145d3d03fb3efb5.jpg...

image 1/1 /home/admin/Documents/FEUP-CV/proj/task2/../datasets/extra-3/data/train/2024-03-28-15-41-19_mp4-0086_jpg.rf.147ab6f3eb0041b94145d3d03fb3efb5.jpg: 640x640 1 pool_table, 9.9ms
Speed: 4.6ms preprocess, 9.9ms inference, 24.2ms postprocess per image at shape (1, 3, 640, 640)
Processing extra-3/data/train/2024-03-28-18-35-18_mp4-0030_jpg.rf.fd747d5ef85236f65398c7e80f23edcf.jpg...

image 1/1 /home/admin/Documents/FEUP-CV/proj/task2/../datasets/extra-3/data/train/2024-03-28-18-35-18_mp4-0030_jpg.rf.fd747d5ef85236f65398c7e80f23edcf.jpg: 640x640 1 pool_table, 16.8ms
Speed: 8.0ms preprocess, 16.8ms inference, 35.1ms postprocess per image at shape (1, 3, 640, 640)
Processing extra-3/data/train/2024-03-30-11-15-02_mp4-0062_jpg.rf.ddcc08c4063f38aef82ee833dbaa7458.jpg...

image 1/1 /home/admin/Documents/FEUP-CV/proj/task2/../datasets/extra-3/data/train/2024-03-30-11-15-02_mp4-0062_jpg.rf.ddcc08c4063f38aef82ee833dbaa7458.jpg: 640x640 1 pool_table, 12.6ms
Speed: 3.4ms preprocess, 12.6ms inference, 24.5ms postprocess per image at shape (1, 3, 640, 640)
Processing extra-3/data/train/2024-03-30-11-15-02_mp4-0061_jpg.rf.b49bda9b02516bfdc76ebe24dce40b78.jpg...

image 1/1 /home/admin/Documents/FEUP-CV/proj/task2/../datasets/extra-3/data/train/2024-03-30-11-15-02_mp4-0061_jpg.rf.b49bda9b02516bfdc76ebe24dce40b78.jpg: 640x640 1 pool_table, 12.7ms
Speed: 3.6ms preprocess, 12.7ms inference, 24.4ms postprocess per image at shape (1, 3, 640, 640)
Processing extra-3/data/train/IMG_20240319_120712_jpg.rf.7b0951e3aa53b3d235bf3df7adbbbd95.jpg...

image 1/1 /home/admin/Documents/FEUP-CV/proj/task2/../datasets/extra-3/data/train/IMG_20240319_120712_jpg.rf.7b0951e3aa53b3d235bf3df7adbbbd95.jpg: 640x640 1 pool_table, 12.4ms
Speed: 3.8ms preprocess, 12.4ms inference, 24.4ms postprocess per image at shape (1, 3, 640, 640)
Processing extra-3/data/train/2024-03-28-15-41-19_mp4-0071_jpg.rf.2c1917c4c789634fbeea1d6530aa6903.jpg...

image 1/1 /home/admin/Documents/FEUP-CV/proj/task2/../datasets/extra-3/data/train/2024-03-28-15-41-19_mp4-0071_jpg.rf.2c1917c4c789634fbeea1d6530aa6903.jpg: 640x640 1 pool_table, 16.6ms
Speed: 7.7ms preprocess, 16.6ms inference, 34.9ms postprocess per image at shape (1, 3, 640, 640)
Processing extra-3/data/train/2024-03-28-15-41-19_mp4-0094_jpg.rf.b06705aa05fa27cd091229e3db0755df.jpg...

image 1/1 /home/admin/Documents/FEUP-CV/proj/task2/../datasets/extra-3/data/train/2024-03-28-15-41-19_mp4-0094_jpg.rf.b06705aa05fa27cd091229e3db0755df.jpg: 640x640 1 pool_table, 15.9ms
Speed: 1.7ms preprocess, 15.9ms inference, 24.4ms postprocess per image at shape (1, 3, 640, 640)
Processing extra-3/data/train/IMG_20240319_122231_jpg.rf.cf2a6637a7475ba542e41dd2907ffa34.jpg...

image 1/1 /home/admin/Documents/FEUP-CV/proj/task2/../datasets/extra-3/data/train/IMG_20240319_122231_jpg.rf.cf2a6637a7475ba542e41dd2907ffa34.jpg: 640x640 1 pool_table, 12.7ms
Speed: 4.6ms preprocess, 12.7ms inference, 24.5ms postprocess per image at shape (1, 3, 640, 640)
Processing extra-3/data/train/2024-03-30-11-15-02_mp4-0061_jpg.rf.f9e03bd289941f7373a8446856c580cc.jpg...

image 1/1 /home/admin/Documents/FEUP-CV/proj/task2/../datasets/extra-3/data/train/2024-03-30-11-15-02_mp4-0061_jpg.rf.f9e03bd289941f7373a8446856c580cc.jpg: 640x640 1 pool_table, 12.7ms
Speed: 4.3ms preprocess, 12.7ms inference, 24.6ms postprocess per image at shape (1, 3, 640, 640)
Processing extra-3/data/train/2024-03-30-11-15-02_mp4-0024_jpg.rf.4a0da04a8b05131ccf0114bd1833610c.jpg...

image 1/1 /home/admin/Documents/FEUP-CV/proj/task2/../datasets/extra-3/data/train/2024-03-30-11-15-02_mp4-0024_jpg.rf.4a0da04a8b05131ccf0114bd1833610c.jpg: 640x640 1 pool_table, 16.8ms
Speed: 1.9ms preprocess, 16.8ms inference, 33.6ms postprocess per image at shape (1, 3, 640, 640)
Processing extra-3/data/train/2024-03-28-15-41-19_mp4-0075_jpg.rf.ba3c1013bd0a722615f241fb2a3d37a1.jpg...

image 1/1 /home/admin/Documents/FEUP-CV/proj/task2/../datasets/extra-3/data/train/2024-03-28-15-41-19_mp4-0075_jpg.rf.ba3c1013bd0a722615f241fb2a3d37a1.jpg: 640x640 1 pool_table, 16.5ms
Speed: 1.9ms preprocess, 16.5ms inference, 32.4ms postprocess per image at shape (1, 3, 640, 640)
Processing extra-3/data/train/2024-03-30-11-22-03_mp4-0015_jpg.rf.80b86ba59398bec33fd351ea8790a466.jpg...

image 1/1 /home/admin/Documents/FEUP-CV/proj/task2/../datasets/extra-3/data/train/2024-03-30-11-22-03_mp4-0015_jpg.rf.80b86ba59398bec33fd351ea8790a466.jpg: 640x640 1 pool_table, 12.2ms
Speed: 4.1ms preprocess, 12.2ms inference, 16.9ms postprocess per image at shape (1, 3, 640, 640)
Processing extra-3/data/train/2024-03-28-15-41-19_mp4-0089_jpg.rf.3ee8b2c000195cb01b41362e7c9b46d1.jpg...

image 1/1 /home/admin/Documents/FEUP-CV/proj/task2/../datasets/extra-3/data/train/2024-03-28-15-41-19_mp4-0089_jpg.rf.3ee8b2c000195cb01b41362e7c9b46d1.jpg: 640x640 1 pool_table, 12.3ms
Speed: 3.7ms preprocess, 12.3ms inference, 24.3ms postprocess per image at shape (1, 3, 640, 640)
Processing extra-3/data/train/20240328_171206_jpg.rf.d920b6e60c1a0d8be9977db6fc4054c3.jpg...

image 1/1 /home/admin/Documents/FEUP-CV/proj/task2/../datasets/extra-3/data/train/20240328_171206_jpg.rf.d920b6e60c1a0d8be9977db6fc4054c3.jpg: 640x640 1 pool_table, 12.6ms
Speed: 4.0ms preprocess, 12.6ms inference, 30.8ms postprocess per image at shape (1, 3, 640, 640)
Processing extra-3/data/train/IMG_20240319_122123_jpg.rf.5ec09d446173ade9789ae91fd75f5d7a.jpg...

image 1/1 /home/admin/Documents/FEUP-CV/proj/task2/../datasets/extra-3/data/train/IMG_20240319_122123_jpg.rf.5ec09d446173ade9789ae91fd75f5d7a.jpg: 640x640 1 pool_table, 16.7ms
Speed: 6.7ms preprocess, 16.7ms inference, 35.0ms postprocess per image at shape (1, 3, 640, 640)
Processing extra-3/data/train/2024-03-30-11-15-02_mp4-0076_jpg.rf.df0a35d6acc5e6daf880c7c3ff81ce6f.jpg...

image 1/1 /home/admin/Documents/FEUP-CV/proj/task2/../datasets/extra-3/data/train/2024-03-30-11-15-02_mp4-0076_jpg.rf.df0a35d6acc5e6daf880c7c3ff81ce6f.jpg: 640x640 1 pool_table, 12.6ms
Speed: 2.2ms preprocess, 12.6ms inference, 24.5ms postprocess per image at shape (1, 3, 640, 640)
Processing extra-3/data/train/2024-03-30-11-07-17_mp4-0063_jpg.rf.bb795c781e10fdb51611695a2a5beea9.jpg...

image 1/1 /home/admin/Documents/FEUP-CV/proj/task2/../datasets/extra-3/data/train/2024-03-30-11-07-17_mp4-0063_jpg.rf.bb795c781e10fdb51611695a2a5beea9.jpg: 640x640 1 pool_table, 12.5ms
Speed: 3.9ms preprocess, 12.5ms inference, 24.5ms postprocess per image at shape (1, 3, 640, 640)
Processing extra-3/data/train/2024-03-30-11-07-17_mp4-0038_jpg.rf.7f30bce6ad517214d89fbdeafe3ee0cf.jpg...

image 1/1 /home/admin/Documents/FEUP-CV/proj/task2/../datasets/extra-3/data/train/2024-03-30-11-07-17_mp4-0038_jpg.rf.7f30bce6ad517214d89fbdeafe3ee0cf.jpg: 640x640 1 pool_table, 12.5ms
Speed: 4.1ms preprocess, 12.5ms inference, 24.5ms postprocess per image at shape (1, 3, 640, 640)
Processing extra-3/data/train/2024-03-28-15-41-19_mp4-0073_jpg.rf.974db244d951b2e55412a73668b7a02c.jpg...

image 1/1 /home/admin/Documents/FEUP-CV/proj/task2/../datasets/extra-3/data/train/2024-03-28-15-41-19_mp4-0073_jpg.rf.974db244d951b2e55412a73668b7a02c.jpg: 640x640 1 pool_table, 12.5ms
Speed: 3.9ms preprocess, 12.5ms inference, 32.8ms postprocess per image at shape (1, 3, 640, 640)
Processing extra-3/data/train/2024-03-30-11-22-03_mp4-0018_jpg.rf.5e70f78b5feb4cc57ae8c8d98cb10b57.jpg...

image 1/1 /home/admin/Documents/FEUP-CV/proj/task2/../datasets/extra-3/data/train/2024-03-30-11-22-03_mp4-0018_jpg.rf.5e70f78b5feb4cc57ae8c8d98cb10b57.jpg: 640x640 1 pool_table, 16.7ms
Speed: 1.6ms preprocess, 16.7ms inference, 28.7ms postprocess per image at shape (1, 3, 640, 640)
Processing extra-3/data/train/2024-03-28-18-35-18_mp4-0002_jpg.rf.468e61e47c6491bdf5c2e3dfa66ab9d9.jpg...

image 1/1 /home/admin/Documents/FEUP-CV/proj/task2/../datasets/extra-3/data/train/2024-03-28-18-35-18_mp4-0002_jpg.rf.468e61e47c6491bdf5c2e3dfa66ab9d9.jpg: 640x640 1 pool_table, 12.4ms
Speed: 3.6ms preprocess, 12.4ms inference, 24.2ms postprocess per image at shape (1, 3, 640, 640)
Processing extra-3/data/train/2024-03-30-11-07-17_mp4-0036_jpg.rf.47d678e576c355daf3e406bbeae05c3c.jpg...

image 1/1 /home/admin/Documents/FEUP-CV/proj/task2/../datasets/extra-3/data/train/2024-03-30-11-07-17_mp4-0036_jpg.rf.47d678e576c355daf3e406bbeae05c3c.jpg: 640x640 1 pool_table, 12.8ms
Speed: 4.2ms preprocess, 12.8ms inference, 24.2ms postprocess per image at shape (1, 3, 640, 640)
Processing extra-3/data/train/2024-03-30-11-15-02_mp4-0075_jpg.rf.cd5daf1c09d04764c9061ef35e6b1535.jpg...

image 1/1 /home/admin/Documents/FEUP-CV/proj/task2/../datasets/extra-3/data/train/2024-03-30-11-15-02_mp4-0075_jpg.rf.cd5daf1c09d04764c9061ef35e6b1535.jpg: 640x640 1 pool_table, 16.7ms
Speed: 4.5ms preprocess, 16.7ms inference, 34.8ms postprocess per image at shape (1, 3, 640, 640)
Processing extra-3/data/train/20240328_171155_jpg.rf.bb6f5631fbbb2cd1383dec290b391428.jpg...

image 1/1 /home/admin/Documents/FEUP-CV/proj/task2/../datasets/extra-3/data/train/20240328_171155_jpg.rf.bb6f5631fbbb2cd1383dec290b391428.jpg: 640x640 1 pool_table, 16.7ms
Speed: 3.9ms preprocess, 16.7ms inference, 32.9ms postprocess per image at shape (1, 3, 640, 640)
Processing extra-3/data/train/2024-03-30-11-07-17_mp4-0039_jpg.rf.41e34929e90d91484a1a19347899d459.jpg...

image 1/1 /home/admin/Documents/FEUP-CV/proj/task2/../datasets/extra-3/data/train/2024-03-30-11-07-17_mp4-0039_jpg.rf.41e34929e90d91484a1a19347899d459.jpg: 640x640 1 pool_table, 12.4ms
Speed: 2.5ms preprocess, 12.4ms inference, 24.4ms postprocess per image at shape (1, 3, 640, 640)
Processing extra-3/data/train/2024-03-28-15-41-19_mp4-0080_jpg.rf.737ea5f234229401e2378da21bc9441d.jpg...

image 1/1 /home/admin/Documents/FEUP-CV/proj/task2/../datasets/extra-3/data/train/2024-03-28-15-41-19_mp4-0080_jpg.rf.737ea5f234229401e2378da21bc9441d.jpg: 640x640 1 pool_table, 12.4ms
Speed: 3.7ms preprocess, 12.4ms inference, 24.4ms postprocess per image at shape (1, 3, 640, 640)
Processing extra-3/data/train/2024-03-28-15-41-19_mp4-0085_jpg.rf.43f5c13a7ce15d24a36454b599c6d8c4.jpg...

image 1/1 /home/admin/Documents/FEUP-CV/proj/task2/../datasets/extra-3/data/train/2024-03-28-15-41-19_mp4-0085_jpg.rf.43f5c13a7ce15d24a36454b599c6d8c4.jpg: 640x640 1 pool_table, 12.4ms
Speed: 4.1ms preprocess, 12.4ms inference, 28.6ms postprocess per image at shape (1, 3, 640, 640)
Processing extra-3/data/train/2024-03-30-11-07-17_mp4-0063_jpg.rf.2ddcffe0c9055e234744e042d6128bb3.jpg...

image 1/1 /home/admin/Documents/FEUP-CV/proj/task2/../datasets/extra-3/data/train/2024-03-30-11-07-17_mp4-0063_jpg.rf.2ddcffe0c9055e234744e042d6128bb3.jpg: 640x640 1 pool_table, 16.9ms
Speed: 1.3ms preprocess, 16.9ms inference, 35.2ms postprocess per image at shape (1, 3, 640, 640)
Processing extra-3/data/train/2024-03-30-11-07-17_mp4-0051_jpg.rf.3e70a37ffeea3cbb00075d7f1894f3a4.jpg...

image 1/1 /home/admin/Documents/FEUP-CV/proj/task2/../datasets/extra-3/data/train/2024-03-30-11-07-17_mp4-0051_jpg.rf.3e70a37ffeea3cbb00075d7f1894f3a4.jpg: 640x640 1 pool_table, 9.4ms
Speed: 1.5ms preprocess, 9.4ms inference, 18.0ms postprocess per image at shape (1, 3, 640, 640)
Processing extra-3/data/train/2024-03-30-11-22-03_mp4-0043_jpg.rf.7767f3d3ca233443a69b8d49dbd915a8.jpg...

image 1/1 /home/admin/Documents/FEUP-CV/proj/task2/../datasets/extra-3/data/train/2024-03-30-11-22-03_mp4-0043_jpg.rf.7767f3d3ca233443a69b8d49dbd915a8.jpg: 640x640 1 pool_table, 12.5ms
Speed: 4.2ms preprocess, 12.5ms inference, 24.4ms postprocess per image at shape (1, 3, 640, 640)
Processing extra-3/data/train/IMG_20240319_122245_jpg.rf.bcc0c12a7a1c46b1916f0e7926d796af.jpg...

image 1/1 /home/admin/Documents/FEUP-CV/proj/task2/../datasets/extra-3/data/train/IMG_20240319_122245_jpg.rf.bcc0c12a7a1c46b1916f0e7926d796af.jpg: 640x640 1 pool_table, 12.3ms
Speed: 3.4ms preprocess, 12.3ms inference, 24.3ms postprocess per image at shape (1, 3, 640, 640)
Processing extra-3/data/train/IMG_20240319_122231_jpg.rf.d2ec372841992ce15ea127e8c49856a6.jpg...

image 1/1 /home/admin/Documents/FEUP-CV/proj/task2/../datasets/extra-3/data/train/IMG_20240319_122231_jpg.rf.d2ec372841992ce15ea127e8c49856a6.jpg: 640x640 1 pool_table, 16.5ms
Speed: 7.4ms preprocess, 16.5ms inference, 34.9ms postprocess per image at shape (1, 3, 640, 640)
Processing extra-3/data/train/2024-03-30-11-07-17_mp4-0059_jpg.rf.a8cc69abe1d1a69e4350473a22b4a523.jpg...

image 1/1 /home/admin/Documents/FEUP-CV/proj/task2/../datasets/extra-3/data/train/2024-03-30-11-07-17_mp4-0059_jpg.rf.a8cc69abe1d1a69e4350473a22b4a523.jpg: 640x640 1 pool_table, 16.8ms
Speed: 1.4ms preprocess, 16.8ms inference, 30.8ms postprocess per image at shape (1, 3, 640, 640)
Processing extra-3/data/train/2024-03-28-15-41-19_mp4-0037_jpg.rf.8b9eb8802515e948782749da6bacae5a.jpg...

image 1/1 /home/admin/Documents/FEUP-CV/proj/task2/../datasets/extra-3/data/train/2024-03-28-15-41-19_mp4-0037_jpg.rf.8b9eb8802515e948782749da6bacae5a.jpg: 640x640 1 pool_table, 12.6ms
Speed: 4.2ms preprocess, 12.6ms inference, 24.6ms postprocess per image at shape (1, 3, 640, 640)
Processing extra-3/data/train/20240328_171434_jpg.rf.bbbb7ae8b11ccbe1fc339b6f8299ef6f.jpg...

image 1/1 /home/admin/Documents/FEUP-CV/proj/task2/../datasets/extra-3/data/train/20240328_171434_jpg.rf.bbbb7ae8b11ccbe1fc339b6f8299ef6f.jpg: 640x640 1 pool_table, 12.6ms
Speed: 4.2ms preprocess, 12.6ms inference, 21.8ms postprocess per image at shape (1, 3, 640, 640)
Processing extra-3/data/train/IMG_20240319_122126_jpg.rf.5a8fda581bf462add14a924e81bae546.jpg...

image 1/1 /home/admin/Documents/FEUP-CV/proj/task2/../datasets/extra-3/data/train/IMG_20240319_122126_jpg.rf.5a8fda581bf462add14a924e81bae546.jpg: 640x640 1 pool_table, 14.4ms
Speed: 3.4ms preprocess, 14.4ms inference, 34.9ms postprocess per image at shape (1, 3, 640, 640)
Processing extra-3/data/train/IMG_20240319_121146_jpg.rf.1154f301d73dae563e28517928dbb276.jpg...

image 1/1 /home/admin/Documents/FEUP-CV/proj/task2/../datasets/extra-3/data/train/IMG_20240319_121146_jpg.rf.1154f301d73dae563e28517928dbb276.jpg: 640x640 1 pool_table, 12.2ms
Speed: 6.1ms preprocess, 12.2ms inference, 29.6ms postprocess per image at shape (1, 3, 640, 640)
Processing extra-3/data/train/2024-03-28-15-41-19_mp4-0021_jpg.rf.1ea1b6c258732157669d19d55b5be94d.jpg...

image 1/1 /home/admin/Documents/FEUP-CV/proj/task2/../datasets/extra-3/data/train/2024-03-28-15-41-19_mp4-0021_jpg.rf.1ea1b6c258732157669d19d55b5be94d.jpg: 640x640 1 pool_table, 12.2ms
Speed: 2.9ms preprocess, 12.2ms inference, 24.3ms postprocess per image at shape (1, 3, 640, 640)
Processing extra-3/data/train/2024-03-30-11-15-02_mp4-0005_jpg.rf.2949a31096b86cc076af762a548ea3c5.jpg...

image 1/1 /home/admin/Documents/FEUP-CV/proj/task2/../datasets/extra-3/data/train/2024-03-30-11-15-02_mp4-0005_jpg.rf.2949a31096b86cc076af762a548ea3c5.jpg: 640x640 1 pool_table, 12.5ms
Speed: 4.1ms preprocess, 12.5ms inference, 24.4ms postprocess per image at shape (1, 3, 640, 640)
Processing extra-3/data/train/2024-03-30-11-07-17_mp4-0013_jpg.rf.030631f5a96f30aa90bbb73a099d2b53.jpg...

image 1/1 /home/admin/Documents/FEUP-CV/proj/task2/../datasets/extra-3/data/train/2024-03-30-11-07-17_mp4-0013_jpg.rf.030631f5a96f30aa90bbb73a099d2b53.jpg: 640x640 1 pool_table, 12.5ms
Speed: 3.7ms preprocess, 12.5ms inference, 32.8ms postprocess per image at shape (1, 3, 640, 640)
Processing extra-3/data/train/2024-03-30-11-15-02_mp4-0070_jpg.rf.d60fb2c7347dc8ea3e486bcdc09723d1.jpg...

image 1/1 /home/admin/Documents/FEUP-CV/proj/task2/../datasets/extra-3/data/train/2024-03-30-11-15-02_mp4-0070_jpg.rf.d60fb2c7347dc8ea3e486bcdc09723d1.jpg: 640x640 1 pool_table, 16.6ms
Speed: 7.7ms preprocess, 16.6ms inference, 35.0ms postprocess per image at shape (1, 3, 640, 640)
Processing extra-3/data/train/20240328_171155_jpg.rf.a4d8631d9b45536de887312494f28dd2.jpg...

image 1/1 /home/admin/Documents/FEUP-CV/proj/task2/../datasets/extra-3/data/train/20240328_171155_jpg.rf.a4d8631d9b45536de887312494f28dd2.jpg: 640x640 1 pool_table, 12.5ms
Speed: 3.7ms preprocess, 12.5ms inference, 24.5ms postprocess per image at shape (1, 3, 640, 640)
Processing extra-3/data/train/IMG_20240319_120621_jpg.rf.63f4418a4a104f3f52c652aea5a2bcd3.jpg...

image 1/1 /home/admin/Documents/FEUP-CV/proj/task2/../datasets/extra-3/data/train/IMG_20240319_120621_jpg.rf.63f4418a4a104f3f52c652aea5a2bcd3.jpg: 640x640 1 pool_table, 12.4ms
Speed: 2.9ms preprocess, 12.4ms inference, 24.5ms postprocess per image at shape (1, 3, 640, 640)
Processing extra-3/data/train/2024-03-28-15-41-19_mp4-0032_jpg.rf.7c2be7eb4f6d297d02f202a4b571e017.jpg...

image 1/1 /home/admin/Documents/FEUP-CV/proj/task2/../datasets/extra-3/data/train/2024-03-28-15-41-19_mp4-0032_jpg.rf.7c2be7eb4f6d297d02f202a4b571e017.jpg: 640x640 1 pool_table, 12.5ms
Speed: 4.2ms preprocess, 12.5ms inference, 24.4ms postprocess per image at shape (1, 3, 640, 640)
Processing extra-3/data/train/2024-03-28-15-41-19_mp4-0020_jpg.rf.483bbb7ba1faefa74b83825d2326de74.jpg...

image 1/1 /home/admin/Documents/FEUP-CV/proj/task2/../datasets/extra-3/data/train/2024-03-28-15-41-19_mp4-0020_jpg.rf.483bbb7ba1faefa74b83825d2326de74.jpg: 640x640 1 pool_table, 16.7ms
Speed: 2.0ms preprocess, 16.7ms inference, 27.1ms postprocess per image at shape (1, 3, 640, 640)
Processing extra-3/data/train/2024-03-30-11-15-02_mp4-0011_jpg.rf.96f6702b3b6fd24925f048c63353eb5a.jpg...

image 1/1 /home/admin/Documents/FEUP-CV/proj/task2/../datasets/extra-3/data/train/2024-03-30-11-15-02_mp4-0011_jpg.rf.96f6702b3b6fd24925f048c63353eb5a.jpg: 640x640 1 pool_table, 16.7ms
Speed: 2.0ms preprocess, 16.7ms inference, 25.3ms postprocess per image at shape (1, 3, 640, 640)
Processing extra-3/data/train/2024-03-28-18-35-18_mp4-0033_jpg.rf.63d08a325a14c52fa35305cadac05543.jpg...

image 1/1 /home/admin/Documents/FEUP-CV/proj/task2/../datasets/extra-3/data/train/2024-03-28-18-35-18_mp4-0033_jpg.rf.63d08a325a14c52fa35305cadac05543.jpg: 640x640 1 pool_table, 8.2ms
Speed: 3.2ms preprocess, 8.2ms inference, 22.2ms postprocess per image at shape (1, 3, 640, 640)
Processing extra-3/data/train/2024-03-30-11-07-17_mp4-0055_jpg.rf.c3aa05b4215fbcf7f066b21876132956.jpg...

image 1/1 /home/admin/Documents/FEUP-CV/proj/task2/../datasets/extra-3/data/train/2024-03-30-11-07-17_mp4-0055_jpg.rf.c3aa05b4215fbcf7f066b21876132956.jpg: 640x640 1 pool_table, 12.3ms
Speed: 3.9ms preprocess, 12.3ms inference, 24.3ms postprocess per image at shape (1, 3, 640, 640)
Processing extra-3/data/train/2024-03-30-11-07-17_mp4-0059_jpg.rf.f37a5bdc926b192d3d9a108e6d98fcb4.jpg...

image 1/1 /home/admin/Documents/FEUP-CV/proj/task2/../datasets/extra-3/data/train/2024-03-30-11-07-17_mp4-0059_jpg.rf.f37a5bdc926b192d3d9a108e6d98fcb4.jpg: 640x640 1 pool_table, 12.4ms
Speed: 3.9ms preprocess, 12.4ms inference, 32.8ms postprocess per image at shape (1, 3, 640, 640)
Processing extra-3/data/train/2024-03-28-15-41-19_mp4-0031_jpg.rf.e75908e3f990698661f26b2a7e08bd71.jpg...

image 1/1 /home/admin/Documents/FEUP-CV/proj/task2/../datasets/extra-3/data/train/2024-03-28-15-41-19_mp4-0031_jpg.rf.e75908e3f990698661f26b2a7e08bd71.jpg: 640x640 1 pool_table, 16.9ms
Speed: 3.8ms preprocess, 16.9ms inference, 35.2ms postprocess per image at shape (1, 3, 640, 640)
Processing extra-3/data/train/20240319_120440_jpg.rf.701f710eb560c3e0417983b5674fa214.jpg...

image 1/1 /home/admin/Documents/FEUP-CV/proj/task2/../datasets/extra-3/data/train/20240319_120440_jpg.rf.701f710eb560c3e0417983b5674fa214.jpg: 640x640 1 pool_table, 12.6ms
Speed: 3.2ms preprocess, 12.6ms inference, 24.5ms postprocess per image at shape (1, 3, 640, 640)
Processing extra-3/data/train/2024-03-30-11-07-17_mp4-0015_jpg.rf.0afb0e9bb0da8673a5e5aad700f6c297.jpg...

image 1/1 /home/admin/Documents/FEUP-CV/proj/task2/../datasets/extra-3/data/train/2024-03-30-11-07-17_mp4-0015_jpg.rf.0afb0e9bb0da8673a5e5aad700f6c297.jpg: 640x640 1 pool_table, 12.6ms
Speed: 1.4ms preprocess, 12.6ms inference, 24.5ms postprocess per image at shape (1, 3, 640, 640)
Processing extra-3/data/train/2024-03-30-11-07-17_mp4-0056_jpg.rf.a0e8acdfe020f6d31ea0fafe485f9dbb.jpg...

image 1/1 /home/admin/Documents/FEUP-CV/proj/task2/../datasets/extra-3/data/train/2024-03-30-11-07-17_mp4-0056_jpg.rf.a0e8acdfe020f6d31ea0fafe485f9dbb.jpg: 640x640 1 pool_table, 12.3ms
Speed: 4.3ms preprocess, 12.3ms inference, 24.3ms postprocess per image at shape (1, 3, 640, 640)
Processing extra-3/data/train/20240328_171428_jpg.rf.3c161cbf4dbc1cacc2de8e682e135b8f.jpg...

image 1/1 /home/admin/Documents/FEUP-CV/proj/task2/../datasets/extra-3/data/train/20240328_171428_jpg.rf.3c161cbf4dbc1cacc2de8e682e135b8f.jpg: 640x640 1 pool_table, 16.6ms
Speed: 2.0ms preprocess, 16.6ms inference, 34.3ms postprocess per image at shape (1, 3, 640, 640)
Processing extra-3/data/train/2024-03-28-18-28-05_mp4-0042_jpg.rf.bcc1add0ed32c522d1af0780221305a6.jpg...

image 1/1 /home/admin/Documents/FEUP-CV/proj/task2/../datasets/extra-3/data/train/2024-03-28-18-28-05_mp4-0042_jpg.rf.bcc1add0ed32c522d1af0780221305a6.jpg: 640x640 1 pool_table, 16.4ms
Speed: 1.3ms preprocess, 16.4ms inference, 25.7ms postprocess per image at shape (1, 3, 640, 640)
Processing extra-3/data/train/2024-03-28-15-41-19_mp4-0048_jpg.rf.2db28b5867d07d267e10d1051c6fbde9.jpg...

image 1/1 /home/admin/Documents/FEUP-CV/proj/task2/../datasets/extra-3/data/train/2024-03-28-15-41-19_mp4-0048_jpg.rf.2db28b5867d07d267e10d1051c6fbde9.jpg: 640x640 1 pool_table, 12.7ms
Speed: 4.7ms preprocess, 12.7ms inference, 24.5ms postprocess per image at shape (1, 3, 640, 640)
Processing extra-3/data/train/IMG_20240319_122002_jpg.rf.dc67deebda24ee94d6895db27c8818da.jpg...

image 1/1 /home/admin/Documents/FEUP-CV/proj/task2/../datasets/extra-3/data/train/IMG_20240319_122002_jpg.rf.dc67deebda24ee94d6895db27c8818da.jpg: 640x640 1 pool_table, 12.6ms
Speed: 4.2ms preprocess, 12.6ms inference, 24.4ms postprocess per image at shape (1, 3, 640, 640)
Processing extra-3/data/train/IMG_20240319_121936_jpg.rf.2aac8a0d0daf834fd6b164f1f377e20c.jpg...

image 1/1 /home/admin/Documents/FEUP-CV/proj/task2/../datasets/extra-3/data/train/IMG_20240319_121936_jpg.rf.2aac8a0d0daf834fd6b164f1f377e20c.jpg: 640x640 1 pool_table, 12.6ms
Speed: 3.6ms preprocess, 12.6ms inference, 34.9ms postprocess per image at shape (1, 3, 640, 640)
Processing extra-3/data/train/IMG_20240319_122129_jpg.rf.cf5c6ec3d959c28410445174e5a0f69e.jpg...

image 1/1 /home/admin/Documents/FEUP-CV/proj/task2/../datasets/extra-3/data/train/IMG_20240319_122129_jpg.rf.cf5c6ec3d959c28410445174e5a0f69e.jpg: 640x640 1 pool_table, 16.5ms
Speed: 7.8ms preprocess, 16.5ms inference, 34.9ms postprocess per image at shape (1, 3, 640, 640)
Processing extra-3/data/train/2024-03-28-15-41-19_mp4-0012_jpg.rf.e2a49ba5509491710bd1167606df78b0.jpg...

image 1/1 /home/admin/Documents/FEUP-CV/proj/task2/../datasets/extra-3/data/train/2024-03-28-15-41-19_mp4-0012_jpg.rf.e2a49ba5509491710bd1167606df78b0.jpg: 640x640 1 pool_table, 12.4ms
Speed: 3.0ms preprocess, 12.4ms inference, 24.4ms postprocess per image at shape (1, 3, 640, 640)
Processing extra-3/data/train/2024-03-28-18-28-05_mp4-0025_jpg.rf.3c3d75182635245b142dfac9ed69d45b.jpg...

image 1/1 /home/admin/Documents/FEUP-CV/proj/task2/../datasets/extra-3/data/train/2024-03-28-18-28-05_mp4-0025_jpg.rf.3c3d75182635245b142dfac9ed69d45b.jpg: 640x640 1 pool_table, 12.6ms
Speed: 3.7ms preprocess, 12.6ms inference, 24.5ms postprocess per image at shape (1, 3, 640, 640)
Processing extra-3/data/train/IMG_20240319_120530_jpg.rf.27a14950d6ccbd46da2e67815abf2aac.jpg...

image 1/1 /home/admin/Documents/FEUP-CV/proj/task2/../datasets/extra-3/data/train/IMG_20240319_120530_jpg.rf.27a14950d6ccbd46da2e67815abf2aac.jpg: 640x640 1 pool_table, 16.7ms
Speed: 7.6ms preprocess, 16.7ms inference, 34.9ms postprocess per image at shape (1, 3, 640, 640)
Processing extra-3/data/train/2024-03-28-18-35-18_mp4-0017_jpg.rf.c7e46bddf2d8ee7406602e2fd5afd9ff.jpg...

image 1/1 /home/admin/Documents/FEUP-CV/proj/task2/../datasets/extra-3/data/train/2024-03-28-18-35-18_mp4-0017_jpg.rf.c7e46bddf2d8ee7406602e2fd5afd9ff.jpg: 640x640 1 pool_table, 12.4ms
Speed: 3.9ms preprocess, 12.4ms inference, 24.3ms postprocess per image at shape (1, 3, 640, 640)
Processing extra-3/data/train/IMG_20240319_121925_jpg.rf.628cced4dfcf3fe2b5e18cbcd5d47055.jpg...

image 1/1 /home/admin/Documents/FEUP-CV/proj/task2/../datasets/extra-3/data/train/IMG_20240319_121925_jpg.rf.628cced4dfcf3fe2b5e18cbcd5d47055.jpg: 640x640 1 pool_table, 12.6ms
Speed: 4.1ms preprocess, 12.6ms inference, 24.6ms postprocess per image at shape (1, 3, 640, 640)
Processing extra-3/data/train/IMG_20240319_121150_jpg.rf.e06330b66ef34b3f07acac950459fafa.jpg...

image 1/1 /home/admin/Documents/FEUP-CV/proj/task2/../datasets/extra-3/data/train/IMG_20240319_121150_jpg.rf.e06330b66ef34b3f07acac950459fafa.jpg: 640x640 1 pool_table, 12.6ms
Speed: 3.7ms preprocess, 12.6ms inference, 24.5ms postprocess per image at shape (1, 3, 640, 640)
Processing extra-3/data/train/IMG_20240319_120834_jpg.rf.59a5bc3e5b0b449cc8440ef22af91eb1.jpg...

image 1/1 /home/admin/Documents/FEUP-CV/proj/task2/../datasets/extra-3/data/train/IMG_20240319_120834_jpg.rf.59a5bc3e5b0b449cc8440ef22af91eb1.jpg: 640x640 1 pool_table, 14.7ms
Speed: 3.8ms preprocess, 14.7ms inference, 35.1ms postprocess per image at shape (1, 3, 640, 640)
Processing extra-3/data/train/2024-03-30-11-22-03_mp4-0036_jpg.rf.cbe10563220da5841a4104b1894e1e6d.jpg...

image 1/1 /home/admin/Documents/FEUP-CV/proj/task2/../datasets/extra-3/data/train/2024-03-30-11-22-03_mp4-0036_jpg.rf.cbe10563220da5841a4104b1894e1e6d.jpg: 640x640 1 pool_table, 16.7ms
Speed: 1.7ms preprocess, 16.7ms inference, 34.8ms postprocess per image at shape (1, 3, 640, 640)
Processing extra-3/data/train/2024-03-28-18-28-05_mp4-0018_jpg.rf.caf263f69682c4cf346ab332e1acd868.jpg...

image 1/1 /home/admin/Documents/FEUP-CV/proj/task2/../datasets/extra-3/data/train/2024-03-28-18-28-05_mp4-0018_jpg.rf.caf263f69682c4cf346ab332e1acd868.jpg: 640x640 1 pool_table, 12.4ms
Speed: 3.9ms preprocess, 12.4ms inference, 24.3ms postprocess per image at shape (1, 3, 640, 640)
Processing extra-3/data/train/2024-03-28-15-41-19_mp4-0064_jpg.rf.fc6db8bd8a4eb467f9c4da6f531f7eed.jpg...

image 1/1 /home/admin/Documents/FEUP-CV/proj/task2/../datasets/extra-3/data/train/2024-03-28-15-41-19_mp4-0064_jpg.rf.fc6db8bd8a4eb467f9c4da6f531f7eed.jpg: 640x640 1 pool_table, 12.5ms
Speed: 4.6ms preprocess, 12.5ms inference, 24.4ms postprocess per image at shape (1, 3, 640, 640)
Processing extra-3/data/train/2024-03-30-11-15-02_mp4-0010_jpg.rf.50de8e7efc71d1f713ebf452634870d1.jpg...

image 1/1 /home/admin/Documents/FEUP-CV/proj/task2/../datasets/extra-3/data/train/2024-03-30-11-15-02_mp4-0010_jpg.rf.50de8e7efc71d1f713ebf452634870d1.jpg: 640x640 1 pool_table, 12.5ms
Speed: 2.3ms preprocess, 12.5ms inference, 26.7ms postprocess per image at shape (1, 3, 640, 640)
Processing extra-3/data/train/IMG_20240319_122245_jpg.rf.05fd8b9585b053cf356f048cd2c11356.jpg...

image 1/1 /home/admin/Documents/FEUP-CV/proj/task2/../datasets/extra-3/data/train/IMG_20240319_122245_jpg.rf.05fd8b9585b053cf356f048cd2c11356.jpg: 640x640 1 pool_table, 16.6ms
Speed: 7.8ms preprocess, 16.6ms inference, 35.1ms postprocess per image at shape (1, 3, 640, 640)
Processing extra-3/data/train/2024-03-28-15-41-19_mp4-0034_jpg.rf.1feef2c214c05a44513dbe662ef325bc.jpg...

image 1/1 /home/admin/Documents/FEUP-CV/proj/task2/../datasets/extra-3/data/train/2024-03-28-15-41-19_mp4-0034_jpg.rf.1feef2c214c05a44513dbe662ef325bc.jpg: 640x640 1 pool_table, 16.6ms
Speed: 7.1ms preprocess, 16.6ms inference, 35.0ms postprocess per image at shape (1, 3, 640, 640)
Processing extra-3/data/train/2024-03-30-11-22-03_mp4-0047_jpg.rf.80822294df06298d81e5c4550868c085.jpg...

image 1/1 /home/admin/Documents/FEUP-CV/proj/task2/../datasets/extra-3/data/train/2024-03-30-11-22-03_mp4-0047_jpg.rf.80822294df06298d81e5c4550868c085.jpg: 640x640 1 pool_table, 16.6ms
Speed: 1.3ms preprocess, 16.6ms inference, 34.1ms postprocess per image at shape (1, 3, 640, 640)
Processing extra-3/data/train/2024-03-28-15-41-19_mp4-0078_jpg.rf.97bf8c18694bb40fd89b08e948dd28d7.jpg...

image 1/1 /home/admin/Documents/FEUP-CV/proj/task2/../datasets/extra-3/data/train/2024-03-28-15-41-19_mp4-0078_jpg.rf.97bf8c18694bb40fd89b08e948dd28d7.jpg: 640x640 1 pool_table, 16.8ms
Speed: 5.2ms preprocess, 16.8ms inference, 35.3ms postprocess per image at shape (1, 3, 640, 640)
Processing extra-3/data/train/2024-03-30-11-07-17_mp4-0050_jpg.rf.0c1cbdc0fd191b78ae7740cef378cd1d.jpg...

image 1/1 /home/admin/Documents/FEUP-CV/proj/task2/../datasets/extra-3/data/train/2024-03-30-11-07-17_mp4-0050_jpg.rf.0c1cbdc0fd191b78ae7740cef378cd1d.jpg: 640x640 1 pool_table, 16.8ms
Speed: 8.1ms preprocess, 16.8ms inference, 35.1ms postprocess per image at shape (1, 3, 640, 640)
Processing extra-3/data/train/IMG_20240319_121821_jpg.rf.df20fcbae97ebaa925c6ac761cf1d201.jpg...

image 1/1 /home/admin/Documents/FEUP-CV/proj/task2/../datasets/extra-3/data/train/IMG_20240319_121821_jpg.rf.df20fcbae97ebaa925c6ac761cf1d201.jpg: 640x640 1 pool_table, 16.9ms
Speed: 7.5ms preprocess, 16.9ms inference, 35.0ms postprocess per image at shape (1, 3, 640, 640)
Processing extra-3/data/train/2024-03-28-18-28-05_mp4-0048_jpg.rf.48e80039cf30fc7c822f3fe303b0901f.jpg...

image 1/1 /home/admin/Documents/FEUP-CV/proj/task2/../datasets/extra-3/data/train/2024-03-28-18-28-05_mp4-0048_jpg.rf.48e80039cf30fc7c822f3fe303b0901f.jpg: 640x640 1 pool_table, 16.8ms
Speed: 1.2ms preprocess, 16.8ms inference, 35.3ms postprocess per image at shape (1, 3, 640, 640)
Processing extra-3/data/train/2024-03-30-11-22-03_mp4-0013_jpg.rf.30295c84a14349d3fcd259e716a89f33.jpg...

image 1/1 /home/admin/Documents/FEUP-CV/proj/task2/../datasets/extra-3/data/train/2024-03-30-11-22-03_mp4-0013_jpg.rf.30295c84a14349d3fcd259e716a89f33.jpg: 640x640 1 pool_table, 16.9ms
Speed: 1.6ms preprocess, 16.9ms inference, 35.2ms postprocess per image at shape (1, 3, 640, 640)
Processing extra-3/data/train/2024-03-28-15-41-19_mp4-0087_jpg.rf.d41ed6fa6f71013a8bd3e523ad620171.jpg...

image 1/1 /home/admin/Documents/FEUP-CV/proj/task2/../datasets/extra-3/data/train/2024-03-28-15-41-19_mp4-0087_jpg.rf.d41ed6fa6f71013a8bd3e523ad620171.jpg: 640x640 1 pool_table, 16.7ms
Speed: 1.2ms preprocess, 16.7ms inference, 35.1ms postprocess per image at shape (1, 3, 640, 640)
Processing extra-3/data/train/2024-03-28-15-41-19_mp4-0090_jpg.rf.aea84181f282f45da3d2390fdbdbab85.jpg...

image 1/1 /home/admin/Documents/FEUP-CV/proj/task2/../datasets/extra-3/data/train/2024-03-28-15-41-19_mp4-0090_jpg.rf.aea84181f282f45da3d2390fdbdbab85.jpg: 640x640 1 pool_table, 16.7ms
Speed: 1.7ms preprocess, 16.7ms inference, 35.0ms postprocess per image at shape (1, 3, 640, 640)
Processing extra-3/data/train/2024-03-30-11-15-02_mp4-0063_jpg.rf.27947e98a68fd3ee8fe06d75ffc1561e.jpg...

image 1/1 /home/admin/Documents/FEUP-CV/proj/task2/../datasets/extra-3/data/train/2024-03-30-11-15-02_mp4-0063_jpg.rf.27947e98a68fd3ee8fe06d75ffc1561e.jpg: 640x640 1 pool_table, 16.8ms
Speed: 1.6ms preprocess, 16.8ms inference, 35.0ms postprocess per image at shape (1, 3, 640, 640)
Processing extra-3/data/train/2024-03-28-15-41-19_mp4-0078_jpg.rf.bcef00ac6ac3c618ef0f75da33baacb2.jpg...

image 1/1 /home/admin/Documents/FEUP-CV/proj/task2/../datasets/extra-3/data/train/2024-03-28-15-41-19_mp4-0078_jpg.rf.bcef00ac6ac3c618ef0f75da33baacb2.jpg: 640x640 1 pool_table, 17.0ms
Speed: 4.5ms preprocess, 17.0ms inference, 35.3ms postprocess per image at shape (1, 3, 640, 640)
Processing extra-3/data/train/2024-03-28-15-41-19_mp4-0081_jpg.rf.16810d287c9a1106be87028560b2bb96.jpg...

image 1/1 /home/admin/Documents/FEUP-CV/proj/task2/../datasets/extra-3/data/train/2024-03-28-15-41-19_mp4-0081_jpg.rf.16810d287c9a1106be87028560b2bb96.jpg: 640x640 1 pool_table, 16.9ms
Speed: 1.4ms preprocess, 16.9ms inference, 35.2ms postprocess per image at shape (1, 3, 640, 640)
Processing extra-3/data/train/2024-03-30-11-22-03_mp4-0042_jpg.rf.63a7705dde760206e73c14e59b722e63.jpg...

image 1/1 /home/admin/Documents/FEUP-CV/proj/task2/../datasets/extra-3/data/train/2024-03-30-11-22-03_mp4-0042_jpg.rf.63a7705dde760206e73c14e59b722e63.jpg: 640x640 1 pool_table, 16.8ms
Speed: 7.8ms preprocess, 16.8ms inference, 35.1ms postprocess per image at shape (1, 3, 640, 640)
Processing extra-3/data/train/2024-03-28-15-41-19_mp4-0054_jpg.rf.772850c5a3013c3cbe1178377c5189cd.jpg...

image 1/1 /home/admin/Documents/FEUP-CV/proj/task2/../datasets/extra-3/data/train/2024-03-28-15-41-19_mp4-0054_jpg.rf.772850c5a3013c3cbe1178377c5189cd.jpg: 640x640 1 pool_table, 16.7ms
Speed: 7.3ms preprocess, 16.7ms inference, 35.1ms postprocess per image at shape (1, 3, 640, 640)
Processing extra-3/data/train/IMG_20240319_120621_jpg.rf.9a29f5473a2d66be8c6acc079dd7d9b2.jpg...

image 1/1 /home/admin/Documents/FEUP-CV/proj/task2/../datasets/extra-3/data/train/IMG_20240319_120621_jpg.rf.9a29f5473a2d66be8c6acc079dd7d9b2.jpg: 640x640 1 pool_table, 17.0ms
Speed: 1.5ms preprocess, 17.0ms inference, 35.3ms postprocess per image at shape (1, 3, 640, 640)
Processing extra-3/data/train/2024-03-28-18-28-05_mp4-0007_jpg.rf.90265d0fc1cde2ef303d77c2feafd657.jpg...

image 1/1 /home/admin/Documents/FEUP-CV/proj/task2/../datasets/extra-3/data/train/2024-03-28-18-28-05_mp4-0007_jpg.rf.90265d0fc1cde2ef303d77c2feafd657.jpg: 640x640 1 pool_table, 17.0ms
Speed: 1.6ms preprocess, 17.0ms inference, 35.3ms postprocess per image at shape (1, 3, 640, 640)
Processing extra-3/data/train/IMG_20240319_120530_jpg.rf.0a727eabe633a8a33c064f624969bd16.jpg...

image 1/1 /home/admin/Documents/FEUP-CV/proj/task2/../datasets/extra-3/data/train/IMG_20240319_120530_jpg.rf.0a727eabe633a8a33c064f624969bd16.jpg: 640x640 1 pool_table, 16.6ms
Speed: 1.9ms preprocess, 16.6ms inference, 35.1ms postprocess per image at shape (1, 3, 640, 640)
Processing extra-3/data/train/2024-03-30-11-07-17_mp4-0051_jpg.rf.8f25df5f8cec4a0b78a974b319c184df.jpg...

image 1/1 /home/admin/Documents/FEUP-CV/proj/task2/../datasets/extra-3/data/train/2024-03-30-11-07-17_mp4-0051_jpg.rf.8f25df5f8cec4a0b78a974b319c184df.jpg: 640x640 1 pool_table, 16.7ms
Speed: 1.5ms preprocess, 16.7ms inference, 35.2ms postprocess per image at shape (1, 3, 640, 640)
Processing extra-3/data/train/2024-03-30-11-15-02_mp4-0031_jpg.rf.3d02f14142484bbed3fcc97de32a42c6.jpg...

image 1/1 /home/admin/Documents/FEUP-CV/proj/task2/../datasets/extra-3/data/train/2024-03-30-11-15-02_mp4-0031_jpg.rf.3d02f14142484bbed3fcc97de32a42c6.jpg: 640x640 1 pool_table, 16.7ms
Speed: 1.9ms preprocess, 16.7ms inference, 35.1ms postprocess per image at shape (1, 3, 640, 640)
Processing extra-3/data/train/2024-03-28-18-28-05_mp4-0036_jpg.rf.a78949c34854fb5eb592c7f1476715f6.jpg...

image 1/1 /home/admin/Documents/FEUP-CV/proj/task2/../datasets/extra-3/data/train/2024-03-28-18-28-05_mp4-0036_jpg.rf.a78949c34854fb5eb592c7f1476715f6.jpg: 640x640 1 pool_table, 14.9ms
Speed: 2.0ms preprocess, 14.9ms inference, 26.8ms postprocess per image at shape (1, 3, 640, 640)
Processing extra-3/data/train/2024-03-30-11-15-02_mp4-0039_jpg.rf.d5fcba8b809640ff7b992e35120fe1b3.jpg...

image 1/1 /home/admin/Documents/FEUP-CV/proj/task2/../datasets/extra-3/data/train/2024-03-30-11-15-02_mp4-0039_jpg.rf.d5fcba8b809640ff7b992e35120fe1b3.jpg: 640x640 1 pool_table, 16.8ms
Speed: 2.0ms preprocess, 16.8ms inference, 35.2ms postprocess per image at shape (1, 3, 640, 640)
Processing extra-3/data/train/2024-03-30-11-07-17_mp4-0050_jpg.rf.b8d4ad2363d8520534dd566fe582628a.jpg...

image 1/1 /home/admin/Documents/FEUP-CV/proj/task2/../datasets/extra-3/data/train/2024-03-30-11-07-17_mp4-0050_jpg.rf.b8d4ad2363d8520534dd566fe582628a.jpg: 640x640 1 pool_table, 16.7ms
Speed: 2.2ms preprocess, 16.7ms inference, 35.0ms postprocess per image at shape (1, 3, 640, 640)
Processing extra-3/data/train/2024-03-30-11-22-03_mp4-0015_jpg.rf.e86b44db70e5647d8d9f3c70d4a9ac00.jpg...

image 1/1 /home/admin/Documents/FEUP-CV/proj/task2/../datasets/extra-3/data/train/2024-03-30-11-22-03_mp4-0015_jpg.rf.e86b44db70e5647d8d9f3c70d4a9ac00.jpg: 640x640 1 pool_table, 16.9ms
Speed: 1.7ms preprocess, 16.9ms inference, 28.4ms postprocess per image at shape (1, 3, 640, 640)
Processing extra-3/data/train/IMG_20240319_122238_jpg.rf.aa333a639310f1bb00266aa3a15cad08.jpg...

image 1/1 /home/admin/Documents/FEUP-CV/proj/task2/../datasets/extra-3/data/train/IMG_20240319_122238_jpg.rf.aa333a639310f1bb00266aa3a15cad08.jpg: 640x640 1 pool_table, 17.0ms
Speed: 7.9ms preprocess, 17.0ms inference, 35.1ms postprocess per image at shape (1, 3, 640, 640)
Processing extra-3/data/train/2024-03-28-18-28-05_mp4-0044_jpg.rf.8ba7e5a8b61876c31011c0ebde18cc03.jpg...

image 1/1 /home/admin/Documents/FEUP-CV/proj/task2/../datasets/extra-3/data/train/2024-03-28-18-28-05_mp4-0044_jpg.rf.8ba7e5a8b61876c31011c0ebde18cc03.jpg: 640x640 1 pool_table, 16.9ms
Speed: 8.0ms preprocess, 16.9ms inference, 35.3ms postprocess per image at shape (1, 3, 640, 640)
Processing extra-3/data/train/2024-03-28-18-28-05_mp4-0021_jpg.rf.74322f092e4eb7b6aafe8cf909d00924.jpg...

image 1/1 /home/admin/Documents/FEUP-CV/proj/task2/../datasets/extra-3/data/train/2024-03-28-18-28-05_mp4-0021_jpg.rf.74322f092e4eb7b6aafe8cf909d00924.jpg: 640x640 1 pool_table, 16.9ms
Speed: 1.3ms preprocess, 16.9ms inference, 35.2ms postprocess per image at shape (1, 3, 640, 640)
Processing extra-3/data/train/2024-03-30-11-22-03_mp4-0039_jpg.rf.ed9c03de9eca88afdfd4314d3d3ea6ad.jpg...

image 1/1 /home/admin/Documents/FEUP-CV/proj/task2/../datasets/extra-3/data/train/2024-03-30-11-22-03_mp4-0039_jpg.rf.ed9c03de9eca88afdfd4314d3d3ea6ad.jpg: 640x640 1 pool_table, 16.8ms
Speed: 7.4ms preprocess, 16.8ms inference, 35.3ms postprocess per image at shape (1, 3, 640, 640)
Processing extra-3/data/train/2024-03-30-11-15-02_mp4-0039_jpg.rf.140de95de7ee26cf6e6a139cc968b200.jpg...

image 1/1 /home/admin/Documents/FEUP-CV/proj/task2/../datasets/extra-3/data/train/2024-03-30-11-15-02_mp4-0039_jpg.rf.140de95de7ee26cf6e6a139cc968b200.jpg: 640x640 1 pool_table, 16.9ms
Speed: 7.9ms preprocess, 16.9ms inference, 35.2ms postprocess per image at shape (1, 3, 640, 640)
Processing extra-3/data/train/2024-03-28-18-28-05_mp4-0030_jpg.rf.9d8b413a2706d45aa03cdd24e2538af8.jpg...

image 1/1 /home/admin/Documents/FEUP-CV/proj/task2/../datasets/extra-3/data/train/2024-03-28-18-28-05_mp4-0030_jpg.rf.9d8b413a2706d45aa03cdd24e2538af8.jpg: 640x640 1 pool_table, 12.6ms
Speed: 4.2ms preprocess, 12.6ms inference, 35.2ms postprocess per image at shape (1, 3, 640, 640)
Processing extra-3/data/train/2024-03-30-11-15-02_mp4-0027_jpg.rf.cfdf9b3397227e57daefa32c5476bfc3.jpg...

image 1/1 /home/admin/Documents/FEUP-CV/proj/task2/../datasets/extra-3/data/train/2024-03-30-11-15-02_mp4-0027_jpg.rf.cfdf9b3397227e57daefa32c5476bfc3.jpg: 640x640 1 pool_table, 16.8ms
Speed: 1.6ms preprocess, 16.8ms inference, 35.2ms postprocess per image at shape (1, 3, 640, 640)
Processing extra-3/data/train/2024-03-30-11-07-17_mp4-0052_jpg.rf.3f7e637dcdcd09a609df2219c777133c.jpg...

image 1/1 /home/admin/Documents/FEUP-CV/proj/task2/../datasets/extra-3/data/train/2024-03-30-11-07-17_mp4-0052_jpg.rf.3f7e637dcdcd09a609df2219c777133c.jpg: 640x640 1 pool_table, 16.8ms
Speed: 1.4ms preprocess, 16.8ms inference, 35.2ms postprocess per image at shape (1, 3, 640, 640)
Processing extra-3/data/train/2024-03-30-11-22-03_mp4-0039_jpg.rf.e8cc61c994fdc7b06d6f013a06f1e4f1.jpg...

image 1/1 /home/admin/Documents/FEUP-CV/proj/task2/../datasets/extra-3/data/train/2024-03-30-11-22-03_mp4-0039_jpg.rf.e8cc61c994fdc7b06d6f013a06f1e4f1.jpg: 640x640 1 pool_table, 16.7ms
Speed: 1.7ms preprocess, 16.7ms inference, 35.1ms postprocess per image at shape (1, 3, 640, 640)
Processing extra-3/data/train/2024-03-30-11-15-02_mp4-0060_jpg.rf.4902b17bcb160684402c903ec60c58cd.jpg...

image 1/1 /home/admin/Documents/FEUP-CV/proj/task2/../datasets/extra-3/data/train/2024-03-30-11-15-02_mp4-0060_jpg.rf.4902b17bcb160684402c903ec60c58cd.jpg: 640x640 1 pool_table, 16.8ms
Speed: 1.2ms preprocess, 16.8ms inference, 35.2ms postprocess per image at shape (1, 3, 640, 640)
Processing extra-3/data/train/IMG_20240319_121153_jpg.rf.db18f56cf42bb447bfbcce9c44a02f32.jpg...

image 1/1 /home/admin/Documents/FEUP-CV/proj/task2/../datasets/extra-3/data/train/IMG_20240319_121153_jpg.rf.db18f56cf42bb447bfbcce9c44a02f32.jpg: 640x640 1 pool_table, 16.8ms
Speed: 1.9ms preprocess, 16.8ms inference, 35.3ms postprocess per image at shape (1, 3, 640, 640)
Processing extra-3/data/train/2024-03-30-11-15-02_mp4-0076_jpg.rf.18480a8a8533838cf2a80ce3c662ad62.jpg...

image 1/1 /home/admin/Documents/FEUP-CV/proj/task2/../datasets/extra-3/data/train/2024-03-30-11-15-02_mp4-0076_jpg.rf.18480a8a8533838cf2a80ce3c662ad62.jpg: 640x640 1 pool_table, 16.8ms
Speed: 1.8ms preprocess, 16.8ms inference, 35.0ms postprocess per image at shape (1, 3, 640, 640)
Processing extra-3/data/train/2024-03-28-18-28-05_mp4-0007_jpg.rf.a1b63a768d186664c38207bfb3d183f9.jpg...

image 1/1 /home/admin/Documents/FEUP-CV/proj/task2/../datasets/extra-3/data/train/2024-03-28-18-28-05_mp4-0007_jpg.rf.a1b63a768d186664c38207bfb3d183f9.jpg: 640x640 1 pool_table, 16.6ms
Speed: 1.4ms preprocess, 16.6ms inference, 35.2ms postprocess per image at shape (1, 3, 640, 640)
Processing extra-3/data/train/2024-03-30-11-22-03_mp4-0036_jpg.rf.a0ec79f40fd208e0253fc044d7f9db39.jpg...

image 1/1 /home/admin/Documents/FEUP-CV/proj/task2/../datasets/extra-3/data/train/2024-03-30-11-22-03_mp4-0036_jpg.rf.a0ec79f40fd208e0253fc044d7f9db39.jpg: 640x640 1 pool_table, 16.7ms
Speed: 7.5ms preprocess, 16.7ms inference, 29.6ms postprocess per image at shape (1, 3, 640, 640)
Processing extra-3/data/train/IMG_20240319_120611_jpg.rf.5cf76ed123d569caf6d3be9bec926392.jpg...

image 1/1 /home/admin/Documents/FEUP-CV/proj/task2/../datasets/extra-3/data/train/IMG_20240319_120611_jpg.rf.5cf76ed123d569caf6d3be9bec926392.jpg: 640x640 1 pool_table, 16.7ms
Speed: 7.5ms preprocess, 16.7ms inference, 35.2ms postprocess per image at shape (1, 3, 640, 640)
Processing extra-3/data/train/2024-03-28-15-41-19_mp4-0013_jpg.rf.4cf0149d15a36878849d329277ffc01b.jpg...

image 1/1 /home/admin/Documents/FEUP-CV/proj/task2/../datasets/extra-3/data/train/2024-03-28-15-41-19_mp4-0013_jpg.rf.4cf0149d15a36878849d329277ffc01b.jpg: 640x640 1 pool_table, 16.8ms
Speed: 7.3ms preprocess, 16.8ms inference, 35.0ms postprocess per image at shape (1, 3, 640, 640)
Processing extra-3/data/train/2024-03-30-11-22-03_mp4-0027_jpg.rf.237fe10ba43bd473f3adc581d7133fa4.jpg...

image 1/1 /home/admin/Documents/FEUP-CV/proj/task2/../datasets/extra-3/data/train/2024-03-30-11-22-03_mp4-0027_jpg.rf.237fe10ba43bd473f3adc581d7133fa4.jpg: 640x640 1 pool_table, 16.8ms
Speed: 8.0ms preprocess, 16.8ms inference, 35.3ms postprocess per image at shape (1, 3, 640, 640)
Processing extra-3/data/train/IMG_20240319_122152_jpg.rf.a07073d64416df1e029b1d4c7ab8d100.jpg...

image 1/1 /home/admin/Documents/FEUP-CV/proj/task2/../datasets/extra-3/data/train/IMG_20240319_122152_jpg.rf.a07073d64416df1e029b1d4c7ab8d100.jpg: 640x640 1 pool_table, 17.0ms
Speed: 7.7ms preprocess, 17.0ms inference, 35.4ms postprocess per image at shape (1, 3, 640, 640)
Processing extra-3/data/train/2024-03-28-18-28-05_mp4-0026_jpg.rf.cff050be682a191fb25247dc367ff30b.jpg...

image 1/1 /home/admin/Documents/FEUP-CV/proj/task2/../datasets/extra-3/data/train/2024-03-28-18-28-05_mp4-0026_jpg.rf.cff050be682a191fb25247dc367ff30b.jpg: 640x640 1 pool_table, 17.0ms
Speed: 1.4ms preprocess, 17.0ms inference, 35.3ms postprocess per image at shape (1, 3, 640, 640)
Processing extra-3/data/train/2024-03-28-18-28-05_mp4-0041_jpg.rf.f25747ac2a8810c3548850d26b9f052e.jpg...

image 1/1 /home/admin/Documents/FEUP-CV/proj/task2/../datasets/extra-3/data/train/2024-03-28-18-28-05_mp4-0041_jpg.rf.f25747ac2a8810c3548850d26b9f052e.jpg: 640x640 1 pool_table, 16.8ms
Speed: 1.7ms preprocess, 16.8ms inference, 35.1ms postprocess per image at shape (1, 3, 640, 640)
Processing extra-3/data/train/2024-03-28-18-28-05_mp4-0053_jpg.rf.72c814a531f4df41492c874c08b9b350.jpg...

image 1/1 /home/admin/Documents/FEUP-CV/proj/task2/../datasets/extra-3/data/train/2024-03-28-18-28-05_mp4-0053_jpg.rf.72c814a531f4df41492c874c08b9b350.jpg: 640x640 1 pool_table, 16.6ms
Speed: 1.7ms preprocess, 16.6ms inference, 35.1ms postprocess per image at shape (1, 3, 640, 640)
Processing extra-3/data/train/2024-03-28-18-28-05_mp4-0015_jpg.rf.4e10a0254ce406bdb34149d1dfb1e049.jpg...

image 1/1 /home/admin/Documents/FEUP-CV/proj/task2/../datasets/extra-3/data/train/2024-03-28-18-28-05_mp4-0015_jpg.rf.4e10a0254ce406bdb34149d1dfb1e049.jpg: 640x640 1 pool_table, 17.0ms
Speed: 1.6ms preprocess, 17.0ms inference, 35.1ms postprocess per image at shape (1, 3, 640, 640)
Processing extra-3/data/train/2024-03-28-15-41-19_mp4-0048_jpg.rf.f444216ada86ba3e76e096fb070b6a93.jpg...

image 1/1 /home/admin/Documents/FEUP-CV/proj/task2/../datasets/extra-3/data/train/2024-03-28-15-41-19_mp4-0048_jpg.rf.f444216ada86ba3e76e096fb070b6a93.jpg: 640x640 1 pool_table, 16.9ms
Speed: 2.1ms preprocess, 16.9ms inference, 35.3ms postprocess per image at shape (1, 3, 640, 640)
Processing extra-3/data/train/2024-03-30-11-07-17_mp4-0052_jpg.rf.fad67767c44019c82a14f6484b2218a1.jpg...

image 1/1 /home/admin/Documents/FEUP-CV/proj/task2/../datasets/extra-3/data/train/2024-03-30-11-07-17_mp4-0052_jpg.rf.fad67767c44019c82a14f6484b2218a1.jpg: 640x640 1 pool_table, 16.6ms
Speed: 1.6ms preprocess, 16.6ms inference, 26.4ms postprocess per image at shape (1, 3, 640, 640)
Processing extra-3/data/train/2024-03-30-11-07-17_mp4-0036_jpg.rf.5da6cce7cfab719b225586d3e5523444.jpg...

image 1/1 /home/admin/Documents/FEUP-CV/proj/task2/../datasets/extra-3/data/train/2024-03-30-11-07-17_mp4-0036_jpg.rf.5da6cce7cfab719b225586d3e5523444.jpg: 640x640 1 pool_table, 12.4ms
Speed: 5.1ms preprocess, 12.4ms inference, 35.0ms postprocess per image at shape (1, 3, 640, 640)
Processing extra-3/data/train/IMG_20240319_120611_jpg.rf.0178c8b3adc21a32ac4d52edee94c7c4.jpg...

image 1/1 /home/admin/Documents/FEUP-CV/proj/task2/../datasets/extra-3/data/train/IMG_20240319_120611_jpg.rf.0178c8b3adc21a32ac4d52edee94c7c4.jpg: 640x640 1 pool_table, 16.7ms
Speed: 7.8ms preprocess, 16.7ms inference, 35.1ms postprocess per image at shape (1, 3, 640, 640)
Processing extra-3/data/train/2024-03-30-11-15-02_mp4-0012_jpg.rf.c7ff5557bb58e3dd3ff9356c55a35bfc.jpg...

image 1/1 /home/admin/Documents/FEUP-CV/proj/task2/../datasets/extra-3/data/train/2024-03-30-11-15-02_mp4-0012_jpg.rf.c7ff5557bb58e3dd3ff9356c55a35bfc.jpg: 640x640 1 pool_table, 17.1ms
Speed: 7.8ms preprocess, 17.1ms inference, 35.4ms postprocess per image at shape (1, 3, 640, 640)
Processing extra-3/data/train/2024-03-28-18-35-18_mp4-0028_jpg.rf.cdddf88faa6f30cf64ed7dedfeace277.jpg...

image 1/1 /home/admin/Documents/FEUP-CV/proj/task2/../datasets/extra-3/data/train/2024-03-28-18-35-18_mp4-0028_jpg.rf.cdddf88faa6f30cf64ed7dedfeace277.jpg: 640x640 1 pool_table, 17.0ms
Speed: 7.7ms preprocess, 17.0ms inference, 35.3ms postprocess per image at shape (1, 3, 640, 640)
Processing extra-3/data/train/IMG_20240319_120956_jpg.rf.03f6676d3d288c5be95e23d32d14b76b.jpg...

image 1/1 /home/admin/Documents/FEUP-CV/proj/task2/../datasets/extra-3/data/train/IMG_20240319_120956_jpg.rf.03f6676d3d288c5be95e23d32d14b76b.jpg: 640x640 1 pool_table, 16.7ms
Speed: 7.5ms preprocess, 16.7ms inference, 35.1ms postprocess per image at shape (1, 3, 640, 640)
Processing extra-3/data/train/2024-03-30-11-15-02_mp4-0005_jpg.rf.f332eeb3b6190569ff8891be2cb40902.jpg...

image 1/1 /home/admin/Documents/FEUP-CV/proj/task2/../datasets/extra-3/data/train/2024-03-30-11-15-02_mp4-0005_jpg.rf.f332eeb3b6190569ff8891be2cb40902.jpg: 640x640 1 pool_table, 16.7ms
Speed: 1.6ms preprocess, 16.7ms inference, 35.0ms postprocess per image at shape (1, 3, 640, 640)
Processing extra-3/data/train/2024-03-30-11-22-03_mp4-0037_jpg.rf.1aceb03009fc1a7d40b7a2b5743cb9ed.jpg...

image 1/1 /home/admin/Documents/FEUP-CV/proj/task2/../datasets/extra-3/data/train/2024-03-30-11-22-03_mp4-0037_jpg.rf.1aceb03009fc1a7d40b7a2b5743cb9ed.jpg: 640x640 1 pool_table, 16.9ms
Speed: 1.4ms preprocess, 16.9ms inference, 31.4ms postprocess per image at shape (1, 3, 640, 640)
Processing extra-3/data/train/2024-03-28-18-28-05_mp4-0021_jpg.rf.3fa13d0223f07f942eaf0765b73cd0da.jpg...

image 1/1 /home/admin/Documents/FEUP-CV/proj/task2/../datasets/extra-3/data/train/2024-03-28-18-28-05_mp4-0021_jpg.rf.3fa13d0223f07f942eaf0765b73cd0da.jpg: 640x640 1 pool_table, 17.1ms
Speed: 8.0ms preprocess, 17.1ms inference, 35.4ms postprocess per image at shape (1, 3, 640, 640)
Processing extra-3/data/train/2024-03-30-11-15-02_mp4-0011_jpg.rf.fb37b4b6b43b4e7c073e43b2fee011b2.jpg...

image 1/1 /home/admin/Documents/FEUP-CV/proj/task2/../datasets/extra-3/data/train/2024-03-30-11-15-02_mp4-0011_jpg.rf.fb37b4b6b43b4e7c073e43b2fee011b2.jpg: 640x640 1 pool_table, 17.0ms
Speed: 2.0ms preprocess, 17.0ms inference, 35.2ms postprocess per image at shape (1, 3, 640, 640)
Processing extra-3/data/train/2024-03-28-15-41-19_mp4-0066_jpg.rf.0dd2160c940c2b6855395f98f1063cdd.jpg...

image 1/1 /home/admin/Documents/FEUP-CV/proj/task2/../datasets/extra-3/data/train/2024-03-28-15-41-19_mp4-0066_jpg.rf.0dd2160c940c2b6855395f98f1063cdd.jpg: 640x640 1 pool_table, 16.6ms
Speed: 1.9ms preprocess, 16.6ms inference, 34.9ms postprocess per image at shape (1, 3, 640, 640)
Processing extra-3/data/train/2024-03-28-18-35-18_mp4-0002_jpg.rf.c01dcf5a4b2387f899a2d2ab45d514c6.jpg...

image 1/1 /home/admin/Documents/FEUP-CV/proj/task2/../datasets/extra-3/data/train/2024-03-28-18-35-18_mp4-0002_jpg.rf.c01dcf5a4b2387f899a2d2ab45d514c6.jpg: 640x640 1 pool_table, 16.7ms
Speed: 1.9ms preprocess, 16.7ms inference, 35.0ms postprocess per image at shape (1, 3, 640, 640)
Processing extra-3/data/train/2024-03-28-15-41-19_mp4-0012_jpg.rf.ab21eaa5df38cbceda79317252a890a8.jpg...

image 1/1 /home/admin/Documents/FEUP-CV/proj/task2/../datasets/extra-3/data/train/2024-03-28-15-41-19_mp4-0012_jpg.rf.ab21eaa5df38cbceda79317252a890a8.jpg: 640x640 1 pool_table, 17.1ms
Speed: 1.7ms preprocess, 17.1ms inference, 35.2ms postprocess per image at shape (1, 3, 640, 640)
Processing extra-3/data/train/2024-03-30-11-15-02_mp4-0041_jpg.rf.e54d490f205cd08fa2e86e8c204630ea.jpg...

image 1/1 /home/admin/Documents/FEUP-CV/proj/task2/../datasets/extra-3/data/train/2024-03-30-11-15-02_mp4-0041_jpg.rf.e54d490f205cd08fa2e86e8c204630ea.jpg: 640x640 1 pool_table, 16.9ms
Speed: 2.2ms preprocess, 16.9ms inference, 28.6ms postprocess per image at shape (1, 3, 640, 640)
Processing extra-3/data/train/2024-03-28-15-41-19_mp4-0005_jpg.rf.04d846df43e72e608c6b3e6313904efd.jpg...

image 1/1 /home/admin/Documents/FEUP-CV/proj/task2/../datasets/extra-3/data/train/2024-03-28-15-41-19_mp4-0005_jpg.rf.04d846df43e72e608c6b3e6313904efd.jpg: 640x640 1 pool_table, 17.1ms
Speed: 1.6ms preprocess, 17.1ms inference, 35.0ms postprocess per image at shape (1, 3, 640, 640)
Processing extra-3/data/train/2024-03-30-11-07-17_mp4-0055_jpg.rf.58d44b2f3c8c38f68f4a07a50c836ab5.jpg...

image 1/1 /home/admin/Documents/FEUP-CV/proj/task2/../datasets/extra-3/data/train/2024-03-30-11-07-17_mp4-0055_jpg.rf.58d44b2f3c8c38f68f4a07a50c836ab5.jpg: 640x640 1 pool_table, 16.7ms
Speed: 7.8ms preprocess, 16.7ms inference, 35.0ms postprocess per image at shape (1, 3, 640, 640)
Processing extra-3/data/train/2024-03-30-11-07-17_mp4-0023_jpg.rf.e831f9de5e8d5afe5166ce65f8f0f64d.jpg...

image 1/1 /home/admin/Documents/FEUP-CV/proj/task2/../datasets/extra-3/data/train/2024-03-30-11-07-17_mp4-0023_jpg.rf.e831f9de5e8d5afe5166ce65f8f0f64d.jpg: 640x640 1 pool_table, 13.3ms
Speed: 7.7ms preprocess, 13.3ms inference, 28.6ms postprocess per image at shape (1, 3, 640, 640)
Processing extra-3/data/train/20240328_171428_jpg.rf.7e379ddd60ad4dc3982351db0d4a7a41.jpg...

image 1/1 /home/admin/Documents/FEUP-CV/proj/task2/../datasets/extra-3/data/train/20240328_171428_jpg.rf.7e379ddd60ad4dc3982351db0d4a7a41.jpg: 640x640 1 pool_table, 17.0ms
Speed: 1.4ms preprocess, 17.0ms inference, 35.2ms postprocess per image at shape (1, 3, 640, 640)
Processing extra-3/data/train/2024-03-28-18-35-18_mp4-0003_jpg.rf.493950b8b4cba06cc9feaf45e72a14db.jpg...

image 1/1 /home/admin/Documents/FEUP-CV/proj/task2/../datasets/extra-3/data/train/2024-03-28-18-35-18_mp4-0003_jpg.rf.493950b8b4cba06cc9feaf45e72a14db.jpg: 640x640 1 pool_table, 17.0ms
Speed: 7.8ms preprocess, 17.0ms inference, 35.3ms postprocess per image at shape (1, 3, 640, 640)
Processing extra-3/data/train/2024-03-28-15-41-19_mp4-0011_jpg.rf.e9b20deb37c765c6102c49f598af532c.jpg...

image 1/1 /home/admin/Documents/FEUP-CV/proj/task2/../datasets/extra-3/data/train/2024-03-28-15-41-19_mp4-0011_jpg.rf.e9b20deb37c765c6102c49f598af532c.jpg: 640x640 1 pool_table, 16.8ms
Speed: 1.6ms preprocess, 16.8ms inference, 35.2ms postprocess per image at shape (1, 3, 640, 640)
Processing extra-3/data/train/2024-03-28-18-35-18_mp4-0021_jpg.rf.76c5d4a5e7e946ebd0f3d47f14f1d4eb.jpg...

image 1/1 /home/admin/Documents/FEUP-CV/proj/task2/../datasets/extra-3/data/train/2024-03-28-18-35-18_mp4-0021_jpg.rf.76c5d4a5e7e946ebd0f3d47f14f1d4eb.jpg: 640x640 1 pool_table, 16.8ms
Speed: 1.4ms preprocess, 16.8ms inference, 35.0ms postprocess per image at shape (1, 3, 640, 640)
Processing extra-3/data/train/IMG_20240319_120905_jpg.rf.6a68b3cd06f909078bb6b35c5a598ffb.jpg...

image 1/1 /home/admin/Documents/FEUP-CV/proj/task2/../datasets/extra-3/data/train/IMG_20240319_120905_jpg.rf.6a68b3cd06f909078bb6b35c5a598ffb.jpg: 640x640 1 pool_table, 16.9ms
Speed: 1.7ms preprocess, 16.9ms inference, 35.4ms postprocess per image at shape (1, 3, 640, 640)
Processing extra-3/data/train/2024-03-28-18-28-05_mp4-0043_jpg.rf.be39373160860457377073cc60e8aba4.jpg...

image 1/1 /home/admin/Documents/FEUP-CV/proj/task2/../datasets/extra-3/data/train/2024-03-28-18-28-05_mp4-0043_jpg.rf.be39373160860457377073cc60e8aba4.jpg: 640x640 1 pool_table, 17.0ms
Speed: 1.5ms preprocess, 17.0ms inference, 35.1ms postprocess per image at shape (1, 3, 640, 640)
Processing extra-3/data/train/2024-03-28-15-41-19_mp4-0036_jpg.rf.0399129430d8c450d43dfdf491b383b6.jpg...

image 1/1 /home/admin/Documents/FEUP-CV/proj/task2/../datasets/extra-3/data/train/2024-03-28-15-41-19_mp4-0036_jpg.rf.0399129430d8c450d43dfdf491b383b6.jpg: 640x640 1 pool_table, 16.9ms
Speed: 1.5ms preprocess, 16.9ms inference, 35.1ms postprocess per image at shape (1, 3, 640, 640)
Processing extra-3/data/train/2024-03-30-11-15-02_mp4-0011_jpg.rf.0deb3fda01c5d15ecb88e9029c1e933e.jpg...

image 1/1 /home/admin/Documents/FEUP-CV/proj/task2/../datasets/extra-3/data/train/2024-03-30-11-15-02_mp4-0011_jpg.rf.0deb3fda01c5d15ecb88e9029c1e933e.jpg: 640x640 1 pool_table, 16.9ms
Speed: 1.6ms preprocess, 16.9ms inference, 35.1ms postprocess per image at shape (1, 3, 640, 640)
Processing extra-3/data/train/2024-03-28-15-41-19_mp4-0037_jpg.rf.fdc1d1a0aef0eca2782090e9c7e154d7.jpg...

image 1/1 /home/admin/Documents/FEUP-CV/proj/task2/../datasets/extra-3/data/train/2024-03-28-15-41-19_mp4-0037_jpg.rf.fdc1d1a0aef0eca2782090e9c7e154d7.jpg: 640x640 1 pool_table, 16.8ms
Speed: 3.6ms preprocess, 16.8ms inference, 25.7ms postprocess per image at shape (1, 3, 640, 640)
Processing extra-3/data/train/2024-03-30-11-07-17_mp4-0043_jpg.rf.46e2f72af11f66199d345ad65e1f7cc5.jpg...

image 1/1 /home/admin/Documents/FEUP-CV/proj/task2/../datasets/extra-3/data/train/2024-03-30-11-07-17_mp4-0043_jpg.rf.46e2f72af11f66199d345ad65e1f7cc5.jpg: 640x640 1 pool_table, 16.9ms
Speed: 1.8ms preprocess, 16.9ms inference, 35.1ms postprocess per image at shape (1, 3, 640, 640)
Processing extra-3/data/train/2024-03-30-11-22-03_mp4-0003_jpg.rf.5c1a4e9ae190d641d9ce44484d830579.jpg...

image 1/1 /home/admin/Documents/FEUP-CV/proj/task2/../datasets/extra-3/data/train/2024-03-30-11-22-03_mp4-0003_jpg.rf.5c1a4e9ae190d641d9ce44484d830579.jpg: 640x640 1 pool_table, 16.8ms
Speed: 7.7ms preprocess, 16.8ms inference, 35.1ms postprocess per image at shape (1, 3, 640, 640)
Processing extra-3/data/train/20240328_171149_jpg.rf.63cd8b3a460b9c4cac6f2f8cdf6d7f6b.jpg...

image 1/1 /home/admin/Documents/FEUP-CV/proj/task2/../datasets/extra-3/data/train/20240328_171149_jpg.rf.63cd8b3a460b9c4cac6f2f8cdf6d7f6b.jpg: 640x640 1 pool_table, 17.0ms
Speed: 7.0ms preprocess, 17.0ms inference, 35.4ms postprocess per image at shape (1, 3, 640, 640)
Processing extra-3/data/train/2024-03-30-11-15-02_mp4-0074_jpg.rf.470aed93c3ac769677bc18027c36762c.jpg...

image 1/1 /home/admin/Documents/FEUP-CV/proj/task2/../datasets/extra-3/data/train/2024-03-30-11-15-02_mp4-0074_jpg.rf.470aed93c3ac769677bc18027c36762c.jpg: 640x640 1 pool_table, 17.1ms
Speed: 7.2ms preprocess, 17.1ms inference, 35.3ms postprocess per image at shape (1, 3, 640, 640)
Processing extra-3/data/train/2024-03-30-11-07-17_mp4-0010_jpg.rf.8e060253578a61d834f3e5002b1cb067.jpg...

image 1/1 /home/admin/Documents/FEUP-CV/proj/task2/../datasets/extra-3/data/train/2024-03-30-11-07-17_mp4-0010_jpg.rf.8e060253578a61d834f3e5002b1cb067.jpg: 640x640 1 pool_table, 17.0ms
Speed: 1.5ms preprocess, 17.0ms inference, 35.0ms postprocess per image at shape (1, 3, 640, 640)
Processing extra-3/data/train/2024-03-28-18-35-18_mp4-0018_jpg.rf.044a58b26f174a158d3a1fb461ae013c.jpg...

image 1/1 /home/admin/Documents/FEUP-CV/proj/task2/../datasets/extra-3/data/train/2024-03-28-18-35-18_mp4-0018_jpg.rf.044a58b26f174a158d3a1fb461ae013c.jpg: 640x640 1 pool_table, 16.8ms
Speed: 1.5ms preprocess, 16.8ms inference, 35.1ms postprocess per image at shape (1, 3, 640, 640)
Processing extra-3/data/train/IMG_20240319_120550_jpg.rf.4ba62ba65c934e77efe37e4162cbee34.jpg...

image 1/1 /home/admin/Documents/FEUP-CV/proj/task2/../datasets/extra-3/data/train/IMG_20240319_120550_jpg.rf.4ba62ba65c934e77efe37e4162cbee34.jpg: 640x640 1 pool_table, 12.2ms
Speed: 3.9ms preprocess, 12.2ms inference, 23.6ms postprocess per image at shape (1, 3, 640, 640)
Processing extra-3/data/train/IMG_20240319_120834_jpg.rf.e5c013ff3725b950e4360084c2ed5bed.jpg...

image 1/1 /home/admin/Documents/FEUP-CV/proj/task2/../datasets/extra-3/data/train/IMG_20240319_120834_jpg.rf.e5c013ff3725b950e4360084c2ed5bed.jpg: 640x640 1 pool_table, 12.4ms
Speed: 4.0ms preprocess, 12.4ms inference, 23.9ms postprocess per image at shape (1, 3, 640, 640)
Processing extra-3/data/train/IMG_20240319_120855_jpg.rf.41b24c5d10f481f0569cffd836712c5f.jpg...

image 1/1 /home/admin/Documents/FEUP-CV/proj/task2/../datasets/extra-3/data/train/IMG_20240319_120855_jpg.rf.41b24c5d10f481f0569cffd836712c5f.jpg: 640x640 2 pool_tables, 8.1ms
Speed: 1.2ms preprocess, 8.1ms inference, 21.6ms postprocess per image at shape (1, 3, 640, 640)
Processing extra-3/data/train/2024-03-30-11-15-02_mp4-0003_jpg.rf.1a9258d1075d822be15b91f5a4833b09.jpg...

image 1/1 /home/admin/Documents/FEUP-CV/proj/task2/../datasets/extra-3/data/train/2024-03-30-11-15-02_mp4-0003_jpg.rf.1a9258d1075d822be15b91f5a4833b09.jpg: 640x640 1 pool_table, 12.4ms
Speed: 4.1ms preprocess, 12.4ms inference, 23.7ms postprocess per image at shape (1, 3, 640, 640)
Processing extra-3/data/train/2024-03-30-11-07-17_mp4-0032_jpg.rf.a8d1113de2af8c529cf10f176b4be535.jpg...

image 1/1 /home/admin/Documents/FEUP-CV/proj/task2/../datasets/extra-3/data/train/2024-03-30-11-07-17_mp4-0032_jpg.rf.a8d1113de2af8c529cf10f176b4be535.jpg: 640x640 1 pool_table, 12.2ms
Speed: 4.2ms preprocess, 12.2ms inference, 23.4ms postprocess per image at shape (1, 3, 640, 640)
Processing extra-3/data/train/20240328_171438_jpg.rf.a9136b0d7cccf5bb9f0e69ac9c5d37ac.jpg...

image 1/1 /home/admin/Documents/FEUP-CV/proj/task2/../datasets/extra-3/data/train/20240328_171438_jpg.rf.a9136b0d7cccf5bb9f0e69ac9c5d37ac.jpg: 640x640 1 pool_table, 12.0ms
Speed: 3.1ms preprocess, 12.0ms inference, 17.7ms postprocess per image at shape (1, 3, 640, 640)
Processing extra-3/data/train/2024-03-28-15-41-19_mp4-0031_jpg.rf.4863f82d1c9d7e4a02cdfa51611e56dd.jpg...

image 1/1 /home/admin/Documents/FEUP-CV/proj/task2/../datasets/extra-3/data/train/2024-03-28-15-41-19_mp4-0031_jpg.rf.4863f82d1c9d7e4a02cdfa51611e56dd.jpg: 640x640 1 pool_table, 12.0ms
Speed: 3.4ms preprocess, 12.0ms inference, 23.6ms postprocess per image at shape (1, 3, 640, 640)
Processing extra-3/data/train/2024-03-28-18-28-05_mp4-0029_jpg.rf.fc4d31925344c44243c144e76f9a2a53.jpg...

image 1/1 /home/admin/Documents/FEUP-CV/proj/task2/../datasets/extra-3/data/train/2024-03-28-18-28-05_mp4-0029_jpg.rf.fc4d31925344c44243c144e76f9a2a53.jpg: 640x640 1 pool_table, 12.0ms
Speed: 3.4ms preprocess, 12.0ms inference, 23.5ms postprocess per image at shape (1, 3, 640, 640)
Processing extra-3/data/train/IMG_20240319_121848_jpg.rf.dba2e2a4b3c903c6c3ed364e7cea1822.jpg...

image 1/1 /home/admin/Documents/FEUP-CV/proj/task2/../datasets/extra-3/data/train/IMG_20240319_121848_jpg.rf.dba2e2a4b3c903c6c3ed364e7cea1822.jpg: 640x640 1 pool_table, 12.3ms
Speed: 3.6ms preprocess, 12.3ms inference, 23.7ms postprocess per image at shape (1, 3, 640, 640)
Processing extra-3/data/train/2024-03-30-11-15-02_mp4-0059_jpg.rf.c8a30b8e8449f3bc5e44f5de5d663a0a.jpg...

image 1/1 /home/admin/Documents/FEUP-CV/proj/task2/../datasets/extra-3/data/train/2024-03-30-11-15-02_mp4-0059_jpg.rf.c8a30b8e8449f3bc5e44f5de5d663a0a.jpg: 640x640 1 pool_table, 12.0ms
Speed: 3.0ms preprocess, 12.0ms inference, 23.7ms postprocess per image at shape (1, 3, 640, 640)
Processing extra-3/data/train/IMG_20240319_121739_jpg.rf.b5b021df789fd3322d2f305dcc21ec86.jpg...

image 1/1 /home/admin/Documents/FEUP-CV/proj/task2/../datasets/extra-3/data/train/IMG_20240319_121739_jpg.rf.b5b021df789fd3322d2f305dcc21ec86.jpg: 640x640 1 pool_table, 12.0ms
Speed: 3.8ms preprocess, 12.0ms inference, 23.7ms postprocess per image at shape (1, 3, 640, 640)
Processing extra-3/data/train/2024-03-28-15-41-19_mp4-0026_jpg.rf.03cbd4d3cbb76e7f227a0547c22b13a4.jpg...

image 1/1 /home/admin/Documents/FEUP-CV/proj/task2/../datasets/extra-3/data/train/2024-03-28-15-41-19_mp4-0026_jpg.rf.03cbd4d3cbb76e7f227a0547c22b13a4.jpg: 640x640 1 pool_table, 7.9ms
Speed: 2.4ms preprocess, 7.9ms inference, 17.4ms postprocess per image at shape (1, 3, 640, 640)
Processing extra-3/data/train/2024-03-28-18-28-05_mp4-0036_jpg.rf.a21a017f7a844b66877dcf4aad85a6d3.jpg...

image 1/1 /home/admin/Documents/FEUP-CV/proj/task2/../datasets/extra-3/data/train/2024-03-28-18-28-05_mp4-0036_jpg.rf.a21a017f7a844b66877dcf4aad85a6d3.jpg: 640x640 1 pool_table, 12.4ms
Speed: 3.5ms preprocess, 12.4ms inference, 23.9ms postprocess per image at shape (1, 3, 640, 640)
Processing extra-3/data/train/20240319_120442_jpg.rf.b8d57492cbc9428b6db865149162863b.jpg...

image 1/1 /home/admin/Documents/FEUP-CV/proj/task2/../datasets/extra-3/data/train/20240319_120442_jpg.rf.b8d57492cbc9428b6db865149162863b.jpg: 640x640 1 pool_table, 12.4ms
Speed: 3.4ms preprocess, 12.4ms inference, 23.8ms postprocess per image at shape (1, 3, 640, 640)
Processing extra-3/data/train/IMG_20240319_122126_jpg.rf.7223f7f73e905597d9580c9b42faf54c.jpg...

image 1/1 /home/admin/Documents/FEUP-CV/proj/task2/../datasets/extra-3/data/train/IMG_20240319_122126_jpg.rf.7223f7f73e905597d9580c9b42faf54c.jpg: 640x640 1 pool_table, 12.3ms
Speed: 1.9ms preprocess, 12.3ms inference, 23.5ms postprocess per image at shape (1, 3, 640, 640)
Processing extra-3/data/train/IMG_20240319_120803_jpg.rf.0b69516edc8b3f307681b37abcf811df.jpg...

image 1/1 /home/admin/Documents/FEUP-CV/proj/task2/../datasets/extra-3/data/train/IMG_20240319_120803_jpg.rf.0b69516edc8b3f307681b37abcf811df.jpg: 640x640 1 pool_table, 11.9ms
Speed: 2.6ms preprocess, 11.9ms inference, 23.4ms postprocess per image at shape (1, 3, 640, 640)
Processing extra-3/data/train/2024-03-28-15-41-19_mp4-0084_jpg.rf.6ef9dfd9bc65f38d1ee1ded94e63ab36.jpg...

image 1/1 /home/admin/Documents/FEUP-CV/proj/task2/../datasets/extra-3/data/train/2024-03-28-15-41-19_mp4-0084_jpg.rf.6ef9dfd9bc65f38d1ee1ded94e63ab36.jpg: 640x640 1 pool_table, 11.9ms
Speed: 3.7ms preprocess, 11.9ms inference, 23.6ms postprocess per image at shape (1, 3, 640, 640)
Processing extra-3/data/train/2024-03-28-15-41-19_mp4-0069_jpg.rf.24bc89b09ef529fe58a3f73c540a2170.jpg...

image 1/1 /home/admin/Documents/FEUP-CV/proj/task2/../datasets/extra-3/data/train/2024-03-28-15-41-19_mp4-0069_jpg.rf.24bc89b09ef529fe58a3f73c540a2170.jpg: 640x640 1 pool_table, 12.0ms
Speed: 1.2ms preprocess, 12.0ms inference, 23.6ms postprocess per image at shape (1, 3, 640, 640)
Processing extra-3/data/train/20240328_171153_jpg.rf.d815e6c69840f98f3a66884f859960cf.jpg...

image 1/1 /home/admin/Documents/FEUP-CV/proj/task2/../datasets/extra-3/data/train/20240328_171153_jpg.rf.d815e6c69840f98f3a66884f859960cf.jpg: 640x640 2 pool_tables, 12.4ms
Speed: 3.7ms preprocess, 12.4ms inference, 23.9ms postprocess per image at shape (1, 3, 640, 640)
Processing extra-3/data/train/2024-03-30-11-22-03_mp4-0038_jpg.rf.ddc463687dc1c4d77951d83640b7189f.jpg...

image 1/1 /home/admin/Documents/FEUP-CV/proj/task2/../datasets/extra-3/data/train/2024-03-30-11-22-03_mp4-0038_jpg.rf.ddc463687dc1c4d77951d83640b7189f.jpg: 640x640 1 pool_table, 12.5ms
Speed: 3.2ms preprocess, 12.5ms inference, 23.7ms postprocess per image at shape (1, 3, 640, 640)
Processing extra-3/data/train/2024-03-30-11-07-17_mp4-0037_jpg.rf.0a9bcc2b7b0c77ef4c8bead3d149d079.jpg...

image 1/1 /home/admin/Documents/FEUP-CV/proj/task2/../datasets/extra-3/data/train/2024-03-30-11-07-17_mp4-0037_jpg.rf.0a9bcc2b7b0c77ef4c8bead3d149d079.jpg: 640x640 1 pool_table, 12.4ms
Speed: 2.7ms preprocess, 12.4ms inference, 23.8ms postprocess per image at shape (1, 3, 640, 640)
Processing extra-3/data/train/2024-03-28-18-35-18_mp4-0025_jpg.rf.385beb8aeaf36d3daba1aa77af16088d.jpg...

image 1/1 /home/admin/Documents/FEUP-CV/proj/task2/../datasets/extra-3/data/train/2024-03-28-18-35-18_mp4-0025_jpg.rf.385beb8aeaf36d3daba1aa77af16088d.jpg: 640x640 1 pool_table, 16.5ms
Speed: 5.5ms preprocess, 16.5ms inference, 24.9ms postprocess per image at shape (1, 3, 640, 640)
Processing extra-3/data/train/2024-03-30-11-07-17_mp4-0021_jpg.rf.7b918f5701959bc6eadf9957cf262d63.jpg...

image 1/1 /home/admin/Documents/FEUP-CV/proj/task2/../datasets/extra-3/data/train/2024-03-30-11-07-17_mp4-0021_jpg.rf.7b918f5701959bc6eadf9957cf262d63.jpg: 640x640 1 pool_table, 12.3ms
Speed: 3.7ms preprocess, 12.3ms inference, 24.4ms postprocess per image at shape (1, 3, 640, 640)
Processing extra-3/data/train/2024-03-28-15-41-19_mp4-0050_jpg.rf.8bfd63d32881606c89ec122e6faf4d0b.jpg...

image 1/1 /home/admin/Documents/FEUP-CV/proj/task2/../datasets/extra-3/data/train/2024-03-28-15-41-19_mp4-0050_jpg.rf.8bfd63d32881606c89ec122e6faf4d0b.jpg: 640x640 1 pool_table, 12.4ms
Speed: 4.2ms preprocess, 12.4ms inference, 24.4ms postprocess per image at shape (1, 3, 640, 640)
Processing extra-3/data/train/2024-03-30-11-15-02_mp4-0066_jpg.rf.dbde3391bf855288a4ef045cb0c6d1f1.jpg...

image 1/1 /home/admin/Documents/FEUP-CV/proj/task2/../datasets/extra-3/data/train/2024-03-30-11-15-02_mp4-0066_jpg.rf.dbde3391bf855288a4ef045cb0c6d1f1.jpg: 640x640 1 pool_table, 16.9ms
Speed: 4.1ms preprocess, 16.9ms inference, 35.1ms postprocess per image at shape (1, 3, 640, 640)
Processing extra-3/data/train/2024-03-28-15-41-19_mp4-0027_jpg.rf.22c2553013397254b79616d341794047.jpg...

image 1/1 /home/admin/Documents/FEUP-CV/proj/task2/../datasets/extra-3/data/train/2024-03-28-15-41-19_mp4-0027_jpg.rf.22c2553013397254b79616d341794047.jpg: 640x640 1 pool_table, 16.8ms
Speed: 1.5ms preprocess, 16.8ms inference, 32.9ms postprocess per image at shape (1, 3, 640, 640)
Processing extra-3/data/train/2024-03-28-18-28-05_mp4-0038_jpg.rf.aa551c1fcda76378bd6f15790ea05f07.jpg...

image 1/1 /home/admin/Documents/FEUP-CV/proj/task2/../datasets/extra-3/data/train/2024-03-28-18-28-05_mp4-0038_jpg.rf.aa551c1fcda76378bd6f15790ea05f07.jpg: 640x640 1 pool_table, 12.3ms
Speed: 2.1ms preprocess, 12.3ms inference, 24.4ms postprocess per image at shape (1, 3, 640, 640)
Processing extra-3/data/train/IMG_20240319_122145_jpg.rf.96252260a08a70c4197e622aa0603b48.jpg...

image 1/1 /home/admin/Documents/FEUP-CV/proj/task2/../datasets/extra-3/data/train/IMG_20240319_122145_jpg.rf.96252260a08a70c4197e622aa0603b48.jpg: 640x640 1 pool_table, 12.5ms
Speed: 3.7ms preprocess, 12.5ms inference, 24.5ms postprocess per image at shape (1, 3, 640, 640)
Processing extra-3/data/train/IMG_20240319_121500_jpg.rf.c0f1cf33f1dcf5d4ff9579089590e86f.jpg...

image 1/1 /home/admin/Documents/FEUP-CV/proj/task2/../datasets/extra-3/data/train/IMG_20240319_121500_jpg.rf.c0f1cf33f1dcf5d4ff9579089590e86f.jpg: 640x640 1 pool_table, 12.6ms
Speed: 2.7ms preprocess, 12.6ms inference, 29.6ms postprocess per image at shape (1, 3, 640, 640)
Processing extra-3/data/train/IMG_20240319_120540_jpg.rf.e7267ad6a576d42093a3bcc91d841505.jpg...

image 1/1 /home/admin/Documents/FEUP-CV/proj/task2/../datasets/extra-3/data/train/IMG_20240319_120540_jpg.rf.e7267ad6a576d42093a3bcc91d841505.jpg: 640x640 1 pool_table, 16.9ms
Speed: 7.7ms preprocess, 16.9ms inference, 34.8ms postprocess per image at shape (1, 3, 640, 640)
Processing extra-3/data/train/2024-03-30-11-07-17_mp4-0051_jpg.rf.5f553a77165ed80ec0aa2afd93f97625.jpg...

image 1/1 /home/admin/Documents/FEUP-CV/proj/task2/../datasets/extra-3/data/train/2024-03-30-11-07-17_mp4-0051_jpg.rf.5f553a77165ed80ec0aa2afd93f97625.jpg: 640x640 1 pool_table, 12.3ms
Speed: 3.3ms preprocess, 12.3ms inference, 24.2ms postprocess per image at shape (1, 3, 640, 640)
Processing extra-3/data/train/IMG_20240319_121150_jpg.rf.aac3a4b0328520365cf3e152420b1e6d.jpg...

image 1/1 /home/admin/Documents/FEUP-CV/proj/task2/../datasets/extra-3/data/train/IMG_20240319_121150_jpg.rf.aac3a4b0328520365cf3e152420b1e6d.jpg: 640x640 1 pool_table, 12.4ms
Speed: 3.6ms preprocess, 12.4ms inference, 24.3ms postprocess per image at shape (1, 3, 640, 640)
Processing extra-3/data/train/2024-03-30-11-07-17_mp4-0019_jpg.rf.e7ad65fa5e1614f1f94965a027b62bdf.jpg...

image 1/1 /home/admin/Documents/FEUP-CV/proj/task2/../datasets/extra-3/data/train/2024-03-30-11-07-17_mp4-0019_jpg.rf.e7ad65fa5e1614f1f94965a027b62bdf.jpg: 640x640 1 pool_table, 12.5ms
Speed: 3.7ms preprocess, 12.5ms inference, 24.6ms postprocess per image at shape (1, 3, 640, 640)
Processing extra-3/data/train/2024-03-28-15-41-19_mp4-0094_jpg.rf.221fb04af94eff5b5d0eea9f08e9cc47.jpg...

image 1/1 /home/admin/Documents/FEUP-CV/proj/task2/../datasets/extra-3/data/train/2024-03-28-15-41-19_mp4-0094_jpg.rf.221fb04af94eff5b5d0eea9f08e9cc47.jpg: 640x640 1 pool_table, 16.7ms
Speed: 1.7ms preprocess, 16.7ms inference, 35.2ms postprocess per image at shape (1, 3, 640, 640)
Processing extra-3/data/train/2024-03-30-11-15-02_mp4-0047_jpg.rf.76368a6794912840ba3181a2c5f6a3b4.jpg...

image 1/1 /home/admin/Documents/FEUP-CV/proj/task2/../datasets/extra-3/data/train/2024-03-30-11-15-02_mp4-0047_jpg.rf.76368a6794912840ba3181a2c5f6a3b4.jpg: 640x640 1 pool_table, 16.7ms
Speed: 2.0ms preprocess, 16.7ms inference, 14.1ms postprocess per image at shape (1, 3, 640, 640)
Processing extra-3/data/train/2024-03-28-15-41-19_mp4-0030_jpg.rf.0bdc83ef1f452bfb07c64cd3c4ea0e41.jpg...

image 1/1 /home/admin/Documents/FEUP-CV/proj/task2/../datasets/extra-3/data/train/2024-03-28-15-41-19_mp4-0030_jpg.rf.0bdc83ef1f452bfb07c64cd3c4ea0e41.jpg: 640x640 1 pool_table, 12.4ms
Speed: 4.3ms preprocess, 12.4ms inference, 24.4ms postprocess per image at shape (1, 3, 640, 640)
Processing extra-3/data/train/2024-03-30-11-22-03_mp4-0006_jpg.rf.4f0cff299e55522ad20fb4224dc72c35.jpg...

image 1/1 /home/admin/Documents/FEUP-CV/proj/task2/../datasets/extra-3/data/train/2024-03-30-11-22-03_mp4-0006_jpg.rf.4f0cff299e55522ad20fb4224dc72c35.jpg: 640x640 1 pool_table, 16.6ms
Speed: 5.8ms preprocess, 16.6ms inference, 35.0ms postprocess per image at shape (1, 3, 640, 640)
Processing extra-3/data/train/2024-03-28-15-41-19_mp4-0020_jpg.rf.6b81f36bc7bcd96c0c2bb2a9ec6da5f8.jpg...

image 1/1 /home/admin/Documents/FEUP-CV/proj/task2/../datasets/extra-3/data/train/2024-03-28-15-41-19_mp4-0020_jpg.rf.6b81f36bc7bcd96c0c2bb2a9ec6da5f8.jpg: 640x640 1 pool_table, 16.3ms
Speed: 1.3ms preprocess, 16.3ms inference, 24.4ms postprocess per image at shape (1, 3, 640, 640)
Processing extra-3/data/train/2024-03-28-15-41-19_mp4-0077_jpg.rf.8746d5a9c2e42e77f6484a187539e381.jpg...

image 1/1 /home/admin/Documents/FEUP-CV/proj/task2/../datasets/extra-3/data/train/2024-03-28-15-41-19_mp4-0077_jpg.rf.8746d5a9c2e42e77f6484a187539e381.jpg: 640x640 1 pool_table, 12.7ms
Speed: 4.6ms preprocess, 12.7ms inference, 24.5ms postprocess per image at shape (1, 3, 640, 640)
Processing extra-3/data/train/2024-03-30-11-07-17_mp4-0018_jpg.rf.a4983f64006fa827a67a20d22363a463.jpg...

image 1/1 /home/admin/Documents/FEUP-CV/proj/task2/../datasets/extra-3/data/train/2024-03-30-11-07-17_mp4-0018_jpg.rf.a4983f64006fa827a67a20d22363a463.jpg: 640x640 1 pool_table, 12.5ms
Speed: 2.4ms preprocess, 12.5ms inference, 24.4ms postprocess per image at shape (1, 3, 640, 640)
Processing extra-3/data/train/2024-03-30-11-07-17_mp4-0035_jpg.rf.716069aceab39710a3fe05531db84bcb.jpg...

image 1/1 /home/admin/Documents/FEUP-CV/proj/task2/../datasets/extra-3/data/train/2024-03-30-11-07-17_mp4-0035_jpg.rf.716069aceab39710a3fe05531db84bcb.jpg: 640x640 1 pool_table, 16.7ms
Speed: 1.3ms preprocess, 16.7ms inference, 34.9ms postprocess per image at shape (1, 3, 640, 640)
Processing extra-3/data/train/2024-03-30-11-07-17_mp4-0044_jpg.rf.0aab1f113ff72b19bffc0c8c11c59a03.jpg...

image 1/1 /home/admin/Documents/FEUP-CV/proj/task2/../datasets/extra-3/data/train/2024-03-30-11-07-17_mp4-0044_jpg.rf.0aab1f113ff72b19bffc0c8c11c59a03.jpg: 640x640 1 pool_table, 16.7ms
Speed: 8.0ms preprocess, 16.7ms inference, 29.5ms postprocess per image at shape (1, 3, 640, 640)
Processing extra-3/data/train/2024-03-28-15-41-19_mp4-0084_jpg.rf.5d1f57aa88cec1ac0c86ef76a6797af0.jpg...

image 1/1 /home/admin/Documents/FEUP-CV/proj/task2/../datasets/extra-3/data/train/2024-03-28-15-41-19_mp4-0084_jpg.rf.5d1f57aa88cec1ac0c86ef76a6797af0.jpg: 640x640 1 pool_table, 12.7ms
Speed: 3.7ms preprocess, 12.7ms inference, 24.6ms postprocess per image at shape (1, 3, 640, 640)
Processing extra-3/data/train/2024-03-30-11-15-02_mp4-0071_jpg.rf.e4a35d0ed1e3210920ed3d0311194005.jpg...

image 1/1 /home/admin/Documents/FEUP-CV/proj/task2/../datasets/extra-3/data/train/2024-03-30-11-15-02_mp4-0071_jpg.rf.e4a35d0ed1e3210920ed3d0311194005.jpg: 640x640 1 pool_table, 12.6ms
Speed: 4.2ms preprocess, 12.6ms inference, 24.5ms postprocess per image at shape (1, 3, 640, 640)
Processing extra-3/data/train/2024-03-30-11-15-02_mp4-0007_jpg.rf.81ecb15551241ccb74ffb14ae15fa4c3.jpg...

image 1/1 /home/admin/Documents/FEUP-CV/proj/task2/../datasets/extra-3/data/train/2024-03-30-11-15-02_mp4-0007_jpg.rf.81ecb15551241ccb74ffb14ae15fa4c3.jpg: 640x640 1 pool_table, 14.7ms
Speed: 4.4ms preprocess, 14.7ms inference, 35.0ms postprocess per image at shape (1, 3, 640, 640)
Processing extra-3/data/train/2024-03-30-11-15-02_mp4-0035_jpg.rf.6544c0004711bdc90c0432d989fd09e8.jpg...

image 1/1 /home/admin/Documents/FEUP-CV/proj/task2/../datasets/extra-3/data/train/2024-03-30-11-15-02_mp4-0035_jpg.rf.6544c0004711bdc90c0432d989fd09e8.jpg: 640x640 1 pool_table, 16.6ms
Speed: 1.8ms preprocess, 16.6ms inference, 34.9ms postprocess per image at shape (1, 3, 640, 640)
Processing extra-3/data/train/2024-03-30-11-22-03_mp4-0015_jpg.rf.e796dc1795ab32c2bb2448693ebbb9c6.jpg...

image 1/1 /home/admin/Documents/FEUP-CV/proj/task2/../datasets/extra-3/data/train/2024-03-30-11-22-03_mp4-0015_jpg.rf.e796dc1795ab32c2bb2448693ebbb9c6.jpg: 640x640 1 pool_table, 12.2ms
Speed: 4.2ms preprocess, 12.2ms inference, 24.5ms postprocess per image at shape (1, 3, 640, 640)
Processing extra-3/data/train/2024-03-28-15-41-19_mp4-0039_jpg.rf.4d97156c2c85681161d7092dab361a6c.jpg...

image 1/1 /home/admin/Documents/FEUP-CV/proj/task2/../datasets/extra-3/data/train/2024-03-28-15-41-19_mp4-0039_jpg.rf.4d97156c2c85681161d7092dab361a6c.jpg: 640x640 1 pool_table, 12.3ms
Speed: 4.1ms preprocess, 12.3ms inference, 24.2ms postprocess per image at shape (1, 3, 640, 640)
Processing extra-3/data/train/IMG_20240319_122235_jpg.rf.953dd0fcddf1ddefef26db1feff6af86.jpg...

image 1/1 /home/admin/Documents/FEUP-CV/proj/task2/../datasets/extra-3/data/train/IMG_20240319_122235_jpg.rf.953dd0fcddf1ddefef26db1feff6af86.jpg: 640x640 1 pool_table, 12.6ms
Speed: 4.1ms preprocess, 12.6ms inference, 24.4ms postprocess per image at shape (1, 3, 640, 640)
Processing extra-3/data/train/2024-03-30-11-15-02_mp4-0074_jpg.rf.acd015233ed779061196fa87a9bc2af9.jpg...

image 1/1 /home/admin/Documents/FEUP-CV/proj/task2/../datasets/extra-3/data/train/2024-03-30-11-15-02_mp4-0074_jpg.rf.acd015233ed779061196fa87a9bc2af9.jpg: 640x640 1 pool_table, 16.9ms
Speed: 1.3ms preprocess, 16.9ms inference, 35.1ms postprocess per image at shape (1, 3, 640, 640)
Processing extra-3/data/train/2024-03-28-15-41-19_mp4-0038_jpg.rf.2383b7197522fe85ea92d23b3b39a42a.jpg...

image 1/1 /home/admin/Documents/FEUP-CV/proj/task2/../datasets/extra-3/data/train/2024-03-28-15-41-19_mp4-0038_jpg.rf.2383b7197522fe85ea92d23b3b39a42a.jpg: 640x640 1 pool_table, 16.7ms
Speed: 1.9ms preprocess, 16.7ms inference, 23.6ms postprocess per image at shape (1, 3, 640, 640)
Processing extra-3/data/train/2024-03-28-18-28-05_mp4-0053_jpg.rf.a0b51960ca2462a68356d4f7bb465378.jpg...

image 1/1 /home/admin/Documents/FEUP-CV/proj/task2/../datasets/extra-3/data/train/2024-03-28-18-28-05_mp4-0053_jpg.rf.a0b51960ca2462a68356d4f7bb465378.jpg: 640x640 1 pool_table, 12.4ms
Speed: 4.5ms preprocess, 12.4ms inference, 24.4ms postprocess per image at shape (1, 3, 640, 640)
Processing extra-3/data/train/IMG_20240319_122149_jpg.rf.cd3725fb07399f7988472c3a24b7f3c5.jpg...

image 1/1 /home/admin/Documents/FEUP-CV/proj/task2/../datasets/extra-3/data/train/IMG_20240319_122149_jpg.rf.cd3725fb07399f7988472c3a24b7f3c5.jpg: 640x640 1 pool_table, 12.4ms
Speed: 4.1ms preprocess, 12.4ms inference, 24.4ms postprocess per image at shape (1, 3, 640, 640)
Processing extra-3/data/train/2024-03-28-15-41-19_mp4-0047_jpg.rf.348e60d5563b43d78b6b39f5708a3f82.jpg...

image 1/1 /home/admin/Documents/FEUP-CV/proj/task2/../datasets/extra-3/data/train/2024-03-28-15-41-19_mp4-0047_jpg.rf.348e60d5563b43d78b6b39f5708a3f82.jpg: 640x640 1 pool_table, 12.4ms
Speed: 3.0ms preprocess, 12.4ms inference, 34.3ms postprocess per image at shape (1, 3, 640, 640)
Processing extra-3/data/train/2024-03-30-11-15-02_mp4-0006_jpg.rf.402ed47fb7cc5c41c835e884d8dffe53.jpg...

image 1/1 /home/admin/Documents/FEUP-CV/proj/task2/../datasets/extra-3/data/train/2024-03-30-11-15-02_mp4-0006_jpg.rf.402ed47fb7cc5c41c835e884d8dffe53.jpg: 640x640 1 pool_table, 16.5ms
Speed: 5.5ms preprocess, 16.5ms inference, 34.9ms postprocess per image at shape (1, 3, 640, 640)
Processing extra-3/data/train/IMG_20240319_120844_jpg.rf.ede8fba7777bb00583b34857856768e1.jpg...

image 1/1 /home/admin/Documents/FEUP-CV/proj/task2/../datasets/extra-3/data/train/IMG_20240319_120844_jpg.rf.ede8fba7777bb00583b34857856768e1.jpg: 640x640 1 pool_table, 12.4ms
Speed: 3.6ms preprocess, 12.4ms inference, 24.3ms postprocess per image at shape (1, 3, 640, 640)
Processing extra-3/data/train/2024-03-30-11-15-02_mp4-0070_jpg.rf.b21dd911f6dfd1469c7cbe9bf99ea55d.jpg...

image 1/1 /home/admin/Documents/FEUP-CV/proj/task2/../datasets/extra-3/data/train/2024-03-30-11-15-02_mp4-0070_jpg.rf.b21dd911f6dfd1469c7cbe9bf99ea55d.jpg: 640x640 1 pool_table, 12.4ms
Speed: 4.3ms preprocess, 12.4ms inference, 24.8ms postprocess per image at shape (1, 3, 640, 640)
Processing extra-3/data/train/IMG_20240319_121837_jpg.rf.c51a51ee3d803474db8dcbb32b3b7b0c.jpg...

image 1/1 /home/admin/Documents/FEUP-CV/proj/task2/../datasets/extra-3/data/train/IMG_20240319_121837_jpg.rf.c51a51ee3d803474db8dcbb32b3b7b0c.jpg: 640x640 1 pool_table, 12.9ms
Speed: 4.4ms preprocess, 12.9ms inference, 29.0ms postprocess per image at shape (1, 3, 640, 640)
Processing extra-3/data/train/2024-03-28-18-35-18_mp4-0010_jpg.rf.a7e24676b751d5f1a9db255deb905a72.jpg...

image 1/1 /home/admin/Documents/FEUP-CV/proj/task2/../datasets/extra-3/data/train/2024-03-28-18-35-18_mp4-0010_jpg.rf.a7e24676b751d5f1a9db255deb905a72.jpg: 640x640 1 pool_table, 17.0ms
Speed: 1.6ms preprocess, 17.0ms inference, 35.2ms postprocess per image at shape (1, 3, 640, 640)
Processing extra-3/data/train/2024-03-30-11-07-17_mp4-0011_jpg.rf.0efdacaaa15d497486fe3a0f56375f9a.jpg...

image 1/1 /home/admin/Documents/FEUP-CV/proj/task2/../datasets/extra-3/data/train/2024-03-30-11-07-17_mp4-0011_jpg.rf.0efdacaaa15d497486fe3a0f56375f9a.jpg: 640x640 1 pool_table, 13.0ms
Speed: 1.6ms preprocess, 13.0ms inference, 24.2ms postprocess per image at shape (1, 3, 640, 640)
Processing extra-3/data/train/2024-03-28-15-41-19_mp4-0038_jpg.rf.d034188d2487fa9f7034d314d0521f13.jpg...

image 1/1 /home/admin/Documents/FEUP-CV/proj/task2/../datasets/extra-3/data/train/2024-03-28-15-41-19_mp4-0038_jpg.rf.d034188d2487fa9f7034d314d0521f13.jpg: 640x640 1 pool_table, 12.4ms
Speed: 4.2ms preprocess, 12.4ms inference, 24.3ms postprocess per image at shape (1, 3, 640, 640)
Processing extra-3/data/train/2024-03-28-15-41-19_mp4-0074_jpg.rf.cc7c1f3f001cbc8b8122537fc559b7ec.jpg...

image 1/1 /home/admin/Documents/FEUP-CV/proj/task2/../datasets/extra-3/data/train/2024-03-28-15-41-19_mp4-0074_jpg.rf.cc7c1f3f001cbc8b8122537fc559b7ec.jpg: 640x640 1 pool_table, 12.4ms
Speed: 4.3ms preprocess, 12.4ms inference, 24.2ms postprocess per image at shape (1, 3, 640, 640)
Processing extra-3/data/train/2024-03-30-11-15-02_mp4-0033_jpg.rf.5516706246a43a41de5a2b998fe6a214.jpg...

image 1/1 /home/admin/Documents/FEUP-CV/proj/task2/../datasets/extra-3/data/train/2024-03-30-11-15-02_mp4-0033_jpg.rf.5516706246a43a41de5a2b998fe6a214.jpg: 640x640 1 pool_table, 14.1ms
Speed: 2.0ms preprocess, 14.1ms inference, 30.8ms postprocess per image at shape (1, 3, 640, 640)
Processing extra-3/data/train/2024-03-30-11-22-03_mp4-0042_jpg.rf.d3d6d26c52140a893068cb60e9ab7720.jpg...

image 1/1 /home/admin/Documents/FEUP-CV/proj/task2/../datasets/extra-3/data/train/2024-03-30-11-22-03_mp4-0042_jpg.rf.d3d6d26c52140a893068cb60e9ab7720.jpg: 640x640 1 pool_table, 16.7ms
Speed: 7.8ms preprocess, 16.7ms inference, 29.0ms postprocess per image at shape (1, 3, 640, 640)
Processing extra-3/data/train/2024-03-28-18-35-18_mp4-0003_jpg.rf.434f9e0fba6492e6dcbbe603a710b828.jpg...

image 1/1 /home/admin/Documents/FEUP-CV/proj/task2/../datasets/extra-3/data/train/2024-03-28-18-35-18_mp4-0003_jpg.rf.434f9e0fba6492e6dcbbe603a710b828.jpg: 640x640 1 pool_table, 12.6ms
Speed: 3.1ms preprocess, 12.6ms inference, 24.5ms postprocess per image at shape (1, 3, 640, 640)
Processing extra-3/data/train/2024-03-28-15-41-19_mp4-0048_jpg.rf.12fd9107d36f84c573dbb3b32da72605.jpg...

image 1/1 /home/admin/Documents/FEUP-CV/proj/task2/../datasets/extra-3/data/train/2024-03-28-15-41-19_mp4-0048_jpg.rf.12fd9107d36f84c573dbb3b32da72605.jpg: 640x640 1 pool_table, 12.4ms
Speed: 3.7ms preprocess, 12.4ms inference, 24.4ms postprocess per image at shape (1, 3, 640, 640)
Processing extra-3/data/train/2024-03-30-11-15-02_mp4-0016_jpg.rf.e533465f2873657ddb50e92cba8bbb8b.jpg...

image 1/1 /home/admin/Documents/FEUP-CV/proj/task2/../datasets/extra-3/data/train/2024-03-30-11-15-02_mp4-0016_jpg.rf.e533465f2873657ddb50e92cba8bbb8b.jpg: 640x640 1 pool_table, 16.6ms
Speed: 4.2ms preprocess, 16.6ms inference, 35.0ms postprocess per image at shape (1, 3, 640, 640)
Processing extra-3/data/train/2024-03-30-11-22-03_mp4-0038_jpg.rf.90b83038ccfe015ca659ae55ea0a7901.jpg...

image 1/1 /home/admin/Documents/FEUP-CV/proj/task2/../datasets/extra-3/data/train/2024-03-30-11-22-03_mp4-0038_jpg.rf.90b83038ccfe015ca659ae55ea0a7901.jpg: 640x640 1 pool_table, 16.7ms
Speed: 1.3ms preprocess, 16.7ms inference, 34.2ms postprocess per image at shape (1, 3, 640, 640)
Processing extra-3/data/train/2024-03-30-11-15-02_mp4-0073_jpg.rf.91df278305b9af399db761f4138b9575.jpg...

image 1/1 /home/admin/Documents/FEUP-CV/proj/task2/../datasets/extra-3/data/train/2024-03-30-11-15-02_mp4-0073_jpg.rf.91df278305b9af399db761f4138b9575.jpg: 640x640 1 pool_table, 12.5ms
Speed: 3.7ms preprocess, 12.5ms inference, 24.6ms postprocess per image at shape (1, 3, 640, 640)
Processing extra-3/data/train/2024-03-28-15-41-19_mp4-0035_jpg.rf.765ed8024837c61f37d06c619529c7a9.jpg...

image 1/1 /home/admin/Documents/FEUP-CV/proj/task2/../datasets/extra-3/data/train/2024-03-28-15-41-19_mp4-0035_jpg.rf.765ed8024837c61f37d06c619529c7a9.jpg: 640x640 1 pool_table, 12.6ms
Speed: 4.5ms preprocess, 12.6ms inference, 24.4ms postprocess per image at shape (1, 3, 640, 640)
Processing extra-3/data/train/2024-03-30-11-22-03_mp4-0037_jpg.rf.e1884525f57e2faef806bf0fa234ba15.jpg...

image 1/1 /home/admin/Documents/FEUP-CV/proj/task2/../datasets/extra-3/data/train/2024-03-30-11-22-03_mp4-0037_jpg.rf.e1884525f57e2faef806bf0fa234ba15.jpg: 640x640 1 pool_table, 12.5ms
Speed: 3.9ms preprocess, 12.5ms inference, 28.7ms postprocess per image at shape (1, 3, 640, 640)
Processing extra-3/data/train/2024-03-28-15-41-19_mp4-0031_jpg.rf.afe59e3bb0b9df3da9baa7c371215cf9.jpg...

image 1/1 /home/admin/Documents/FEUP-CV/proj/task2/../datasets/extra-3/data/train/2024-03-28-15-41-19_mp4-0031_jpg.rf.afe59e3bb0b9df3da9baa7c371215cf9.jpg: 640x640 1 pool_table, 16.6ms
Speed: 1.2ms preprocess, 16.6ms inference, 35.0ms postprocess per image at shape (1, 3, 640, 640)
Processing extra-3/data/train/IMG_20240319_121159_jpg.rf.3c4e2d5505f5f52ef2a4bfcd2a8ccae9.jpg...

image 1/1 /home/admin/Documents/FEUP-CV/proj/task2/../datasets/extra-3/data/train/IMG_20240319_121159_jpg.rf.3c4e2d5505f5f52ef2a4bfcd2a8ccae9.jpg: 640x640 1 pool_table, 7.8ms
Speed: 3.8ms preprocess, 7.8ms inference, 15.8ms postprocess per image at shape (1, 3, 640, 640)
Processing extra-3/data/train/2024-03-28-18-28-05_mp4-0026_jpg.rf.97fc11403aeb0a9c0258bed8542b3b79.jpg...

image 1/1 /home/admin/Documents/FEUP-CV/proj/task2/../datasets/extra-3/data/train/2024-03-28-18-28-05_mp4-0026_jpg.rf.97fc11403aeb0a9c0258bed8542b3b79.jpg: 640x640 1 pool_table, 12.5ms
Speed: 3.8ms preprocess, 12.5ms inference, 24.5ms postprocess per image at shape (1, 3, 640, 640)
Processing extra-3/data/train/2024-03-28-15-41-19_mp4-0094_jpg.rf.5bd8844664a54040838cfe8503ab621d.jpg...

image 1/1 /home/admin/Documents/FEUP-CV/proj/task2/../datasets/extra-3/data/train/2024-03-28-15-41-19_mp4-0094_jpg.rf.5bd8844664a54040838cfe8503ab621d.jpg: 640x640 1 pool_table, 12.6ms
Speed: 4.9ms preprocess, 12.6ms inference, 24.6ms postprocess per image at shape (1, 3, 640, 640)
Processing extra-3/data/train/IMG_20240319_120824_jpg.rf.96178d8892af2c8e132f61580e953b3b.jpg...

image 1/1 /home/admin/Documents/FEUP-CV/proj/task2/../datasets/extra-3/data/train/IMG_20240319_120824_jpg.rf.96178d8892af2c8e132f61580e953b3b.jpg: 640x640 1 pool_table, 16.8ms
Speed: 8.0ms preprocess, 16.8ms inference, 35.2ms postprocess per image at shape (1, 3, 640, 640)
Processing extra-3/data/train/2024-03-28-18-28-05_mp4-0022_jpg.rf.3ca360b604d8496d28cc4c56a4001dcc.jpg...

image 1/1 /home/admin/Documents/FEUP-CV/proj/task2/../datasets/extra-3/data/train/2024-03-28-18-28-05_mp4-0022_jpg.rf.3ca360b604d8496d28cc4c56a4001dcc.jpg: 640x640 1 pool_table, 12.4ms
Speed: 7.7ms preprocess, 12.4ms inference, 24.3ms postprocess per image at shape (1, 3, 640, 640)
Processing extra-3/data/train/2024-03-28-18-35-18_mp4-0020_jpg.rf.d582c59b3a44ddc9f660f0a6ecd64da3.jpg...

image 1/1 /home/admin/Documents/FEUP-CV/proj/task2/../datasets/extra-3/data/train/2024-03-28-18-35-18_mp4-0020_jpg.rf.d582c59b3a44ddc9f660f0a6ecd64da3.jpg: 640x640 1 pool_table, 12.4ms
Speed: 3.5ms preprocess, 12.4ms inference, 24.5ms postprocess per image at shape (1, 3, 640, 640)
Processing extra-3/data/train/2024-03-30-11-15-02_mp4-0024_jpg.rf.94bc1ff88578238c7790de77a797eb4d.jpg...

image 1/1 /home/admin/Documents/FEUP-CV/proj/task2/../datasets/extra-3/data/train/2024-03-30-11-15-02_mp4-0024_jpg.rf.94bc1ff88578238c7790de77a797eb4d.jpg: 640x640 1 pool_table, 12.4ms
Speed: 1.6ms preprocess, 12.4ms inference, 24.5ms postprocess per image at shape (1, 3, 640, 640)
Processing extra-3/data/train/2024-03-30-11-15-02_mp4-0059_jpg.rf.2a7327efaafb3c4244e71c0905d72896.jpg...

image 1/1 /home/admin/Documents/FEUP-CV/proj/task2/../datasets/extra-3/data/train/2024-03-30-11-15-02_mp4-0059_jpg.rf.2a7327efaafb3c4244e71c0905d72896.jpg: 640x640 1 pool_table, 16.9ms
Speed: 1.3ms preprocess, 16.9ms inference, 35.2ms postprocess per image at shape (1, 3, 640, 640)
Processing extra-3/data/train/20240328_171404_jpg.rf.134803d81a590592e045eee1c327566b.jpg...

image 1/1 /home/admin/Documents/FEUP-CV/proj/task2/../datasets/extra-3/data/train/20240328_171404_jpg.rf.134803d81a590592e045eee1c327566b.jpg: 640x640 1 pool_table, 16.8ms
Speed: 1.5ms preprocess, 16.8ms inference, 33.2ms postprocess per image at shape (1, 3, 640, 640)
Processing extra-3/data/train/IMG_20240319_120550_jpg.rf.418f80d9e9610ed153564bcbeafdd7ed.jpg...

image 1/1 /home/admin/Documents/FEUP-CV/proj/task2/../datasets/extra-3/data/train/IMG_20240319_120550_jpg.rf.418f80d9e9610ed153564bcbeafdd7ed.jpg: 640x640 1 pool_table, 12.6ms
Speed: 4.4ms preprocess, 12.6ms inference, 24.4ms postprocess per image at shape (1, 3, 640, 640)
Processing extra-3/data/train/20240319_120451_jpg.rf.186cc628d6038a1e26ea32a22becc9f3.jpg...

image 1/1 /home/admin/Documents/FEUP-CV/proj/task2/../datasets/extra-3/data/train/20240319_120451_jpg.rf.186cc628d6038a1e26ea32a22becc9f3.jpg: 640x640 1 pool_table, 12.3ms
Speed: 3.6ms preprocess, 12.3ms inference, 24.3ms postprocess per image at shape (1, 3, 640, 640)
Processing extra-3/data/train/2024-03-30-11-22-03_mp4-0017_jpg.rf.18435cf67f69aff5b89d20c62421bb5a.jpg...

image 1/1 /home/admin/Documents/FEUP-CV/proj/task2/../datasets/extra-3/data/train/2024-03-30-11-22-03_mp4-0017_jpg.rf.18435cf67f69aff5b89d20c62421bb5a.jpg: 640x640 1 pool_table, 12.3ms
Speed: 2.7ms preprocess, 12.3ms inference, 26.3ms postprocess per image at shape (1, 3, 640, 640)
Processing extra-3/data/train/IMG_20240319_120855_jpg.rf.ce68f2306d06fa006b8cc1e64d74d82e.jpg...

image 1/1 /home/admin/Documents/FEUP-CV/proj/task2/../datasets/extra-3/data/train/IMG_20240319_120855_jpg.rf.ce68f2306d06fa006b8cc1e64d74d82e.jpg: 640x640 1 pool_table, 16.6ms
Speed: 1.1ms preprocess, 16.6ms inference, 35.1ms postprocess per image at shape (1, 3, 640, 640)
Processing extra-3/data/train/2024-03-30-11-22-03_mp4-0006_jpg.rf.c3256f185f8c398285313cc3ed847e3c.jpg...

image 1/1 /home/admin/Documents/FEUP-CV/proj/task2/../datasets/extra-3/data/train/2024-03-30-11-22-03_mp4-0006_jpg.rf.c3256f185f8c398285313cc3ed847e3c.jpg: 640x640 1 pool_table, 14.1ms
Speed: 1.3ms preprocess, 14.1ms inference, 16.0ms postprocess per image at shape (1, 3, 640, 640)
Processing extra-3/data/train/2024-03-28-15-41-19_mp4-0077_jpg.rf.71743cb61588ec1b28179f7d12bb10b1.jpg...

image 1/1 /home/admin/Documents/FEUP-CV/proj/task2/../datasets/extra-3/data/train/2024-03-28-15-41-19_mp4-0077_jpg.rf.71743cb61588ec1b28179f7d12bb10b1.jpg: 640x640 1 pool_table, 12.7ms
Speed: 5.3ms preprocess, 12.7ms inference, 24.6ms postprocess per image at shape (1, 3, 640, 640)
Processing extra-3/data/train/2024-03-30-11-07-17_mp4-0014_jpg.rf.d27dba4584bf52a279a4dc38cb431874.jpg...

image 1/1 /home/admin/Documents/FEUP-CV/proj/task2/../datasets/extra-3/data/train/2024-03-30-11-07-17_mp4-0014_jpg.rf.d27dba4584bf52a279a4dc38cb431874.jpg: 640x640 1 pool_table, 12.4ms
Speed: 3.7ms preprocess, 12.4ms inference, 24.3ms postprocess per image at shape (1, 3, 640, 640)
Processing extra-3/data/train/2024-03-30-11-07-17_mp4-0027_jpg.rf.999d02dc7a76e68597fc91a45ab18422.jpg...

image 1/1 /home/admin/Documents/FEUP-CV/proj/task2/../datasets/extra-3/data/train/2024-03-30-11-07-17_mp4-0027_jpg.rf.999d02dc7a76e68597fc91a45ab18422.jpg: 640x640 1 pool_table, 16.7ms
Speed: 7.5ms preprocess, 16.7ms inference, 34.9ms postprocess per image at shape (1, 3, 640, 640)
Processing extra-3/data/train/2024-03-28-15-41-19_mp4-0016_jpg.rf.0089417bb2973723269ce2fe5fa64007.jpg...

image 1/1 /home/admin/Documents/FEUP-CV/proj/task2/../datasets/extra-3/data/train/2024-03-28-15-41-19_mp4-0016_jpg.rf.0089417bb2973723269ce2fe5fa64007.jpg: 640x640 1 pool_table, 12.3ms
Speed: 6.1ms preprocess, 12.3ms inference, 24.3ms postprocess per image at shape (1, 3, 640, 640)
Processing extra-3/data/train/2024-03-28-15-41-19_mp4-0014_jpg.rf.8fcdf57ebc8bf1299786fb65366e7368.jpg...

image 1/1 /home/admin/Documents/FEUP-CV/proj/task2/../datasets/extra-3/data/train/2024-03-28-15-41-19_mp4-0014_jpg.rf.8fcdf57ebc8bf1299786fb65366e7368.jpg: 640x640 1 pool_table, 12.5ms
Speed: 3.7ms preprocess, 12.5ms inference, 24.5ms postprocess per image at shape (1, 3, 640, 640)
Processing extra-3/data/train/2024-03-28-18-28-05_mp4-0041_jpg.rf.74a5f9a6a0b88c9b576c53c9eefa47f6.jpg...

image 1/1 /home/admin/Documents/FEUP-CV/proj/task2/../datasets/extra-3/data/train/2024-03-28-18-28-05_mp4-0041_jpg.rf.74a5f9a6a0b88c9b576c53c9eefa47f6.jpg: 640x640 1 pool_table, 12.6ms
Speed: 3.7ms preprocess, 12.6ms inference, 24.6ms postprocess per image at shape (1, 3, 640, 640)
Processing extra-3/data/train/IMG_20240319_122211_jpg.rf.287d9839971bff3b63f7d6d35bb87172.jpg...

image 1/1 /home/admin/Documents/FEUP-CV/proj/task2/../datasets/extra-3/data/train/IMG_20240319_122211_jpg.rf.287d9839971bff3b63f7d6d35bb87172.jpg: 640x640 1 pool_table, 16.8ms
Speed: 1.7ms preprocess, 16.8ms inference, 35.1ms postprocess per image at shape (1, 3, 640, 640)
Processing extra-3/data/train/2024-03-28-15-41-19_mp4-0075_jpg.rf.55eeeece129b25ca7ba135e281ad0fe5.jpg...

image 1/1 /home/admin/Documents/FEUP-CV/proj/task2/../datasets/extra-3/data/train/2024-03-28-15-41-19_mp4-0075_jpg.rf.55eeeece129b25ca7ba135e281ad0fe5.jpg: 640x640 1 pool_table, 16.6ms
Speed: 7.6ms preprocess, 16.6ms inference, 27.8ms postprocess per image at shape (1, 3, 640, 640)
Processing extra-3/data/train/2024-03-30-11-15-02_mp4-0072_jpg.rf.8a0d146a19d3a4fe03aae0324f131171.jpg...

image 1/1 /home/admin/Documents/FEUP-CV/proj/task2/../datasets/extra-3/data/train/2024-03-30-11-15-02_mp4-0072_jpg.rf.8a0d146a19d3a4fe03aae0324f131171.jpg: 640x640 1 pool_table, 12.4ms
Speed: 3.8ms preprocess, 12.4ms inference, 24.4ms postprocess per image at shape (1, 3, 640, 640)
Processing extra-3/data/train/2024-03-30-11-07-17_mp4-0019_jpg.rf.c556d078818fc0c5caba79d2e6ce6f28.jpg...

image 1/1 /home/admin/Documents/FEUP-CV/proj/task2/../datasets/extra-3/data/train/2024-03-30-11-07-17_mp4-0019_jpg.rf.c556d078818fc0c5caba79d2e6ce6f28.jpg: 640x640 1 pool_table, 12.4ms
Speed: 3.9ms preprocess, 12.4ms inference, 24.4ms postprocess per image at shape (1, 3, 640, 640)
Processing extra-3/data/train/20240319_120440_jpg.rf.0dd5d9f1196101364960a7077c8d2a84.jpg...

image 1/1 /home/admin/Documents/FEUP-CV/proj/task2/../datasets/extra-3/data/train/20240319_120440_jpg.rf.0dd5d9f1196101364960a7077c8d2a84.jpg: 640x640 1 pool_table, 12.6ms
Speed: 3.9ms preprocess, 12.6ms inference, 32.8ms postprocess per image at shape (1, 3, 640, 640)
Processing extra-3/data/train/20240328_171453_jpg.rf.2401a0ca8f9a9ba50272660662778c6a.jpg...

image 1/1 /home/admin/Documents/FEUP-CV/proj/task2/../datasets/extra-3/data/train/20240328_171453_jpg.rf.2401a0ca8f9a9ba50272660662778c6a.jpg: 640x640 1 pool_table, 16.7ms
Speed: 4.4ms preprocess, 16.7ms inference, 35.1ms postprocess per image at shape (1, 3, 640, 640)
Processing extra-3/data/train/2024-03-28-18-35-18_mp4-0025_jpg.rf.d213a0c98652c38f0c6ae052b9cb8acb.jpg...

image 1/1 /home/admin/Documents/FEUP-CV/proj/task2/../datasets/extra-3/data/train/2024-03-28-18-35-18_mp4-0025_jpg.rf.d213a0c98652c38f0c6ae052b9cb8acb.jpg: 640x640 1 pool_table, 12.3ms
Speed: 2.9ms preprocess, 12.3ms inference, 24.3ms postprocess per image at shape (1, 3, 640, 640)
Processing extra-3/data/train/2024-03-30-11-22-03_mp4-0003_jpg.rf.1c990583fb6c40d32885bb0adfe4931e.jpg...

image 1/1 /home/admin/Documents/FEUP-CV/proj/task2/../datasets/extra-3/data/train/2024-03-30-11-22-03_mp4-0003_jpg.rf.1c990583fb6c40d32885bb0adfe4931e.jpg: 640x640 1 pool_table, 12.4ms
Speed: 3.3ms preprocess, 12.4ms inference, 24.3ms postprocess per image at shape (1, 3, 640, 640)
Processing extra-3/data/train/IMG_20240319_121139_jpg.rf.5cb438ba307f272eadbef3b7ddcf34b7.jpg...

image 1/1 /home/admin/Documents/FEUP-CV/proj/task2/../datasets/extra-3/data/train/IMG_20240319_121139_jpg.rf.5cb438ba307f272eadbef3b7ddcf34b7.jpg: 640x640 1 pool_table, 12.4ms
Speed: 2.6ms preprocess, 12.4ms inference, 28.6ms postprocess per image at shape (1, 3, 640, 640)
Processing extra-3/data/train/2024-03-28-15-41-19_mp4-0068_jpg.rf.14e589c6dd8278013d79001c357c6f02.jpg...

image 1/1 /home/admin/Documents/FEUP-CV/proj/task2/../datasets/extra-3/data/train/2024-03-28-15-41-19_mp4-0068_jpg.rf.14e589c6dd8278013d79001c357c6f02.jpg: 640x640 1 pool_table, 12.7ms
Speed: 3.2ms preprocess, 12.7ms inference, 35.1ms postprocess per image at shape (1, 3, 640, 640)
Processing extra-3/data/train/IMG_20240319_120925_jpg.rf.b954aea30ff189d35653788e7dd97cd1.jpg...

image 1/1 /home/admin/Documents/FEUP-CV/proj/task2/../datasets/extra-3/data/train/IMG_20240319_120925_jpg.rf.b954aea30ff189d35653788e7dd97cd1.jpg: 640x640 1 pool_table, 12.6ms
Speed: 4.3ms preprocess, 12.6ms inference, 24.6ms postprocess per image at shape (1, 3, 640, 640)
Processing extra-3/data/train/2024-03-28-18-35-18_mp4-0017_jpg.rf.fb6154d2521a657ba72ecc104939516f.jpg...

image 1/1 /home/admin/Documents/FEUP-CV/proj/task2/../datasets/extra-3/data/train/2024-03-28-18-35-18_mp4-0017_jpg.rf.fb6154d2521a657ba72ecc104939516f.jpg: 640x640 1 pool_table, 12.7ms
Speed: 4.5ms preprocess, 12.7ms inference, 24.5ms postprocess per image at shape (1, 3, 640, 640)
Processing extra-3/data/train/2024-03-30-11-15-02_mp4-0068_jpg.rf.90586d34283265ac6cea115b014cf2f5.jpg...

image 1/1 /home/admin/Documents/FEUP-CV/proj/task2/../datasets/extra-3/data/train/2024-03-30-11-15-02_mp4-0068_jpg.rf.90586d34283265ac6cea115b014cf2f5.jpg: 640x640 1 pool_table, 12.3ms
Speed: 4.2ms preprocess, 12.3ms inference, 24.3ms postprocess per image at shape (1, 3, 640, 640)
Processing extra-3/data/train/2024-03-30-11-15-02_mp4-0058_jpg.rf.437c619a2fb6683a2594837e135f4acf.jpg...

image 1/1 /home/admin/Documents/FEUP-CV/proj/task2/../datasets/extra-3/data/train/2024-03-30-11-15-02_mp4-0058_jpg.rf.437c619a2fb6683a2594837e135f4acf.jpg: 640x640 1 pool_table, 16.5ms
Speed: 1.9ms preprocess, 16.5ms inference, 34.9ms postprocess per image at shape (1, 3, 640, 640)
Processing extra-3/data/train/2024-03-28-15-41-19_mp4-0062_jpg.rf.3a06899169e0712a3adbd44f0b12b9d6.jpg...

image 1/1 /home/admin/Documents/FEUP-CV/proj/task2/../datasets/extra-3/data/train/2024-03-28-15-41-19_mp4-0062_jpg.rf.3a06899169e0712a3adbd44f0b12b9d6.jpg: 640x640 1 pool_table, 16.7ms
Speed: 1.6ms preprocess, 16.7ms inference, 24.8ms postprocess per image at shape (1, 3, 640, 640)
Processing extra-3/data/train/IMG_20240319_120722_jpg.rf.0838ede2a16efa1302247dfe567db577.jpg...

image 1/1 /home/admin/Documents/FEUP-CV/proj/task2/../datasets/extra-3/data/train/IMG_20240319_120722_jpg.rf.0838ede2a16efa1302247dfe567db577.jpg: 640x640 1 pool_table, 12.6ms
Speed: 4.0ms preprocess, 12.6ms inference, 24.5ms postprocess per image at shape (1, 3, 640, 640)
Processing extra-3/data/train/2024-03-28-15-41-19_mp4-0078_jpg.rf.25b07ec0c3b69bc0d8960badca177aaa.jpg...

image 1/1 /home/admin/Documents/FEUP-CV/proj/task2/../datasets/extra-3/data/train/2024-03-28-15-41-19_mp4-0078_jpg.rf.25b07ec0c3b69bc0d8960badca177aaa.jpg: 640x640 1 pool_table, 12.6ms
Speed: 4.4ms preprocess, 12.6ms inference, 17.6ms postprocess per image at shape (1, 3, 640, 640)
Processing extra-3/data/train/2024-03-30-11-15-02_mp4-0078_jpg.rf.45c218d4efa726309f2fa61813789026.jpg...

image 1/1 /home/admin/Documents/FEUP-CV/proj/task2/../datasets/extra-3/data/train/2024-03-30-11-15-02_mp4-0078_jpg.rf.45c218d4efa726309f2fa61813789026.jpg: 640x640 1 pool_table, 14.6ms
Speed: 4.2ms preprocess, 14.6ms inference, 35.0ms postprocess per image at shape (1, 3, 640, 640)
Processing extra-3/data/train/2024-03-30-11-22-03_mp4-0045_jpg.rf.d7b2167237caed03a5763da2c502c37c.jpg...

image 1/1 /home/admin/Documents/FEUP-CV/proj/task2/../datasets/extra-3/data/train/2024-03-30-11-22-03_mp4-0045_jpg.rf.d7b2167237caed03a5763da2c502c37c.jpg: 640x640 1 pool_table, 16.6ms
Speed: 7.3ms preprocess, 16.6ms inference, 33.9ms postprocess per image at shape (1, 3, 640, 640)
Processing extra-3/data/train/IMG_20240319_120824_jpg.rf.9718632b23e7487463eb75a12a804500.jpg...

image 1/1 /home/admin/Documents/FEUP-CV/proj/task2/../datasets/extra-3/data/train/IMG_20240319_120824_jpg.rf.9718632b23e7487463eb75a12a804500.jpg: 640x640 1 pool_table, 12.4ms
Speed: 3.1ms preprocess, 12.4ms inference, 24.4ms postprocess per image at shape (1, 3, 640, 640)
Processing extra-3/data/train/2024-03-30-11-15-02_mp4-0022_jpg.rf.8392964bb2cf54f1b272c539742e242e.jpg...

image 1/1 /home/admin/Documents/FEUP-CV/proj/task2/../datasets/extra-3/data/train/2024-03-30-11-15-02_mp4-0022_jpg.rf.8392964bb2cf54f1b272c539742e242e.jpg: 640x640 1 pool_table, 12.6ms
Speed: 2.2ms preprocess, 12.6ms inference, 24.6ms postprocess per image at shape (1, 3, 640, 640)
Processing extra-3/data/train/2024-03-28-18-28-05_mp4-0009_jpg.rf.a9997e204ad004bbe4bc360f89c4dba8.jpg...

image 1/1 /home/admin/Documents/FEUP-CV/proj/task2/../datasets/extra-3/data/train/2024-03-28-18-28-05_mp4-0009_jpg.rf.a9997e204ad004bbe4bc360f89c4dba8.jpg: 640x640 1 pool_table, 12.6ms
Speed: 3.8ms preprocess, 12.6ms inference, 28.8ms postprocess per image at shape (1, 3, 640, 640)
Processing extra-3/data/train/2024-03-28-15-41-19_mp4-0039_jpg.rf.efdf8c80243286b27141242b0fbdeab7.jpg...

image 1/1 /home/admin/Documents/FEUP-CV/proj/task2/../datasets/extra-3/data/train/2024-03-28-15-41-19_mp4-0039_jpg.rf.efdf8c80243286b27141242b0fbdeab7.jpg: 640x640 1 pool_table, 16.9ms
Speed: 8.2ms preprocess, 16.9ms inference, 35.1ms postprocess per image at shape (1, 3, 640, 640)
Processing extra-3/data/train/2024-03-30-11-15-02_mp4-0041_jpg.rf.3463c30670e405bd2f18d4eb0505a6d1.jpg...

image 1/1 /home/admin/Documents/FEUP-CV/proj/task2/../datasets/extra-3/data/train/2024-03-30-11-15-02_mp4-0041_jpg.rf.3463c30670e405bd2f18d4eb0505a6d1.jpg: 640x640 1 pool_table, 12.4ms
Speed: 3.6ms preprocess, 12.4ms inference, 24.3ms postprocess per image at shape (1, 3, 640, 640)
Processing extra-3/data/train/2024-03-30-11-07-17_mp4-0032_jpg.rf.fbb00315a480c49ba1ba3fed10af3fa8.jpg...

image 1/1 /home/admin/Documents/FEUP-CV/proj/task2/../datasets/extra-3/data/train/2024-03-30-11-07-17_mp4-0032_jpg.rf.fbb00315a480c49ba1ba3fed10af3fa8.jpg: 640x640 1 pool_table, 12.3ms
Speed: 4.2ms preprocess, 12.3ms inference, 24.4ms postprocess per image at shape (1, 3, 640, 640)
Processing extra-3/data/train/2024-03-30-11-07-17_mp4-0050_jpg.rf.0dc1cb210a1d92cf60c27a064dc7189c.jpg...

image 1/1 /home/admin/Documents/FEUP-CV/proj/task2/../datasets/extra-3/data/train/2024-03-30-11-07-17_mp4-0050_jpg.rf.0dc1cb210a1d92cf60c27a064dc7189c.jpg: 640x640 1 pool_table, 12.4ms
Speed: 4.2ms preprocess, 12.4ms inference, 24.3ms postprocess per image at shape (1, 3, 640, 640)
Processing extra-3/data/train/IMG_20240319_121203_jpg.rf.27e89920e77c189d133f4a5854c54c03.jpg...

image 1/1 /home/admin/Documents/FEUP-CV/proj/task2/../datasets/extra-3/data/train/IMG_20240319_121203_jpg.rf.27e89920e77c189d133f4a5854c54c03.jpg: 640x640 1 pool_table, 16.8ms
Speed: 1.3ms preprocess, 16.8ms inference, 35.0ms postprocess per image at shape (1, 3, 640, 640)
Processing extra-3/data/train/IMG_20240319_122228_jpg.rf.04858081365960a6228116bf06c07fc7.jpg...

image 1/1 /home/admin/Documents/FEUP-CV/proj/task2/../datasets/extra-3/data/train/IMG_20240319_122228_jpg.rf.04858081365960a6228116bf06c07fc7.jpg: 640x640 1 pool_table, 16.6ms
Speed: 1.5ms preprocess, 16.6ms inference, 30.7ms postprocess per image at shape (1, 3, 640, 640)
Processing extra-3/data/train/2024-03-30-11-15-02_mp4-0058_jpg.rf.f65a4ed16b2e1638a98d149e7820e969.jpg...

image 1/1 /home/admin/Documents/FEUP-CV/proj/task2/../datasets/extra-3/data/train/2024-03-30-11-15-02_mp4-0058_jpg.rf.f65a4ed16b2e1638a98d149e7820e969.jpg: 640x640 1 pool_table, 10.2ms
Speed: 2.8ms preprocess, 10.2ms inference, 24.3ms postprocess per image at shape (1, 3, 640, 640)
Processing extra-3/data/train/2024-03-30-11-07-17_mp4-0009_jpg.rf.961d9ee1983836b8825df9b542dd8114.jpg...

image 1/1 /home/admin/Documents/FEUP-CV/proj/task2/../datasets/extra-3/data/train/2024-03-30-11-07-17_mp4-0009_jpg.rf.961d9ee1983836b8825df9b542dd8114.jpg: 640x640 1 pool_table, 8.0ms
Speed: 1.7ms preprocess, 8.0ms inference, 22.2ms postprocess per image at shape (1, 3, 640, 640)
Processing extra-3/data/train/IMG_20240319_121848_jpg.rf.78b6385632c778b5a6ac45302bbbf6f7.jpg...

image 1/1 /home/admin/Documents/FEUP-CV/proj/task2/../datasets/extra-3/data/train/IMG_20240319_121848_jpg.rf.78b6385632c778b5a6ac45302bbbf6f7.jpg: 640x640 1 pool_table, 16.6ms
Speed: 7.7ms preprocess, 16.6ms inference, 34.9ms postprocess per image at shape (1, 3, 640, 640)
Processing extra-3/data/train/2024-03-28-15-41-19_mp4-0026_jpg.rf.517cd170591effa7e45892e4cc9a4931.jpg...

image 1/1 /home/admin/Documents/FEUP-CV/proj/task2/../datasets/extra-3/data/train/2024-03-28-15-41-19_mp4-0026_jpg.rf.517cd170591effa7e45892e4cc9a4931.jpg: 640x640 1 pool_table, 16.8ms
Speed: 7.5ms preprocess, 16.8ms inference, 27.4ms postprocess per image at shape (1, 3, 640, 640)
Processing extra-3/data/train/2024-03-30-11-15-02_mp4-0056_jpg.rf.6f94a3bec6c7cb847da3b91380c31445.jpg...

image 1/1 /home/admin/Documents/FEUP-CV/proj/task2/../datasets/extra-3/data/train/2024-03-30-11-15-02_mp4-0056_jpg.rf.6f94a3bec6c7cb847da3b91380c31445.jpg: 640x640 1 pool_table, 12.6ms
Speed: 3.7ms preprocess, 12.6ms inference, 24.6ms postprocess per image at shape (1, 3, 640, 640)
Processing extra-3/data/train/2024-03-28-15-41-19_mp4-0026_jpg.rf.19d0c0aa796e7284c8d96ba5e303347e.jpg...

image 1/1 /home/admin/Documents/FEUP-CV/proj/task2/../datasets/extra-3/data/train/2024-03-28-15-41-19_mp4-0026_jpg.rf.19d0c0aa796e7284c8d96ba5e303347e.jpg: 640x640 1 pool_table, 12.6ms
Speed: 3.8ms preprocess, 12.6ms inference, 24.5ms postprocess per image at shape (1, 3, 640, 640)
Processing extra-3/data/train/IMG_20240319_121130_jpg.rf.d18f2e22d79a4492c37aea4727668102.jpg...

image 1/1 /home/admin/Documents/FEUP-CV/proj/task2/../datasets/extra-3/data/train/IMG_20240319_121130_jpg.rf.d18f2e22d79a4492c37aea4727668102.jpg: 640x640 1 pool_table, 14.7ms
Speed: 3.5ms preprocess, 14.7ms inference, 35.1ms postprocess per image at shape (1, 3, 640, 640)
Processing extra-3/data/train/2024-03-28-18-35-18_mp4-0031_jpg.rf.f2ea964f477c02dce49178065a43a5f3.jpg...

image 1/1 /home/admin/Documents/FEUP-CV/proj/task2/../datasets/extra-3/data/train/2024-03-28-18-35-18_mp4-0031_jpg.rf.f2ea964f477c02dce49178065a43a5f3.jpg: 640x640 1 pool_table, 16.7ms
Speed: 1.2ms preprocess, 16.7ms inference, 35.1ms postprocess per image at shape (1, 3, 640, 640)
Processing extra-3/data/train/2024-03-28-15-41-19_mp4-0013_jpg.rf.52fd0d7d68aa275c2c533c8eb3ea4746.jpg...

image 1/1 /home/admin/Documents/FEUP-CV/proj/task2/../datasets/extra-3/data/train/2024-03-28-15-41-19_mp4-0013_jpg.rf.52fd0d7d68aa275c2c533c8eb3ea4746.jpg: 640x640 1 pool_table, 12.5ms
Speed: 3.9ms preprocess, 12.5ms inference, 24.4ms postprocess per image at shape (1, 3, 640, 640)
Processing extra-3/data/train/2024-03-30-11-07-17_mp4-0044_jpg.rf.1bcb8b168df06e7333e73ac385053599.jpg...

image 1/1 /home/admin/Documents/FEUP-CV/proj/task2/../datasets/extra-3/data/train/2024-03-30-11-07-17_mp4-0044_jpg.rf.1bcb8b168df06e7333e73ac385053599.jpg: 640x640 1 pool_table, 12.5ms
Speed: 4.2ms preprocess, 12.5ms inference, 24.3ms postprocess per image at shape (1, 3, 640, 640)
Processing extra-3/data/train/2024-03-30-11-07-17_mp4-0032_jpg.rf.c9933944fb60db828b743dc3499e38a0.jpg...

image 1/1 /home/admin/Documents/FEUP-CV/proj/task2/../datasets/extra-3/data/train/2024-03-30-11-07-17_mp4-0032_jpg.rf.c9933944fb60db828b743dc3499e38a0.jpg: 640x640 1 pool_table, 12.4ms
Speed: 3.7ms preprocess, 12.4ms inference, 28.7ms postprocess per image at shape (1, 3, 640, 640)
Processing extra-3/data/train/2024-03-28-18-28-05_mp4-0046_jpg.rf.6753787186e7c3595a443fc4d7deb2b1.jpg...

image 1/1 /home/admin/Documents/FEUP-CV/proj/task2/../datasets/extra-3/data/train/2024-03-28-18-28-05_mp4-0046_jpg.rf.6753787186e7c3595a443fc4d7deb2b1.jpg: 640x640 1 pool_table, 16.6ms
Speed: 1.7ms preprocess, 16.6ms inference, 27.6ms postprocess per image at shape (1, 3, 640, 640)
Processing extra-3/data/train/IMG_20240319_121146_jpg.rf.5eb6c729e0c038cbe1726bb67453a418.jpg...

image 1/1 /home/admin/Documents/FEUP-CV/proj/task2/../datasets/extra-3/data/train/IMG_20240319_121146_jpg.rf.5eb6c729e0c038cbe1726bb67453a418.jpg: 640x640 1 pool_table, 12.5ms
Speed: 5.0ms preprocess, 12.5ms inference, 24.3ms postprocess per image at shape (1, 3, 640, 640)
Processing extra-3/data/train/2024-03-30-11-15-02_mp4-0048_jpg.rf.2c17ddc248f2cab51e1a1472e676fa30.jpg...

image 1/1 /home/admin/Documents/FEUP-CV/proj/task2/../datasets/extra-3/data/train/2024-03-30-11-15-02_mp4-0048_jpg.rf.2c17ddc248f2cab51e1a1472e676fa30.jpg: 640x640 1 pool_table, 12.5ms
Speed: 3.3ms preprocess, 12.5ms inference, 24.4ms postprocess per image at shape (1, 3, 640, 640)
Processing extra-3/data/train/2024-03-30-11-07-17_mp4-0054_jpg.rf.15f247c743c51d0d9475bc0e66fffb33.jpg...

image 1/1 /home/admin/Documents/FEUP-CV/proj/task2/../datasets/extra-3/data/train/2024-03-30-11-07-17_mp4-0054_jpg.rf.15f247c743c51d0d9475bc0e66fffb33.jpg: 640x640 1 pool_table, 12.5ms
Speed: 3.5ms preprocess, 12.5ms inference, 24.5ms postprocess per image at shape (1, 3, 640, 640)
Processing extra-3/data/train/2024-03-30-11-15-02_mp4-0041_jpg.rf.454e1f99f232722a77058c70ccba8191.jpg...

image 1/1 /home/admin/Documents/FEUP-CV/proj/task2/../datasets/extra-3/data/train/2024-03-30-11-15-02_mp4-0041_jpg.rf.454e1f99f232722a77058c70ccba8191.jpg: 640x640 1 pool_table, 16.9ms
Speed: 8.1ms preprocess, 16.9ms inference, 35.3ms postprocess per image at shape (1, 3, 640, 640)
Processing extra-3/data/train/2024-03-28-18-35-18_mp4-0008_jpg.rf.135bfd0d11ab13ea8ea081768516287a.jpg...

image 1/1 /home/admin/Documents/FEUP-CV/proj/task2/../datasets/extra-3/data/train/2024-03-28-18-35-18_mp4-0008_jpg.rf.135bfd0d11ab13ea8ea081768516287a.jpg: 640x640 1 pool_table, 16.7ms
Speed: 8.0ms preprocess, 16.7ms inference, 27.0ms postprocess per image at shape (1, 3, 640, 640)
Processing extra-3/data/train/2024-03-28-15-41-19_mp4-0055_jpg.rf.746dfda69d31864215d0c3b66c5e633a.jpg...

image 1/1 /home/admin/Documents/FEUP-CV/proj/task2/../datasets/extra-3/data/train/2024-03-28-15-41-19_mp4-0055_jpg.rf.746dfda69d31864215d0c3b66c5e633a.jpg: 640x640 1 pool_table, 12.3ms
Speed: 4.3ms preprocess, 12.3ms inference, 24.3ms postprocess per image at shape (1, 3, 640, 640)
Processing extra-3/data/train/20240328_171431_jpg.rf.31fd5a97da6fe11f1c33be5573d0eac8.jpg...

image 1/1 /home/admin/Documents/FEUP-CV/proj/task2/../datasets/extra-3/data/train/20240328_171431_jpg.rf.31fd5a97da6fe11f1c33be5573d0eac8.jpg: 640x640 1 pool_table, 12.3ms
Speed: 4.1ms preprocess, 12.3ms inference, 24.4ms postprocess per image at shape (1, 3, 640, 640)
Processing extra-3/data/train/2024-03-28-18-28-05_mp4-0032_jpg.rf.8844a5e1352eec7197dc3375830b04f0.jpg...

image 1/1 /home/admin/Documents/FEUP-CV/proj/task2/../datasets/extra-3/data/train/2024-03-28-18-28-05_mp4-0032_jpg.rf.8844a5e1352eec7197dc3375830b04f0.jpg: 640x640 1 pool_table, 15.0ms
Speed: 6.0ms preprocess, 15.0ms inference, 24.1ms postprocess per image at shape (1, 3, 640, 640)
Processing extra-3/data/train/2024-03-30-11-07-17_mp4-0021_jpg.rf.29c7b494523cfd32f458eabfc874d6b8.jpg...

image 1/1 /home/admin/Documents/FEUP-CV/proj/task2/../datasets/extra-3/data/train/2024-03-30-11-07-17_mp4-0021_jpg.rf.29c7b494523cfd32f458eabfc874d6b8.jpg: 640x640 1 pool_table, 16.7ms
Speed: 2.0ms preprocess, 16.7ms inference, 31.8ms postprocess per image at shape (1, 3, 640, 640)
Processing extra-3/data/train/2024-03-30-11-07-17_mp4-0042_jpg.rf.e5dfcfd0b4de894c95ed05c4337cbee3.jpg...

image 1/1 /home/admin/Documents/FEUP-CV/proj/task2/../datasets/extra-3/data/train/2024-03-30-11-07-17_mp4-0042_jpg.rf.e5dfcfd0b4de894c95ed05c4337cbee3.jpg: 640x640 1 pool_table, 12.5ms
Speed: 4.4ms preprocess, 12.5ms inference, 24.5ms postprocess per image at shape (1, 3, 640, 640)
Processing extra-3/data/train/2024-03-30-11-15-02_mp4-0056_jpg.rf.87d6c5b0ee9e53f05616bfe01e776699.jpg...

image 1/1 /home/admin/Documents/FEUP-CV/proj/task2/../datasets/extra-3/data/train/2024-03-30-11-15-02_mp4-0056_jpg.rf.87d6c5b0ee9e53f05616bfe01e776699.jpg: 640x640 1 pool_table, 12.7ms
Speed: 4.3ms preprocess, 12.7ms inference, 24.3ms postprocess per image at shape (1, 3, 640, 640)
Processing extra-3/data/train/2024-03-28-15-41-19_mp4-0038_jpg.rf.01055489e4bc2133d69a7eb8368bbe83.jpg...

image 1/1 /home/admin/Documents/FEUP-CV/proj/task2/../datasets/extra-3/data/train/2024-03-28-15-41-19_mp4-0038_jpg.rf.01055489e4bc2133d69a7eb8368bbe83.jpg: 640x640 1 pool_table, 12.5ms
Speed: 2.6ms preprocess, 12.5ms inference, 35.2ms postprocess per image at shape (1, 3, 640, 640)
Processing extra-3/data/train/2024-03-28-15-41-19_mp4-0014_jpg.rf.236855e75914780877169f7907c180f7.jpg...

image 1/1 /home/admin/Documents/FEUP-CV/proj/task2/../datasets/extra-3/data/train/2024-03-28-15-41-19_mp4-0014_jpg.rf.236855e75914780877169f7907c180f7.jpg: 640x640 1 pool_table, 16.7ms
Speed: 7.7ms preprocess, 16.7ms inference, 35.0ms postprocess per image at shape (1, 3, 640, 640)
Processing extra-3/data/train/2024-03-28-15-41-19_mp4-0047_jpg.rf.2201db05a728692ec7071023b69c7278.jpg...

image 1/1 /home/admin/Documents/FEUP-CV/proj/task2/../datasets/extra-3/data/train/2024-03-28-15-41-19_mp4-0047_jpg.rf.2201db05a728692ec7071023b69c7278.jpg: 640x640 1 pool_table, 12.5ms
Speed: 3.6ms preprocess, 12.5ms inference, 24.6ms postprocess per image at shape (1, 3, 640, 640)
Processing extra-3/data/train/2024-03-30-11-07-17_mp4-0056_jpg.rf.f685b8a9f6567d0916f67048df5f4ba3.jpg...

image 1/1 /home/admin/Documents/FEUP-CV/proj/task2/../datasets/extra-3/data/train/2024-03-30-11-07-17_mp4-0056_jpg.rf.f685b8a9f6567d0916f67048df5f4ba3.jpg: 640x640 1 pool_table, 12.5ms
Speed: 4.0ms preprocess, 12.5ms inference, 24.4ms postprocess per image at shape (1, 3, 640, 640)
Processing extra-3/data/train/2024-03-28-18-28-05_mp4-0014_jpg.rf.56ca3b0d341cf732e361b9f6162ba40c.jpg...

image 1/1 /home/admin/Documents/FEUP-CV/proj/task2/../datasets/extra-3/data/train/2024-03-28-18-28-05_mp4-0014_jpg.rf.56ca3b0d341cf732e361b9f6162ba40c.jpg: 640x640 1 pool_table, 12.6ms
Speed: 3.6ms preprocess, 12.6ms inference, 28.8ms postprocess per image at shape (1, 3, 640, 640)
Processing extra-3/data/train/2024-03-28-18-35-18_mp4-0009_jpg.rf.8ab4f3f553ecef7658359030110c6550.jpg...

image 1/1 /home/admin/Documents/FEUP-CV/proj/task2/../datasets/extra-3/data/train/2024-03-28-18-35-18_mp4-0009_jpg.rf.8ab4f3f553ecef7658359030110c6550.jpg: 640x640 1 pool_table, 16.7ms
Speed: 7.9ms preprocess, 16.7ms inference, 34.9ms postprocess per image at shape (1, 3, 640, 640)
Processing extra-3/data/train/2024-03-28-15-41-19_mp4-0034_jpg.rf.02a8ae1337bb01deec0199d34aac2748.jpg...

image 1/1 /home/admin/Documents/FEUP-CV/proj/task2/../datasets/extra-3/data/train/2024-03-28-15-41-19_mp4-0034_jpg.rf.02a8ae1337bb01deec0199d34aac2748.jpg: 640x640 1 pool_table, 12.4ms
Speed: 3.5ms preprocess, 12.4ms inference, 24.3ms postprocess per image at shape (1, 3, 640, 640)
Processing extra-3/data/train/2024-03-28-15-41-19_mp4-0047_jpg.rf.9fe3fa3232dee8d80c9801b4b7e0eefe.jpg...

image 1/1 /home/admin/Documents/FEUP-CV/proj/task2/../datasets/extra-3/data/train/2024-03-28-15-41-19_mp4-0047_jpg.rf.9fe3fa3232dee8d80c9801b4b7e0eefe.jpg: 640x640 1 pool_table, 12.4ms
Speed: 4.2ms preprocess, 12.4ms inference, 24.4ms postprocess per image at shape (1, 3, 640, 640)
Processing extra-3/data/train/IMG_20240319_122245_jpg.rf.a26788f9f0a165953602338351e94f2d.jpg...

image 1/1 /home/admin/Documents/FEUP-CV/proj/task2/../datasets/extra-3/data/train/IMG_20240319_122245_jpg.rf.a26788f9f0a165953602338351e94f2d.jpg: 640x640 1 pool_table, 12.5ms
Speed: 3.9ms preprocess, 12.5ms inference, 24.4ms postprocess per image at shape (1, 3, 640, 640)
Processing extra-3/data/train/2024-03-30-11-15-02_mp4-0035_jpg.rf.337b147d66ecc15342e1fae2e2716d50.jpg...

image 1/1 /home/admin/Documents/FEUP-CV/proj/task2/../datasets/extra-3/data/train/2024-03-30-11-15-02_mp4-0035_jpg.rf.337b147d66ecc15342e1fae2e2716d50.jpg: 640x640 1 pool_table, 16.6ms
Speed: 7.9ms preprocess, 16.6ms inference, 34.9ms postprocess per image at shape (1, 3, 640, 640)
Processing extra-3/data/train/2024-03-28-15-41-19_mp4-0053_jpg.rf.d7daaa30eb157aacb129d4ae4e581c48.jpg...

image 1/1 /home/admin/Documents/FEUP-CV/proj/task2/../datasets/extra-3/data/train/2024-03-28-15-41-19_mp4-0053_jpg.rf.d7daaa30eb157aacb129d4ae4e581c48.jpg: 640x640 1 pool_table, 13.4ms
Speed: 1.4ms preprocess, 13.4ms inference, 24.3ms postprocess per image at shape (1, 3, 640, 640)
Processing extra-3/data/train/2024-03-28-18-35-18_mp4-0005_jpg.rf.cd68a18151ce3ea575ffe0b3659f1572.jpg...

image 1/1 /home/admin/Documents/FEUP-CV/proj/task2/../datasets/extra-3/data/train/2024-03-28-18-35-18_mp4-0005_jpg.rf.cd68a18151ce3ea575ffe0b3659f1572.jpg: 640x640 1 pool_table, 10.9ms
Speed: 3.2ms preprocess, 10.9ms inference, 18.1ms postprocess per image at shape (1, 3, 640, 640)
Processing extra-3/data/train/2024-03-28-18-28-05_mp4-0043_jpg.rf.77ae4b217071f9985c41eabef44169b5.jpg...

image 1/1 /home/admin/Documents/FEUP-CV/proj/task2/../datasets/extra-3/data/train/2024-03-28-18-28-05_mp4-0043_jpg.rf.77ae4b217071f9985c41eabef44169b5.jpg: 640x640 1 pool_table, 12.6ms
Speed: 3.8ms preprocess, 12.6ms inference, 24.5ms postprocess per image at shape (1, 3, 640, 640)
Processing extra-3/data/train/2024-03-30-11-22-03_mp4-0009_jpg.rf.6b319584f0ee84a37a7ac1baf3f1803b.jpg...

image 1/1 /home/admin/Documents/FEUP-CV/proj/task2/../datasets/extra-3/data/train/2024-03-30-11-22-03_mp4-0009_jpg.rf.6b319584f0ee84a37a7ac1baf3f1803b.jpg: 640x640 1 pool_table, 16.8ms
Speed: 7.9ms preprocess, 16.8ms inference, 35.2ms postprocess per image at shape (1, 3, 640, 640)
Processing extra-3/data/train/IMG_20240319_121505_jpg.rf.0b7af077d0057aac7fa05eb40c1a5296.jpg...

image 1/1 /home/admin/Documents/FEUP-CV/proj/task2/../datasets/extra-3/data/train/IMG_20240319_121505_jpg.rf.0b7af077d0057aac7fa05eb40c1a5296.jpg: 640x640 1 pool_table, 16.8ms
Speed: 7.2ms preprocess, 16.8ms inference, 26.1ms postprocess per image at shape (1, 3, 640, 640)
Processing extra-3/data/train/2024-03-28-18-35-18_mp4-0018_jpg.rf.6af9e1940d086ded7902874cf2f806ef.jpg...

image 1/1 /home/admin/Documents/FEUP-CV/proj/task2/../datasets/extra-3/data/train/2024-03-28-18-35-18_mp4-0018_jpg.rf.6af9e1940d086ded7902874cf2f806ef.jpg: 640x640 1 pool_table, 10.3ms
Speed: 1.4ms preprocess, 10.3ms inference, 24.5ms postprocess per image at shape (1, 3, 640, 640)
Processing extra-3/data/train/2024-03-28-15-41-19_mp4-0009_jpg.rf.27f30234b4a4c3d2d13ad6cc87918163.jpg...

image 1/1 /home/admin/Documents/FEUP-CV/proj/task2/../datasets/extra-3/data/train/2024-03-28-15-41-19_mp4-0009_jpg.rf.27f30234b4a4c3d2d13ad6cc87918163.jpg: 640x640 1 pool_table, 12.5ms
Speed: 4.0ms preprocess, 12.5ms inference, 24.4ms postprocess per image at shape (1, 3, 640, 640)
Processing extra-3/data/train/2024-03-28-18-28-05_mp4-0025_jpg.rf.bc51d131e738a448d343df7bc2557199.jpg...

image 1/1 /home/admin/Documents/FEUP-CV/proj/task2/../datasets/extra-3/data/train/2024-03-28-18-28-05_mp4-0025_jpg.rf.bc51d131e738a448d343df7bc2557199.jpg: 640x640 1 pool_table, 16.8ms
Speed: 1.5ms preprocess, 16.8ms inference, 35.0ms postprocess per image at shape (1, 3, 640, 640)
Processing extra-3/data/train/2024-03-30-11-22-03_mp4-0047_jpg.rf.3447eed8b3a79d99cfd5c530cfd04649.jpg...

image 1/1 /home/admin/Documents/FEUP-CV/proj/task2/../datasets/extra-3/data/train/2024-03-30-11-22-03_mp4-0047_jpg.rf.3447eed8b3a79d99cfd5c530cfd04649.jpg: 640x640 1 pool_table, 16.7ms
Speed: 1.5ms preprocess, 16.7ms inference, 31.9ms postprocess per image at shape (1, 3, 640, 640)
Processing extra-3/data/train/2024-03-28-15-41-19_mp4-0070_jpg.rf.f32ca6cc5e075f1484e6576fb3d9b53a.jpg...

image 1/1 /home/admin/Documents/FEUP-CV/proj/task2/../datasets/extra-3/data/train/2024-03-28-15-41-19_mp4-0070_jpg.rf.f32ca6cc5e075f1484e6576fb3d9b53a.jpg: 640x640 1 pool_table, 12.4ms
Speed: 3.8ms preprocess, 12.4ms inference, 24.5ms postprocess per image at shape (1, 3, 640, 640)
Processing extra-3/data/train/2024-03-28-15-41-19_mp4-0015_jpg.rf.7474f10d09b15254aa0bef6cec7bc569.jpg...

image 1/1 /home/admin/Documents/FEUP-CV/proj/task2/../datasets/extra-3/data/train/2024-03-28-15-41-19_mp4-0015_jpg.rf.7474f10d09b15254aa0bef6cec7bc569.jpg: 640x640 1 pool_table, 12.4ms
Speed: 4.5ms preprocess, 12.4ms inference, 24.3ms postprocess per image at shape (1, 3, 640, 640)
Processing extra-3/data/train/IMG_20240319_120844_jpg.rf.e99e6da090097f42adc10dafd2cd2c49.jpg...

image 1/1 /home/admin/Documents/FEUP-CV/proj/task2/../datasets/extra-3/data/train/IMG_20240319_120844_jpg.rf.e99e6da090097f42adc10dafd2cd2c49.jpg: 640x640 1 pool_table, 12.4ms
Speed: 3.9ms preprocess, 12.4ms inference, 26.5ms postprocess per image at shape (1, 3, 640, 640)
Processing extra-3/data/train/2024-03-28-15-41-19_mp4-0052_jpg.rf.73a8d1884ffd039d97bf0c73df51312c.jpg...

image 1/1 /home/admin/Documents/FEUP-CV/proj/task2/../datasets/extra-3/data/train/2024-03-28-15-41-19_mp4-0052_jpg.rf.73a8d1884ffd039d97bf0c73df51312c.jpg: 640x640 1 pool_table, 16.8ms
Speed: 1.2ms preprocess, 16.8ms inference, 35.1ms postprocess per image at shape (1, 3, 640, 640)
Processing extra-3/data/train/IMG_20240319_120600_jpg.rf.fe14b61e5d7eba5a04678c70ed56bc7d.jpg...

image 1/1 /home/admin/Documents/FEUP-CV/proj/task2/../datasets/extra-3/data/train/IMG_20240319_120600_jpg.rf.fe14b61e5d7eba5a04678c70ed56bc7d.jpg: 640x640 1 pool_table, 12.9ms
Speed: 4.1ms preprocess, 12.9ms inference, 24.4ms postprocess per image at shape (1, 3, 640, 640)
Processing extra-3/data/train/2024-03-30-11-07-17_mp4-0028_jpg.rf.dc8fa0e3e44f6f1bc8f3c7b145318e97.jpg...

image 1/1 /home/admin/Documents/FEUP-CV/proj/task2/../datasets/extra-3/data/train/2024-03-30-11-07-17_mp4-0028_jpg.rf.dc8fa0e3e44f6f1bc8f3c7b145318e97.jpg: 640x640 1 pool_table, 12.6ms
Speed: 3.7ms preprocess, 12.6ms inference, 24.4ms postprocess per image at shape (1, 3, 640, 640)
Processing extra-3/data/train/IMG_20240319_122145_jpg.rf.fd2f4a90d4b69fd88f4e3e6de14c3e24.jpg...

image 1/1 /home/admin/Documents/FEUP-CV/proj/task2/../datasets/extra-3/data/train/IMG_20240319_122145_jpg.rf.fd2f4a90d4b69fd88f4e3e6de14c3e24.jpg: 640x640 1 pool_table, 12.4ms
Speed: 3.0ms preprocess, 12.4ms inference, 24.4ms postprocess per image at shape (1, 3, 640, 640)
Processing extra-3/data/train/2024-03-28-18-28-05_mp4-0026_jpg.rf.d690f6768db8003f1aa63f7ddfd1419c.jpg...

image 1/1 /home/admin/Documents/FEUP-CV/proj/task2/../datasets/extra-3/data/train/2024-03-28-18-28-05_mp4-0026_jpg.rf.d690f6768db8003f1aa63f7ddfd1419c.jpg: 640x640 1 pool_table, 12.3ms
Speed: 3.4ms preprocess, 12.3ms inference, 30.7ms postprocess per image at shape (1, 3, 640, 640)
Processing extra-3/data/train/2024-03-28-18-35-18_mp4-0005_jpg.rf.a2c9c68faa4a3a38b8e3247079172115.jpg...

image 1/1 /home/admin/Documents/FEUP-CV/proj/task2/../datasets/extra-3/data/train/2024-03-28-18-35-18_mp4-0005_jpg.rf.a2c9c68faa4a3a38b8e3247079172115.jpg: 640x640 1 pool_table, 16.6ms
Speed: 8.0ms preprocess, 16.6ms inference, 31.9ms postprocess per image at shape (1, 3, 640, 640)
Processing extra-3/data/train/2024-03-30-11-07-17_mp4-0036_jpg.rf.ad71efe4130f7a01c485c142f6b23661.jpg...

image 1/1 /home/admin/Documents/FEUP-CV/proj/task2/../datasets/extra-3/data/train/2024-03-30-11-07-17_mp4-0036_jpg.rf.ad71efe4130f7a01c485c142f6b23661.jpg: 640x640 1 pool_table, 12.6ms
Speed: 4.2ms preprocess, 12.6ms inference, 24.6ms postprocess per image at shape (1, 3, 640, 640)
Processing extra-3/data/train/2024-03-30-11-22-03_mp4-0035_jpg.rf.2a22bda18193e18310585ec1bc35dae2.jpg...

image 1/1 /home/admin/Documents/FEUP-CV/proj/task2/../datasets/extra-3/data/train/2024-03-30-11-22-03_mp4-0035_jpg.rf.2a22bda18193e18310585ec1bc35dae2.jpg: 640x640 1 pool_table, 12.6ms
Speed: 3.9ms preprocess, 12.6ms inference, 24.5ms postprocess per image at shape (1, 3, 640, 640)
Processing extra-3/data/train/2024-03-30-11-15-02_mp4-0035_jpg.rf.55b6951027dd52457e64ec03cc868431.jpg...

image 1/1 /home/admin/Documents/FEUP-CV/proj/task2/../datasets/extra-3/data/train/2024-03-30-11-15-02_mp4-0035_jpg.rf.55b6951027dd52457e64ec03cc868431.jpg: 640x640 1 pool_table, 12.7ms
Speed: 3.9ms preprocess, 12.7ms inference, 33.0ms postprocess per image at shape (1, 3, 640, 640)
Processing extra-3/data/train/2024-03-30-11-07-17_mp4-0057_jpg.rf.3765c89afaacdb1dc03d4dabbf3ba4d9.jpg...

image 1/1 /home/admin/Documents/FEUP-CV/proj/task2/../datasets/extra-3/data/train/2024-03-30-11-07-17_mp4-0057_jpg.rf.3765c89afaacdb1dc03d4dabbf3ba4d9.jpg: 640x640 1 pool_table, 16.6ms
Speed: 1.6ms preprocess, 16.6ms inference, 34.8ms postprocess per image at shape (1, 3, 640, 640)
Processing extra-3/data/train/2024-03-28-15-41-19_mp4-0009_jpg.rf.03a2597e9559ff404e09e8eeeb90d8ce.jpg...

image 1/1 /home/admin/Documents/FEUP-CV/proj/task2/../datasets/extra-3/data/train/2024-03-28-15-41-19_mp4-0009_jpg.rf.03a2597e9559ff404e09e8eeeb90d8ce.jpg: 640x640 1 pool_table, 12.3ms
Speed: 4.1ms preprocess, 12.3ms inference, 24.2ms postprocess per image at shape (1, 3, 640, 640)
Processing extra-3/data/train/2024-03-30-11-07-17_mp4-0009_jpg.rf.bfcd7c29e5990535a2915c3dc15228e0.jpg...

image 1/1 /home/admin/Documents/FEUP-CV/proj/task2/../datasets/extra-3/data/train/2024-03-30-11-07-17_mp4-0009_jpg.rf.bfcd7c29e5990535a2915c3dc15228e0.jpg: 640x640 1 pool_table, 12.6ms
Speed: 4.2ms preprocess, 12.6ms inference, 24.6ms postprocess per image at shape (1, 3, 640, 640)
Processing extra-3/data/train/IMG_20240319_121203_jpg.rf.b151058c1a6bea02ea3cb38229f32fb6.jpg...

image 1/1 /home/admin/Documents/FEUP-CV/proj/task2/../datasets/extra-3/data/train/IMG_20240319_121203_jpg.rf.b151058c1a6bea02ea3cb38229f32fb6.jpg: 640x640 1 pool_table, 12.5ms
Speed: 4.1ms preprocess, 12.5ms inference, 19.5ms postprocess per image at shape (1, 3, 640, 640)
Processing extra-3/data/train/2024-03-30-11-07-17_mp4-0039_jpg.rf.62b3025ef80682398a80767e83fd23e7.jpg...

image 1/1 /home/admin/Documents/FEUP-CV/proj/task2/../datasets/extra-3/data/train/2024-03-30-11-07-17_mp4-0039_jpg.rf.62b3025ef80682398a80767e83fd23e7.jpg: 640x640 1 pool_table, 16.9ms
Speed: 1.3ms preprocess, 16.9ms inference, 35.2ms postprocess per image at shape (1, 3, 640, 640)
Processing extra-3/data/train/2024-03-28-15-41-19_mp4-0009_jpg.rf.e430e83f084c5be30f71c40338d4cd9d.jpg...

image 1/1 /home/admin/Documents/FEUP-CV/proj/task2/../datasets/extra-3/data/train/2024-03-28-15-41-19_mp4-0009_jpg.rf.e430e83f084c5be30f71c40338d4cd9d.jpg: 640x640 1 pool_table, 12.3ms
Speed: 7.3ms preprocess, 12.3ms inference, 24.3ms postprocess per image at shape (1, 3, 640, 640)
Processing extra-3/data/train/20240328_171431_jpg.rf.3e7b85e1e65b254366be3645845f6e3a.jpg...

image 1/1 /home/admin/Documents/FEUP-CV/proj/task2/../datasets/extra-3/data/train/20240328_171431_jpg.rf.3e7b85e1e65b254366be3645845f6e3a.jpg: 640x640 1 pool_table, 12.3ms
Speed: 3.4ms preprocess, 12.3ms inference, 24.4ms postprocess per image at shape (1, 3, 640, 640)
Processing extra-3/data/train/2024-03-30-11-15-02_mp4-0012_jpg.rf.66439a4e856f022058df14e918eb3c2e.jpg...

image 1/1 /home/admin/Documents/FEUP-CV/proj/task2/../datasets/extra-3/data/train/2024-03-30-11-15-02_mp4-0012_jpg.rf.66439a4e856f022058df14e918eb3c2e.jpg: 640x640 1 pool_table, 12.4ms
Speed: 3.0ms preprocess, 12.4ms inference, 24.4ms postprocess per image at shape (1, 3, 640, 640)
Processing extra-3/data/train/IMG_20240319_122126_jpg.rf.64e34eb65b0d34b5a7d8149a63a7c010.jpg...

image 1/1 /home/admin/Documents/FEUP-CV/proj/task2/../datasets/extra-3/data/train/IMG_20240319_122126_jpg.rf.64e34eb65b0d34b5a7d8149a63a7c010.jpg: 640x640 1 pool_table, 16.7ms
Speed: 7.2ms preprocess, 16.7ms inference, 35.2ms postprocess per image at shape (1, 3, 640, 640)
Processing extra-3/data/train/2024-03-28-15-41-19_mp4-0021_jpg.rf.b11e6ae74c09fbed2a195b88bd3c3bad.jpg...

image 1/1 /home/admin/Documents/FEUP-CV/proj/task2/../datasets/extra-3/data/train/2024-03-28-15-41-19_mp4-0021_jpg.rf.b11e6ae74c09fbed2a195b88bd3c3bad.jpg: 640x640 1 pool_table, 16.8ms
Speed: 7.1ms preprocess, 16.8ms inference, 27.1ms postprocess per image at shape (1, 3, 640, 640)
Processing extra-3/data/train/2024-03-28-18-28-05_mp4-0022_jpg.rf.f5d37ee1796aa7cc872181be5bd18a2f.jpg...

image 1/1 /home/admin/Documents/FEUP-CV/proj/task2/../datasets/extra-3/data/train/2024-03-28-18-28-05_mp4-0022_jpg.rf.f5d37ee1796aa7cc872181be5bd18a2f.jpg: 640x640 1 pool_table, 12.4ms
Speed: 4.0ms preprocess, 12.4ms inference, 24.3ms postprocess per image at shape (1, 3, 640, 640)
Processing extra-3/data/train/2024-03-30-11-22-03_mp4-0009_jpg.rf.be819e4f96abbfca85fb956d53b12bf0.jpg...

image 1/1 /home/admin/Documents/FEUP-CV/proj/task2/../datasets/extra-3/data/train/2024-03-30-11-22-03_mp4-0009_jpg.rf.be819e4f96abbfca85fb956d53b12bf0.jpg: 640x640 1 pool_table, 12.3ms
Speed: 4.3ms preprocess, 12.3ms inference, 24.3ms postprocess per image at shape (1, 3, 640, 640)
Processing extra-3/data/train/2024-03-28-15-41-19_mp4-0093_jpg.rf.4f942fc80b27edf7648a64e58a6d3b60.jpg...

image 1/1 /home/admin/Documents/FEUP-CV/proj/task2/../datasets/extra-3/data/train/2024-03-28-15-41-19_mp4-0093_jpg.rf.4f942fc80b27edf7648a64e58a6d3b60.jpg: 640x640 1 pool_table, 16.5ms
Speed: 3.7ms preprocess, 16.5ms inference, 34.8ms postprocess per image at shape (1, 3, 640, 640)
Processing extra-3/data/train/2024-03-30-11-15-02_mp4-0057_jpg.rf.5974136c8171aa29bf7bcbe7f4bb14f2.jpg...

image 1/1 /home/admin/Documents/FEUP-CV/proj/task2/../datasets/extra-3/data/train/2024-03-30-11-15-02_mp4-0057_jpg.rf.5974136c8171aa29bf7bcbe7f4bb14f2.jpg: 640x640 1 pool_table, 16.9ms
Speed: 1.4ms preprocess, 16.9ms inference, 34.7ms postprocess per image at shape (1, 3, 640, 640)
Processing extra-3/data/train/IMG_20240319_120905_jpg.rf.f496ababbec3df0f99c5a7b89e18fd93.jpg...

image 1/1 /home/admin/Documents/FEUP-CV/proj/task2/../datasets/extra-3/data/train/IMG_20240319_120905_jpg.rf.f496ababbec3df0f99c5a7b89e18fd93.jpg: 640x640 1 pool_table, 12.6ms
Speed: 3.9ms preprocess, 12.6ms inference, 24.5ms postprocess per image at shape (1, 3, 640, 640)
Processing extra-3/data/train/2024-03-30-11-15-02_mp4-0017_jpg.rf.2e453d884fe5263e1ecf9eec2f6d85c2.jpg...

image 1/1 /home/admin/Documents/FEUP-CV/proj/task2/../datasets/extra-3/data/train/2024-03-30-11-15-02_mp4-0017_jpg.rf.2e453d884fe5263e1ecf9eec2f6d85c2.jpg: 640x640 1 pool_table, 10.7ms
Speed: 2.2ms preprocess, 10.7ms inference, 13.8ms postprocess per image at shape (1, 3, 640, 640)
Processing extra-3/data/train/2024-03-28-15-41-19_mp4-0022_jpg.rf.230deef74b380204e9a6e450d3011204.jpg...

image 1/1 /home/admin/Documents/FEUP-CV/proj/task2/../datasets/extra-3/data/train/2024-03-28-15-41-19_mp4-0022_jpg.rf.230deef74b380204e9a6e450d3011204.jpg: 640x640 1 pool_table, 12.3ms
Speed: 3.7ms preprocess, 12.3ms inference, 32.8ms postprocess per image at shape (1, 3, 640, 640)
Processing extra-3/data/train/2024-03-30-11-07-17_mp4-0046_jpg.rf.52779025cd96a07bade21c37e005d722.jpg...

image 1/1 /home/admin/Documents/FEUP-CV/proj/task2/../datasets/extra-3/data/train/2024-03-30-11-07-17_mp4-0046_jpg.rf.52779025cd96a07bade21c37e005d722.jpg: 640x640 1 pool_table, 16.5ms
Speed: 7.8ms preprocess, 16.5ms inference, 34.9ms postprocess per image at shape (1, 3, 640, 640)
Processing extra-3/data/train/2024-03-30-11-07-17_mp4-0047_jpg.rf.037eeaee3972429fc2ee26a30197aba6.jpg...

image 1/1 /home/admin/Documents/FEUP-CV/proj/task2/../datasets/extra-3/data/train/2024-03-30-11-07-17_mp4-0047_jpg.rf.037eeaee3972429fc2ee26a30197aba6.jpg: 640x640 1 pool_table, 12.2ms
Speed: 3.3ms preprocess, 12.2ms inference, 24.3ms postprocess per image at shape (1, 3, 640, 640)
Processing extra-3/data/train/2024-03-28-18-35-18_mp4-0003_jpg.rf.2109c519c13db354970e426dd9c42620.jpg...

image 1/1 /home/admin/Documents/FEUP-CV/proj/task2/../datasets/extra-3/data/train/2024-03-28-18-35-18_mp4-0003_jpg.rf.2109c519c13db354970e426dd9c42620.jpg: 640x640 1 pool_table, 12.5ms
Speed: 3.7ms preprocess, 12.5ms inference, 24.4ms postprocess per image at shape (1, 3, 640, 640)
Processing extra-3/data/train/IMG_20240319_121848_jpg.rf.fd322cd9a21c1a93fc840b0bea3e1ba4.jpg...

image 1/1 /home/admin/Documents/FEUP-CV/proj/task2/../datasets/extra-3/data/train/IMG_20240319_121848_jpg.rf.fd322cd9a21c1a93fc840b0bea3e1ba4.jpg: 640x640 2 pool_tables, 12.4ms
Speed: 3.2ms preprocess, 12.4ms inference, 26.5ms postprocess per image at shape (1, 3, 640, 640)
Processing extra-3/data/train/IMG_20240319_121811_jpg.rf.955ad8b3af32ab684e8f54c9f6af3aa9.jpg...

image 1/1 /home/admin/Documents/FEUP-CV/proj/task2/../datasets/extra-3/data/train/IMG_20240319_121811_jpg.rf.955ad8b3af32ab684e8f54c9f6af3aa9.jpg: 640x640 1 pool_table, 16.6ms
Speed: 7.1ms preprocess, 16.6ms inference, 35.0ms postprocess per image at shape (1, 3, 640, 640)
Processing extra-3/data/train/2024-03-30-11-15-02_mp4-0054_jpg.rf.51f8eae7518d1a9b7e869aeb4bbd3d95.jpg...

image 1/1 /home/admin/Documents/FEUP-CV/proj/task2/../datasets/extra-3/data/train/2024-03-30-11-15-02_mp4-0054_jpg.rf.51f8eae7518d1a9b7e869aeb4bbd3d95.jpg: 640x640 1 pool_table, 12.6ms
Speed: 4.9ms preprocess, 12.6ms inference, 24.5ms postprocess per image at shape (1, 3, 640, 640)
Processing extra-3/data/train/2024-03-28-18-35-18_mp4-0010_jpg.rf.8fd3e41cab303e8ad03780ecb2bfb69b.jpg...

image 1/1 /home/admin/Documents/FEUP-CV/proj/task2/../datasets/extra-3/data/train/2024-03-28-18-35-18_mp4-0010_jpg.rf.8fd3e41cab303e8ad03780ecb2bfb69b.jpg: 640x640 1 pool_table, 12.7ms
Speed: 4.0ms preprocess, 12.7ms inference, 24.4ms postprocess per image at shape (1, 3, 640, 640)
Processing extra-3/data/train/2024-03-30-11-07-17_mp4-0046_jpg.rf.f3fbaa92e3ae32a269871e6b0ec3f088.jpg...

image 1/1 /home/admin/Documents/FEUP-CV/proj/task2/../datasets/extra-3/data/train/2024-03-30-11-07-17_mp4-0046_jpg.rf.f3fbaa92e3ae32a269871e6b0ec3f088.jpg: 640x640 1 pool_table, 12.5ms
Speed: 4.2ms preprocess, 12.5ms inference, 24.4ms postprocess per image at shape (1, 3, 640, 640)
Processing extra-3/data/train/2024-03-28-15-41-19_mp4-0037_jpg.rf.e392093d95eb5fce935367dda46fc925.jpg...

image 1/1 /home/admin/Documents/FEUP-CV/proj/task2/../datasets/extra-3/data/train/2024-03-28-15-41-19_mp4-0037_jpg.rf.e392093d95eb5fce935367dda46fc925.jpg: 640x640 1 pool_table, 16.7ms
Speed: 1.6ms preprocess, 16.7ms inference, 34.8ms postprocess per image at shape (1, 3, 640, 640)
Processing extra-3/data/train/2024-03-28-15-41-19_mp4-0022_jpg.rf.36739071faddbe416a2262ffedd9afad.jpg...

image 1/1 /home/admin/Documents/FEUP-CV/proj/task2/../datasets/extra-3/data/train/2024-03-28-15-41-19_mp4-0022_jpg.rf.36739071faddbe416a2262ffedd9afad.jpg: 640x640 1 pool_table, 15.7ms
Speed: 1.8ms preprocess, 15.7ms inference, 12.7ms postprocess per image at shape (1, 3, 640, 640)
Processing extra-3/data/train/2024-03-28-15-41-19_mp4-0069_jpg.rf.b7ecea7c0c18bbdaa1d71aaeb30e5ed4.jpg...

image 1/1 /home/admin/Documents/FEUP-CV/proj/task2/../datasets/extra-3/data/train/2024-03-28-15-41-19_mp4-0069_jpg.rf.b7ecea7c0c18bbdaa1d71aaeb30e5ed4.jpg: 640x640 1 pool_table, 12.4ms
Speed: 2.8ms preprocess, 12.4ms inference, 24.3ms postprocess per image at shape (1, 3, 640, 640)
Processing extra-3/data/train/2024-03-28-18-35-18_mp4-0031_jpg.rf.7622669f0df881ac070225cd66f3fd43.jpg...

image 1/1 /home/admin/Documents/FEUP-CV/proj/task2/../datasets/extra-3/data/train/2024-03-28-18-35-18_mp4-0031_jpg.rf.7622669f0df881ac070225cd66f3fd43.jpg: 640x640 1 pool_table, 12.5ms
Speed: 4.0ms preprocess, 12.5ms inference, 24.4ms postprocess per image at shape (1, 3, 640, 640)
Processing extra-3/data/train/IMG_20240319_121139_jpg.rf.d97fce740a9eb11a0cfc039bd2d7fbb1.jpg...

image 1/1 /home/admin/Documents/FEUP-CV/proj/task2/../datasets/extra-3/data/train/IMG_20240319_121139_jpg.rf.d97fce740a9eb11a0cfc039bd2d7fbb1.jpg: 640x640 1 pool_table, 16.6ms
Speed: 7.6ms preprocess, 16.6ms inference, 34.9ms postprocess per image at shape (1, 3, 640, 640)
Processing extra-3/data/train/IMG_20240319_121811_jpg.rf.886ff66ca114915f5af5e435d95d99b5.jpg...

image 1/1 /home/admin/Documents/FEUP-CV/proj/task2/../datasets/extra-3/data/train/IMG_20240319_121811_jpg.rf.886ff66ca114915f5af5e435d95d99b5.jpg: 640x640 1 pool_table, 17.0ms
Speed: 6.9ms preprocess, 17.0ms inference, 26.0ms postprocess per image at shape (1, 3, 640, 640)
Processing extra-3/data/train/2024-03-28-15-41-19_mp4-0070_jpg.rf.37b7cca328142b5255f49a45b13ea3e7.jpg...

image 1/1 /home/admin/Documents/FEUP-CV/proj/task2/../datasets/extra-3/data/train/2024-03-28-15-41-19_mp4-0070_jpg.rf.37b7cca328142b5255f49a45b13ea3e7.jpg: 640x640 1 pool_table, 12.7ms
Speed: 3.3ms preprocess, 12.7ms inference, 24.6ms postprocess per image at shape (1, 3, 640, 640)
Processing extra-3/data/train/2024-03-28-15-41-19_mp4-0080_jpg.rf.fe5597715dc0a77d75b8c7cc10cb5911.jpg...

image 1/1 /home/admin/Documents/FEUP-CV/proj/task2/../datasets/extra-3/data/train/2024-03-28-15-41-19_mp4-0080_jpg.rf.fe5597715dc0a77d75b8c7cc10cb5911.jpg: 640x640 1 pool_table, 12.6ms
Speed: 4.3ms preprocess, 12.6ms inference, 24.5ms postprocess per image at shape (1, 3, 640, 640)
Processing extra-3/data/train/20240328_171434_jpg.rf.b925070aa9056532b937ec43abcda1ce.jpg...

image 1/1 /home/admin/Documents/FEUP-CV/proj/task2/../datasets/extra-3/data/train/20240328_171434_jpg.rf.b925070aa9056532b937ec43abcda1ce.jpg: 640x640 1 pool_table, 14.5ms
Speed: 3.9ms preprocess, 14.5ms inference, 34.9ms postprocess per image at shape (1, 3, 640, 640)
Processing extra-3/data/train/2024-03-28-18-28-05_mp4-0023_jpg.rf.144613f591a1386250ff0d3d138f9166.jpg...

image 1/1 /home/admin/Documents/FEUP-CV/proj/task2/../datasets/extra-3/data/train/2024-03-28-18-28-05_mp4-0023_jpg.rf.144613f591a1386250ff0d3d138f9166.jpg: 640x640 1 pool_table, 16.5ms
Speed: 7.7ms preprocess, 16.5ms inference, 33.2ms postprocess per image at shape (1, 3, 640, 640)
Processing extra-3/data/train/IMG_20240319_121500_jpg.rf.fd76f248b38cafcc0073fdb2f5b1d8ee.jpg...

image 1/1 /home/admin/Documents/FEUP-CV/proj/task2/../datasets/extra-3/data/train/IMG_20240319_121500_jpg.rf.fd76f248b38cafcc0073fdb2f5b1d8ee.jpg: 640x640 1 pool_table, 12.2ms
Speed: 3.8ms preprocess, 12.2ms inference, 24.5ms postprocess per image at shape (1, 3, 640, 640)
Processing extra-3/data/train/2024-03-30-11-15-02_mp4-0033_jpg.rf.45e8119c9c6a32e062ad6213cebe9c75.jpg...

image 1/1 /home/admin/Documents/FEUP-CV/proj/task2/../datasets/extra-3/data/train/2024-03-30-11-15-02_mp4-0033_jpg.rf.45e8119c9c6a32e062ad6213cebe9c75.jpg: 640x640 1 pool_table, 12.5ms
Speed: 3.8ms preprocess, 12.5ms inference, 24.5ms postprocess per image at shape (1, 3, 640, 640)
Processing extra-3/data/train/20240328_171206_jpg.rf.9024fad2901527c30778d1ae2fe870bc.jpg...

image 1/1 /home/admin/Documents/FEUP-CV/proj/task2/../datasets/extra-3/data/train/20240328_171206_jpg.rf.9024fad2901527c30778d1ae2fe870bc.jpg: 640x640 1 pool_table, 12.6ms
Speed: 4.1ms preprocess, 12.6ms inference, 32.8ms postprocess per image at shape (1, 3, 640, 640)
Processing extra-3/data/train/2024-03-28-18-35-18_mp4-0020_jpg.rf.a14f7bc55a9fd22f3582bb5e719b3343.jpg...

image 1/1 /home/admin/Documents/FEUP-CV/proj/task2/../datasets/extra-3/data/train/2024-03-28-18-35-18_mp4-0020_jpg.rf.a14f7bc55a9fd22f3582bb5e719b3343.jpg: 640x640 1 pool_table, 14.5ms
Speed: 3.0ms preprocess, 14.5ms inference, 35.0ms postprocess per image at shape (1, 3, 640, 640)
Processing extra-3/data/train/2024-03-28-15-41-19_mp4-0015_jpg.rf.d929d0815fad75a123e6a3197dd45a2b.jpg...

image 1/1 /home/admin/Documents/FEUP-CV/proj/task2/../datasets/extra-3/data/train/2024-03-28-15-41-19_mp4-0015_jpg.rf.d929d0815fad75a123e6a3197dd45a2b.jpg: 640x640 1 pool_table, 12.4ms
Speed: 2.4ms preprocess, 12.4ms inference, 24.2ms postprocess per image at shape (1, 3, 640, 640)
Processing extra-3/data/train/2024-03-28-15-41-19_mp4-0077_jpg.rf.dfbb0b5238f5f2854b958cbfecd5c9a7.jpg...

image 1/1 /home/admin/Documents/FEUP-CV/proj/task2/../datasets/extra-3/data/train/2024-03-28-15-41-19_mp4-0077_jpg.rf.dfbb0b5238f5f2854b958cbfecd5c9a7.jpg: 640x640 1 pool_table, 12.3ms
Speed: 3.5ms preprocess, 12.3ms inference, 24.3ms postprocess per image at shape (1, 3, 640, 640)
Processing extra-3/data/train/2024-03-28-18-35-18_mp4-0018_jpg.rf.a5463a766cab9575d953a7d7fea59b92.jpg...

image 1/1 /home/admin/Documents/FEUP-CV/proj/task2/../datasets/extra-3/data/train/2024-03-28-18-35-18_mp4-0018_jpg.rf.a5463a766cab9575d953a7d7fea59b92.jpg: 640x640 1 pool_table, 12.7ms
Speed: 3.9ms preprocess, 12.7ms inference, 33.0ms postprocess per image at shape (1, 3, 640, 640)
Processing extra-3/data/train/IMG_20240319_122152_jpg.rf.520c8222fa65d462b33835eebf7533b3.jpg...

image 1/1 /home/admin/Documents/FEUP-CV/proj/task2/../datasets/extra-3/data/train/IMG_20240319_122152_jpg.rf.520c8222fa65d462b33835eebf7533b3.jpg: 640x640 1 pool_table, 16.9ms
Speed: 7.7ms preprocess, 16.9ms inference, 35.0ms postprocess per image at shape (1, 3, 640, 640)
Processing extra-3/data/train/2024-03-30-11-15-02_mp4-0017_jpg.rf.f33c9b7a1ac0a64039f776026b00e2ca.jpg...

image 1/1 /home/admin/Documents/FEUP-CV/proj/task2/../datasets/extra-3/data/train/2024-03-30-11-15-02_mp4-0017_jpg.rf.f33c9b7a1ac0a64039f776026b00e2ca.jpg: 640x640 1 pool_table, 12.6ms
Speed: 2.6ms preprocess, 12.6ms inference, 24.3ms postprocess per image at shape (1, 3, 640, 640)
Processing extra-3/data/train/IMG_20240319_121505_jpg.rf.004329963ed7a002dacab2eeea6f3137.jpg...

image 1/1 /home/admin/Documents/FEUP-CV/proj/task2/../datasets/extra-3/data/train/IMG_20240319_121505_jpg.rf.004329963ed7a002dacab2eeea6f3137.jpg: 640x640 1 pool_table, 12.5ms
Speed: 3.6ms preprocess, 12.5ms inference, 24.4ms postprocess per image at shape (1, 3, 640, 640)
Processing extra-3/data/train/IMG_20240319_121821_jpg.rf.90e6962be4a402b7046aba4c71590342.jpg...

image 1/1 /home/admin/Documents/FEUP-CV/proj/task2/../datasets/extra-3/data/train/IMG_20240319_121821_jpg.rf.90e6962be4a402b7046aba4c71590342.jpg: 640x640 1 pool_table, 12.5ms
Speed: 3.5ms preprocess, 12.5ms inference, 26.5ms postprocess per image at shape (1, 3, 640, 640)
Processing extra-3/data/train/2024-03-30-11-07-17_mp4-0010_jpg.rf.517ee17e6e95062744a8daa671c44a3f.jpg...

image 1/1 /home/admin/Documents/FEUP-CV/proj/task2/../datasets/extra-3/data/train/2024-03-30-11-07-17_mp4-0010_jpg.rf.517ee17e6e95062744a8daa671c44a3f.jpg: 640x640 1 pool_table, 16.7ms
Speed: 1.2ms preprocess, 16.7ms inference, 35.1ms postprocess per image at shape (1, 3, 640, 640)
Processing extra-3/data/train/IMG_20240319_120722_jpg.rf.511e0ca9aff33a5326787af9aa20cd50.jpg...

image 1/1 /home/admin/Documents/FEUP-CV/proj/task2/../datasets/extra-3/data/train/IMG_20240319_120722_jpg.rf.511e0ca9aff33a5326787af9aa20cd50.jpg: 640x640 1 pool_table, 14.3ms
Speed: 1.3ms preprocess, 14.3ms inference, 24.4ms postprocess per image at shape (1, 3, 640, 640)
Processing extra-3/data/train/2024-03-28-15-41-19_mp4-0020_jpg.rf.a7108ae0e3ec879e0497a4c4fc01189f.jpg...

image 1/1 /home/admin/Documents/FEUP-CV/proj/task2/../datasets/extra-3/data/train/2024-03-28-15-41-19_mp4-0020_jpg.rf.a7108ae0e3ec879e0497a4c4fc01189f.jpg: 640x640 1 pool_table, 12.5ms
Speed: 3.4ms preprocess, 12.5ms inference, 24.5ms postprocess per image at shape (1, 3, 640, 640)
Processing extra-3/data/train/2024-03-28-18-28-05_mp4-0029_jpg.rf.9d49581e2c5f8d86403c12333403f3c2.jpg...

image 1/1 /home/admin/Documents/FEUP-CV/proj/task2/../datasets/extra-3/data/train/2024-03-28-18-28-05_mp4-0029_jpg.rf.9d49581e2c5f8d86403c12333403f3c2.jpg: 640x640 1 pool_table, 8.6ms
Speed: 4.0ms preprocess, 8.6ms inference, 20.1ms postprocess per image at shape (1, 3, 640, 640)
Processing extra-3/data/train/2024-03-28-15-41-19_mp4-0011_jpg.rf.f3a12177ae7575e5a550cb8f6c25e699.jpg...

image 1/1 /home/admin/Documents/FEUP-CV/proj/task2/../datasets/extra-3/data/train/2024-03-28-15-41-19_mp4-0011_jpg.rf.f3a12177ae7575e5a550cb8f6c25e699.jpg: 640x640 1 pool_table, 12.4ms
Speed: 3.6ms preprocess, 12.4ms inference, 30.6ms postprocess per image at shape (1, 3, 640, 640)
Processing extra-3/data/train/2024-03-28-18-28-05_mp4-0039_jpg.rf.4fc189e43119554a9fba2db8b06271fc.jpg...

image 1/1 /home/admin/Documents/FEUP-CV/proj/task2/../datasets/extra-3/data/train/2024-03-28-18-28-05_mp4-0039_jpg.rf.4fc189e43119554a9fba2db8b06271fc.jpg: 640x640 1 pool_table, 13.2ms
Speed: 7.8ms preprocess, 13.2ms inference, 24.1ms postprocess per image at shape (1, 3, 640, 640)
Processing extra-3/data/train/IMG_20240319_120600_jpg.rf.15fc5bbd776fa918315052da56329726.jpg...

image 1/1 /home/admin/Documents/FEUP-CV/proj/task2/../datasets/extra-3/data/train/IMG_20240319_120600_jpg.rf.15fc5bbd776fa918315052da56329726.jpg: 640x640 1 pool_table, 12.7ms
Speed: 3.8ms preprocess, 12.7ms inference, 24.5ms postprocess per image at shape (1, 3, 640, 640)
Processing extra-3/data/train/2024-03-28-15-41-19_mp4-0000_jpg.rf.2ebf70cc9bec85a3ac9b949f6000e63a.jpg...

image 1/1 /home/admin/Documents/FEUP-CV/proj/task2/../datasets/extra-3/data/train/2024-03-28-15-41-19_mp4-0000_jpg.rf.2ebf70cc9bec85a3ac9b949f6000e63a.jpg: 640x640 1 pool_table, 12.6ms
Speed: 3.9ms preprocess, 12.6ms inference, 24.5ms postprocess per image at shape (1, 3, 640, 640)
Processing extra-3/data/train/2024-03-28-18-28-05_mp4-0021_jpg.rf.2ea40e01333985ab3a47e3181ea04388.jpg...

image 1/1 /home/admin/Documents/FEUP-CV/proj/task2/../datasets/extra-3/data/train/2024-03-28-18-28-05_mp4-0021_jpg.rf.2ea40e01333985ab3a47e3181ea04388.jpg: 640x640 1 pool_table, 16.7ms
Speed: 1.9ms preprocess, 16.7ms inference, 35.1ms postprocess per image at shape (1, 3, 640, 640)
Processing extra-3/data/train/20240328_171450_jpg.rf.b538e89c833e3dc81e055be52893e8c7.jpg...

image 1/1 /home/admin/Documents/FEUP-CV/proj/task2/../datasets/extra-3/data/train/20240328_171450_jpg.rf.b538e89c833e3dc81e055be52893e8c7.jpg: 640x640 1 pool_table, 16.8ms
Speed: 1.6ms preprocess, 16.8ms inference, 32.4ms postprocess per image at shape (1, 3, 640, 640)
Processing extra-3/data/train/2024-03-28-15-41-19_mp4-0053_jpg.rf.80fdb0cfb6ea079e344139a12e6235b6.jpg...

image 1/1 /home/admin/Documents/FEUP-CV/proj/task2/../datasets/extra-3/data/train/2024-03-28-15-41-19_mp4-0053_jpg.rf.80fdb0cfb6ea079e344139a12e6235b6.jpg: 640x640 1 pool_table, 12.5ms
Speed: 4.0ms preprocess, 12.5ms inference, 24.4ms postprocess per image at shape (1, 3, 640, 640)
Processing extra-3/data/train/IMG_20240319_120652_jpg.rf.06c57db085ca14936c1d9d1df103dfcc.jpg...

image 1/1 /home/admin/Documents/FEUP-CV/proj/task2/../datasets/extra-3/data/train/IMG_20240319_120652_jpg.rf.06c57db085ca14936c1d9d1df103dfcc.jpg: 640x640 1 pool_table, 12.4ms
Speed: 4.1ms preprocess, 12.4ms inference, 24.5ms postprocess per image at shape (1, 3, 640, 640)
Processing extra-3/data/train/2024-03-28-18-35-18_mp4-0029_jpg.rf.44e6e39449d2ef7559f5c75c8443ee3a.jpg...

image 1/1 /home/admin/Documents/FEUP-CV/proj/task2/../datasets/extra-3/data/train/2024-03-28-18-35-18_mp4-0029_jpg.rf.44e6e39449d2ef7559f5c75c8443ee3a.jpg: 640x640 1 pool_table, 12.5ms
Speed: 4.2ms preprocess, 12.5ms inference, 30.7ms postprocess per image at shape (1, 3, 640, 640)
Processing extra-3/data/train/IMG_20240319_121159_jpg.rf.9a02d6f197fcf28d720466813ff6e247.jpg...

image 1/1 /home/admin/Documents/FEUP-CV/proj/task2/../datasets/extra-3/data/train/IMG_20240319_121159_jpg.rf.9a02d6f197fcf28d720466813ff6e247.jpg: 640x640 1 pool_table, 16.6ms
Speed: 1.3ms preprocess, 16.6ms inference, 34.9ms postprocess per image at shape (1, 3, 640, 640)
Processing extra-3/data/train/2024-03-28-15-41-19_mp4-0039_jpg.rf.ae6b5b5c2cc430ae05249b28e5788a13.jpg...

image 1/1 /home/admin/Documents/FEUP-CV/proj/task2/../datasets/extra-3/data/train/2024-03-28-15-41-19_mp4-0039_jpg.rf.ae6b5b5c2cc430ae05249b28e5788a13.jpg: 640x640 1 pool_table, 12.5ms
Speed: 3.7ms preprocess, 12.5ms inference, 24.3ms postprocess per image at shape (1, 3, 640, 640)
Processing extra-3/data/train/IMG_20240319_121734_jpg.rf.7d3eb519a2e279833260c4f07e53bce8.jpg...

image 1/1 /home/admin/Documents/FEUP-CV/proj/task2/../datasets/extra-3/data/train/IMG_20240319_121734_jpg.rf.7d3eb519a2e279833260c4f07e53bce8.jpg: 640x640 1 pool_table, 12.6ms
Speed: 4.8ms preprocess, 12.6ms inference, 24.5ms postprocess per image at shape (1, 3, 640, 640)
Processing extra-3/data/train/2024-03-30-11-07-17_mp4-0054_jpg.rf.f1ed4dfefd738677b10505d94bd9aa7c.jpg...

image 1/1 /home/admin/Documents/FEUP-CV/proj/task2/../datasets/extra-3/data/train/2024-03-30-11-07-17_mp4-0054_jpg.rf.f1ed4dfefd738677b10505d94bd9aa7c.jpg: 640x640 1 pool_table, 12.5ms
Speed: 3.3ms preprocess, 12.5ms inference, 24.4ms postprocess per image at shape (1, 3, 640, 640)
Processing extra-3/data/train/2024-03-28-18-28-05_mp4-0019_jpg.rf.78a641ff3dfb37f28931116ee015063b.jpg...

image 1/1 /home/admin/Documents/FEUP-CV/proj/task2/../datasets/extra-3/data/train/2024-03-28-18-28-05_mp4-0019_jpg.rf.78a641ff3dfb37f28931116ee015063b.jpg: 640x640 1 pool_table, 16.8ms
Speed: 7.7ms preprocess, 16.8ms inference, 35.0ms postprocess per image at shape (1, 3, 640, 640)
Processing extra-3/data/train/IMG_20240319_121811_jpg.rf.fe46b9e7f044f18d8099736d886a532a.jpg...

image 1/1 /home/admin/Documents/FEUP-CV/proj/task2/../datasets/extra-3/data/train/IMG_20240319_121811_jpg.rf.fe46b9e7f044f18d8099736d886a532a.jpg: 640x640 1 pool_table, 16.2ms
Speed: 7.7ms preprocess, 16.2ms inference, 24.5ms postprocess per image at shape (1, 3, 640, 640)
Processing extra-3/data/train/2024-03-28-15-41-19_mp4-0052_jpg.rf.16e5a0fc98eb2f5e044a33a6507264a9.jpg...

image 1/1 /home/admin/Documents/FEUP-CV/proj/task2/../datasets/extra-3/data/train/2024-03-28-15-41-19_mp4-0052_jpg.rf.16e5a0fc98eb2f5e044a33a6507264a9.jpg: 640x640 1 pool_table, 12.5ms
Speed: 3.6ms preprocess, 12.5ms inference, 24.5ms postprocess per image at shape (1, 3, 640, 640)
Processing extra-3/data/train/2024-03-28-18-28-05_mp4-0047_jpg.rf.fd36b4b69e8432ee61785fc471ac83fd.jpg...

image 1/1 /home/admin/Documents/FEUP-CV/proj/task2/../datasets/extra-3/data/train/2024-03-28-18-28-05_mp4-0047_jpg.rf.fd36b4b69e8432ee61785fc471ac83fd.jpg: 640x640 1 pool_table, 12.4ms
Speed: 4.2ms preprocess, 12.4ms inference, 24.5ms postprocess per image at shape (1, 3, 640, 640)
Processing extra-3/data/train/2024-03-30-11-07-17_mp4-0027_jpg.rf.bbe2572d3d6094a685b9c69fa7d36d52.jpg...

image 1/1 /home/admin/Documents/FEUP-CV/proj/task2/../datasets/extra-3/data/train/2024-03-30-11-07-17_mp4-0027_jpg.rf.bbe2572d3d6094a685b9c69fa7d36d52.jpg: 640x640 1 pool_table, 12.5ms
Speed: 1.6ms preprocess, 12.5ms inference, 32.9ms postprocess per image at shape (1, 3, 640, 640)
Processing extra-3/data/train/2024-03-28-18-35-18_mp4-0030_jpg.rf.e227dc933d29d52601eb10925ec4406b.jpg...

image 1/1 /home/admin/Documents/FEUP-CV/proj/task2/../datasets/extra-3/data/train/2024-03-28-18-35-18_mp4-0030_jpg.rf.e227dc933d29d52601eb10925ec4406b.jpg: 640x640 1 pool_table, 16.7ms
Speed: 1.5ms preprocess, 16.7ms inference, 31.9ms postprocess per image at shape (1, 3, 640, 640)
Processing extra-3/data/train/2024-03-30-11-15-02_mp4-0022_jpg.rf.ebda576b587bf632747daf1f2d0d1237.jpg...

image 1/1 /home/admin/Documents/FEUP-CV/proj/task2/../datasets/extra-3/data/train/2024-03-30-11-15-02_mp4-0022_jpg.rf.ebda576b587bf632747daf1f2d0d1237.jpg: 640x640 1 pool_table, 12.6ms
Speed: 4.3ms preprocess, 12.6ms inference, 24.5ms postprocess per image at shape (1, 3, 640, 640)
Processing extra-3/data/train/2024-03-30-11-07-17_mp4-0027_jpg.rf.8a91a141c693f52fb998c251f8f6ef2b.jpg...

image 1/1 /home/admin/Documents/FEUP-CV/proj/task2/../datasets/extra-3/data/train/2024-03-30-11-07-17_mp4-0027_jpg.rf.8a91a141c693f52fb998c251f8f6ef2b.jpg: 640x640 1 pool_table, 12.5ms
Speed: 4.5ms preprocess, 12.5ms inference, 24.4ms postprocess per image at shape (1, 3, 640, 640)
Processing extra-3/data/train/2024-03-28-15-41-19_mp4-0000_jpg.rf.22a95a2747838f22f294133635417f8b.jpg...

image 1/1 /home/admin/Documents/FEUP-CV/proj/task2/../datasets/extra-3/data/train/2024-03-28-15-41-19_mp4-0000_jpg.rf.22a95a2747838f22f294133635417f8b.jpg: 640x640 1 pool_table, 12.6ms
Speed: 4.4ms preprocess, 12.6ms inference, 26.4ms postprocess per image at shape (1, 3, 640, 640)
Processing extra-3/data/train/2024-03-28-18-28-05_mp4-0042_jpg.rf.ea1ccca20a61535667980f5e3c52cf12.jpg...

image 1/1 /home/admin/Documents/FEUP-CV/proj/task2/../datasets/extra-3/data/train/2024-03-28-18-28-05_mp4-0042_jpg.rf.ea1ccca20a61535667980f5e3c52cf12.jpg: 640x640 1 pool_table, 16.7ms
Speed: 1.6ms preprocess, 16.7ms inference, 27.7ms postprocess per image at shape (1, 3, 640, 640)
Processing extra-3/data/train/2024-03-30-11-07-17_mp4-0047_jpg.rf.a13bf0811c298d5020b54d71d15557ce.jpg...

image 1/1 /home/admin/Documents/FEUP-CV/proj/task2/../datasets/extra-3/data/train/2024-03-30-11-07-17_mp4-0047_jpg.rf.a13bf0811c298d5020b54d71d15557ce.jpg: 640x640 1 pool_table, 13.6ms
Speed: 1.5ms preprocess, 13.6ms inference, 24.3ms postprocess per image at shape (1, 3, 640, 640)
Processing extra-3/data/train/2024-03-30-11-22-03_mp4-0013_jpg.rf.6f5fbbf04590ff2cd9a8a45bd6fed7bd.jpg...

image 1/1 /home/admin/Documents/FEUP-CV/proj/task2/../datasets/extra-3/data/train/2024-03-30-11-22-03_mp4-0013_jpg.rf.6f5fbbf04590ff2cd9a8a45bd6fed7bd.jpg: 640x640 1 pool_table, 12.3ms
Speed: 3.7ms preprocess, 12.3ms inference, 24.5ms postprocess per image at shape (1, 3, 640, 640)
Processing extra-3/data/train/IMG_20240319_120855_jpg.rf.2f202c4dd21cd1d7d56084aecef7fb06.jpg...

image 1/1 /home/admin/Documents/FEUP-CV/proj/task2/../datasets/extra-3/data/train/IMG_20240319_120855_jpg.rf.2f202c4dd21cd1d7d56084aecef7fb06.jpg: 640x640 1 pool_table, 12.6ms
Speed: 3.1ms preprocess, 12.6ms inference, 24.5ms postprocess per image at shape (1, 3, 640, 640)
Processing extra-3/data/train/2024-03-28-18-28-05_mp4-0040_jpg.rf.8976d33d753563efb7a084cafc9a36de.jpg...

image 1/1 /home/admin/Documents/FEUP-CV/proj/task2/../datasets/extra-3/data/train/2024-03-28-18-28-05_mp4-0040_jpg.rf.8976d33d753563efb7a084cafc9a36de.jpg: 640x640 1 pool_table, 16.7ms
Speed: 7.7ms preprocess, 16.7ms inference, 35.2ms postprocess per image at shape (1, 3, 640, 640)
Processing extra-3/data/train/2024-03-30-11-15-02_mp4-0012_jpg.rf.ce93cdc5129a2f228ca78241f990eb39.jpg...

image 1/1 /home/admin/Documents/FEUP-CV/proj/task2/../datasets/extra-3/data/train/2024-03-30-11-15-02_mp4-0012_jpg.rf.ce93cdc5129a2f228ca78241f990eb39.jpg: 640x640 1 pool_table, 12.2ms
Speed: 6.0ms preprocess, 12.2ms inference, 21.3ms postprocess per image at shape (1, 3, 640, 640)
Processing extra-3/data/train/2024-03-30-11-15-02_mp4-0060_jpg.rf.d0a39f257ec072010e9a4433c2c40701.jpg...

image 1/1 /home/admin/Documents/FEUP-CV/proj/task2/../datasets/extra-3/data/train/2024-03-30-11-15-02_mp4-0060_jpg.rf.d0a39f257ec072010e9a4433c2c40701.jpg: 640x640 1 pool_table, 12.4ms
Speed: 3.7ms preprocess, 12.4ms inference, 24.3ms postprocess per image at shape (1, 3, 640, 640)
Processing extra-3/data/train/2024-03-30-11-22-03_mp4-0018_jpg.rf.57c635ffc446efee7a01212ce888f499.jpg...

image 1/1 /home/admin/Documents/FEUP-CV/proj/task2/../datasets/extra-3/data/train/2024-03-30-11-22-03_mp4-0018_jpg.rf.57c635ffc446efee7a01212ce888f499.jpg: 640x640 1 pool_table, 12.3ms
Speed: 3.9ms preprocess, 12.3ms inference, 24.4ms postprocess per image at shape (1, 3, 640, 640)
Processing extra-3/data/train/2024-03-30-11-15-02_mp4-0068_jpg.rf.e3f0a37721522c54f427c7ba87ef625e.jpg...

image 1/1 /home/admin/Documents/FEUP-CV/proj/task2/../datasets/extra-3/data/train/2024-03-30-11-15-02_mp4-0068_jpg.rf.e3f0a37721522c54f427c7ba87ef625e.jpg: 640x640 1 pool_table, 16.9ms
Speed: 4.0ms preprocess, 16.9ms inference, 35.1ms postprocess per image at shape (1, 3, 640, 640)
Processing extra-3/data/train/2024-03-30-11-07-17_mp4-0015_jpg.rf.9a895a814619afb9eb4a4dda0500a631.jpg...

image 1/1 /home/admin/Documents/FEUP-CV/proj/task2/../datasets/extra-3/data/train/2024-03-30-11-07-17_mp4-0015_jpg.rf.9a895a814619afb9eb4a4dda0500a631.jpg: 640x640 1 pool_table, 16.7ms
Speed: 1.3ms preprocess, 16.7ms inference, 35.1ms postprocess per image at shape (1, 3, 640, 640)
Processing extra-3/data/train/2024-03-30-11-15-02_mp4-0018_jpg.rf.eb1a1a3ea0b7d2793d760c3949fcd0bf.jpg...

image 1/1 /home/admin/Documents/FEUP-CV/proj/task2/../datasets/extra-3/data/train/2024-03-30-11-15-02_mp4-0018_jpg.rf.eb1a1a3ea0b7d2793d760c3949fcd0bf.jpg: 640x640 1 pool_table, 12.5ms
Speed: 4.0ms preprocess, 12.5ms inference, 24.4ms postprocess per image at shape (1, 3, 640, 640)
Processing extra-3/data/train/2024-03-30-11-15-02_mp4-0031_jpg.rf.f4c5a52bc27260fa317e573ef5d023df.jpg...

image 1/1 /home/admin/Documents/FEUP-CV/proj/task2/../datasets/extra-3/data/train/2024-03-30-11-15-02_mp4-0031_jpg.rf.f4c5a52bc27260fa317e573ef5d023df.jpg: 640x640 1 pool_table, 12.3ms
Speed: 4.1ms preprocess, 12.3ms inference, 24.1ms postprocess per image at shape (1, 3, 640, 640)
Processing extra-3/data/train/2024-03-30-11-07-17_mp4-0026_jpg.rf.6bdf286d533b73d4348d69061d0abe9a.jpg...

image 1/1 /home/admin/Documents/FEUP-CV/proj/task2/../datasets/extra-3/data/train/2024-03-30-11-07-17_mp4-0026_jpg.rf.6bdf286d533b73d4348d69061d0abe9a.jpg: 640x640 1 pool_table, 12.3ms
Speed: 2.7ms preprocess, 12.3ms inference, 32.8ms postprocess per image at shape (1, 3, 640, 640)
Processing extra-3/data/train/20240319_120445_jpg.rf.a1d91cdabc773b6ae7c7e0ec386b941c.jpg...

image 1/1 /home/admin/Documents/FEUP-CV/proj/task2/../datasets/extra-3/data/train/20240319_120445_jpg.rf.a1d91cdabc773b6ae7c7e0ec386b941c.jpg: 640x640 1 pool_table, 16.5ms
Speed: 7.5ms preprocess, 16.5ms inference, 35.1ms postprocess per image at shape (1, 3, 640, 640)
Processing extra-3/data/train/2024-03-30-11-22-03_mp4-0018_jpg.rf.b2e6ccf4747709b59d0a30dee5f15a52.jpg...

image 1/1 /home/admin/Documents/FEUP-CV/proj/task2/../datasets/extra-3/data/train/2024-03-30-11-22-03_mp4-0018_jpg.rf.b2e6ccf4747709b59d0a30dee5f15a52.jpg: 640x640 1 pool_table, 12.7ms
Speed: 1.6ms preprocess, 12.7ms inference, 24.6ms postprocess per image at shape (1, 3, 640, 640)
Processing extra-3/data/train/IMG_20240319_122123_jpg.rf.f4e7ca4376ffa3452b25ade5d79548a5.jpg...

image 1/1 /home/admin/Documents/FEUP-CV/proj/task2/../datasets/extra-3/data/train/IMG_20240319_122123_jpg.rf.f4e7ca4376ffa3452b25ade5d79548a5.jpg: 640x640 1 pool_table, 12.7ms
Speed: 3.0ms preprocess, 12.7ms inference, 24.7ms postprocess per image at shape (1, 3, 640, 640)
Processing extra-3/data/train/2024-03-28-18-28-05_mp4-0027_jpg.rf.f4cdeebaab61084945a5f76048eb103f.jpg...

image 1/1 /home/admin/Documents/FEUP-CV/proj/task2/../datasets/extra-3/data/train/2024-03-28-18-28-05_mp4-0027_jpg.rf.f4cdeebaab61084945a5f76048eb103f.jpg: 640x640 1 pool_table, 9.8ms
Speed: 2.4ms preprocess, 9.8ms inference, 22.2ms postprocess per image at shape (1, 3, 640, 640)
Processing extra-3/data/train/2024-03-28-18-28-05_mp4-0037_jpg.rf.73ffa46f9f6e692e8beca1953f38626e.jpg...

image 1/1 /home/admin/Documents/FEUP-CV/proj/task2/../datasets/extra-3/data/train/2024-03-28-18-28-05_mp4-0037_jpg.rf.73ffa46f9f6e692e8beca1953f38626e.jpg: 640x640 1 pool_table, 16.6ms
Speed: 1.3ms preprocess, 16.6ms inference, 34.9ms postprocess per image at shape (1, 3, 640, 640)
Processing extra-3/data/train/2024-03-28-18-28-05_mp4-0027_jpg.rf.0831703eee80bc30c982e7de0fe2388a.jpg...

image 1/1 /home/admin/Documents/FEUP-CV/proj/task2/../datasets/extra-3/data/train/2024-03-28-18-28-05_mp4-0027_jpg.rf.0831703eee80bc30c982e7de0fe2388a.jpg: 640x640 1 pool_table, 12.3ms
Speed: 1.7ms preprocess, 12.3ms inference, 24.3ms postprocess per image at shape (1, 3, 640, 640)
Processing extra-3/data/train/2024-03-28-15-41-19_mp4-0074_jpg.rf.c23ed48df090b1dbebf7dd9c100f91e5.jpg...

image 1/1 /home/admin/Documents/FEUP-CV/proj/task2/../datasets/extra-3/data/train/2024-03-28-15-41-19_mp4-0074_jpg.rf.c23ed48df090b1dbebf7dd9c100f91e5.jpg: 640x640 1 pool_table, 12.6ms
Speed: 3.9ms preprocess, 12.6ms inference, 24.5ms postprocess per image at shape (1, 3, 640, 640)
Processing extra-3/data/train/2024-03-30-11-07-17_mp4-0007_jpg.rf.b50d7917ebe9f8640e6e263586b4f51f.jpg...

image 1/1 /home/admin/Documents/FEUP-CV/proj/task2/../datasets/extra-3/data/train/2024-03-30-11-07-17_mp4-0007_jpg.rf.b50d7917ebe9f8640e6e263586b4f51f.jpg: 640x640 1 pool_table, 12.6ms
Speed: 4.0ms preprocess, 12.6ms inference, 30.9ms postprocess per image at shape (1, 3, 640, 640)
Processing extra-3/data/train/2024-03-30-11-07-17_mp4-0028_jpg.rf.580d9e1d1460ca2118fa0be3ac9bd30b.jpg...

image 1/1 /home/admin/Documents/FEUP-CV/proj/task2/../datasets/extra-3/data/train/2024-03-30-11-07-17_mp4-0028_jpg.rf.580d9e1d1460ca2118fa0be3ac9bd30b.jpg: 640x640 1 pool_table, 16.8ms
Speed: 1.5ms preprocess, 16.8ms inference, 34.9ms postprocess per image at shape (1, 3, 640, 640)
Processing extra-3/data/train/IMG_20240319_121130_jpg.rf.24dfdcb9ede28b68335370a46c514a0b.jpg...

image 1/1 /home/admin/Documents/FEUP-CV/proj/task2/../datasets/extra-3/data/train/IMG_20240319_121130_jpg.rf.24dfdcb9ede28b68335370a46c514a0b.jpg: 640x640 1 pool_table, 12.4ms
Speed: 3.8ms preprocess, 12.4ms inference, 24.3ms postprocess per image at shape (1, 3, 640, 640)
Processing extra-3/data/train/2024-03-30-11-15-02_mp4-0061_jpg.rf.7918b7f27d1132580cb62d1f4bd6a307.jpg...

image 1/1 /home/admin/Documents/FEUP-CV/proj/task2/../datasets/extra-3/data/train/2024-03-30-11-15-02_mp4-0061_jpg.rf.7918b7f27d1132580cb62d1f4bd6a307.jpg: 640x640 1 pool_table, 12.3ms
Speed: 4.2ms preprocess, 12.3ms inference, 18.0ms postprocess per image at shape (1, 3, 640, 640)
Processing extra-3/data/train/2024-03-28-15-41-19_mp4-0066_jpg.rf.0c366a901cce1eee8c4658c1587cc869.jpg...

image 1/1 /home/admin/Documents/FEUP-CV/proj/task2/../datasets/extra-3/data/train/2024-03-28-15-41-19_mp4-0066_jpg.rf.0c366a901cce1eee8c4658c1587cc869.jpg: 640x640 1 pool_table, 12.4ms
Speed: 4.1ms preprocess, 12.4ms inference, 24.4ms postprocess per image at shape (1, 3, 640, 640)
Processing extra-3/data/train/20240328_171453_jpg.rf.7582f3b559c471efc852ee9c7bc90017.jpg...

image 1/1 /home/admin/Documents/FEUP-CV/proj/task2/../datasets/extra-3/data/train/20240328_171453_jpg.rf.7582f3b559c471efc852ee9c7bc90017.jpg: 640x640 1 pool_table, 16.8ms
Speed: 7.5ms preprocess, 16.8ms inference, 35.2ms postprocess per image at shape (1, 3, 640, 640)
Processing extra-3/data/train/2024-03-30-11-07-17_mp4-0033_jpg.rf.83f4c757493e9c8d15f3defc6a12bae7.jpg...

image 1/1 /home/admin/Documents/FEUP-CV/proj/task2/../datasets/extra-3/data/train/2024-03-30-11-07-17_mp4-0033_jpg.rf.83f4c757493e9c8d15f3defc6a12bae7.jpg: 640x640 1 pool_table, 14.4ms
Speed: 7.0ms preprocess, 14.4ms inference, 24.3ms postprocess per image at shape (1, 3, 640, 640)
Processing extra-3/data/train/2024-03-28-15-41-19_mp4-0016_jpg.rf.6386f0395355dda67998558cfc8a442c.jpg...

image 1/1 /home/admin/Documents/FEUP-CV/proj/task2/../datasets/extra-3/data/train/2024-03-28-15-41-19_mp4-0016_jpg.rf.6386f0395355dda67998558cfc8a442c.jpg: 640x640 1 pool_table, 12.4ms
Speed: 3.5ms preprocess, 12.4ms inference, 24.5ms postprocess per image at shape (1, 3, 640, 640)
Processing extra-3/data/train/IMG_20240319_121153_jpg.rf.164f2a4e932af8eb3d064ce9b35db012.jpg...

image 1/1 /home/admin/Documents/FEUP-CV/proj/task2/../datasets/extra-3/data/train/IMG_20240319_121153_jpg.rf.164f2a4e932af8eb3d064ce9b35db012.jpg: 640x640 1 pool_table, 12.5ms
Speed: 3.6ms preprocess, 12.5ms inference, 24.3ms postprocess per image at shape (1, 3, 640, 640)
Processing extra-3/data/train/20240328_171414_jpg.rf.2cf7b020929a694bc59df82c7d27f5b5.jpg...

image 1/1 /home/admin/Documents/FEUP-CV/proj/task2/../datasets/extra-3/data/train/20240328_171414_jpg.rf.2cf7b020929a694bc59df82c7d27f5b5.jpg: 640x640 1 pool_table, 16.7ms
Speed: 1.3ms preprocess, 16.7ms inference, 35.0ms postprocess per image at shape (1, 3, 640, 640)
Processing extra-3/data/train/2024-03-28-15-41-19_mp4-0087_jpg.rf.a040e763e5d7eed6a612689f67a2316a.jpg...

image 1/1 /home/admin/Documents/FEUP-CV/proj/task2/../datasets/extra-3/data/train/2024-03-28-15-41-19_mp4-0087_jpg.rf.a040e763e5d7eed6a612689f67a2316a.jpg: 640x640 1 pool_table, 16.8ms
Speed: 1.3ms preprocess, 16.8ms inference, 30.1ms postprocess per image at shape (1, 3, 640, 640)
Processing extra-3/data/train/2024-03-30-11-07-17_mp4-0009_jpg.rf.d93c76b146f8e4e3a248452b712d9652.jpg...

image 1/1 /home/admin/Documents/FEUP-CV/proj/task2/../datasets/extra-3/data/train/2024-03-30-11-07-17_mp4-0009_jpg.rf.d93c76b146f8e4e3a248452b712d9652.jpg: 640x640 1 pool_table, 12.5ms
Speed: 4.6ms preprocess, 12.5ms inference, 24.5ms postprocess per image at shape (1, 3, 640, 640)
Processing extra-3/data/train/2024-03-30-11-07-17_mp4-0043_jpg.rf.9b88522d8f92db42dd707749d44c5132.jpg...

image 1/1 /home/admin/Documents/FEUP-CV/proj/task2/../datasets/extra-3/data/train/2024-03-30-11-07-17_mp4-0043_jpg.rf.9b88522d8f92db42dd707749d44c5132.jpg: 640x640 1 pool_table, 12.4ms
Speed: 4.5ms preprocess, 12.4ms inference, 24.4ms postprocess per image at shape (1, 3, 640, 640)
Processing extra-3/data/train/2024-03-30-11-15-02_mp4-0068_jpg.rf.fcea54847822ebec5d65c7f0895a0a37.jpg...

image 1/1 /home/admin/Documents/FEUP-CV/proj/task2/../datasets/extra-3/data/train/2024-03-30-11-15-02_mp4-0068_jpg.rf.fcea54847822ebec5d65c7f0895a0a37.jpg: 640x640 1 pool_table, 12.5ms
Speed: 4.5ms preprocess, 12.5ms inference, 35.0ms postprocess per image at shape (1, 3, 640, 640)
Processing extra-3/data/train/2024-03-30-11-07-17_mp4-0011_jpg.rf.2e75a9fc002621fd5497a20c9c8e5930.jpg...

image 1/1 /home/admin/Documents/FEUP-CV/proj/task2/../datasets/extra-3/data/train/2024-03-30-11-07-17_mp4-0011_jpg.rf.2e75a9fc002621fd5497a20c9c8e5930.jpg: 640x640 1 pool_table, 16.7ms
Speed: 1.7ms preprocess, 16.7ms inference, 34.8ms postprocess per image at shape (1, 3, 640, 640)
Processing extra-3/data/train/2024-03-30-11-07-17_mp4-0026_jpg.rf.0fdefc5f441f61e7c1878e7f7bbb90e7.jpg...

image 1/1 /home/admin/Documents/FEUP-CV/proj/task2/../datasets/extra-3/data/train/2024-03-30-11-07-17_mp4-0026_jpg.rf.0fdefc5f441f61e7c1878e7f7bbb90e7.jpg: 640x640 1 pool_table, 12.5ms
Speed: 2.4ms preprocess, 12.5ms inference, 24.3ms postprocess per image at shape (1, 3, 640, 640)
Processing extra-3/data/train/2024-03-28-18-28-05_mp4-0010_jpg.rf.2e12dae2c433ce8cd1c229d5652ace5e.jpg...

image 1/1 /home/admin/Documents/FEUP-CV/proj/task2/../datasets/extra-3/data/train/2024-03-28-18-28-05_mp4-0010_jpg.rf.2e12dae2c433ce8cd1c229d5652ace5e.jpg: 640x640 1 pool_table, 12.5ms
Speed: 3.7ms preprocess, 12.5ms inference, 24.4ms postprocess per image at shape (1, 3, 640, 640)
Processing extra-3/data/train/2024-03-28-15-41-19_mp4-0029_jpg.rf.5495caba32bb52f9cffaeabfed92e4fb.jpg...

image 1/1 /home/admin/Documents/FEUP-CV/proj/task2/../datasets/extra-3/data/train/2024-03-28-15-41-19_mp4-0029_jpg.rf.5495caba32bb52f9cffaeabfed92e4fb.jpg: 640x640 1 pool_table, 12.5ms
Speed: 3.3ms preprocess, 12.5ms inference, 24.5ms postprocess per image at shape (1, 3, 640, 640)
Processing extra-3/data/train/IMG_20240319_122208_jpg.rf.4490e558ef0b17c13ef045322bc0d67f.jpg...

image 1/1 /home/admin/Documents/FEUP-CV/proj/task2/../datasets/extra-3/data/train/IMG_20240319_122208_jpg.rf.4490e558ef0b17c13ef045322bc0d67f.jpg: 640x640 1 pool_table, 14.6ms
Speed: 3.1ms preprocess, 14.6ms inference, 35.1ms postprocess per image at shape (1, 3, 640, 640)
Processing extra-3/data/train/2024-03-30-11-07-17_mp4-0023_jpg.rf.0a550cde788add35726fef53e7f937bf.jpg...

image 1/1 /home/admin/Documents/FEUP-CV/proj/task2/../datasets/extra-3/data/train/2024-03-30-11-07-17_mp4-0023_jpg.rf.0a550cde788add35726fef53e7f937bf.jpg: 640x640 1 pool_table, 12.6ms
Speed: 6.0ms preprocess, 12.6ms inference, 24.5ms postprocess per image at shape (1, 3, 640, 640)
Processing extra-3/data/train/2024-03-28-15-41-19_mp4-0058_jpg.rf.68558aa26a2ddaed42c9ea69b71bf0cf.jpg...

image 1/1 /home/admin/Documents/FEUP-CV/proj/task2/../datasets/extra-3/data/train/2024-03-28-15-41-19_mp4-0058_jpg.rf.68558aa26a2ddaed42c9ea69b71bf0cf.jpg: 640x640 1 pool_table, 12.5ms
Speed: 4.3ms preprocess, 12.5ms inference, 24.5ms postprocess per image at shape (1, 3, 640, 640)
Processing extra-3/data/train/2024-03-30-11-15-02_mp4-0076_jpg.rf.ae5919a3b4604318149a53abc8155050.jpg...

image 1/1 /home/admin/Documents/FEUP-CV/proj/task2/../datasets/extra-3/data/train/2024-03-30-11-15-02_mp4-0076_jpg.rf.ae5919a3b4604318149a53abc8155050.jpg: 640x640 1 pool_table, 12.5ms
Speed: 4.4ms preprocess, 12.5ms inference, 24.3ms postprocess per image at shape (1, 3, 640, 640)
Processing extra-3/data/train/2024-03-28-15-41-19_mp4-0064_jpg.rf.49452845d8c115ecf8868b4c7d0491a6.jpg...

image 1/1 /home/admin/Documents/FEUP-CV/proj/task2/../datasets/extra-3/data/train/2024-03-28-15-41-19_mp4-0064_jpg.rf.49452845d8c115ecf8868b4c7d0491a6.jpg: 640x640 1 pool_table, 16.7ms
Speed: 1.8ms preprocess, 16.7ms inference, 35.1ms postprocess per image at shape (1, 3, 640, 640)
Processing extra-3/data/train/IMG_20240319_120753_jpg.rf.b4bec2e9e912a2ddb1e425b9916c8568.jpg...

image 1/1 /home/admin/Documents/FEUP-CV/proj/task2/../datasets/extra-3/data/train/IMG_20240319_120753_jpg.rf.b4bec2e9e912a2ddb1e425b9916c8568.jpg: 640x640 1 pool_table, 16.7ms
Speed: 1.5ms preprocess, 16.7ms inference, 29.6ms postprocess per image at shape (1, 3, 640, 640)
Processing extra-3/data/train/2024-03-28-15-41-19_mp4-0092_jpg.rf.b624ebce2bfcb08e390409dd96156b0a.jpg...

image 1/1 /home/admin/Documents/FEUP-CV/proj/task2/../datasets/extra-3/data/train/2024-03-28-15-41-19_mp4-0092_jpg.rf.b624ebce2bfcb08e390409dd96156b0a.jpg: 640x640 1 pool_table, 12.6ms
Speed: 4.3ms preprocess, 12.6ms inference, 24.3ms postprocess per image at shape (1, 3, 640, 640)
Processing extra-3/data/train/2024-03-30-11-07-17_mp4-0040_jpg.rf.e1b4808def03a5b18024f75b4d7ed204.jpg...

image 1/1 /home/admin/Documents/FEUP-CV/proj/task2/../datasets/extra-3/data/train/2024-03-30-11-07-17_mp4-0040_jpg.rf.e1b4808def03a5b18024f75b4d7ed204.jpg: 640x640 1 pool_table, 12.5ms
Speed: 4.6ms preprocess, 12.5ms inference, 24.5ms postprocess per image at shape (1, 3, 640, 640)
Processing extra-3/data/train/20240319_120445_jpg.rf.36623aba22caca2f453a14a7725edabf.jpg...

image 1/1 /home/admin/Documents/FEUP-CV/proj/task2/../datasets/extra-3/data/train/20240319_120445_jpg.rf.36623aba22caca2f453a14a7725edabf.jpg: 640x640 1 pool_table, 12.5ms
Speed: 4.3ms preprocess, 12.5ms inference, 27.8ms postprocess per image at shape (1, 3, 640, 640)
Processing extra-3/data/train/20240328_171419_jpg.rf.eaae01281df20fbb56a05990debcc3e2.jpg...

image 1/1 /home/admin/Documents/FEUP-CV/proj/task2/../datasets/extra-3/data/train/20240328_171419_jpg.rf.eaae01281df20fbb56a05990debcc3e2.jpg: 640x640 1 pool_table, 16.6ms
Speed: 7.0ms preprocess, 16.6ms inference, 34.8ms postprocess per image at shape (1, 3, 640, 640)
Processing extra-3/data/train/2024-03-28-15-41-19_mp4-0071_jpg.rf.a70ad1d37611019fedc8a4159b23ccfc.jpg...

image 1/1 /home/admin/Documents/FEUP-CV/proj/task2/../datasets/extra-3/data/train/2024-03-28-15-41-19_mp4-0071_jpg.rf.a70ad1d37611019fedc8a4159b23ccfc.jpg: 640x640 1 pool_table, 12.3ms
Speed: 3.3ms preprocess, 12.3ms inference, 24.3ms postprocess per image at shape (1, 3, 640, 640)
Processing extra-3/data/train/2024-03-30-11-22-03_mp4-0031_jpg.rf.602ad05303798ab96e3b6773150dd8c7.jpg...

image 1/1 /home/admin/Documents/FEUP-CV/proj/task2/../datasets/extra-3/data/train/2024-03-30-11-22-03_mp4-0031_jpg.rf.602ad05303798ab96e3b6773150dd8c7.jpg: 640x640 1 pool_table, 12.3ms
Speed: 3.2ms preprocess, 12.3ms inference, 24.3ms postprocess per image at shape (1, 3, 640, 640)
Processing extra-3/data/train/20240328_171206_jpg.rf.f9ba5eb476a4ff513bee29b0656d4418.jpg...

image 1/1 /home/admin/Documents/FEUP-CV/proj/task2/../datasets/extra-3/data/train/20240328_171206_jpg.rf.f9ba5eb476a4ff513bee29b0656d4418.jpg: 640x640 1 pool_table, 12.5ms
Speed: 3.0ms preprocess, 12.5ms inference, 26.5ms postprocess per image at shape (1, 3, 640, 640)
Processing extra-3/data/train/2024-03-28-15-41-19_mp4-0093_jpg.rf.4771ac5bc2ed19246b96ae6c703d7485.jpg...

image 1/1 /home/admin/Documents/FEUP-CV/proj/task2/../datasets/extra-3/data/train/2024-03-28-15-41-19_mp4-0093_jpg.rf.4771ac5bc2ed19246b96ae6c703d7485.jpg: 640x640 1 pool_table, 16.7ms
Speed: 6.7ms preprocess, 16.7ms inference, 34.9ms postprocess per image at shape (1, 3, 640, 640)
Processing extra-3/data/train/2024-03-30-11-07-17_mp4-0034_jpg.rf.d344423710e4428053e0e5a80ee5cd3f.jpg...

image 1/1 /home/admin/Documents/FEUP-CV/proj/task2/../datasets/extra-3/data/train/2024-03-30-11-07-17_mp4-0034_jpg.rf.d344423710e4428053e0e5a80ee5cd3f.jpg: 640x640 1 pool_table, 10.7ms
Speed: 2.9ms preprocess, 10.7ms inference, 24.7ms postprocess per image at shape (1, 3, 640, 640)
Processing extra-3/data/train/IMG_20240319_120652_jpg.rf.1421a1d0e4c1e9d16acb24a3c098a34f.jpg...

image 1/1 /home/admin/Documents/FEUP-CV/proj/task2/../datasets/extra-3/data/train/IMG_20240319_120652_jpg.rf.1421a1d0e4c1e9d16acb24a3c098a34f.jpg: 640x640 1 pool_table, 12.9ms
Speed: 3.8ms preprocess, 12.9ms inference, 24.7ms postprocess per image at shape (1, 3, 640, 640)
Processing extra-3/data/train/2024-03-30-11-15-02_mp4-0016_jpg.rf.f188b39e2db250844ef5026902c43636.jpg...

image 1/1 /home/admin/Documents/FEUP-CV/proj/task2/../datasets/extra-3/data/train/2024-03-30-11-15-02_mp4-0016_jpg.rf.f188b39e2db250844ef5026902c43636.jpg: 640x640 1 pool_table, 12.7ms
Speed: 5.5ms preprocess, 12.7ms inference, 26.9ms postprocess per image at shape (1, 3, 640, 640)
Processing extra-3/data/train/2024-03-30-11-15-02_mp4-0037_jpg.rf.73e992e5c96a4c2ae30e2df359f1ad90.jpg...

image 1/1 /home/admin/Documents/FEUP-CV/proj/task2/../datasets/extra-3/data/train/2024-03-30-11-15-02_mp4-0037_jpg.rf.73e992e5c96a4c2ae30e2df359f1ad90.jpg: 640x640 1 pool_table, 16.6ms
Speed: 1.9ms preprocess, 16.6ms inference, 34.7ms postprocess per image at shape (1, 3, 640, 640)
Processing extra-3/data/train/2024-03-28-15-41-19_mp4-0043_jpg.rf.dc710de7004dace234c8c24d245c2e28.jpg...

image 1/1 /home/admin/Documents/FEUP-CV/proj/task2/../datasets/extra-3/data/train/2024-03-28-15-41-19_mp4-0043_jpg.rf.dc710de7004dace234c8c24d245c2e28.jpg: 640x640 1 pool_table, 13.3ms
Speed: 1.6ms preprocess, 13.3ms inference, 24.1ms postprocess per image at shape (1, 3, 640, 640)
Processing extra-3/data/train/2024-03-28-15-41-19_mp4-0092_jpg.rf.3828a7219c0e5de65be0658235700031.jpg...

image 1/1 /home/admin/Documents/FEUP-CV/proj/task2/../datasets/extra-3/data/train/2024-03-28-15-41-19_mp4-0092_jpg.rf.3828a7219c0e5de65be0658235700031.jpg: 640x640 1 pool_table, 12.2ms
Speed: 4.5ms preprocess, 12.2ms inference, 24.1ms postprocess per image at shape (1, 3, 640, 640)
Processing extra-3/data/train/2024-03-30-11-22-03_mp4-0003_jpg.rf.6befc667820d5409e6885119d57bc0ac.jpg...

image 1/1 /home/admin/Documents/FEUP-CV/proj/task2/../datasets/extra-3/data/train/2024-03-30-11-22-03_mp4-0003_jpg.rf.6befc667820d5409e6885119d57bc0ac.jpg: 640x640 1 pool_table, 12.4ms
Speed: 4.7ms preprocess, 12.4ms inference, 24.5ms postprocess per image at shape (1, 3, 640, 640)
Processing extra-3/data/train/2024-03-30-11-15-02_mp4-0073_jpg.rf.8cb011dc833948fc6b62a88d9a893be5.jpg...

image 1/1 /home/admin/Documents/FEUP-CV/proj/task2/../datasets/extra-3/data/train/2024-03-30-11-15-02_mp4-0073_jpg.rf.8cb011dc833948fc6b62a88d9a893be5.jpg: 640x640 1 pool_table, 16.8ms
Speed: 7.5ms preprocess, 16.8ms inference, 35.2ms postprocess per image at shape (1, 3, 640, 640)
Processing extra-3/data/train/2024-03-28-15-41-19_mp4-0015_jpg.rf.946dab4d97db133aeec64adc0325d199.jpg...

image 1/1 /home/admin/Documents/FEUP-CV/proj/task2/../datasets/extra-3/data/train/2024-03-28-15-41-19_mp4-0015_jpg.rf.946dab4d97db133aeec64adc0325d199.jpg: 640x640 1 pool_table, 16.8ms
Speed: 8.0ms preprocess, 16.8ms inference, 24.5ms postprocess per image at shape (1, 3, 640, 640)
Processing extra-3/data/train/2024-03-30-11-15-02_mp4-0051_jpg.rf.9d9fb7b64eb734cec6489ac5b1dad1da.jpg...

image 1/1 /home/admin/Documents/FEUP-CV/proj/task2/../datasets/extra-3/data/train/2024-03-30-11-15-02_mp4-0051_jpg.rf.9d9fb7b64eb734cec6489ac5b1dad1da.jpg: 640x640 1 pool_table, 12.5ms
Speed: 3.9ms preprocess, 12.5ms inference, 24.7ms postprocess per image at shape (1, 3, 640, 640)
Processing extra-3/data/train/2024-03-30-11-15-02_mp4-0070_jpg.rf.bd2ac8e61437c662ab287a42e9c0aac7.jpg...

image 1/1 /home/admin/Documents/FEUP-CV/proj/task2/../datasets/extra-3/data/train/2024-03-30-11-15-02_mp4-0070_jpg.rf.bd2ac8e61437c662ab287a42e9c0aac7.jpg: 640x640 1 pool_table, 12.6ms
Speed: 4.3ms preprocess, 12.6ms inference, 15.5ms postprocess per image at shape (1, 3, 640, 640)
Processing extra-3/data/train/2024-03-30-11-07-17_mp4-0026_jpg.rf.17217f3ebaf0d6e847f365ac6908c740.jpg...

image 1/1 /home/admin/Documents/FEUP-CV/proj/task2/../datasets/extra-3/data/train/2024-03-30-11-07-17_mp4-0026_jpg.rf.17217f3ebaf0d6e847f365ac6908c740.jpg: 640x640 1 pool_table, 14.8ms
Speed: 4.3ms preprocess, 14.8ms inference, 35.1ms postprocess per image at shape (1, 3, 640, 640)
Processing extra-3/data/train/20240328_171450_jpg.rf.a637067f5ece50a3bbe36f84c653d2c9.jpg...

image 1/1 /home/admin/Documents/FEUP-CV/proj/task2/../datasets/extra-3/data/train/20240328_171450_jpg.rf.a637067f5ece50a3bbe36f84c653d2c9.jpg: 640x640 1 pool_table, 16.6ms
Speed: 1.3ms preprocess, 16.6ms inference, 34.8ms postprocess per image at shape (1, 3, 640, 640)
Processing extra-3/data/train/2024-03-30-11-15-02_mp4-0062_jpg.rf.c6be8793e078ebc67d7c318b12b6b283.jpg...

image 1/1 /home/admin/Documents/FEUP-CV/proj/task2/../datasets/extra-3/data/train/2024-03-30-11-15-02_mp4-0062_jpg.rf.c6be8793e078ebc67d7c318b12b6b283.jpg: 640x640 1 pool_table, 12.2ms
Speed: 3.8ms preprocess, 12.2ms inference, 24.4ms postprocess per image at shape (1, 3, 640, 640)
Processing extra-3/data/train/2024-03-30-11-22-03_mp4-0035_jpg.rf.afe0a675b473ac6b88f31c4609bba4a2.jpg...

image 1/1 /home/admin/Documents/FEUP-CV/proj/task2/../datasets/extra-3/data/train/2024-03-30-11-22-03_mp4-0035_jpg.rf.afe0a675b473ac6b88f31c4609bba4a2.jpg: 640x640 1 pool_table, 12.5ms
Speed: 4.0ms preprocess, 12.5ms inference, 24.5ms postprocess per image at shape (1, 3, 640, 640)
Processing extra-3/data/train/2024-03-30-11-07-17_mp4-0007_jpg.rf.a1ae02b95793c317f141f3d829a33a50.jpg...

image 1/1 /home/admin/Documents/FEUP-CV/proj/task2/../datasets/extra-3/data/train/2024-03-30-11-07-17_mp4-0007_jpg.rf.a1ae02b95793c317f141f3d829a33a50.jpg: 640x640 1 pool_table, 12.6ms
Speed: 3.9ms preprocess, 12.6ms inference, 24.5ms postprocess per image at shape (1, 3, 640, 640)
Processing extra-3/data/train/2024-03-28-15-41-19_mp4-0085_jpg.rf.f994ac5f1821a6f9b4dce801f3f17275.jpg...

image 1/1 /home/admin/Documents/FEUP-CV/proj/task2/../datasets/extra-3/data/train/2024-03-28-15-41-19_mp4-0085_jpg.rf.f994ac5f1821a6f9b4dce801f3f17275.jpg: 640x640 1 pool_table, 16.9ms
Speed: 1.4ms preprocess, 16.9ms inference, 35.0ms postprocess per image at shape (1, 3, 640, 640)
Processing extra-3/data/train/2024-03-30-11-22-03_mp4-0019_jpg.rf.256f086766f7274cb71858a210a581e7.jpg...

image 1/1 /home/admin/Documents/FEUP-CV/proj/task2/../datasets/extra-3/data/train/2024-03-30-11-22-03_mp4-0019_jpg.rf.256f086766f7274cb71858a210a581e7.jpg: 640x640 1 pool_table, 16.6ms
Speed: 1.4ms preprocess, 16.6ms inference, 21.9ms postprocess per image at shape (1, 3, 640, 640)
Processing extra-3/data/train/2024-03-28-18-28-05_mp4-0030_jpg.rf.00fc0c2480ab3fc83a8e15ab935bbea9.jpg...

image 1/1 /home/admin/Documents/FEUP-CV/proj/task2/../datasets/extra-3/data/train/2024-03-28-18-28-05_mp4-0030_jpg.rf.00fc0c2480ab3fc83a8e15ab935bbea9.jpg: 640x640 1 pool_table, 12.4ms
Speed: 3.6ms preprocess, 12.4ms inference, 24.3ms postprocess per image at shape (1, 3, 640, 640)
Processing extra-3/data/train/2024-03-30-11-22-03_mp4-0019_jpg.rf.a84782bb7f5e634a2afbba6ede1ede82.jpg...

image 1/1 /home/admin/Documents/FEUP-CV/proj/task2/../datasets/extra-3/data/train/2024-03-30-11-22-03_mp4-0019_jpg.rf.a84782bb7f5e634a2afbba6ede1ede82.jpg: 640x640 1 pool_table, 12.4ms
Speed: 3.9ms preprocess, 12.4ms inference, 24.4ms postprocess per image at shape (1, 3, 640, 640)
Processing extra-3/data/train/2024-03-30-11-07-17_mp4-0072_jpg.rf.23ee8d01f6459a43b6b88b426831fbb6.jpg...

image 1/1 /home/admin/Documents/FEUP-CV/proj/task2/../datasets/extra-3/data/train/2024-03-30-11-07-17_mp4-0072_jpg.rf.23ee8d01f6459a43b6b88b426831fbb6.jpg: 640x640 1 pool_table, 14.6ms
Speed: 3.1ms preprocess, 14.6ms inference, 35.1ms postprocess per image at shape (1, 3, 640, 640)
Processing extra-3/data/train/2024-03-30-11-07-17_mp4-0033_jpg.rf.87f91e4e765dbb6f9849c95e82257b34.jpg...

image 1/1 /home/admin/Documents/FEUP-CV/proj/task2/../datasets/extra-3/data/train/2024-03-30-11-07-17_mp4-0033_jpg.rf.87f91e4e765dbb6f9849c95e82257b34.jpg: 640x640 1 pool_table, 16.6ms
Speed: 7.5ms preprocess, 16.6ms inference, 33.9ms postprocess per image at shape (1, 3, 640, 640)
Processing extra-3/data/train/2024-03-30-11-15-02_mp4-0066_jpg.rf.bf7c386bbab40e89b3c41cb096491d72.jpg...

image 1/1 /home/admin/Documents/FEUP-CV/proj/task2/../datasets/extra-3/data/train/2024-03-30-11-15-02_mp4-0066_jpg.rf.bf7c386bbab40e89b3c41cb096491d72.jpg: 640x640 1 pool_table, 12.4ms
Speed: 3.8ms preprocess, 12.4ms inference, 24.4ms postprocess per image at shape (1, 3, 640, 640)
Processing extra-3/data/train/2024-03-30-11-15-02_mp4-0014_jpg.rf.bef07afcac1f1206dbdae0a880665b7d.jpg...

image 1/1 /home/admin/Documents/FEUP-CV/proj/task2/../datasets/extra-3/data/train/2024-03-30-11-15-02_mp4-0014_jpg.rf.bef07afcac1f1206dbdae0a880665b7d.jpg: 640x640 1 pool_table, 12.6ms
Speed: 4.2ms preprocess, 12.6ms inference, 24.5ms postprocess per image at shape (1, 3, 640, 640)
Processing extra-3/data/train/IMG_20240319_121511_jpg.rf.b31867e834590ed9d8d44e9ac886a69e.jpg...

image 1/1 /home/admin/Documents/FEUP-CV/proj/task2/../datasets/extra-3/data/train/IMG_20240319_121511_jpg.rf.b31867e834590ed9d8d44e9ac886a69e.jpg: 640x640 1 pool_table, 12.7ms
Speed: 4.2ms preprocess, 12.7ms inference, 26.8ms postprocess per image at shape (1, 3, 640, 640)
Processing extra-3/data/train/2024-03-28-18-35-18_mp4-0023_jpg.rf.b73476a27993c97a5da806940b4a024a.jpg...

image 1/1 /home/admin/Documents/FEUP-CV/proj/task2/../datasets/extra-3/data/train/2024-03-28-18-35-18_mp4-0023_jpg.rf.b73476a27993c97a5da806940b4a024a.jpg: 640x640 1 pool_table, 16.9ms
Speed: 1.5ms preprocess, 16.9ms inference, 29.9ms postprocess per image at shape (1, 3, 640, 640)
Processing extra-3/data/train/2024-03-28-18-28-05_mp4-0023_jpg.rf.fa8258de0117ed7d15f49243e3f5690c.jpg...

image 1/1 /home/admin/Documents/FEUP-CV/proj/task2/../datasets/extra-3/data/train/2024-03-28-18-28-05_mp4-0023_jpg.rf.fa8258de0117ed7d15f49243e3f5690c.jpg: 640x640 1 pool_table, 14.0ms
Speed: 1.4ms preprocess, 14.0ms inference, 24.3ms postprocess per image at shape (1, 3, 640, 640)
Processing extra-3/data/train/IMG_20240319_121511_jpg.rf.919c850906332a408482f2b32018be00.jpg...

image 1/1 /home/admin/Documents/FEUP-CV/proj/task2/../datasets/extra-3/data/train/IMG_20240319_121511_jpg.rf.919c850906332a408482f2b32018be00.jpg: 640x640 1 pool_table, 12.3ms
Speed: 4.1ms preprocess, 12.3ms inference, 24.2ms postprocess per image at shape (1, 3, 640, 640)
Processing extra-3/data/train/2024-03-30-11-07-17_mp4-0015_jpg.rf.d78a12edc61bf67b5d240e5098540395.jpg...

image 1/1 /home/admin/Documents/FEUP-CV/proj/task2/../datasets/extra-3/data/train/2024-03-30-11-07-17_mp4-0015_jpg.rf.d78a12edc61bf67b5d240e5098540395.jpg: 640x640 1 pool_table, 12.4ms
Speed: 3.6ms preprocess, 12.4ms inference, 24.5ms postprocess per image at shape (1, 3, 640, 640)
Processing extra-3/data/train/IMG_20240319_121920_jpg.rf.10a23351dac455fdb2640b0548eb5800.jpg...

image 1/1 /home/admin/Documents/FEUP-CV/proj/task2/../datasets/extra-3/data/train/IMG_20240319_121920_jpg.rf.10a23351dac455fdb2640b0548eb5800.jpg: 640x640 1 pool_table, 12.4ms
Speed: 2.8ms preprocess, 12.4ms inference, 33.0ms postprocess per image at shape (1, 3, 640, 640)
Processing extra-3/data/train/2024-03-30-11-22-03_mp4-0019_jpg.rf.d49163ecfdd59ceb884a83c4a2054104.jpg...

image 1/1 /home/admin/Documents/FEUP-CV/proj/task2/../datasets/extra-3/data/train/2024-03-30-11-22-03_mp4-0019_jpg.rf.d49163ecfdd59ceb884a83c4a2054104.jpg: 640x640 1 pool_table, 16.8ms
Speed: 7.7ms preprocess, 16.8ms inference, 32.9ms postprocess per image at shape (1, 3, 640, 640)
Processing extra-3/data/train/2024-03-28-15-41-19_mp4-0054_jpg.rf.c8a919e33f3f268cda024723b923c977.jpg...

image 1/1 /home/admin/Documents/FEUP-CV/proj/task2/../datasets/extra-3/data/train/2024-03-28-15-41-19_mp4-0054_jpg.rf.c8a919e33f3f268cda024723b923c977.jpg: 640x640 1 pool_table, 12.5ms
Speed: 3.5ms preprocess, 12.5ms inference, 24.4ms postprocess per image at shape (1, 3, 640, 640)
Processing extra-3/data/train/2024-03-30-11-15-02_mp4-0075_jpg.rf.1c6c726cc1401a8656d4b3a64bde93b6.jpg...

image 1/1 /home/admin/Documents/FEUP-CV/proj/task2/../datasets/extra-3/data/train/2024-03-30-11-15-02_mp4-0075_jpg.rf.1c6c726cc1401a8656d4b3a64bde93b6.jpg: 640x640 1 pool_table, 12.5ms
Speed: 3.9ms preprocess, 12.5ms inference, 24.4ms postprocess per image at shape (1, 3, 640, 640)
Processing extra-3/data/train/2024-03-30-11-07-17_mp4-0012_jpg.rf.9a6749cbf55b5386fd8e285da67aea0f.jpg...

image 1/1 /home/admin/Documents/FEUP-CV/proj/task2/../datasets/extra-3/data/train/2024-03-30-11-07-17_mp4-0012_jpg.rf.9a6749cbf55b5386fd8e285da67aea0f.jpg: 640x640 1 pool_table, 12.5ms
Speed: 4.3ms preprocess, 12.5ms inference, 28.6ms postprocess per image at shape (1, 3, 640, 640)
Processing extra-3/data/train/2024-03-28-18-28-05_mp4-0023_jpg.rf.b02deda784bcdb9fa1edc23e544290ff.jpg...

image 1/1 /home/admin/Documents/FEUP-CV/proj/task2/../datasets/extra-3/data/train/2024-03-28-18-28-05_mp4-0023_jpg.rf.b02deda784bcdb9fa1edc23e544290ff.jpg: 640x640 1 pool_table, 16.7ms
Speed: 1.8ms preprocess, 16.7ms inference, 34.9ms postprocess per image at shape (1, 3, 640, 640)
Processing extra-3/data/train/2024-03-28-15-41-19_mp4-0061_jpg.rf.c6aa0dbf71753357a3578bfe0e2a2f8d.jpg...

image 1/1 /home/admin/Documents/FEUP-CV/proj/task2/../datasets/extra-3/data/train/2024-03-28-15-41-19_mp4-0061_jpg.rf.c6aa0dbf71753357a3578bfe0e2a2f8d.jpg: 640x640 1 pool_table, 12.4ms
Speed: 5.6ms preprocess, 12.4ms inference, 24.3ms postprocess per image at shape (1, 3, 640, 640)
Processing extra-3/data/train/2024-03-30-11-07-17_mp4-0006_jpg.rf.950cf090de058e9cb2af91791cd284a0.jpg...

image 1/1 /home/admin/Documents/FEUP-CV/proj/task2/../datasets/extra-3/data/train/2024-03-30-11-07-17_mp4-0006_jpg.rf.950cf090de058e9cb2af91791cd284a0.jpg: 640x640 1 pool_table, 12.4ms
Speed: 4.5ms preprocess, 12.4ms inference, 21.5ms postprocess per image at shape (1, 3, 640, 640)
Processing extra-3/data/train/2024-03-30-11-15-02_mp4-0037_jpg.rf.42c31cf3bb1aefe4733c5247d7bc8951.jpg...

image 1/1 /home/admin/Documents/FEUP-CV/proj/task2/../datasets/extra-3/data/train/2024-03-30-11-15-02_mp4-0037_jpg.rf.42c31cf3bb1aefe4733c5247d7bc8951.jpg: 640x640 1 pool_table, 12.5ms
Speed: 1.9ms preprocess, 12.5ms inference, 24.6ms postprocess per image at shape (1, 3, 640, 640)
Processing extra-3/data/train/2024-03-30-11-15-02_mp4-0042_jpg.rf.4206e3d7758218d1be03a322c2c02ab1.jpg...

image 1/1 /home/admin/Documents/FEUP-CV/proj/task2/../datasets/extra-3/data/train/2024-03-30-11-15-02_mp4-0042_jpg.rf.4206e3d7758218d1be03a322c2c02ab1.jpg: 640x640 1 pool_table, 16.8ms
Speed: 1.8ms preprocess, 16.8ms inference, 35.0ms postprocess per image at shape (1, 3, 640, 640)
Processing extra-3/data/train/IMG_20240319_120824_jpg.rf.b4f46c43fcd35891993dda7d3af21741.jpg...

image 1/1 /home/admin/Documents/FEUP-CV/proj/task2/../datasets/extra-3/data/train/IMG_20240319_120824_jpg.rf.b4f46c43fcd35891993dda7d3af21741.jpg: 640x640 1 pool_table, 16.8ms
Speed: 1.7ms preprocess, 16.8ms inference, 26.2ms postprocess per image at shape (1, 3, 640, 640)
Processing extra-3/data/train/2024-03-28-15-41-19_mp4-0050_jpg.rf.32963bbf834ceaa780877b93ab371e4e.jpg...

image 1/1 /home/admin/Documents/FEUP-CV/proj/task2/../datasets/extra-3/data/train/2024-03-28-15-41-19_mp4-0050_jpg.rf.32963bbf834ceaa780877b93ab371e4e.jpg: 640x640 1 pool_table, 12.4ms
Speed: 4.3ms preprocess, 12.4ms inference, 24.3ms postprocess per image at shape (1, 3, 640, 640)
Processing extra-3/data/train/2024-03-28-18-28-05_mp4-0022_jpg.rf.9ff0e74bbb46588b551f29c29219026a.jpg...

image 1/1 /home/admin/Documents/FEUP-CV/proj/task2/../datasets/extra-3/data/train/2024-03-28-18-28-05_mp4-0022_jpg.rf.9ff0e74bbb46588b551f29c29219026a.jpg: 640x640 1 pool_table, 12.4ms
Speed: 1.8ms preprocess, 12.4ms inference, 24.4ms postprocess per image at shape (1, 3, 640, 640)
Processing extra-3/data/train/2024-03-28-18-28-05_mp4-0028_jpg.rf.68719324cc557f3fdf4ceccd2c2e90bb.jpg...

image 1/1 /home/admin/Documents/FEUP-CV/proj/task2/../datasets/extra-3/data/train/2024-03-28-18-28-05_mp4-0028_jpg.rf.68719324cc557f3fdf4ceccd2c2e90bb.jpg: 640x640 1 pool_table, 16.6ms
Speed: 5.3ms preprocess, 16.6ms inference, 34.9ms postprocess per image at shape (1, 3, 640, 640)
Processing extra-3/data/train/2024-03-30-11-07-17_mp4-0006_jpg.rf.1e1de81511572135403aaf458aa8e1eb.jpg...

image 1/1 /home/admin/Documents/FEUP-CV/proj/task2/../datasets/extra-3/data/train/2024-03-30-11-07-17_mp4-0006_jpg.rf.1e1de81511572135403aaf458aa8e1eb.jpg: 640x640 1 pool_table, 16.8ms
Speed: 8.0ms preprocess, 16.8ms inference, 30.6ms postprocess per image at shape (1, 3, 640, 640)
Processing extra-3/data/train/20240328_171153_jpg.rf.16d90861562ae09eadf44bda5ebeef08.jpg...

image 1/1 /home/admin/Documents/FEUP-CV/proj/task2/../datasets/extra-3/data/train/20240328_171153_jpg.rf.16d90861562ae09eadf44bda5ebeef08.jpg: 640x640 1 pool_table, 12.6ms
Speed: 3.3ms preprocess, 12.6ms inference, 24.5ms postprocess per image at shape (1, 3, 640, 640)
Processing extra-3/data/train/2024-03-30-11-07-17_mp4-0036_jpg.rf.b8f223f21189a85c6388869b4bd4f6c1.jpg...

image 1/1 /home/admin/Documents/FEUP-CV/proj/task2/../datasets/extra-3/data/train/2024-03-30-11-07-17_mp4-0036_jpg.rf.b8f223f21189a85c6388869b4bd4f6c1.jpg: 640x640 1 pool_table, 12.6ms
Speed: 2.8ms preprocess, 12.6ms inference, 24.5ms postprocess per image at shape (1, 3, 640, 640)
Processing extra-3/data/train/2024-03-28-18-35-18_mp4-0033_jpg.rf.0e06388eed372ba4d76928c4b6b2bb02.jpg...

image 1/1 /home/admin/Documents/FEUP-CV/proj/task2/../datasets/extra-3/data/train/2024-03-28-18-35-18_mp4-0033_jpg.rf.0e06388eed372ba4d76928c4b6b2bb02.jpg: 640x640 1 pool_table, 12.1ms
Speed: 4.0ms preprocess, 12.1ms inference, 35.0ms postprocess per image at shape (1, 3, 640, 640)
Processing extra-3/data/train/2024-03-28-18-28-05_mp4-0039_jpg.rf.6cd6f63eb42158aa0e9934940dd37cef.jpg...

image 1/1 /home/admin/Documents/FEUP-CV/proj/task2/../datasets/extra-3/data/train/2024-03-28-18-28-05_mp4-0039_jpg.rf.6cd6f63eb42158aa0e9934940dd37cef.jpg: 640x640 1 pool_table, 16.6ms
Speed: 1.4ms preprocess, 16.6ms inference, 29.4ms postprocess per image at shape (1, 3, 640, 640)
Processing extra-3/data/train/2024-03-28-15-41-19_mp4-0043_jpg.rf.6e83ce87e127f2ea66d4141d3145647e.jpg...

image 1/1 /home/admin/Documents/FEUP-CV/proj/task2/../datasets/extra-3/data/train/2024-03-28-15-41-19_mp4-0043_jpg.rf.6e83ce87e127f2ea66d4141d3145647e.jpg: 640x640 1 pool_table, 12.5ms
Speed: 4.2ms preprocess, 12.5ms inference, 24.5ms postprocess per image at shape (1, 3, 640, 640)
Processing extra-3/data/train/IMG_20240319_121930_jpg.rf.b4f0023955ded87c3fa8c40826986921.jpg...

image 1/1 /home/admin/Documents/FEUP-CV/proj/task2/../datasets/extra-3/data/train/IMG_20240319_121930_jpg.rf.b4f0023955ded87c3fa8c40826986921.jpg: 640x640 1 pool_table, 12.5ms
Speed: 4.5ms preprocess, 12.5ms inference, 24.5ms postprocess per image at shape (1, 3, 640, 640)
Processing extra-3/data/train/IMG_20240319_122238_jpg.rf.21ac13edd94a12bd1fd393b987e467b0.jpg...

image 1/1 /home/admin/Documents/FEUP-CV/proj/task2/../datasets/extra-3/data/train/IMG_20240319_122238_jpg.rf.21ac13edd94a12bd1fd393b987e467b0.jpg: 640x640 1 pool_table, 12.6ms
Speed: 3.8ms preprocess, 12.6ms inference, 26.5ms postprocess per image at shape (1, 3, 640, 640)
Processing extra-3/data/train/2024-03-30-11-15-02_mp4-0083_jpg.rf.ba966690e2f005a29fe783ab6a9be873.jpg...

image 1/1 /home/admin/Documents/FEUP-CV/proj/task2/../datasets/extra-3/data/train/2024-03-30-11-15-02_mp4-0083_jpg.rf.ba966690e2f005a29fe783ab6a9be873.jpg: 640x640 1 pool_table, 16.6ms
Speed: 1.4ms preprocess, 16.6ms inference, 35.0ms postprocess per image at shape (1, 3, 640, 640)
Processing extra-3/data/train/2024-03-28-18-35-18_mp4-0005_jpg.rf.5e64d9c0cf998e7b6dda8bf3ac5e5bbd.jpg...

image 1/1 /home/admin/Documents/FEUP-CV/proj/task2/../datasets/extra-3/data/train/2024-03-28-18-35-18_mp4-0005_jpg.rf.5e64d9c0cf998e7b6dda8bf3ac5e5bbd.jpg: 640x640 1 pool_table, 8.9ms
Speed: 5.9ms preprocess, 8.9ms inference, 20.1ms postprocess per image at shape (1, 3, 640, 640)
Processing extra-3/data/train/2024-03-30-11-15-02_mp4-0010_jpg.rf.a288a16c7ec9c3e72d3d5728c079afc3.jpg...

image 1/1 /home/admin/Documents/FEUP-CV/proj/task2/../datasets/extra-3/data/train/2024-03-30-11-15-02_mp4-0010_jpg.rf.a288a16c7ec9c3e72d3d5728c079afc3.jpg: 640x640 1 pool_table, 12.5ms
Speed: 3.8ms preprocess, 12.5ms inference, 24.4ms postprocess per image at shape (1, 3, 640, 640)
Processing extra-3/data/train/IMG_20240319_121037_jpg.rf.be9c0acf3707f229720c652338683a2d.jpg...

image 1/1 /home/admin/Documents/FEUP-CV/proj/task2/../datasets/extra-3/data/train/IMG_20240319_121037_jpg.rf.be9c0acf3707f229720c652338683a2d.jpg: 640x640 1 pool_table, 12.5ms
Speed: 3.8ms preprocess, 12.5ms inference, 24.5ms postprocess per image at shape (1, 3, 640, 640)
Processing extra-3/data/train/2024-03-30-11-15-02_mp4-0073_jpg.rf.3f143b43e6113cd30c539b737d927cf6.jpg...

image 1/1 /home/admin/Documents/FEUP-CV/proj/task2/../datasets/extra-3/data/train/2024-03-30-11-15-02_mp4-0073_jpg.rf.3f143b43e6113cd30c539b737d927cf6.jpg: 640x640 1 pool_table, 16.8ms
Speed: 7.9ms preprocess, 16.8ms inference, 35.0ms postprocess per image at shape (1, 3, 640, 640)
Processing extra-3/data/train/2024-03-28-18-35-18_mp4-0010_jpg.rf.bd644314ecc43ad2e0e79576ad00ad48.jpg...

image 1/1 /home/admin/Documents/FEUP-CV/proj/task2/../datasets/extra-3/data/train/2024-03-28-18-35-18_mp4-0010_jpg.rf.bd644314ecc43ad2e0e79576ad00ad48.jpg: 640x640 1 pool_table, 16.5ms
Speed: 7.7ms preprocess, 16.5ms inference, 24.2ms postprocess per image at shape (1, 3, 640, 640)
Processing extra-3/data/train/IMG_20240319_120530_jpg.rf.694b5a19b8636571de1a993edb64b9d0.jpg...

image 1/1 /home/admin/Documents/FEUP-CV/proj/task2/../datasets/extra-3/data/train/IMG_20240319_120530_jpg.rf.694b5a19b8636571de1a993edb64b9d0.jpg: 640x640 1 pool_table, 12.5ms
Speed: 3.5ms preprocess, 12.5ms inference, 24.3ms postprocess per image at shape (1, 3, 640, 640)
Processing extra-3/data/train/2024-03-28-18-28-05_mp4-0028_jpg.rf.cfd1899e12e3554658c4d3ca1aed696b.jpg...

image 1/1 /home/admin/Documents/FEUP-CV/proj/task2/../datasets/extra-3/data/train/2024-03-28-18-28-05_mp4-0028_jpg.rf.cfd1899e12e3554658c4d3ca1aed696b.jpg: 640x640 1 pool_table, 8.1ms
Speed: 1.9ms preprocess, 8.1ms inference, 24.4ms postprocess per image at shape (1, 3, 640, 640)
Processing extra-3/data/train/2024-03-28-15-41-19_mp4-0085_jpg.rf.61281f22d93e23ec3f323e189d55a5fd.jpg...

image 1/1 /home/admin/Documents/FEUP-CV/proj/task2/../datasets/extra-3/data/train/2024-03-28-15-41-19_mp4-0085_jpg.rf.61281f22d93e23ec3f323e189d55a5fd.jpg: 640x640 1 pool_table, 14.5ms
Speed: 4.0ms preprocess, 14.5ms inference, 35.0ms postprocess per image at shape (1, 3, 640, 640)
Processing extra-3/data/train/2024-03-30-11-15-02_mp4-0020_jpg.rf.d75f9215feef9f6b959311e6db335ee5.jpg...

image 1/1 /home/admin/Documents/FEUP-CV/proj/task2/../datasets/extra-3/data/train/2024-03-30-11-15-02_mp4-0020_jpg.rf.d75f9215feef9f6b959311e6db335ee5.jpg: 640x640 1 pool_table, 16.8ms
Speed: 2.0ms preprocess, 16.8ms inference, 35.1ms postprocess per image at shape (1, 3, 640, 640)
Processing extra-3/data/train/IMG_20240319_120600_jpg.rf.10593b912001bd386864ee9f9b8d8f18.jpg...

image 1/1 /home/admin/Documents/FEUP-CV/proj/task2/../datasets/extra-3/data/train/IMG_20240319_120600_jpg.rf.10593b912001bd386864ee9f9b8d8f18.jpg: 640x640 1 pool_table, 12.5ms
Speed: 4.2ms preprocess, 12.5ms inference, 24.5ms postprocess per image at shape (1, 3, 640, 640)
Processing extra-3/data/train/2024-03-30-11-15-02_mp4-0033_jpg.rf.50c96f7b265eb59b80b4d9892243e719.jpg...

image 1/1 /home/admin/Documents/FEUP-CV/proj/task2/../datasets/extra-3/data/train/2024-03-30-11-15-02_mp4-0033_jpg.rf.50c96f7b265eb59b80b4d9892243e719.jpg: 640x640 1 pool_table, 12.5ms
Speed: 4.0ms preprocess, 12.5ms inference, 24.4ms postprocess per image at shape (1, 3, 640, 640)
Processing extra-3/data/train/2024-03-30-11-22-03_mp4-0030_jpg.rf.f3da0475c33e1f4cefb8efeb5dc452a7.jpg...

image 1/1 /home/admin/Documents/FEUP-CV/proj/task2/../datasets/extra-3/data/train/2024-03-30-11-22-03_mp4-0030_jpg.rf.f3da0475c33e1f4cefb8efeb5dc452a7.jpg: 640x640 1 pool_table, 12.5ms
Speed: 3.9ms preprocess, 12.5ms inference, 22.9ms postprocess per image at shape (1, 3, 640, 640)
Processing extra-3/data/train/2024-03-28-18-28-05_mp4-0027_jpg.rf.33e1d0555d329642f0f386bbfaac847c.jpg...

image 1/1 /home/admin/Documents/FEUP-CV/proj/task2/../datasets/extra-3/data/train/2024-03-28-18-28-05_mp4-0027_jpg.rf.33e1d0555d329642f0f386bbfaac847c.jpg: 640x640 1 pool_table, 16.7ms
Speed: 8.0ms preprocess, 16.7ms inference, 35.1ms postprocess per image at shape (1, 3, 640, 640)
Processing extra-3/data/train/2024-03-30-11-07-17_mp4-0055_jpg.rf.81d45dc466135076aedebc0f60fbfc00.jpg...

image 1/1 /home/admin/Documents/FEUP-CV/proj/task2/../datasets/extra-3/data/train/2024-03-30-11-07-17_mp4-0055_jpg.rf.81d45dc466135076aedebc0f60fbfc00.jpg: 640x640 1 pool_table, 13.7ms
Speed: 7.6ms preprocess, 13.7ms inference, 24.3ms postprocess per image at shape (1, 3, 640, 640)
Processing extra-3/data/train/2024-03-30-11-15-02_mp4-0014_jpg.rf.801360b0d549f8d8e7b7ae8329bcc400.jpg...

image 1/1 /home/admin/Documents/FEUP-CV/proj/task2/../datasets/extra-3/data/train/2024-03-30-11-15-02_mp4-0014_jpg.rf.801360b0d549f8d8e7b7ae8329bcc400.jpg: 640x640 1 pool_table, 12.4ms
Speed: 3.9ms preprocess, 12.4ms inference, 24.4ms postprocess per image at shape (1, 3, 640, 640)
Processing extra-3/data/train/IMG_20240319_121837_jpg.rf.790aa21345dd761e17663257ec619913.jpg...

image 1/1 /home/admin/Documents/FEUP-CV/proj/task2/../datasets/extra-3/data/train/IMG_20240319_121837_jpg.rf.790aa21345dd761e17663257ec619913.jpg: 640x640 1 pool_table, 12.4ms
Speed: 3.4ms preprocess, 12.4ms inference, 24.5ms postprocess per image at shape (1, 3, 640, 640)
Processing extra-3/data/train/2024-03-30-11-07-17_mp4-0035_jpg.rf.7ebe42b983347c21c28aee76fda7e189.jpg...

image 1/1 /home/admin/Documents/FEUP-CV/proj/task2/../datasets/extra-3/data/train/2024-03-30-11-07-17_mp4-0035_jpg.rf.7ebe42b983347c21c28aee76fda7e189.jpg: 640x640 1 pool_table, 16.8ms
Speed: 6.0ms preprocess, 16.8ms inference, 35.1ms postprocess per image at shape (1, 3, 640, 640)
Processing extra-3/data/train/2024-03-30-11-22-03_mp4-0046_jpg.rf.c4271ceb6c0b912553a9cf8964332dcc.jpg...

image 1/1 /home/admin/Documents/FEUP-CV/proj/task2/../datasets/extra-3/data/train/2024-03-30-11-22-03_mp4-0046_jpg.rf.c4271ceb6c0b912553a9cf8964332dcc.jpg: 640x640 1 pool_table, 16.8ms
Speed: 1.4ms preprocess, 16.8ms inference, 33.0ms postprocess per image at shape (1, 3, 640, 640)
Processing extra-3/data/train/2024-03-30-11-22-03_mp4-0020_jpg.rf.2f3676ea7e8b9a5b374a8a3203cfb3aa.jpg...

image 1/1 /home/admin/Documents/FEUP-CV/proj/task2/../datasets/extra-3/data/train/2024-03-30-11-22-03_mp4-0020_jpg.rf.2f3676ea7e8b9a5b374a8a3203cfb3aa.jpg: 640x640 1 pool_table, 12.3ms
Speed: 3.6ms preprocess, 12.3ms inference, 24.4ms postprocess per image at shape (1, 3, 640, 640)
Processing extra-3/data/train/IMG_20240319_121920_jpg.rf.f2264b4a24682e9704c16d45d397c78f.jpg...

image 1/1 /home/admin/Documents/FEUP-CV/proj/task2/../datasets/extra-3/data/train/IMG_20240319_121920_jpg.rf.f2264b4a24682e9704c16d45d397c78f.jpg: 640x640 1 pool_table, 12.4ms
Speed: 3.6ms preprocess, 12.4ms inference, 24.4ms postprocess per image at shape (1, 3, 640, 640)
Processing extra-3/data/train/2024-03-28-18-28-05_mp4-0006_jpg.rf.809207b71aaebba95fef048114d99406.jpg...

image 1/1 /home/admin/Documents/FEUP-CV/proj/task2/../datasets/extra-3/data/train/2024-03-28-18-28-05_mp4-0006_jpg.rf.809207b71aaebba95fef048114d99406.jpg: 640x640 1 pool_table, 12.4ms
Speed: 4.0ms preprocess, 12.4ms inference, 26.5ms postprocess per image at shape (1, 3, 640, 640)
Processing extra-3/data/train/2024-03-28-15-41-19_mp4-0051_jpg.rf.ec68c15da14972d5bd7a8d81e2f629e7.jpg...

image 1/1 /home/admin/Documents/FEUP-CV/proj/task2/../datasets/extra-3/data/train/2024-03-28-15-41-19_mp4-0051_jpg.rf.ec68c15da14972d5bd7a8d81e2f629e7.jpg: 640x640 1 pool_table, 12.4ms
Speed: 4.5ms preprocess, 12.4ms inference, 35.0ms postprocess per image at shape (1, 3, 640, 640)
Processing extra-3/data/train/2024-03-30-11-07-17_mp4-0065_jpg.rf.81cae63ce4e5c115a71fb313a4f3ba8f.jpg...

image 1/1 /home/admin/Documents/FEUP-CV/proj/task2/../datasets/extra-3/data/train/2024-03-30-11-07-17_mp4-0065_jpg.rf.81cae63ce4e5c115a71fb313a4f3ba8f.jpg: 640x640 1 pool_table, 12.6ms
Speed: 5.7ms preprocess, 12.6ms inference, 24.3ms postprocess per image at shape (1, 3, 640, 640)
Processing extra-3/data/train/2024-03-28-18-28-05_mp4-0009_jpg.rf.b291da473751ae51bb834c084304a5b0.jpg...

image 1/1 /home/admin/Documents/FEUP-CV/proj/task2/../datasets/extra-3/data/train/2024-03-28-18-28-05_mp4-0009_jpg.rf.b291da473751ae51bb834c084304a5b0.jpg: 640x640 1 pool_table, 9.4ms
Speed: 4.2ms preprocess, 9.4ms inference, 20.3ms postprocess per image at shape (1, 3, 640, 640)
Processing extra-3/data/train/2024-03-30-11-22-03_mp4-0017_jpg.rf.b50902d81d868a73267bb9d875999dc1.jpg...

image 1/1 /home/admin/Documents/FEUP-CV/proj/task2/../datasets/extra-3/data/train/2024-03-30-11-22-03_mp4-0017_jpg.rf.b50902d81d868a73267bb9d875999dc1.jpg: 640x640 1 pool_table, 12.6ms
Speed: 3.9ms preprocess, 12.6ms inference, 24.3ms postprocess per image at shape (1, 3, 640, 640)
Processing extra-3/data/train/2024-03-28-18-28-05_mp4-0010_jpg.rf.3ec78958b82cbb1f170369a47dcb578e.jpg...

image 1/1 /home/admin/Documents/FEUP-CV/proj/task2/../datasets/extra-3/data/train/2024-03-28-18-28-05_mp4-0010_jpg.rf.3ec78958b82cbb1f170369a47dcb578e.jpg: 640x640 1 pool_table, 16.5ms
Speed: 7.6ms preprocess, 16.5ms inference, 35.0ms postprocess per image at shape (1, 3, 640, 640)
Processing extra-3/data/train/2024-03-30-11-07-17_mp4-0037_jpg.rf.fef48b4371c1c8895c5381732fe370f7.jpg...

image 1/1 /home/admin/Documents/FEUP-CV/proj/task2/../datasets/extra-3/data/train/2024-03-30-11-07-17_mp4-0037_jpg.rf.fef48b4371c1c8895c5381732fe370f7.jpg: 640x640 1 pool_table, 15.2ms
Speed: 7.9ms preprocess, 15.2ms inference, 24.3ms postprocess per image at shape (1, 3, 640, 640)
Processing extra-3/data/train/2024-03-30-11-22-03_mp4-0046_jpg.rf.7331408736180fbd7ca13a66280c24fb.jpg...

image 1/1 /home/admin/Documents/FEUP-CV/proj/task2/../datasets/extra-3/data/train/2024-03-30-11-22-03_mp4-0046_jpg.rf.7331408736180fbd7ca13a66280c24fb.jpg: 640x640 1 pool_table, 12.7ms
Speed: 3.1ms preprocess, 12.7ms inference, 24.7ms postprocess per image at shape (1, 3, 640, 640)
Processing extra-3/data/train/2024-03-30-11-22-03_mp4-0045_jpg.rf.dde40c0a3b2fbdceb9bb0a553c67ee61.jpg...

image 1/1 /home/admin/Documents/FEUP-CV/proj/task2/../datasets/extra-3/data/train/2024-03-30-11-22-03_mp4-0045_jpg.rf.dde40c0a3b2fbdceb9bb0a553c67ee61.jpg: 640x640 1 pool_table, 12.7ms
Speed: 2.8ms preprocess, 12.7ms inference, 24.5ms postprocess per image at shape (1, 3, 640, 640)
Processing extra-3/data/train/IMG_20240319_121153_jpg.rf.5c2f3f615c20fdc079d15c61f13cf4a9.jpg...

image 1/1 /home/admin/Documents/FEUP-CV/proj/task2/../datasets/extra-3/data/train/IMG_20240319_121153_jpg.rf.5c2f3f615c20fdc079d15c61f13cf4a9.jpg: 640x640 1 pool_table, 16.9ms
Speed: 5.0ms preprocess, 16.9ms inference, 35.2ms postprocess per image at shape (1, 3, 640, 640)
Processing extra-3/data/train/2024-03-30-11-07-17_mp4-0072_jpg.rf.93d5116e566085e1155eab46849064f3.jpg...

image 1/1 /home/admin/Documents/FEUP-CV/proj/task2/../datasets/extra-3/data/train/2024-03-30-11-07-17_mp4-0072_jpg.rf.93d5116e566085e1155eab46849064f3.jpg: 640x640 1 pool_table, 16.5ms
Speed: 7.8ms preprocess, 16.5ms inference, 29.5ms postprocess per image at shape (1, 3, 640, 640)
Processing extra-3/data/train/IMG_20240319_121816_jpg.rf.dacdf023c7690dead9ad347218218c8c.jpg...

image 1/1 /home/admin/Documents/FEUP-CV/proj/task2/../datasets/extra-3/data/train/IMG_20240319_121816_jpg.rf.dacdf023c7690dead9ad347218218c8c.jpg: 640x640 1 pool_table, 12.3ms
Speed: 3.6ms preprocess, 12.3ms inference, 24.4ms postprocess per image at shape (1, 3, 640, 640)
Processing extra-3/data/train/2024-03-30-11-22-03_mp4-0020_jpg.rf.3942f76382f83a367221a1934e8ca952.jpg...

image 1/1 /home/admin/Documents/FEUP-CV/proj/task2/../datasets/extra-3/data/train/2024-03-30-11-22-03_mp4-0020_jpg.rf.3942f76382f83a367221a1934e8ca952.jpg: 640x640 1 pool_table, 12.3ms
Speed: 3.5ms preprocess, 12.3ms inference, 24.4ms postprocess per image at shape (1, 3, 640, 640)
Processing extra-3/data/train/2024-03-28-15-41-19_mp4-0092_jpg.rf.1f29fdd8197ba023e6ba5dc836824aab.jpg...

image 1/1 /home/admin/Documents/FEUP-CV/proj/task2/../datasets/extra-3/data/train/2024-03-28-15-41-19_mp4-0092_jpg.rf.1f29fdd8197ba023e6ba5dc836824aab.jpg: 640x640 1 pool_table, 12.6ms
Speed: 3.8ms preprocess, 12.6ms inference, 30.9ms postprocess per image at shape (1, 3, 640, 640)
Processing extra-3/data/train/IMG_20240319_121739_jpg.rf.f9eabdec9297f58cdaafa99788ceaf2f.jpg...

image 1/1 /home/admin/Documents/FEUP-CV/proj/task2/../datasets/extra-3/data/train/IMG_20240319_121739_jpg.rf.f9eabdec9297f58cdaafa99788ceaf2f.jpg: 640x640 1 pool_table, 16.8ms
Speed: 1.4ms preprocess, 16.8ms inference, 35.0ms postprocess per image at shape (1, 3, 640, 640)
Processing extra-3/data/train/2024-03-30-11-07-17_mp4-0019_jpg.rf.32a92472f600ee9c98861e9dcba740c3.jpg...

image 1/1 /home/admin/Documents/FEUP-CV/proj/task2/../datasets/extra-3/data/train/2024-03-30-11-07-17_mp4-0019_jpg.rf.32a92472f600ee9c98861e9dcba740c3.jpg: 640x640 1 pool_table, 12.3ms
Speed: 4.0ms preprocess, 12.3ms inference, 24.2ms postprocess per image at shape (1, 3, 640, 640)
Processing extra-3/data/train/2024-03-28-15-41-19_mp4-0014_jpg.rf.e0c0f2e4f507a5a6c49729c3e6f1ca5a.jpg...

image 1/1 /home/admin/Documents/FEUP-CV/proj/task2/../datasets/extra-3/data/train/2024-03-28-15-41-19_mp4-0014_jpg.rf.e0c0f2e4f507a5a6c49729c3e6f1ca5a.jpg: 640x640 1 pool_table, 12.3ms
Speed: 3.9ms preprocess, 12.3ms inference, 24.2ms postprocess per image at shape (1, 3, 640, 640)
Processing extra-3/data/train/2024-03-28-15-41-19_mp4-0049_jpg.rf.b544e21f1c7a36ccf971c79ee4bfa8f2.jpg...

image 1/1 /home/admin/Documents/FEUP-CV/proj/task2/../datasets/extra-3/data/train/2024-03-28-15-41-19_mp4-0049_jpg.rf.b544e21f1c7a36ccf971c79ee4bfa8f2.jpg: 640x640 1 pool_table, 12.3ms
Speed: 4.1ms preprocess, 12.3ms inference, 24.3ms postprocess per image at shape (1, 3, 640, 640)
Processing extra-3/data/train/2024-03-30-11-15-02_mp4-0027_jpg.rf.caa44df24de0a1ed70db9ae1f420609e.jpg...

image 1/1 /home/admin/Documents/FEUP-CV/proj/task2/../datasets/extra-3/data/train/2024-03-30-11-15-02_mp4-0027_jpg.rf.caa44df24de0a1ed70db9ae1f420609e.jpg: 640x640 1 pool_table, 16.9ms
Speed: 1.4ms preprocess, 16.9ms inference, 35.3ms postprocess per image at shape (1, 3, 640, 640)
Processing extra-3/data/train/2024-03-28-18-28-05_mp4-0019_jpg.rf.6b09b941603758c445830c289b5bd16d.jpg...

image 1/1 /home/admin/Documents/FEUP-CV/proj/task2/../datasets/extra-3/data/train/2024-03-28-18-28-05_mp4-0019_jpg.rf.6b09b941603758c445830c289b5bd16d.jpg: 640x640 1 pool_table, 16.9ms
Speed: 1.4ms preprocess, 16.9ms inference, 24.7ms postprocess per image at shape (1, 3, 640, 640)
Processing extra-3/data/train/2024-03-28-18-35-18_mp4-0033_jpg.rf.70fb3fbbf20e77e799418e8ed66c3004.jpg...

image 1/1 /home/admin/Documents/FEUP-CV/proj/task2/../datasets/extra-3/data/train/2024-03-28-18-35-18_mp4-0033_jpg.rf.70fb3fbbf20e77e799418e8ed66c3004.jpg: 640x640 1 pool_table, 12.7ms
Speed: 4.4ms preprocess, 12.7ms inference, 24.6ms postprocess per image at shape (1, 3, 640, 640)
Processing extra-3/data/train/2024-03-28-15-41-19_mp4-0049_jpg.rf.68f8c07f402049872f65227476092739.jpg...

image 1/1 /home/admin/Documents/FEUP-CV/proj/task2/../datasets/extra-3/data/train/2024-03-28-15-41-19_mp4-0049_jpg.rf.68f8c07f402049872f65227476092739.jpg: 640x640 1 pool_table, 12.4ms
Speed: 4.5ms preprocess, 12.4ms inference, 24.4ms postprocess per image at shape (1, 3, 640, 640)
Processing extra-3/data/train/2024-03-30-11-15-02_mp4-0042_jpg.rf.4f1628aa1d083696c878f4c1892e3339.jpg...

image 1/1 /home/admin/Documents/FEUP-CV/proj/task2/../datasets/extra-3/data/train/2024-03-30-11-15-02_mp4-0042_jpg.rf.4f1628aa1d083696c878f4c1892e3339.jpg: 640x640 1 pool_table, 14.4ms
Speed: 4.6ms preprocess, 14.4ms inference, 35.0ms postprocess per image at shape (1, 3, 640, 640)
Processing extra-3/data/train/2024-03-28-18-28-05_mp4-0053_jpg.rf.0dc10940e7a0fe2e56f3463a0e73931a.jpg...

image 1/1 /home/admin/Documents/FEUP-CV/proj/task2/../datasets/extra-3/data/train/2024-03-28-18-28-05_mp4-0053_jpg.rf.0dc10940e7a0fe2e56f3463a0e73931a.jpg: 640x640 1 pool_table, 16.5ms
Speed: 1.9ms preprocess, 16.5ms inference, 29.3ms postprocess per image at shape (1, 3, 640, 640)
Processing extra-3/data/train/2024-03-30-11-15-02_mp4-0072_jpg.rf.3759b2b35351ff1e330e37c175727e68.jpg...

image 1/1 /home/admin/Documents/FEUP-CV/proj/task2/../datasets/extra-3/data/train/2024-03-30-11-15-02_mp4-0072_jpg.rf.3759b2b35351ff1e330e37c175727e68.jpg: 640x640 1 pool_table, 12.5ms
Speed: 4.6ms preprocess, 12.5ms inference, 24.6ms postprocess per image at shape (1, 3, 640, 640)
Processing extra-3/data/train/2024-03-30-11-22-03_mp4-0027_jpg.rf.2cb351218ca296ab3367d8980cf0eeee.jpg...

image 1/1 /home/admin/Documents/FEUP-CV/proj/task2/../datasets/extra-3/data/train/2024-03-30-11-22-03_mp4-0027_jpg.rf.2cb351218ca296ab3367d8980cf0eeee.jpg: 640x640 1 pool_table, 12.6ms
Speed: 4.4ms preprocess, 12.6ms inference, 24.4ms postprocess per image at shape (1, 3, 640, 640)
Processing extra-3/data/train/2024-03-28-18-28-05_mp4-0014_jpg.rf.9ea721c0bd5823621fbab546e954aab2.jpg...

image 1/1 /home/admin/Documents/FEUP-CV/proj/task2/../datasets/extra-3/data/train/2024-03-28-18-28-05_mp4-0014_jpg.rf.9ea721c0bd5823621fbab546e954aab2.jpg: 640x640 1 pool_table, 12.5ms
Speed: 3.8ms preprocess, 12.5ms inference, 28.5ms postprocess per image at shape (1, 3, 640, 640)
Processing extra-3/data/train/2024-03-28-15-41-19_mp4-0089_jpg.rf.27d54cfebebc4d0dd2fdcad75f1db902.jpg...

image 1/1 /home/admin/Documents/FEUP-CV/proj/task2/../datasets/extra-3/data/train/2024-03-28-15-41-19_mp4-0089_jpg.rf.27d54cfebebc4d0dd2fdcad75f1db902.jpg: 640x640 1 pool_table, 16.7ms
Speed: 7.6ms preprocess, 16.7ms inference, 34.8ms postprocess per image at shape (1, 3, 640, 640)
Processing extra-3/data/train/2024-03-30-11-15-02_mp4-0047_jpg.rf.2ddfac941eca94f0401e820742d841cc.jpg...

image 1/1 /home/admin/Documents/FEUP-CV/proj/task2/../datasets/extra-3/data/train/2024-03-30-11-15-02_mp4-0047_jpg.rf.2ddfac941eca94f0401e820742d841cc.jpg: 640x640 1 pool_table, 12.3ms
Speed: 3.9ms preprocess, 12.3ms inference, 24.3ms postprocess per image at shape (1, 3, 640, 640)
Processing extra-3/data/train/20240319_120445_jpg.rf.a87c8b0c2461914991f84bca03084d0c.jpg...

image 1/1 /home/admin/Documents/FEUP-CV/proj/task2/../datasets/extra-3/data/train/20240319_120445_jpg.rf.a87c8b0c2461914991f84bca03084d0c.jpg: 640x640 1 pool_table, 12.3ms
Speed: 3.3ms preprocess, 12.3ms inference, 24.3ms postprocess per image at shape (1, 3, 640, 640)
Processing extra-3/data/train/IMG_20240319_122228_jpg.rf.c7f7f985f7e20068cabc11071641c8cc.jpg...

image 1/1 /home/admin/Documents/FEUP-CV/proj/task2/../datasets/extra-3/data/train/IMG_20240319_122228_jpg.rf.c7f7f985f7e20068cabc11071641c8cc.jpg: 640x640 1 pool_table, 12.4ms
Speed: 2.3ms preprocess, 12.4ms inference, 24.4ms postprocess per image at shape (1, 3, 640, 640)
Processing extra-3/data/train/2024-03-28-15-41-19_mp4-0011_jpg.rf.f14e112051039016c579b5f847889682.jpg...

image 1/1 /home/admin/Documents/FEUP-CV/proj/task2/../datasets/extra-3/data/train/2024-03-28-15-41-19_mp4-0011_jpg.rf.f14e112051039016c579b5f847889682.jpg: 640x640 1 pool_table, 16.6ms
Speed: 7.0ms preprocess, 16.6ms inference, 34.8ms postprocess per image at shape (1, 3, 640, 640)
Processing extra-3/data/train/2024-03-28-15-41-19_mp4-0090_jpg.rf.61f6a95ff0b0cbb2038b903ce0a5d4bd.jpg...

image 1/1 /home/admin/Documents/FEUP-CV/proj/task2/../datasets/extra-3/data/train/2024-03-28-15-41-19_mp4-0090_jpg.rf.61f6a95ff0b0cbb2038b903ce0a5d4bd.jpg: 640x640 1 pool_table, 12.8ms
Speed: 6.3ms preprocess, 12.8ms inference, 24.6ms postprocess per image at shape (1, 3, 640, 640)
Processing extra-3/data/train/2024-03-30-11-07-17_mp4-0034_jpg.rf.c97ef7ff4760e9c8485165dac3fa5e98.jpg...

image 1/1 /home/admin/Documents/FEUP-CV/proj/task2/../datasets/extra-3/data/train/2024-03-30-11-07-17_mp4-0034_jpg.rf.c97ef7ff4760e9c8485165dac3fa5e98.jpg: 640x640 1 pool_table, 12.8ms
Speed: 4.2ms preprocess, 12.8ms inference, 24.6ms postprocess per image at shape (1, 3, 640, 640)
Processing extra-3/data/train/2024-03-30-11-07-17_mp4-0013_jpg.rf.8aeaef66740bae8e5b875c0d667559cf.jpg...

image 1/1 /home/admin/Documents/FEUP-CV/proj/task2/../datasets/extra-3/data/train/2024-03-30-11-07-17_mp4-0013_jpg.rf.8aeaef66740bae8e5b875c0d667559cf.jpg: 640x640 1 pool_table, 12.6ms
Speed: 3.6ms preprocess, 12.6ms inference, 24.7ms postprocess per image at shape (1, 3, 640, 640)
Processing extra-3/data/train/2024-03-30-11-07-17_mp4-0028_jpg.rf.4045e858db36f8f5dcc82142a832a43a.jpg...

image 1/1 /home/admin/Documents/FEUP-CV/proj/task2/../datasets/extra-3/data/train/2024-03-30-11-07-17_mp4-0028_jpg.rf.4045e858db36f8f5dcc82142a832a43a.jpg: 640x640 1 pool_table, 16.5ms
Speed: 1.3ms preprocess, 16.5ms inference, 34.9ms postprocess per image at shape (1, 3, 640, 640)
Processing extra-3/data/train/2024-03-28-18-35-18_mp4-0021_jpg.rf.d2fddd406d9c098f4d40c401ef3f6120.jpg...

image 1/1 /home/admin/Documents/FEUP-CV/proj/task2/../datasets/extra-3/data/train/2024-03-28-18-35-18_mp4-0021_jpg.rf.d2fddd406d9c098f4d40c401ef3f6120.jpg: 640x640 1 pool_table, 16.4ms
Speed: 1.5ms preprocess, 16.4ms inference, 31.1ms postprocess per image at shape (1, 3, 640, 640)
Processing extra-3/data/train/2024-03-30-11-15-02_mp4-0006_jpg.rf.df4e6b239dc472820d88f6a7ab54c4ab.jpg...

image 1/1 /home/admin/Documents/FEUP-CV/proj/task2/../datasets/extra-3/data/train/2024-03-30-11-15-02_mp4-0006_jpg.rf.df4e6b239dc472820d88f6a7ab54c4ab.jpg: 640x640 1 pool_table, 12.3ms
Speed: 4.1ms preprocess, 12.3ms inference, 18.7ms postprocess per image at shape (1, 3, 640, 640)
Processing extra-3/data/train/2024-03-28-18-35-18_mp4-0017_jpg.rf.1c4ca94a7eb37ed7a8ca95c61d84a0ee.jpg...

image 1/1 /home/admin/Documents/FEUP-CV/proj/task2/../datasets/extra-3/data/train/2024-03-28-18-35-18_mp4-0017_jpg.rf.1c4ca94a7eb37ed7a8ca95c61d84a0ee.jpg: 640x640 1 pool_table, 8.0ms
Speed: 2.2ms preprocess, 8.0ms inference, 24.3ms postprocess per image at shape (1, 3, 640, 640)
Processing extra-3/data/train/2024-03-30-11-07-17_mp4-0038_jpg.rf.57106be8e9754b2eb1ec9cd738869a42.jpg...

image 1/1 /home/admin/Documents/FEUP-CV/proj/task2/../datasets/extra-3/data/train/2024-03-30-11-07-17_mp4-0038_jpg.rf.57106be8e9754b2eb1ec9cd738869a42.jpg: 640x640 1 pool_table, 12.5ms
Speed: 3.7ms preprocess, 12.5ms inference, 28.7ms postprocess per image at shape (1, 3, 640, 640)
Processing extra-3/data/train/2024-03-28-15-41-19_mp4-0051_jpg.rf.a75718c9d06fc8d177c2153f9632f32c.jpg...

image 1/1 /home/admin/Documents/FEUP-CV/proj/task2/../datasets/extra-3/data/train/2024-03-28-15-41-19_mp4-0051_jpg.rf.a75718c9d06fc8d177c2153f9632f32c.jpg: 640x640 1 pool_table, 16.8ms
Speed: 3.9ms preprocess, 16.8ms inference, 35.1ms postprocess per image at shape (1, 3, 640, 640)
Processing extra-3/data/train/2024-03-30-11-07-17_mp4-0033_jpg.rf.43ea94c3d335d82f1a2114ef4f4fddd0.jpg...

image 1/1 /home/admin/Documents/FEUP-CV/proj/task2/../datasets/extra-3/data/train/2024-03-30-11-07-17_mp4-0033_jpg.rf.43ea94c3d335d82f1a2114ef4f4fddd0.jpg: 640x640 1 pool_table, 12.5ms
Speed: 3.8ms preprocess, 12.5ms inference, 24.5ms postprocess per image at shape (1, 3, 640, 640)
Processing extra-3/data/train/2024-03-28-15-41-19_mp4-0056_jpg.rf.bf908c9788b2eb53ec2eba2a581e95bc.jpg...

image 1/1 /home/admin/Documents/FEUP-CV/proj/task2/../datasets/extra-3/data/train/2024-03-28-15-41-19_mp4-0056_jpg.rf.bf908c9788b2eb53ec2eba2a581e95bc.jpg: 640x640 1 pool_table, 12.6ms
Speed: 3.7ms preprocess, 12.6ms inference, 24.5ms postprocess per image at shape (1, 3, 640, 640)
Processing extra-3/data/train/2024-03-28-15-41-19_mp4-0080_jpg.rf.e7b722f3a32e93d725b729b59b31745c.jpg...

image 1/1 /home/admin/Documents/FEUP-CV/proj/task2/../datasets/extra-3/data/train/2024-03-28-15-41-19_mp4-0080_jpg.rf.e7b722f3a32e93d725b729b59b31745c.jpg: 640x640 1 pool_table, 12.5ms
Speed: 4.2ms preprocess, 12.5ms inference, 24.5ms postprocess per image at shape (1, 3, 640, 640)
Processing extra-3/data/train/2024-03-30-11-22-03_mp4-0018_jpg.rf.7d60a22fc8a504fbb409d770e85ff2b8.jpg...

image 1/1 /home/admin/Documents/FEUP-CV/proj/task2/../datasets/extra-3/data/train/2024-03-30-11-22-03_mp4-0018_jpg.rf.7d60a22fc8a504fbb409d770e85ff2b8.jpg: 640x640 1 pool_table, 16.8ms
Speed: 1.7ms preprocess, 16.8ms inference, 35.2ms postprocess per image at shape (1, 3, 640, 640)
Processing extra-3/data/train/IMG_20240319_120753_jpg.rf.9d6e50939a6d50456248250f7cc20e55.jpg...

image 1/1 /home/admin/Documents/FEUP-CV/proj/task2/../datasets/extra-3/data/train/IMG_20240319_120753_jpg.rf.9d6e50939a6d50456248250f7cc20e55.jpg: 640x640 1 pool_table, 15.9ms
Speed: 7.8ms preprocess, 15.9ms inference, 24.4ms postprocess per image at shape (1, 3, 640, 640)
Processing extra-3/data/train/20240328_171404_jpg.rf.2d354f1bf6f4975a098616f4bff6821f.jpg...

image 1/1 /home/admin/Documents/FEUP-CV/proj/task2/../datasets/extra-3/data/train/20240328_171404_jpg.rf.2d354f1bf6f4975a098616f4bff6821f.jpg: 640x640 (no detections), 12.5ms
Speed: 4.3ms preprocess, 12.5ms inference, 9.8ms postprocess per image at shape (1, 3, 640, 640)
Processing extra-3/data/train/2024-03-30-11-07-17_mp4-0017_jpg.rf.16d69c7c83b655721f3c2e93639db1f4.jpg...

image 1/1 /home/admin/Documents/FEUP-CV/proj/task2/../datasets/extra-3/data/train/2024-03-30-11-07-17_mp4-0017_jpg.rf.16d69c7c83b655721f3c2e93639db1f4.jpg: 640x640 1 pool_table, 12.4ms
Speed: 5.0ms preprocess, 12.4ms inference, 24.3ms postprocess per image at shape (1, 3, 640, 640)
Processing extra-3/data/train/IMG_20240319_120753_jpg.rf.8e1e066765584d86c6c943f7fda40a65.jpg...

image 1/1 /home/admin/Documents/FEUP-CV/proj/task2/../datasets/extra-3/data/train/IMG_20240319_120753_jpg.rf.8e1e066765584d86c6c943f7fda40a65.jpg: 640x640 1 pool_table, 12.4ms
Speed: 4.2ms preprocess, 12.4ms inference, 24.4ms postprocess per image at shape (1, 3, 640, 640)
Processing extra-3/data/train/2024-03-28-18-35-18_mp4-0022_jpg.rf.aaecffcc15b5354f3fb0798e2bb15cd1.jpg...

image 1/1 /home/admin/Documents/FEUP-CV/proj/task2/../datasets/extra-3/data/train/2024-03-28-18-35-18_mp4-0022_jpg.rf.aaecffcc15b5354f3fb0798e2bb15cd1.jpg: 640x640 1 pool_table, 16.8ms
Speed: 1.7ms preprocess, 16.8ms inference, 35.0ms postprocess per image at shape (1, 3, 640, 640)
Processing extra-3/data/train/2024-03-28-18-35-18_mp4-0008_jpg.rf.d45515bc7c4a8406739866304e666332.jpg...

image 1/1 /home/admin/Documents/FEUP-CV/proj/task2/../datasets/extra-3/data/train/2024-03-28-18-35-18_mp4-0008_jpg.rf.d45515bc7c4a8406739866304e666332.jpg: 640x640 1 pool_table, 16.0ms
Speed: 1.6ms preprocess, 16.0ms inference, 18.0ms postprocess per image at shape (1, 3, 640, 640)
Processing extra-3/data/train/2024-03-30-11-15-02_mp4-0039_jpg.rf.c23313086fe54359bee09660b9659a17.jpg...

image 1/1 /home/admin/Documents/FEUP-CV/proj/task2/../datasets/extra-3/data/train/2024-03-30-11-15-02_mp4-0039_jpg.rf.c23313086fe54359bee09660b9659a17.jpg: 640x640 1 pool_table, 12.5ms
Speed: 4.2ms preprocess, 12.5ms inference, 24.5ms postprocess per image at shape (1, 3, 640, 640)
Processing extra-3/data/train/2024-03-30-11-15-02_mp4-0049_jpg.rf.b0389db55d67ff3011db8caccdd877e5.jpg...

image 1/1 /home/admin/Documents/FEUP-CV/proj/task2/../datasets/extra-3/data/train/2024-03-30-11-15-02_mp4-0049_jpg.rf.b0389db55d67ff3011db8caccdd877e5.jpg: 640x640 1 pool_table, 12.5ms
Speed: 4.1ms preprocess, 12.5ms inference, 24.5ms postprocess per image at shape (1, 3, 640, 640)
Processing extra-3/data/train/2024-03-30-11-07-17_mp4-0057_jpg.rf.82fdd18d3c1f004a5158c863d727cd67.jpg...

image 1/1 /home/admin/Documents/FEUP-CV/proj/task2/../datasets/extra-3/data/train/2024-03-30-11-07-17_mp4-0057_jpg.rf.82fdd18d3c1f004a5158c863d727cd67.jpg: 640x640 2 pool_tables, 16.8ms
Speed: 7.5ms preprocess, 16.8ms inference, 35.1ms postprocess per image at shape (1, 3, 640, 640)
Processing extra-3/data/train/IMG_20240319_120803_jpg.rf.065680f0be551c3f313f276c1a6fa5d8.jpg...

image 1/1 /home/admin/Documents/FEUP-CV/proj/task2/../datasets/extra-3/data/train/IMG_20240319_120803_jpg.rf.065680f0be551c3f313f276c1a6fa5d8.jpg: 640x640 1 pool_table, 16.7ms
Speed: 8.0ms preprocess, 16.7ms inference, 28.1ms postprocess per image at shape (1, 3, 640, 640)
Processing extra-3/data/train/2024-03-28-18-28-05_mp4-0036_jpg.rf.365335999b01a2e21f653814dba0975c.jpg...

image 1/1 /home/admin/Documents/FEUP-CV/proj/task2/../datasets/extra-3/data/train/2024-03-28-18-28-05_mp4-0036_jpg.rf.365335999b01a2e21f653814dba0975c.jpg: 640x640 1 pool_table, 12.6ms
Speed: 3.5ms preprocess, 12.6ms inference, 24.6ms postprocess per image at shape (1, 3, 640, 640)
Processing extra-3/data/train/IMG_20240319_122129_jpg.rf.2698aaf534607159b3f5b059703bbbb6.jpg...

image 1/1 /home/admin/Documents/FEUP-CV/proj/task2/../datasets/extra-3/data/train/IMG_20240319_122129_jpg.rf.2698aaf534607159b3f5b059703bbbb6.jpg: 640x640 1 pool_table, 12.5ms
Speed: 4.2ms preprocess, 12.5ms inference, 24.6ms postprocess per image at shape (1, 3, 640, 640)
Processing extra-3/data/train/2024-03-28-18-35-18_mp4-0034_jpg.rf.5fbc8bbd92119be41b785a01266d3e43.jpg...

image 1/1 /home/admin/Documents/FEUP-CV/proj/task2/../datasets/extra-3/data/train/2024-03-28-18-35-18_mp4-0034_jpg.rf.5fbc8bbd92119be41b785a01266d3e43.jpg: 640x640 1 pool_table, 12.6ms
Speed: 3.6ms preprocess, 12.6ms inference, 35.1ms postprocess per image at shape (1, 3, 640, 640)
Processing extra-3/data/train/2024-03-28-15-41-19_mp4-0073_jpg.rf.867d2c1b09e7226104210dc5c814f3ec.jpg...

image 1/1 /home/admin/Documents/FEUP-CV/proj/task2/../datasets/extra-3/data/train/2024-03-28-15-41-19_mp4-0073_jpg.rf.867d2c1b09e7226104210dc5c814f3ec.jpg: 640x640 1 pool_table, 16.7ms
Speed: 1.6ms preprocess, 16.7ms inference, 35.0ms postprocess per image at shape (1, 3, 640, 640)
Processing extra-3/data/train/2024-03-28-18-28-05_mp4-0025_jpg.rf.85c2e5f6bc6281526cc3aeeef3aec164.jpg...

image 1/1 /home/admin/Documents/FEUP-CV/proj/task2/../datasets/extra-3/data/train/2024-03-28-18-28-05_mp4-0025_jpg.rf.85c2e5f6bc6281526cc3aeeef3aec164.jpg: 640x640 1 pool_table, 8.0ms
Speed: 1.5ms preprocess, 8.0ms inference, 22.2ms postprocess per image at shape (1, 3, 640, 640)
Processing extra-3/data/train/2024-03-28-15-41-19_mp4-0089_jpg.rf.6278d342922287ef53860ce6fade3b5b.jpg...

image 1/1 /home/admin/Documents/FEUP-CV/proj/task2/../datasets/extra-3/data/train/2024-03-28-15-41-19_mp4-0089_jpg.rf.6278d342922287ef53860ce6fade3b5b.jpg: 640x640 1 pool_table, 12.3ms
Speed: 4.5ms preprocess, 12.3ms inference, 24.3ms postprocess per image at shape (1, 3, 640, 640)
Processing extra-3/data/train/2024-03-28-18-35-18_mp4-0019_jpg.rf.008a97cea9d4c98d69995d149a8cf49d.jpg...

image 1/1 /home/admin/Documents/FEUP-CV/proj/task2/../datasets/extra-3/data/train/2024-03-28-18-35-18_mp4-0019_jpg.rf.008a97cea9d4c98d69995d149a8cf49d.jpg: 640x640 1 pool_table, 12.4ms
Speed: 4.4ms preprocess, 12.4ms inference, 33.3ms postprocess per image at shape (1, 3, 640, 640)
Processing extra-3/data/train/2024-03-28-18-28-05_mp4-0046_jpg.rf.4dc5bc7dd54d1ffb44f256f4023cdec4.jpg...

image 1/1 /home/admin/Documents/FEUP-CV/proj/task2/../datasets/extra-3/data/train/2024-03-28-18-28-05_mp4-0046_jpg.rf.4dc5bc7dd54d1ffb44f256f4023cdec4.jpg: 640x640 1 pool_table, 16.7ms
Speed: 1.4ms preprocess, 16.7ms inference, 35.0ms postprocess per image at shape (1, 3, 640, 640)
Processing extra-3/data/train/2024-03-28-18-35-18_mp4-0004_jpg.rf.e9d660ccb9dd70105e3119e6ded2fbc5.jpg...

image 1/1 /home/admin/Documents/FEUP-CV/proj/task2/../datasets/extra-3/data/train/2024-03-28-18-35-18_mp4-0004_jpg.rf.e9d660ccb9dd70105e3119e6ded2fbc5.jpg: 640x640 1 pool_table, 12.5ms
Speed: 3.2ms preprocess, 12.5ms inference, 24.5ms postprocess per image at shape (1, 3, 640, 640)
Processing extra-3/data/train/2024-03-28-15-41-19_mp4-0036_jpg.rf.1a017d1a9b39679a3d370fb123a8a82d.jpg...

image 1/1 /home/admin/Documents/FEUP-CV/proj/task2/../datasets/extra-3/data/train/2024-03-28-15-41-19_mp4-0036_jpg.rf.1a017d1a9b39679a3d370fb123a8a82d.jpg: 640x640 1 pool_table, 12.6ms
Speed: 3.8ms preprocess, 12.6ms inference, 24.6ms postprocess per image at shape (1, 3, 640, 640)
Processing extra-3/data/train/2024-03-28-15-41-19_mp4-0093_jpg.rf.c4d6f663edede14d5e246a49b93cf11b.jpg...

image 1/1 /home/admin/Documents/FEUP-CV/proj/task2/../datasets/extra-3/data/train/2024-03-28-15-41-19_mp4-0093_jpg.rf.c4d6f663edede14d5e246a49b93cf11b.jpg: 640x640 1 pool_table, 12.6ms
Speed: 4.0ms preprocess, 12.6ms inference, 26.6ms postprocess per image at shape (1, 3, 640, 640)
Processing extra-3/data/train/IMG_20240319_120712_jpg.rf.599b6777961aed48159cb167aa190748.jpg...

image 1/1 /home/admin/Documents/FEUP-CV/proj/task2/../datasets/extra-3/data/train/IMG_20240319_120712_jpg.rf.599b6777961aed48159cb167aa190748.jpg: 640x640 1 pool_table, 16.7ms
Speed: 7.9ms preprocess, 16.7ms inference, 35.1ms postprocess per image at shape (1, 3, 640, 640)
Processing extra-3/data/train/IMG_20240319_121150_jpg.rf.156a42a43340e2c10395053545965b81.jpg...

image 1/1 /home/admin/Documents/FEUP-CV/proj/task2/../datasets/extra-3/data/train/IMG_20240319_121150_jpg.rf.156a42a43340e2c10395053545965b81.jpg: 640x640 1 pool_table, 12.4ms
Speed: 5.7ms preprocess, 12.4ms inference, 24.4ms postprocess per image at shape (1, 3, 640, 640)
Processing extra-3/data/train/2024-03-30-11-15-02_mp4-0042_jpg.rf.9aa6faebf07a5263122b61b76ff6c69c.jpg...

image 1/1 /home/admin/Documents/FEUP-CV/proj/task2/../datasets/extra-3/data/train/2024-03-30-11-15-02_mp4-0042_jpg.rf.9aa6faebf07a5263122b61b76ff6c69c.jpg: 640x640 1 pool_table, 12.4ms
Speed: 3.7ms preprocess, 12.4ms inference, 24.6ms postprocess per image at shape (1, 3, 640, 640)
Processing extra-3/data/train/20240328_171155_jpg.rf.7dca133384bdb55a502550ff9b051dfd.jpg...

image 1/1 /home/admin/Documents/FEUP-CV/proj/task2/../datasets/extra-3/data/train/20240328_171155_jpg.rf.7dca133384bdb55a502550ff9b051dfd.jpg: 640x640 2 pool_tables, 12.6ms
Speed: 3.9ms preprocess, 12.6ms inference, 24.5ms postprocess per image at shape (1, 3, 640, 640)
Processing extra-3/data/train/20240328_171411_jpg.rf.f2fed10c683178b423b9a1cbdd60b64b.jpg...

image 1/1 /home/admin/Documents/FEUP-CV/proj/task2/../datasets/extra-3/data/train/20240328_171411_jpg.rf.f2fed10c683178b423b9a1cbdd60b64b.jpg: 640x640 1 pool_table, 16.7ms
Speed: 7.4ms preprocess, 16.7ms inference, 35.0ms postprocess per image at shape (1, 3, 640, 640)
Processing extra-3/data/train/2024-03-28-18-35-18_mp4-0030_jpg.rf.b5b2a38928802b4b26ac05169e0b74e5.jpg...

image 1/1 /home/admin/Documents/FEUP-CV/proj/task2/../datasets/extra-3/data/train/2024-03-28-18-35-18_mp4-0030_jpg.rf.b5b2a38928802b4b26ac05169e0b74e5.jpg: 640x640 1 pool_table, 16.7ms
Speed: 7.9ms preprocess, 16.7ms inference, 25.8ms postprocess per image at shape (1, 3, 640, 640)
Processing extra-3/data/train/2024-03-30-11-15-02_mp4-0015_jpg.rf.fbadc2c686e6bef46fd0c6d1bf115870.jpg...

image 1/1 /home/admin/Documents/FEUP-CV/proj/task2/../datasets/extra-3/data/train/2024-03-30-11-15-02_mp4-0015_jpg.rf.fbadc2c686e6bef46fd0c6d1bf115870.jpg: 640x640 1 pool_table, 12.4ms
Speed: 4.1ms preprocess, 12.4ms inference, 24.4ms postprocess per image at shape (1, 3, 640, 640)
Processing extra-3/data/train/IMG_20240319_121516_jpg.rf.d7c57e65179eddc7890e7fe682b090b0.jpg...

image 1/1 /home/admin/Documents/FEUP-CV/proj/task2/../datasets/extra-3/data/train/IMG_20240319_121516_jpg.rf.d7c57e65179eddc7890e7fe682b090b0.jpg: 640x640 1 pool_table, 9.9ms
Speed: 4.2ms preprocess, 9.9ms inference, 20.1ms postprocess per image at shape (1, 3, 640, 640)
Processing extra-3/data/train/2024-03-30-11-15-02_mp4-0015_jpg.rf.46aa5b3f18a5d0669cf8f6f9cba99c98.jpg...

image 1/1 /home/admin/Documents/FEUP-CV/proj/task2/../datasets/extra-3/data/train/2024-03-30-11-15-02_mp4-0015_jpg.rf.46aa5b3f18a5d0669cf8f6f9cba99c98.jpg: 640x640 1 pool_table, 14.6ms
Speed: 3.7ms preprocess, 14.6ms inference, 35.0ms postprocess per image at shape (1, 3, 640, 640)
Processing extra-3/data/train/2024-03-30-11-15-02_mp4-0063_jpg.rf.989826ed63504d14a7ff757d7558a422.jpg...

image 1/1 /home/admin/Documents/FEUP-CV/proj/task2/../datasets/extra-3/data/train/2024-03-30-11-15-02_mp4-0063_jpg.rf.989826ed63504d14a7ff757d7558a422.jpg: 640x640 1 pool_table, 16.8ms
Speed: 1.3ms preprocess, 16.8ms inference, 35.0ms postprocess per image at shape (1, 3, 640, 640)
Processing extra-3/data/train/2024-03-30-11-22-03_mp4-0025_jpg.rf.e8925b7f62fc57465768dcad45e4998f.jpg...

image 1/1 /home/admin/Documents/FEUP-CV/proj/task2/../datasets/extra-3/data/train/2024-03-30-11-22-03_mp4-0025_jpg.rf.e8925b7f62fc57465768dcad45e4998f.jpg: 640x640 1 pool_table, 12.5ms
Speed: 3.2ms preprocess, 12.5ms inference, 24.4ms postprocess per image at shape (1, 3, 640, 640)
Processing extra-3/data/train/2024-03-30-11-15-02_mp4-0020_jpg.rf.567c8e1961ae8acd467c66e0bd688eea.jpg...

image 1/1 /home/admin/Documents/FEUP-CV/proj/task2/../datasets/extra-3/data/train/2024-03-30-11-15-02_mp4-0020_jpg.rf.567c8e1961ae8acd467c66e0bd688eea.jpg: 640x640 1 pool_table, 12.5ms
Speed: 3.3ms preprocess, 12.5ms inference, 24.4ms postprocess per image at shape (1, 3, 640, 640)
Processing extra-3/data/train/2024-03-28-18-35-18_mp4-0009_jpg.rf.0c3daeb926fe160b32ce7a9b2fbb22fe.jpg...

image 1/1 /home/admin/Documents/FEUP-CV/proj/task2/../datasets/extra-3/data/train/2024-03-28-18-35-18_mp4-0009_jpg.rf.0c3daeb926fe160b32ce7a9b2fbb22fe.jpg: 640x640 1 pool_table, 8.2ms
Speed: 1.3ms preprocess, 8.2ms inference, 32.8ms postprocess per image at shape (1, 3, 640, 640)
Processing extra-3/data/train/2024-03-28-18-35-18_mp4-0019_jpg.rf.270947915c7101659bac7eecfb489305.jpg...

image 1/1 /home/admin/Documents/FEUP-CV/proj/task2/../datasets/extra-3/data/train/2024-03-28-18-35-18_mp4-0019_jpg.rf.270947915c7101659bac7eecfb489305.jpg: 640x640 1 pool_table, 16.7ms
Speed: 1.3ms preprocess, 16.7ms inference, 35.0ms postprocess per image at shape (1, 3, 640, 640)
Processing extra-3/data/train/2024-03-28-18-28-05_mp4-0047_jpg.rf.63632dc85969876fad694de590bcfe06.jpg...

image 1/1 /home/admin/Documents/FEUP-CV/proj/task2/../datasets/extra-3/data/train/2024-03-28-18-28-05_mp4-0047_jpg.rf.63632dc85969876fad694de590bcfe06.jpg: 640x640 1 pool_table, 12.4ms
Speed: 4.2ms preprocess, 12.4ms inference, 24.3ms postprocess per image at shape (1, 3, 640, 640)
Processing extra-3/data/train/2024-03-30-11-22-03_mp4-0039_jpg.rf.84aafe509cd208646167a88ae56a15e4.jpg...

image 1/1 /home/admin/Documents/FEUP-CV/proj/task2/../datasets/extra-3/data/train/2024-03-30-11-22-03_mp4-0039_jpg.rf.84aafe509cd208646167a88ae56a15e4.jpg: 640x640 1 pool_table, 12.4ms
Speed: 4.4ms preprocess, 12.4ms inference, 24.5ms postprocess per image at shape (1, 3, 640, 640)
Processing extra-3/data/train/2024-03-30-11-15-02_mp4-0081_jpg.rf.bf93ffa1bef5cd880b5642e98b8f5c21.jpg...

image 1/1 /home/admin/Documents/FEUP-CV/proj/task2/../datasets/extra-3/data/train/2024-03-30-11-15-02_mp4-0081_jpg.rf.bf93ffa1bef5cd880b5642e98b8f5c21.jpg: 640x640 1 pool_table, 12.3ms
Speed: 3.8ms preprocess, 12.3ms inference, 26.4ms postprocess per image at shape (1, 3, 640, 640)
Processing extra-3/data/train/IMG_20240319_121837_jpg.rf.a69a75bd2c3124c2ce4ebfed9e7d30e2.jpg...

image 1/1 /home/admin/Documents/FEUP-CV/proj/task2/../datasets/extra-3/data/train/IMG_20240319_121837_jpg.rf.a69a75bd2c3124c2ce4ebfed9e7d30e2.jpg: 640x640 1 pool_table, 16.8ms
Speed: 2.1ms preprocess, 16.8ms inference, 35.1ms postprocess per image at shape (1, 3, 640, 640)
Processing extra-3/data/train/2024-03-30-11-07-17_mp4-0018_jpg.rf.3c3b6421bc85b607d1bf76fafd3c5483.jpg...

image 1/1 /home/admin/Documents/FEUP-CV/proj/task2/../datasets/extra-3/data/train/2024-03-30-11-07-17_mp4-0018_jpg.rf.3c3b6421bc85b607d1bf76fafd3c5483.jpg: 640x640 1 pool_table, 12.5ms
Speed: 4.0ms preprocess, 12.5ms inference, 21.1ms postprocess per image at shape (1, 3, 640, 640)
Processing extra-3/data/train/2024-03-28-15-41-19_mp4-0032_jpg.rf.20b28d8dc7d24c4a14f30adc36d04a3a.jpg...

image 1/1 /home/admin/Documents/FEUP-CV/proj/task2/../datasets/extra-3/data/train/2024-03-28-15-41-19_mp4-0032_jpg.rf.20b28d8dc7d24c4a14f30adc36d04a3a.jpg: 640x640 1 pool_table, 12.5ms
Speed: 4.4ms preprocess, 12.5ms inference, 24.4ms postprocess per image at shape (1, 3, 640, 640)
Processing extra-3/data/train/2024-03-28-18-28-05_mp4-0052_jpg.rf.89c8f89bc2ddd50e1ae90fd26e0999c2.jpg...

image 1/1 /home/admin/Documents/FEUP-CV/proj/task2/../datasets/extra-3/data/train/2024-03-28-18-28-05_mp4-0052_jpg.rf.89c8f89bc2ddd50e1ae90fd26e0999c2.jpg: 640x640 1 pool_table, 12.3ms
Speed: 3.6ms preprocess, 12.3ms inference, 24.3ms postprocess per image at shape (1, 3, 640, 640)
Processing extra-3/data/train/2024-03-30-11-22-03_mp4-0032_jpg.rf.2b86703e3bba3a09408533cdc8d89d9e.jpg...

image 1/1 /home/admin/Documents/FEUP-CV/proj/task2/../datasets/extra-3/data/train/2024-03-30-11-22-03_mp4-0032_jpg.rf.2b86703e3bba3a09408533cdc8d89d9e.jpg: 640x640 1 pool_table, 16.5ms
Speed: 7.2ms preprocess, 16.5ms inference, 34.9ms postprocess per image at shape (1, 3, 640, 640)
Processing extra-3/data/train/2024-03-30-11-15-02_mp4-0007_jpg.rf.e4b25679efa09eee97ff32c9da8c2487.jpg...

image 1/1 /home/admin/Documents/FEUP-CV/proj/task2/../datasets/extra-3/data/train/2024-03-30-11-15-02_mp4-0007_jpg.rf.e4b25679efa09eee97ff32c9da8c2487.jpg: 640x640 1 pool_table, 12.7ms
Speed: 5.8ms preprocess, 12.7ms inference, 24.6ms postprocess per image at shape (1, 3, 640, 640)
Processing extra-3/data/train/2024-03-30-11-22-03_mp4-0020_jpg.rf.31f1d34692ce110f7088cc18ad52f14b.jpg...

image 1/1 /home/admin/Documents/FEUP-CV/proj/task2/../datasets/extra-3/data/train/2024-03-30-11-22-03_mp4-0020_jpg.rf.31f1d34692ce110f7088cc18ad52f14b.jpg: 640x640 1 pool_table, 12.7ms
Speed: 3.7ms preprocess, 12.7ms inference, 16.0ms postprocess per image at shape (1, 3, 640, 640)
Processing extra-3/data/train/2024-03-30-11-07-17_mp4-0010_jpg.rf.c7e9fa1c0dec4ef2477729669c164cbe.jpg...

image 1/1 /home/admin/Documents/FEUP-CV/proj/task2/../datasets/extra-3/data/train/2024-03-30-11-07-17_mp4-0010_jpg.rf.c7e9fa1c0dec4ef2477729669c164cbe.jpg: 640x640 1 pool_table, 12.7ms
Speed: 3.0ms preprocess, 12.7ms inference, 24.6ms postprocess per image at shape (1, 3, 640, 640)
Processing extra-3/data/train/IMG_20240319_121827_jpg.rf.5269e0a7589592e154f15183511fd834.jpg...

image 1/1 /home/admin/Documents/FEUP-CV/proj/task2/../datasets/extra-3/data/train/IMG_20240319_121827_jpg.rf.5269e0a7589592e154f15183511fd834.jpg: 640x640 1 pool_table, 17.0ms
Speed: 1.4ms preprocess, 17.0ms inference, 34.9ms postprocess per image at shape (1, 3, 640, 640)
Processing extra-3/data/train/2024-03-28-15-41-19_mp4-0055_jpg.rf.b6d15569aa4f775cacd925e0c5688ca7.jpg...

image 1/1 /home/admin/Documents/FEUP-CV/proj/task2/../datasets/extra-3/data/train/2024-03-28-15-41-19_mp4-0055_jpg.rf.b6d15569aa4f775cacd925e0c5688ca7.jpg: 640x640 1 pool_table, 16.6ms
Speed: 1.3ms preprocess, 16.6ms inference, 27.5ms postprocess per image at shape (1, 3, 640, 640)
Processing extra-3/data/train/2024-03-28-15-41-19_mp4-0013_jpg.rf.2a0f755d7f63254876c9f465edc25f40.jpg...

image 1/1 /home/admin/Documents/FEUP-CV/proj/task2/../datasets/extra-3/data/train/2024-03-28-15-41-19_mp4-0013_jpg.rf.2a0f755d7f63254876c9f465edc25f40.jpg: 640x640 1 pool_table, 12.2ms
Speed: 4.1ms preprocess, 12.2ms inference, 24.2ms postprocess per image at shape (1, 3, 640, 640)
Processing extra-3/data/train/20240328_171453_jpg.rf.13c7d5b8a8e5663cd490064c1a2a6fe6.jpg...

image 1/1 /home/admin/Documents/FEUP-CV/proj/task2/../datasets/extra-3/data/train/20240328_171453_jpg.rf.13c7d5b8a8e5663cd490064c1a2a6fe6.jpg: 640x640 1 pool_table, 12.4ms
Speed: 4.0ms preprocess, 12.4ms inference, 24.3ms postprocess per image at shape (1, 3, 640, 640)
Processing extra-3/data/train/2024-03-30-11-07-17_mp4-0036_jpg.rf.bc10af51f87d5036d6a32f78bcd1d840.jpg...

image 1/1 /home/admin/Documents/FEUP-CV/proj/task2/../datasets/extra-3/data/train/2024-03-30-11-07-17_mp4-0036_jpg.rf.bc10af51f87d5036d6a32f78bcd1d840.jpg: 640x640 1 pool_table, 16.8ms
Speed: 3.7ms preprocess, 16.8ms inference, 34.9ms postprocess per image at shape (1, 3, 640, 640)
Processing extra-3/data/train/2024-03-30-11-22-03_mp4-0032_jpg.rf.6817bd6f5b0471388ae12119202e1b5e.jpg...

image 1/1 /home/admin/Documents/FEUP-CV/proj/task2/../datasets/extra-3/data/train/2024-03-30-11-22-03_mp4-0032_jpg.rf.6817bd6f5b0471388ae12119202e1b5e.jpg: 640x640 1 pool_table, 15.2ms
Speed: 1.6ms preprocess, 15.2ms inference, 27.3ms postprocess per image at shape (1, 3, 640, 640)
Processing extra-3/data/train/2024-03-30-11-07-17_mp4-0012_jpg.rf.366af486ec74e8f09bd6bfa2311738d8.jpg...

image 1/1 /home/admin/Documents/FEUP-CV/proj/task2/../datasets/extra-3/data/train/2024-03-30-11-07-17_mp4-0012_jpg.rf.366af486ec74e8f09bd6bfa2311738d8.jpg: 640x640 1 pool_table, 12.5ms
Speed: 3.1ms preprocess, 12.5ms inference, 24.5ms postprocess per image at shape (1, 3, 640, 640)
Processing extra-3/data/train/2024-03-30-11-22-03_mp4-0036_jpg.rf.7ed95476fb1efe14f86176118fd9448f.jpg...

image 1/1 /home/admin/Documents/FEUP-CV/proj/task2/../datasets/extra-3/data/train/2024-03-30-11-22-03_mp4-0036_jpg.rf.7ed95476fb1efe14f86176118fd9448f.jpg: 640x640 1 pool_table, 12.5ms
Speed: 3.1ms preprocess, 12.5ms inference, 24.5ms postprocess per image at shape (1, 3, 640, 640)
Processing extra-3/data/train/2024-03-30-11-07-17_mp4-0007_jpg.rf.372bb8235bd149c76f407284a406a9ee.jpg...

image 1/1 /home/admin/Documents/FEUP-CV/proj/task2/../datasets/extra-3/data/train/2024-03-30-11-07-17_mp4-0007_jpg.rf.372bb8235bd149c76f407284a406a9ee.jpg: 640x640 1 pool_table, 12.6ms
Speed: 3.0ms preprocess, 12.6ms inference, 28.7ms postprocess per image at shape (1, 3, 640, 640)
Processing extra-3/data/train/2024-03-30-11-15-02_mp4-0078_jpg.rf.3fb5ee58941ef9d51643ad4bf6855f54.jpg...

image 1/1 /home/admin/Documents/FEUP-CV/proj/task2/../datasets/extra-3/data/train/2024-03-30-11-15-02_mp4-0078_jpg.rf.3fb5ee58941ef9d51643ad4bf6855f54.jpg: 640x640 1 pool_table, 12.4ms
Speed: 3.8ms preprocess, 12.4ms inference, 30.8ms postprocess per image at shape (1, 3, 640, 640)
Processing extra-3/data/train/2024-03-30-11-07-17_mp4-0044_jpg.rf.ab2021316bae2a8c61e9ffcb1cceec38.jpg...

image 1/1 /home/admin/Documents/FEUP-CV/proj/task2/../datasets/extra-3/data/train/2024-03-30-11-07-17_mp4-0044_jpg.rf.ab2021316bae2a8c61e9ffcb1cceec38.jpg: 640x640 1 pool_table, 12.5ms
Speed: 3.9ms preprocess, 12.5ms inference, 24.4ms postprocess per image at shape (1, 3, 640, 640)
Processing extra-3/data/train/2024-03-30-11-15-02_mp4-0010_jpg.rf.09860c0f527de1ec5d895f028076f272.jpg...

image 1/1 /home/admin/Documents/FEUP-CV/proj/task2/../datasets/extra-3/data/train/2024-03-30-11-15-02_mp4-0010_jpg.rf.09860c0f527de1ec5d895f028076f272.jpg: 640x640 1 pool_table, 12.5ms
Speed: 4.3ms preprocess, 12.5ms inference, 24.5ms postprocess per image at shape (1, 3, 640, 640)
Processing extra-3/data/train/2024-03-28-15-41-19_mp4-0035_jpg.rf.d9a49b9a84876bc053660d142e6a58ed.jpg...

image 1/1 /home/admin/Documents/FEUP-CV/proj/task2/../datasets/extra-3/data/train/2024-03-28-15-41-19_mp4-0035_jpg.rf.d9a49b9a84876bc053660d142e6a58ed.jpg: 640x640 1 pool_table, 12.6ms
Speed: 4.2ms preprocess, 12.6ms inference, 24.5ms postprocess per image at shape (1, 3, 640, 640)
Processing extra-3/data/train/2024-03-28-18-35-18_mp4-0028_jpg.rf.54c51b04d63072ae2e2f71ac949acba0.jpg...

image 1/1 /home/admin/Documents/FEUP-CV/proj/task2/../datasets/extra-3/data/train/2024-03-28-18-35-18_mp4-0028_jpg.rf.54c51b04d63072ae2e2f71ac949acba0.jpg: 640x640 1 pool_table, 16.8ms
Speed: 1.9ms preprocess, 16.8ms inference, 35.1ms postprocess per image at shape (1, 3, 640, 640)
Processing extra-3/data/train/20240328_171450_jpg.rf.07ab6eb3efb54b894bc1577374918ce6.jpg...

image 1/1 /home/admin/Documents/FEUP-CV/proj/task2/../datasets/extra-3/data/train/20240328_171450_jpg.rf.07ab6eb3efb54b894bc1577374918ce6.jpg: 640x640 1 pool_table, 16.7ms
Speed: 1.5ms preprocess, 16.7ms inference, 32.3ms postprocess per image at shape (1, 3, 640, 640)
Processing extra-3/data/train/IMG_20240319_121816_jpg.rf.49dc276fe1baf1afd5ae7a7009e6751d.jpg...

image 1/1 /home/admin/Documents/FEUP-CV/proj/task2/../datasets/extra-3/data/train/IMG_20240319_121816_jpg.rf.49dc276fe1baf1afd5ae7a7009e6751d.jpg: 640x640 1 pool_table, 12.4ms
Speed: 3.6ms preprocess, 12.4ms inference, 24.2ms postprocess per image at shape (1, 3, 640, 640)
Processing extra-3/data/train/2024-03-30-11-22-03_mp4-0025_jpg.rf.f2867858be36e10b381994dff00bd1c3.jpg...

image 1/1 /home/admin/Documents/FEUP-CV/proj/task2/../datasets/extra-3/data/train/2024-03-30-11-22-03_mp4-0025_jpg.rf.f2867858be36e10b381994dff00bd1c3.jpg: 640x640 1 pool_table, 12.3ms
Speed: 4.0ms preprocess, 12.3ms inference, 24.3ms postprocess per image at shape (1, 3, 640, 640)
Processing extra-3/data/train/2024-03-28-18-35-18_mp4-0034_jpg.rf.4fd8733755c495e2bcd17eeca90e081b.jpg...

image 1/1 /home/admin/Documents/FEUP-CV/proj/task2/../datasets/extra-3/data/train/2024-03-28-18-35-18_mp4-0034_jpg.rf.4fd8733755c495e2bcd17eeca90e081b.jpg: 640x640 1 pool_table, 14.7ms
Speed: 4.1ms preprocess, 14.7ms inference, 35.1ms postprocess per image at shape (1, 3, 640, 640)
Processing extra-3/data/train/2024-03-30-11-15-02_mp4-0054_jpg.rf.fe1b2969c2274445d96d6a4c4b703e3c.jpg...

image 1/1 /home/admin/Documents/FEUP-CV/proj/task2/../datasets/extra-3/data/train/2024-03-30-11-15-02_mp4-0054_jpg.rf.fe1b2969c2274445d96d6a4c4b703e3c.jpg: 640x640 1 pool_table, 16.7ms
Speed: 1.3ms preprocess, 16.7ms inference, 34.9ms postprocess per image at shape (1, 3, 640, 640)
Processing extra-3/data/train/2024-03-30-11-15-02_mp4-0056_jpg.rf.0ae2738a521ccfe0ae75f18e4af1d886.jpg...

image 1/1 /home/admin/Documents/FEUP-CV/proj/task2/../datasets/extra-3/data/train/2024-03-30-11-15-02_mp4-0056_jpg.rf.0ae2738a521ccfe0ae75f18e4af1d886.jpg: 640x640 1 pool_table, 12.4ms
Speed: 3.8ms preprocess, 12.4ms inference, 24.4ms postprocess per image at shape (1, 3, 640, 640)
Processing extra-3/data/train/IMG_20240319_121755_jpg.rf.ea93ba90e888c12d5d2be6f24f37959b.jpg...

image 1/1 /home/admin/Documents/FEUP-CV/proj/task2/../datasets/extra-3/data/train/IMG_20240319_121755_jpg.rf.ea93ba90e888c12d5d2be6f24f37959b.jpg: 640x640 1 pool_table, 12.5ms
Speed: 3.6ms preprocess, 12.5ms inference, 24.6ms postprocess per image at shape (1, 3, 640, 640)
Processing extra-3/data/train/2024-03-28-18-35-18_mp4-0009_jpg.rf.c2ee538246f89b1b126ae55292b74491.jpg...

image 1/1 /home/admin/Documents/FEUP-CV/proj/task2/../datasets/extra-3/data/train/2024-03-28-18-35-18_mp4-0009_jpg.rf.c2ee538246f89b1b126ae55292b74491.jpg: 640x640 1 pool_table, 12.5ms
Speed: 3.8ms preprocess, 12.5ms inference, 30.8ms postprocess per image at shape (1, 3, 640, 640)
Processing extra-3/data/train/2024-03-28-18-28-05_mp4-0014_jpg.rf.5f303104704c316a102183d9b13d6110.jpg...

image 1/1 /home/admin/Documents/FEUP-CV/proj/task2/../datasets/extra-3/data/train/2024-03-28-18-28-05_mp4-0014_jpg.rf.5f303104704c316a102183d9b13d6110.jpg: 640x640 1 pool_table, 16.8ms
Speed: 1.2ms preprocess, 16.8ms inference, 35.0ms postprocess per image at shape (1, 3, 640, 640)
Processing extra-3/data/train/2024-03-30-11-07-17_mp4-0046_jpg.rf.cdb5c51e1414a59b5a70aa886174c157.jpg...

image 1/1 /home/admin/Documents/FEUP-CV/proj/task2/../datasets/extra-3/data/train/2024-03-30-11-07-17_mp4-0046_jpg.rf.cdb5c51e1414a59b5a70aa886174c157.jpg: 640x640 1 pool_table, 12.4ms
Speed: 4.5ms preprocess, 12.4ms inference, 24.4ms postprocess per image at shape (1, 3, 640, 640)
Processing extra-3/data/train/2024-03-30-11-07-17_mp4-0017_jpg.rf.fd382888d91b9d195f612eda519fd752.jpg...

image 1/1 /home/admin/Documents/FEUP-CV/proj/task2/../datasets/extra-3/data/train/2024-03-30-11-07-17_mp4-0017_jpg.rf.fd382888d91b9d195f612eda519fd752.jpg: 640x640 1 pool_table, 12.4ms
Speed: 4.4ms preprocess, 12.4ms inference, 24.4ms postprocess per image at shape (1, 3, 640, 640)
Processing extra-3/data/train/20240328_171147_jpg.rf.18bed3e2149feb6e95efca079b06b69a.jpg...

image 1/1 /home/admin/Documents/FEUP-CV/proj/task2/../datasets/extra-3/data/train/20240328_171147_jpg.rf.18bed3e2149feb6e95efca079b06b69a.jpg: 640x640 1 pool_table, 12.4ms
Speed: 4.3ms preprocess, 12.4ms inference, 24.3ms postprocess per image at shape (1, 3, 640, 640)
Processing extra-3/data/train/2024-03-30-11-15-02_mp4-0071_jpg.rf.6f2f8d587360e835611739de3397a7a1.jpg...

image 1/1 /home/admin/Documents/FEUP-CV/proj/task2/../datasets/extra-3/data/train/2024-03-30-11-15-02_mp4-0071_jpg.rf.6f2f8d587360e835611739de3397a7a1.jpg: 640x640 1 pool_table, 16.8ms
Speed: 1.3ms preprocess, 16.8ms inference, 35.0ms postprocess per image at shape (1, 3, 640, 640)
Processing extra-3/data/train/2024-03-30-11-15-02_mp4-0006_jpg.rf.d4a9f823236dc2de407810a12bac9a22.jpg...

image 1/1 /home/admin/Documents/FEUP-CV/proj/task2/../datasets/extra-3/data/train/2024-03-30-11-15-02_mp4-0006_jpg.rf.d4a9f823236dc2de407810a12bac9a22.jpg: 640x640 1 pool_table, 16.8ms
Speed: 1.7ms preprocess, 16.8ms inference, 26.3ms postprocess per image at shape (1, 3, 640, 640)
Processing extra-3/data/train/2024-03-28-15-41-19_mp4-0025_jpg.rf.721ced78c937d459a45aedd4b8b95d03.jpg...

image 1/1 /home/admin/Documents/FEUP-CV/proj/task2/../datasets/extra-3/data/train/2024-03-28-15-41-19_mp4-0025_jpg.rf.721ced78c937d459a45aedd4b8b95d03.jpg: 640x640 1 pool_table, 12.3ms
Speed: 4.1ms preprocess, 12.3ms inference, 20.5ms postprocess per image at shape (1, 3, 640, 640)
Processing extra-3/data/train/IMG_20240319_120611_jpg.rf.ceba96c80f8737368c67775f123ae4cd.jpg...

image 1/1 /home/admin/Documents/FEUP-CV/proj/task2/../datasets/extra-3/data/train/IMG_20240319_120611_jpg.rf.ceba96c80f8737368c67775f123ae4cd.jpg: 640x640 1 pool_table, 8.2ms
Speed: 4.3ms preprocess, 8.2ms inference, 15.9ms postprocess per image at shape (1, 3, 640, 640)
Processing extra-3/data/train/2024-03-28-18-28-05_mp4-0006_jpg.rf.254a91094d19b1d2b2fc473c0aca2ef7.jpg...

image 1/1 /home/admin/Documents/FEUP-CV/proj/task2/../datasets/extra-3/data/train/2024-03-28-18-28-05_mp4-0006_jpg.rf.254a91094d19b1d2b2fc473c0aca2ef7.jpg: 640x640 1 pool_table, 14.6ms
Speed: 3.6ms preprocess, 14.6ms inference, 35.0ms postprocess per image at shape (1, 3, 640, 640)
Processing extra-3/data/train/2024-03-28-15-41-19_mp4-0064_jpg.rf.53c6d8960d811249be6f270a40f76032.jpg...

image 1/1 /home/admin/Documents/FEUP-CV/proj/task2/../datasets/extra-3/data/train/2024-03-28-15-41-19_mp4-0064_jpg.rf.53c6d8960d811249be6f270a40f76032.jpg: 640x640 1 pool_table, 16.8ms
Speed: 7.9ms preprocess, 16.8ms inference, 34.5ms postprocess per image at shape (1, 3, 640, 640)
Processing extra-3/data/train/IMG_20240319_122149_jpg.rf.d70445064b5f65b551ca5a821685b8ad.jpg...

image 1/1 /home/admin/Documents/FEUP-CV/proj/task2/../datasets/extra-3/data/train/IMG_20240319_122149_jpg.rf.d70445064b5f65b551ca5a821685b8ad.jpg: 640x640 1 pool_table, 12.6ms
Speed: 3.4ms preprocess, 12.6ms inference, 24.7ms postprocess per image at shape (1, 3, 640, 640)
Processing extra-3/data/train/IMG_20240319_121930_jpg.rf.4c643134ed9a1c092fe0e620b85f78af.jpg...

image 1/1 /home/admin/Documents/FEUP-CV/proj/task2/../datasets/extra-3/data/train/IMG_20240319_121930_jpg.rf.4c643134ed9a1c092fe0e620b85f78af.jpg: 640x640 1 pool_table, 12.7ms
Speed: 3.0ms preprocess, 12.7ms inference, 24.6ms postprocess per image at shape (1, 3, 640, 640)
Processing extra-3/data/train/20240328_171416_jpg.rf.979367693547f6ac1e69322ddbac81a3.jpg...

image 1/1 /home/admin/Documents/FEUP-CV/proj/task2/../datasets/extra-3/data/train/20240328_171416_jpg.rf.979367693547f6ac1e69322ddbac81a3.jpg: 640x640 1 pool_table, 12.4ms
Speed: 3.0ms preprocess, 12.4ms inference, 32.9ms postprocess per image at shape (1, 3, 640, 640)
Processing extra-3/data/train/2024-03-28-18-28-05_mp4-0039_jpg.rf.7b97057cd7c681b97b172d928f267343.jpg...

image 1/1 /home/admin/Documents/FEUP-CV/proj/task2/../datasets/extra-3/data/train/2024-03-28-18-28-05_mp4-0039_jpg.rf.7b97057cd7c681b97b172d928f267343.jpg: 640x640 1 pool_table, 16.5ms
Speed: 7.4ms preprocess, 16.5ms inference, 34.9ms postprocess per image at shape (1, 3, 640, 640)
Processing extra-3/data/train/2024-03-30-11-15-02_mp4-0051_jpg.rf.8b7c6a164cca639fff0a7c3edba3be36.jpg...

image 1/1 /home/admin/Documents/FEUP-CV/proj/task2/../datasets/extra-3/data/train/2024-03-30-11-15-02_mp4-0051_jpg.rf.8b7c6a164cca639fff0a7c3edba3be36.jpg: 640x640 1 pool_table, 12.3ms
Speed: 3.7ms preprocess, 12.3ms inference, 24.3ms postprocess per image at shape (1, 3, 640, 640)
Processing extra-3/data/train/2024-03-28-18-28-05_mp4-0046_jpg.rf.71be395b7f272ecaad34e98f59da8597.jpg...

image 1/1 /home/admin/Documents/FEUP-CV/proj/task2/../datasets/extra-3/data/train/2024-03-28-18-28-05_mp4-0046_jpg.rf.71be395b7f272ecaad34e98f59da8597.jpg: 640x640 1 pool_table, 12.5ms
Speed: 3.9ms preprocess, 12.5ms inference, 24.4ms postprocess per image at shape (1, 3, 640, 640)
Processing extra-3/data/train/20240328_171149_jpg.rf.4d417a3d8f5ca296d57861e57efe06a3.jpg...

image 1/1 /home/admin/Documents/FEUP-CV/proj/task2/../datasets/extra-3/data/train/20240328_171149_jpg.rf.4d417a3d8f5ca296d57861e57efe06a3.jpg: 640x640 1 pool_table, 12.5ms
Speed: 4.3ms preprocess, 12.5ms inference, 22.0ms postprocess per image at shape (1, 3, 640, 640)
Processing extra-3/data/train/2024-03-30-11-15-02_mp4-0058_jpg.rf.f63d040d4ff72e83c7988c90831eb383.jpg...

image 1/1 /home/admin/Documents/FEUP-CV/proj/task2/../datasets/extra-3/data/train/2024-03-30-11-15-02_mp4-0058_jpg.rf.f63d040d4ff72e83c7988c90831eb383.jpg: 640x640 1 pool_table, 16.8ms
Speed: 7.6ms preprocess, 16.8ms inference, 35.0ms postprocess per image at shape (1, 3, 640, 640)
Processing extra-3/data/train/IMG_20240319_121146_jpg.rf.1b97edb07b8e7f7f73eb186f41320881.jpg...

image 1/1 /home/admin/Documents/FEUP-CV/proj/task2/../datasets/extra-3/data/train/IMG_20240319_121146_jpg.rf.1b97edb07b8e7f7f73eb186f41320881.jpg: 640x640 1 pool_table, 8.0ms
Speed: 4.3ms preprocess, 8.0ms inference, 22.1ms postprocess per image at shape (1, 3, 640, 640)
Processing extra-3/data/train/2024-03-28-18-35-18_mp4-0025_jpg.rf.704ed6fffbaa5ea1951aced773cc5516.jpg...

image 1/1 /home/admin/Documents/FEUP-CV/proj/task2/../datasets/extra-3/data/train/2024-03-28-18-35-18_mp4-0025_jpg.rf.704ed6fffbaa5ea1951aced773cc5516.jpg: 640x640 1 pool_table, 12.3ms
Speed: 3.1ms preprocess, 12.3ms inference, 24.3ms postprocess per image at shape (1, 3, 640, 640)
Processing extra-3/data/train/2024-03-28-15-41-19_mp4-0051_jpg.rf.6b04c9da5db365e659dff3d0f0bacc6f.jpg...

image 1/1 /home/admin/Documents/FEUP-CV/proj/task2/../datasets/extra-3/data/train/2024-03-28-15-41-19_mp4-0051_jpg.rf.6b04c9da5db365e659dff3d0f0bacc6f.jpg: 640x640 1 pool_table, 12.3ms
Speed: 4.0ms preprocess, 12.3ms inference, 24.4ms postprocess per image at shape (1, 3, 640, 640)
Processing extra-3/data/train/2024-03-30-11-15-02_mp4-0009_jpg.rf.3e9c7a8cab8f6b4247dd7ac1a90e2e4b.jpg...

image 1/1 /home/admin/Documents/FEUP-CV/proj/task2/../datasets/extra-3/data/train/2024-03-30-11-15-02_mp4-0009_jpg.rf.3e9c7a8cab8f6b4247dd7ac1a90e2e4b.jpg: 640x640 1 pool_table, 16.8ms
Speed: 1.4ms preprocess, 16.8ms inference, 35.0ms postprocess per image at shape (1, 3, 640, 640)
Processing extra-3/data/train/IMG_20240319_121734_jpg.rf.41b889c314cd073b1d78256177c495fd.jpg...

image 1/1 /home/admin/Documents/FEUP-CV/proj/task2/../datasets/extra-3/data/train/IMG_20240319_121734_jpg.rf.41b889c314cd073b1d78256177c495fd.jpg: 640x640 1 pool_table, 15.8ms
Speed: 8.0ms preprocess, 15.8ms inference, 24.2ms postprocess per image at shape (1, 3, 640, 640)
Processing extra-3/data/train/2024-03-28-15-41-19_mp4-0016_jpg.rf.88b3cbb507390d56d2f1ddedeb9a8aff.jpg...

image 1/1 /home/admin/Documents/FEUP-CV/proj/task2/../datasets/extra-3/data/train/2024-03-28-15-41-19_mp4-0016_jpg.rf.88b3cbb507390d56d2f1ddedeb9a8aff.jpg: 640x640 2 pool_tables, 12.5ms
Speed: 4.1ms preprocess, 12.5ms inference, 24.5ms postprocess per image at shape (1, 3, 640, 640)
Processing extra-3/data/train/2024-03-30-11-07-17_mp4-0039_jpg.rf.2f16845033c016e43f03652750a920c3.jpg...

image 1/1 /home/admin/Documents/FEUP-CV/proj/task2/../datasets/extra-3/data/train/2024-03-30-11-07-17_mp4-0039_jpg.rf.2f16845033c016e43f03652750a920c3.jpg: 640x640 1 pool_table, 12.5ms
Speed: 4.5ms preprocess, 12.5ms inference, 24.6ms postprocess per image at shape (1, 3, 640, 640)
Processing extra-3/data/train/2024-03-28-15-41-19_mp4-0050_jpg.rf.7df69098b6b55f7161c61458c37cb123.jpg...

image 1/1 /home/admin/Documents/FEUP-CV/proj/task2/../datasets/extra-3/data/train/2024-03-28-15-41-19_mp4-0050_jpg.rf.7df69098b6b55f7161c61458c37cb123.jpg: 640x640 1 pool_table, 14.7ms
Speed: 4.0ms preprocess, 14.7ms inference, 35.3ms postprocess per image at shape (1, 3, 640, 640)
Processing extra-3/data/train/2024-03-28-18-28-05_mp4-0032_jpg.rf.f5887c095371ca0da2feef486fe5c331.jpg...

image 1/1 /home/admin/Documents/FEUP-CV/proj/task2/../datasets/extra-3/data/train/2024-03-28-18-28-05_mp4-0032_jpg.rf.f5887c095371ca0da2feef486fe5c331.jpg: 640x640 1 pool_table, 16.7ms
Speed: 2.0ms preprocess, 16.7ms inference, 30.3ms postprocess per image at shape (1, 3, 640, 640)
Processing extra-3/data/train/2024-03-30-11-07-17_mp4-0013_jpg.rf.7ba7f758d9c7bb05975b3ac157bdfbbe.jpg...

image 1/1 /home/admin/Documents/FEUP-CV/proj/task2/../datasets/extra-3/data/train/2024-03-30-11-07-17_mp4-0013_jpg.rf.7ba7f758d9c7bb05975b3ac157bdfbbe.jpg: 640x640 1 pool_table, 12.3ms
Speed: 4.5ms preprocess, 12.3ms inference, 24.3ms postprocess per image at shape (1, 3, 640, 640)
Processing extra-3/data/train/2024-03-30-11-22-03_mp4-0030_jpg.rf.c216fcf4241d77a141213b8b19e0d6a0.jpg...

image 1/1 /home/admin/Documents/FEUP-CV/proj/task2/../datasets/extra-3/data/train/2024-03-30-11-22-03_mp4-0030_jpg.rf.c216fcf4241d77a141213b8b19e0d6a0.jpg: 640x640 1 pool_table, 12.3ms
Speed: 4.0ms preprocess, 12.3ms inference, 24.3ms postprocess per image at shape (1, 3, 640, 640)
Processing extra-3/data/train/IMG_20240319_121027_jpg.rf.b49c92dfa127f5055c2f601a409cbf05.jpg...

image 1/1 /home/admin/Documents/FEUP-CV/proj/task2/../datasets/extra-3/data/train/IMG_20240319_121027_jpg.rf.b49c92dfa127f5055c2f601a409cbf05.jpg: 640x640 1 pool_table, 12.5ms
Speed: 3.7ms preprocess, 12.5ms inference, 26.4ms postprocess per image at shape (1, 3, 640, 640)
Processing extra-3/data/train/2024-03-28-15-41-19_mp4-0069_jpg.rf.e7d20cd847fe9337193758b0abb6ceb5.jpg...

image 1/1 /home/admin/Documents/FEUP-CV/proj/task2/../datasets/extra-3/data/train/2024-03-28-15-41-19_mp4-0069_jpg.rf.e7d20cd847fe9337193758b0abb6ceb5.jpg: 640x640 1 pool_table, 16.8ms
Speed: 1.6ms preprocess, 16.8ms inference, 35.0ms postprocess per image at shape (1, 3, 640, 640)
Processing extra-3/data/train/2024-03-28-15-41-19_mp4-0061_jpg.rf.585468ff46894bac4bbed348f8b2a893.jpg...

image 1/1 /home/admin/Documents/FEUP-CV/proj/task2/../datasets/extra-3/data/train/2024-03-28-15-41-19_mp4-0061_jpg.rf.585468ff46894bac4bbed348f8b2a893.jpg: 640x640 1 pool_table, 12.6ms
Speed: 3.1ms preprocess, 12.6ms inference, 24.4ms postprocess per image at shape (1, 3, 640, 640)
Processing extra-3/data/train/2024-03-28-15-41-19_mp4-0061_jpg.rf.287001ab89465cf917b66141372587bc.jpg...

image 1/1 /home/admin/Documents/FEUP-CV/proj/task2/../datasets/extra-3/data/train/2024-03-28-15-41-19_mp4-0061_jpg.rf.287001ab89465cf917b66141372587bc.jpg: 640x640 1 pool_table, 12.5ms
Speed: 3.9ms preprocess, 12.5ms inference, 24.4ms postprocess per image at shape (1, 3, 640, 640)
Processing extra-3/data/train/2024-03-30-11-07-17_mp4-0035_jpg.rf.83ddfa33901582faae6943fc8fa06388.jpg...

image 1/1 /home/admin/Documents/FEUP-CV/proj/task2/../datasets/extra-3/data/train/2024-03-30-11-07-17_mp4-0035_jpg.rf.83ddfa33901582faae6943fc8fa06388.jpg: 640x640 1 pool_table, 12.5ms
Speed: 4.0ms preprocess, 12.5ms inference, 24.4ms postprocess per image at shape (1, 3, 640, 640)
Processing extra-3/data/train/2024-03-28-15-41-19_mp4-0027_jpg.rf.c1424a6e29ebef01b9f93fade2f6865c.jpg...

image 1/1 /home/admin/Documents/FEUP-CV/proj/task2/../datasets/extra-3/data/train/2024-03-28-15-41-19_mp4-0027_jpg.rf.c1424a6e29ebef01b9f93fade2f6865c.jpg: 640x640 1 pool_table, 16.7ms
Speed: 1.3ms preprocess, 16.7ms inference, 35.1ms postprocess per image at shape (1, 3, 640, 640)
Processing extra-3/data/train/IMG_20240319_121500_jpg.rf.47ddaaeafe6c2898a73342fc3f5076a3.jpg...

image 1/1 /home/admin/Documents/FEUP-CV/proj/task2/../datasets/extra-3/data/train/IMG_20240319_121500_jpg.rf.47ddaaeafe6c2898a73342fc3f5076a3.jpg: 640x640 1 pool_table, 16.5ms
Speed: 1.7ms preprocess, 16.5ms inference, 18.1ms postprocess per image at shape (1, 3, 640, 640)
Processing extra-3/data/train/IMG_20240319_121821_jpg.rf.84f47e2e13891a23101db658beb90536.jpg...

image 1/1 /home/admin/Documents/FEUP-CV/proj/task2/../datasets/extra-3/data/train/IMG_20240319_121821_jpg.rf.84f47e2e13891a23101db658beb90536.jpg: 640x640 1 pool_table, 12.5ms
Speed: 4.0ms preprocess, 12.5ms inference, 24.6ms postprocess per image at shape (1, 3, 640, 640)
Processing extra-3/data/train/2024-03-30-11-07-17_mp4-0063_jpg.rf.123b7f4b26565eebf3902a93c249e112.jpg...

image 1/1 /home/admin/Documents/FEUP-CV/proj/task2/../datasets/extra-3/data/train/2024-03-30-11-07-17_mp4-0063_jpg.rf.123b7f4b26565eebf3902a93c249e112.jpg: 640x640 1 pool_table, 12.6ms
Speed: 4.1ms preprocess, 12.6ms inference, 24.4ms postprocess per image at shape (1, 3, 640, 640)
Processing extra-3/data/train/2024-03-30-11-22-03_mp4-0012_jpg.rf.cd653fb58624e2b78627f5d351788190.jpg...

image 1/1 /home/admin/Documents/FEUP-CV/proj/task2/../datasets/extra-3/data/train/2024-03-30-11-22-03_mp4-0012_jpg.rf.cd653fb58624e2b78627f5d351788190.jpg: 640x640 1 pool_table, 16.7ms
Speed: 3.7ms preprocess, 16.7ms inference, 34.9ms postprocess per image at shape (1, 3, 640, 640)
Processing extra-3/data/train/2024-03-30-11-07-17_mp4-0042_jpg.rf.6324476e149fb172f392a8e8779dce84.jpg...

image 1/1 /home/admin/Documents/FEUP-CV/proj/task2/../datasets/extra-3/data/train/2024-03-30-11-07-17_mp4-0042_jpg.rf.6324476e149fb172f392a8e8779dce84.jpg: 640x640 1 pool_table, 16.7ms
Speed: 6.0ms preprocess, 16.7ms inference, 31.6ms postprocess per image at shape (1, 3, 640, 640)
Processing extra-3/data/train/20240319_120449_jpg.rf.4d7686611dbd04517696da6d8f21849f.jpg...

image 1/1 /home/admin/Documents/FEUP-CV/proj/task2/../datasets/extra-3/data/train/20240319_120449_jpg.rf.4d7686611dbd04517696da6d8f21849f.jpg: 640x640 1 pool_table, 12.4ms
Speed: 4.0ms preprocess, 12.4ms inference, 24.4ms postprocess per image at shape (1, 3, 640, 640)
Processing extra-3/data/train/IMG_20240319_121925_jpg.rf.a4f39deda3321334d99d58780b9f18d6.jpg...

image 1/1 /home/admin/Documents/FEUP-CV/proj/task2/../datasets/extra-3/data/train/IMG_20240319_121925_jpg.rf.a4f39deda3321334d99d58780b9f18d6.jpg: 640x640 1 pool_table, 8.1ms
Speed: 4.6ms preprocess, 8.1ms inference, 22.3ms postprocess per image at shape (1, 3, 640, 640)
Processing extra-3/data/train/2024-03-30-11-07-17_mp4-0006_jpg.rf.95e29666f8ed48b64a71c22c578962f5.jpg...

image 1/1 /home/admin/Documents/FEUP-CV/proj/task2/../datasets/extra-3/data/train/2024-03-30-11-07-17_mp4-0006_jpg.rf.95e29666f8ed48b64a71c22c578962f5.jpg: 640x640 1 pool_table, 12.5ms
Speed: 3.0ms preprocess, 12.5ms inference, 30.8ms postprocess per image at shape (1, 3, 640, 640)
Processing extra-3/data/train/IMG_20240319_121936_jpg.rf.c76838c5c52de4711687c9561344a85d.jpg...

image 1/1 /home/admin/Documents/FEUP-CV/proj/task2/../datasets/extra-3/data/train/IMG_20240319_121936_jpg.rf.c76838c5c52de4711687c9561344a85d.jpg: 640x640 1 pool_table, 16.8ms
Speed: 1.2ms preprocess, 16.8ms inference, 35.0ms postprocess per image at shape (1, 3, 640, 640)
Processing extra-3/data/train/2024-03-28-15-41-19_mp4-0068_jpg.rf.ac7fb8c74901a3571166fd551e3d545a.jpg...

image 1/1 /home/admin/Documents/FEUP-CV/proj/task2/../datasets/extra-3/data/train/2024-03-28-15-41-19_mp4-0068_jpg.rf.ac7fb8c74901a3571166fd551e3d545a.jpg: 640x640 1 pool_table, 12.6ms
Speed: 3.0ms preprocess, 12.6ms inference, 24.4ms postprocess per image at shape (1, 3, 640, 640)
Processing extra-3/data/train/2024-03-28-18-35-18_mp4-0020_jpg.rf.04599c171deff84f059857d916c4f20d.jpg...

image 1/1 /home/admin/Documents/FEUP-CV/proj/task2/../datasets/extra-3/data/train/2024-03-28-18-35-18_mp4-0020_jpg.rf.04599c171deff84f059857d916c4f20d.jpg: 640x640 1 pool_table, 12.5ms
Speed: 4.0ms preprocess, 12.5ms inference, 15.1ms postprocess per image at shape (1, 3, 640, 640)
Processing extra-3/data/train/IMG_20240319_120834_jpg.rf.2e59cd274a3a8b66a168e695959ee6c2.jpg...

image 1/1 /home/admin/Documents/FEUP-CV/proj/task2/../datasets/extra-3/data/train/IMG_20240319_120834_jpg.rf.2e59cd274a3a8b66a168e695959ee6c2.jpg: 640x640 1 pool_table, 12.4ms
Speed: 4.1ms preprocess, 12.4ms inference, 24.4ms postprocess per image at shape (1, 3, 640, 640)
Processing extra-3/data/train/IMG_20240319_121027_jpg.rf.18e6382b78edd9cdb57807f190ce8a2b.jpg...

image 1/1 /home/admin/Documents/FEUP-CV/proj/task2/../datasets/extra-3/data/train/IMG_20240319_121027_jpg.rf.18e6382b78edd9cdb57807f190ce8a2b.jpg: 640x640 1 pool_table, 16.7ms
Speed: 1.6ms preprocess, 16.7ms inference, 35.1ms postprocess per image at shape (1, 3, 640, 640)
Processing extra-3/data/train/2024-03-30-11-15-02_mp4-0060_jpg.rf.95ca27ffb7854be5c0444c8365b38a93.jpg...

image 1/1 /home/admin/Documents/FEUP-CV/proj/task2/../datasets/extra-3/data/train/2024-03-30-11-15-02_mp4-0060_jpg.rf.95ca27ffb7854be5c0444c8365b38a93.jpg: 640x640 1 pool_table, 16.6ms
Speed: 1.9ms preprocess, 16.6ms inference, 27.6ms postprocess per image at shape (1, 3, 640, 640)
Processing extra-3/data/train/20240319_120449_jpg.rf.dccf51d727d88ae25f555f1630adf4c6.jpg...

image 1/1 /home/admin/Documents/FEUP-CV/proj/task2/../datasets/extra-3/data/train/20240319_120449_jpg.rf.dccf51d727d88ae25f555f1630adf4c6.jpg: 640x640 1 pool_table, 12.5ms
Speed: 4.2ms preprocess, 12.5ms inference, 24.6ms postprocess per image at shape (1, 3, 640, 640)
Processing extra-3/data/train/2024-03-28-15-41-19_mp4-0021_jpg.rf.b6c9242227ae7d3e2c30f18e2ea4a566.jpg...

image 1/1 /home/admin/Documents/FEUP-CV/proj/task2/../datasets/extra-3/data/train/2024-03-28-15-41-19_mp4-0021_jpg.rf.b6c9242227ae7d3e2c30f18e2ea4a566.jpg: 640x640 1 pool_table, 12.5ms
Speed: 2.8ms preprocess, 12.5ms inference, 24.3ms postprocess per image at shape (1, 3, 640, 640)
Processing extra-3/data/train/2024-03-28-18-28-05_mp4-0038_jpg.rf.45eb1658ee3bc3b1ac1a0be5e8b23fac.jpg...

image 1/1 /home/admin/Documents/FEUP-CV/proj/task2/../datasets/extra-3/data/train/2024-03-28-18-28-05_mp4-0038_jpg.rf.45eb1658ee3bc3b1ac1a0be5e8b23fac.jpg: 640x640 1 pool_table, 12.4ms
Speed: 4.2ms preprocess, 12.4ms inference, 34.9ms postprocess per image at shape (1, 3, 640, 640)
Processing extra-3/data/train/IMG_20240319_121143_jpg.rf.73c451b76e34659308db50a9b90eb32f.jpg...

image 1/1 /home/admin/Documents/FEUP-CV/proj/task2/../datasets/extra-3/data/train/IMG_20240319_121143_jpg.rf.73c451b76e34659308db50a9b90eb32f.jpg: 640x640 1 pool_table, 16.6ms
Speed: 1.3ms preprocess, 16.6ms inference, 34.7ms postprocess per image at shape (1, 3, 640, 640)
Processing extra-3/data/train/IMG_20240319_122211_jpg.rf.18a93fdc55d5fbf9133a9e785cb99b7c.jpg...

image 1/1 /home/admin/Documents/FEUP-CV/proj/task2/../datasets/extra-3/data/train/IMG_20240319_122211_jpg.rf.18a93fdc55d5fbf9133a9e785cb99b7c.jpg: 640x640 1 pool_table, 12.3ms
Speed: 3.7ms preprocess, 12.3ms inference, 24.3ms postprocess per image at shape (1, 3, 640, 640)
Processing extra-3/data/train/2024-03-28-15-41-19_mp4-0028_jpg.rf.eabbc56132c91dc067ed8e62eefe5be6.jpg...

image 1/1 /home/admin/Documents/FEUP-CV/proj/task2/../datasets/extra-3/data/train/2024-03-28-15-41-19_mp4-0028_jpg.rf.eabbc56132c91dc067ed8e62eefe5be6.jpg: 640x640 1 pool_table, 7.9ms
Speed: 2.6ms preprocess, 7.9ms inference, 18.1ms postprocess per image at shape (1, 3, 640, 640)
Processing extra-3/data/train/2024-03-28-15-41-19_mp4-0053_jpg.rf.02cceffebe7f0c1b4f804aa9ecb5cd93.jpg...

image 1/1 /home/admin/Documents/FEUP-CV/proj/task2/../datasets/extra-3/data/train/2024-03-28-15-41-19_mp4-0053_jpg.rf.02cceffebe7f0c1b4f804aa9ecb5cd93.jpg: 640x640 1 pool_table, 12.5ms
Speed: 3.8ms preprocess, 12.5ms inference, 24.5ms postprocess per image at shape (1, 3, 640, 640)
Processing extra-3/data/train/2024-03-30-11-15-02_mp4-0031_jpg.rf.be8007693e235a51e471b5c916218d12.jpg...

image 1/1 /home/admin/Documents/FEUP-CV/proj/task2/../datasets/extra-3/data/train/2024-03-30-11-15-02_mp4-0031_jpg.rf.be8007693e235a51e471b5c916218d12.jpg: 640x640 1 pool_table, 16.8ms
Speed: 8.0ms preprocess, 16.8ms inference, 35.1ms postprocess per image at shape (1, 3, 640, 640)
Processing extra-3/data/train/2024-03-30-11-22-03_mp4-0031_jpg.rf.6ea3d0c4395ceceffa47425851d27f77.jpg...

image 1/1 /home/admin/Documents/FEUP-CV/proj/task2/../datasets/extra-3/data/train/2024-03-30-11-22-03_mp4-0031_jpg.rf.6ea3d0c4395ceceffa47425851d27f77.jpg: 640x640 1 pool_table, 12.3ms
Speed: 7.4ms preprocess, 12.3ms inference, 24.3ms postprocess per image at shape (1, 3, 640, 640)
Processing extra-3/data/train/2024-03-30-11-07-17_mp4-0017_jpg.rf.553ca286543a8931f22001a2fed9ed72.jpg...

image 1/1 /home/admin/Documents/FEUP-CV/proj/task2/../datasets/extra-3/data/train/2024-03-30-11-07-17_mp4-0017_jpg.rf.553ca286543a8931f22001a2fed9ed72.jpg: 640x640 1 pool_table, 12.3ms
Speed: 3.0ms preprocess, 12.3ms inference, 24.4ms postprocess per image at shape (1, 3, 640, 640)
Processing extra-3/data/train/20240328_171147_jpg.rf.dacf06002c6332ddb52072441e2c586d.jpg...

image 1/1 /home/admin/Documents/FEUP-CV/proj/task2/../datasets/extra-3/data/train/20240328_171147_jpg.rf.dacf06002c6332ddb52072441e2c586d.jpg: 640x640 1 pool_table, 12.3ms
Speed: 3.7ms preprocess, 12.3ms inference, 24.3ms postprocess per image at shape (1, 3, 640, 640)
Processing extra-3/data/train/2024-03-30-11-22-03_mp4-0030_jpg.rf.0c07b3c2e52d9d9bce1151425f8521cb.jpg...

image 1/1 /home/admin/Documents/FEUP-CV/proj/task2/../datasets/extra-3/data/train/2024-03-30-11-22-03_mp4-0030_jpg.rf.0c07b3c2e52d9d9bce1151425f8521cb.jpg: 640x640 1 pool_table, 16.7ms
Speed: 8.0ms preprocess, 16.7ms inference, 35.0ms postprocess per image at shape (1, 3, 640, 640)
Processing extra-3/data/train/2024-03-28-18-35-18_mp4-0011_jpg.rf.591d5d47f1f30b7294dc54390e2dc96c.jpg...

image 1/1 /home/admin/Documents/FEUP-CV/proj/task2/../datasets/extra-3/data/train/2024-03-28-18-35-18_mp4-0011_jpg.rf.591d5d47f1f30b7294dc54390e2dc96c.jpg: 640x640 1 pool_table, 15.9ms
Speed: 7.7ms preprocess, 15.9ms inference, 24.3ms postprocess per image at shape (1, 3, 640, 640)
Processing extra-3/data/train/IMG_20240319_120956_jpg.rf.44993caa89be5ed44b3f3c2bdf3f2bac.jpg...

image 1/1 /home/admin/Documents/FEUP-CV/proj/task2/../datasets/extra-3/data/train/IMG_20240319_120956_jpg.rf.44993caa89be5ed44b3f3c2bdf3f2bac.jpg: 640x640 1 pool_table, 12.5ms
Speed: 3.8ms preprocess, 12.5ms inference, 24.5ms postprocess per image at shape (1, 3, 640, 640)
Processing extra-3/data/train/2024-03-28-18-28-05_mp4-0029_jpg.rf.e9812f475ce437118bf891b148e14fbf.jpg...

image 1/1 /home/admin/Documents/FEUP-CV/proj/task2/../datasets/extra-3/data/train/2024-03-28-18-28-05_mp4-0029_jpg.rf.e9812f475ce437118bf891b148e14fbf.jpg: 640x640 1 pool_table, 12.5ms
Speed: 4.3ms preprocess, 12.5ms inference, 24.4ms postprocess per image at shape (1, 3, 640, 640)
Processing extra-3/data/train/2024-03-28-15-41-19_mp4-0012_jpg.rf.9ddc6b94e13dc036af3e54643a47beed.jpg...

image 1/1 /home/admin/Documents/FEUP-CV/proj/task2/../datasets/extra-3/data/train/2024-03-28-15-41-19_mp4-0012_jpg.rf.9ddc6b94e13dc036af3e54643a47beed.jpg: 640x640 1 pool_table, 10.7ms
Speed: 4.6ms preprocess, 10.7ms inference, 28.7ms postprocess per image at shape (1, 3, 640, 640)
Processing extra-3/data/train/2024-03-30-11-15-02_mp4-0007_jpg.rf.f1e719fef53cb8b8f4b936221fbda596.jpg...

image 1/1 /home/admin/Documents/FEUP-CV/proj/task2/../datasets/extra-3/data/train/2024-03-30-11-15-02_mp4-0007_jpg.rf.f1e719fef53cb8b8f4b936221fbda596.jpg: 640x640 1 pool_table, 16.8ms
Speed: 1.6ms preprocess, 16.8ms inference, 34.8ms postprocess per image at shape (1, 3, 640, 640)
Processing extra-3/data/train/IMG_20240319_121037_jpg.rf.484e9db4beb26ec2a0e20d367016474d.jpg...

image 1/1 /home/admin/Documents/FEUP-CV/proj/task2/../datasets/extra-3/data/train/IMG_20240319_121037_jpg.rf.484e9db4beb26ec2a0e20d367016474d.jpg: 640x640 1 pool_table, 12.4ms
Speed: 3.1ms preprocess, 12.4ms inference, 24.3ms postprocess per image at shape (1, 3, 640, 640)
Processing extra-3/data/train/2024-03-28-15-41-19_mp4-0054_jpg.rf.60a357d79e0d9d526612aebccad7f047.jpg...

image 1/1 /home/admin/Documents/FEUP-CV/proj/task2/../datasets/extra-3/data/train/2024-03-28-15-41-19_mp4-0054_jpg.rf.60a357d79e0d9d526612aebccad7f047.jpg: 640x640 1 pool_table, 12.4ms
Speed: 3.4ms preprocess, 12.4ms inference, 13.6ms postprocess per image at shape (1, 3, 640, 640)
Processing extra-3/data/train/2024-03-28-18-28-05_mp4-0030_jpg.rf.74d79c7d8d7f40455aeed2f30797612d.jpg...

image 1/1 /home/admin/Documents/FEUP-CV/proj/task2/../datasets/extra-3/data/train/2024-03-28-18-28-05_mp4-0030_jpg.rf.74d79c7d8d7f40455aeed2f30797612d.jpg: 640x640 1 pool_table, 12.4ms
Speed: 4.2ms preprocess, 12.4ms inference, 28.6ms postprocess per image at shape (1, 3, 640, 640)
Processing extra-3/data/train/2024-03-28-18-35-18_mp4-0023_jpg.rf.735e342de95a7ae552545254ffb1f5e1.jpg...

image 1/1 /home/admin/Documents/FEUP-CV/proj/task2/../datasets/extra-3/data/train/2024-03-28-18-35-18_mp4-0023_jpg.rf.735e342de95a7ae552545254ffb1f5e1.jpg: 640x640 1 pool_table, 16.8ms
Speed: 1.8ms preprocess, 16.8ms inference, 35.2ms postprocess per image at shape (1, 3, 640, 640)
Processing extra-3/data/train/2024-03-30-11-07-17_mp4-0040_jpg.rf.a547c4dfb1394ffbfa84e92290b7e652.jpg...

image 1/1 /home/admin/Documents/FEUP-CV/proj/task2/../datasets/extra-3/data/train/2024-03-30-11-07-17_mp4-0040_jpg.rf.a547c4dfb1394ffbfa84e92290b7e652.jpg: 640x640 1 pool_table, 12.6ms
Speed: 1.9ms preprocess, 12.6ms inference, 24.4ms postprocess per image at shape (1, 3, 640, 640)
Processing extra-3/data/train/2024-03-30-11-07-17_mp4-0042_jpg.rf.c470e1e8d6c1780236db6de428ea1c25.jpg...

image 1/1 /home/admin/Documents/FEUP-CV/proj/task2/../datasets/extra-3/data/train/2024-03-30-11-07-17_mp4-0042_jpg.rf.c470e1e8d6c1780236db6de428ea1c25.jpg: 640x640 1 pool_table, 12.4ms
Speed: 4.5ms preprocess, 12.4ms inference, 24.3ms postprocess per image at shape (1, 3, 640, 640)
Processing extra-3/data/train/2024-03-30-11-07-17_mp4-0037_jpg.rf.27efe6c44468df1d16fff14a88e6dc76.jpg...

image 1/1 /home/admin/Documents/FEUP-CV/proj/task2/../datasets/extra-3/data/train/2024-03-30-11-07-17_mp4-0037_jpg.rf.27efe6c44468df1d16fff14a88e6dc76.jpg: 640x640 1 pool_table, 12.5ms
Speed: 4.4ms preprocess, 12.5ms inference, 24.5ms postprocess per image at shape (1, 3, 640, 640)
Processing extra-3/data/train/2024-03-30-11-07-17_mp4-0014_jpg.rf.8e31aade786bd1207566f538d7ddf9f3.jpg...

image 1/1 /home/admin/Documents/FEUP-CV/proj/task2/../datasets/extra-3/data/train/2024-03-30-11-07-17_mp4-0014_jpg.rf.8e31aade786bd1207566f538d7ddf9f3.jpg: 640x640 1 pool_table, 16.7ms
Speed: 1.9ms preprocess, 16.7ms inference, 34.9ms postprocess per image at shape (1, 3, 640, 640)
Processing extra-3/data/train/2024-03-30-11-22-03_mp4-0031_jpg.rf.eae075016021e91fcac755ca22f5824b.jpg...

image 1/1 /home/admin/Documents/FEUP-CV/proj/task2/../datasets/extra-3/data/train/2024-03-30-11-22-03_mp4-0031_jpg.rf.eae075016021e91fcac755ca22f5824b.jpg: 640x640 1 pool_table, 16.7ms
Speed: 1.7ms preprocess, 16.7ms inference, 28.1ms postprocess per image at shape (1, 3, 640, 640)
Processing extra-3/data/train/2024-03-30-11-07-17_mp4-0043_jpg.rf.2f2f5571438fba0922a66a83e6e1e8f7.jpg...

image 1/1 /home/admin/Documents/FEUP-CV/proj/task2/../datasets/extra-3/data/train/2024-03-30-11-07-17_mp4-0043_jpg.rf.2f2f5571438fba0922a66a83e6e1e8f7.jpg: 640x640 1 pool_table, 12.5ms
Speed: 1.8ms preprocess, 12.5ms inference, 24.4ms postprocess per image at shape (1, 3, 640, 640)
Processing extra-3/data/train/2024-03-28-15-41-19_mp4-0025_jpg.rf.4bd2077272358b729d257274508ec1af.jpg...

image 1/1 /home/admin/Documents/FEUP-CV/proj/task2/../datasets/extra-3/data/train/2024-03-28-15-41-19_mp4-0025_jpg.rf.4bd2077272358b729d257274508ec1af.jpg: 640x640 1 pool_table, 12.5ms
Speed: 2.8ms preprocess, 12.5ms inference, 24.5ms postprocess per image at shape (1, 3, 640, 640)
Processing extra-3/data/train/2024-03-28-15-41-19_mp4-0032_jpg.rf.c2f74c9b7a6d2090b9677a1e85a2ac30.jpg...

image 1/1 /home/admin/Documents/FEUP-CV/proj/task2/../datasets/extra-3/data/train/2024-03-28-15-41-19_mp4-0032_jpg.rf.c2f74c9b7a6d2090b9677a1e85a2ac30.jpg: 640x640 1 pool_table, 12.5ms
Speed: 3.6ms preprocess, 12.5ms inference, 32.9ms postprocess per image at shape (1, 3, 640, 640)
Processing extra-3/data/train/2024-03-30-11-15-02_mp4-0071_jpg.rf.44a7b76a07ef7053f9b57b3cedc34b9f.jpg...

image 1/1 /home/admin/Documents/FEUP-CV/proj/task2/../datasets/extra-3/data/train/2024-03-30-11-15-02_mp4-0071_jpg.rf.44a7b76a07ef7053f9b57b3cedc34b9f.jpg: 640x640 1 pool_table, 16.6ms
Speed: 7.9ms preprocess, 16.6ms inference, 34.9ms postprocess per image at shape (1, 3, 640, 640)
Processing extra-3/data/train/2024-03-28-15-41-19_mp4-0005_jpg.rf.572637f95fff725cdc4de27ae67db286.jpg...

image 1/1 /home/admin/Documents/FEUP-CV/proj/task2/../datasets/extra-3/data/train/2024-03-28-15-41-19_mp4-0005_jpg.rf.572637f95fff725cdc4de27ae67db286.jpg: 640x640 1 pool_table, 12.4ms
Speed: 3.5ms preprocess, 12.4ms inference, 24.5ms postprocess per image at shape (1, 3, 640, 640)
Processing extra-3/data/train/IMG_20240319_122002_jpg.rf.5b05ea2a29065ecaee2ebc0d68615f86.jpg...

image 1/1 /home/admin/Documents/FEUP-CV/proj/task2/../datasets/extra-3/data/train/IMG_20240319_122002_jpg.rf.5b05ea2a29065ecaee2ebc0d68615f86.jpg: 640x640 1 pool_table, 12.5ms
Speed: 3.2ms preprocess, 12.5ms inference, 24.6ms postprocess per image at shape (1, 3, 640, 640)
Processing extra-3/data/train/2024-03-30-11-22-03_mp4-0025_jpg.rf.45f273ed399c495d17afe1e5b0b0546d.jpg...

image 1/1 /home/admin/Documents/FEUP-CV/proj/task2/../datasets/extra-3/data/train/2024-03-30-11-22-03_mp4-0025_jpg.rf.45f273ed399c495d17afe1e5b0b0546d.jpg: 640x640 1 pool_table, 12.6ms
Speed: 3.1ms preprocess, 12.6ms inference, 24.5ms postprocess per image at shape (1, 3, 640, 640)
Processing extra-3/data/train/2024-03-28-15-41-19_mp4-0062_jpg.rf.e1f77024a396081dd419f343c00d1323.jpg...

image 1/1 /home/admin/Documents/FEUP-CV/proj/task2/../datasets/extra-3/data/train/2024-03-28-15-41-19_mp4-0062_jpg.rf.e1f77024a396081dd419f343c00d1323.jpg: 640x640 1 pool_table, 16.6ms
Speed: 7.3ms preprocess, 16.6ms inference, 34.9ms postprocess per image at shape (1, 3, 640, 640)
Processing extra-3/data/train/IMG_20240319_121139_jpg.rf.e64e91fa24ef48ad5d71fd1b979eea88.jpg...

image 1/1 /home/admin/Documents/FEUP-CV/proj/task2/../datasets/extra-3/data/train/IMG_20240319_121139_jpg.rf.e64e91fa24ef48ad5d71fd1b979eea88.jpg: 640x640 1 pool_table, 13.5ms
Speed: 1.4ms preprocess, 13.5ms inference, 24.4ms postprocess per image at shape (1, 3, 640, 640)
Processing extra-3/data/train/2024-03-28-18-35-18_mp4-0023_jpg.rf.107eb6d88de1a63766f823fb1945528e.jpg...

image 1/1 /home/admin/Documents/FEUP-CV/proj/task2/../datasets/extra-3/data/train/2024-03-28-18-35-18_mp4-0023_jpg.rf.107eb6d88de1a63766f823fb1945528e.jpg: 640x640 1 pool_table, 12.3ms
Speed: 3.7ms preprocess, 12.3ms inference, 24.3ms postprocess per image at shape (1, 3, 640, 640)
Processing extra-3/data/train/2024-03-28-18-28-05_mp4-0006_jpg.rf.9608c36d2717e531f338da8d80dbdaa0.jpg...

image 1/1 /home/admin/Documents/FEUP-CV/proj/task2/../datasets/extra-3/data/train/2024-03-28-18-28-05_mp4-0006_jpg.rf.9608c36d2717e531f338da8d80dbdaa0.jpg: 640x640 1 pool_table, 12.7ms
Speed: 4.3ms preprocess, 12.7ms inference, 24.6ms postprocess per image at shape (1, 3, 640, 640)
Processing extra-3/data/train/IMG_20240319_120956_jpg.rf.880858fc7ee7ce36ecec7da64f0955b8.jpg...

image 1/1 /home/admin/Documents/FEUP-CV/proj/task2/../datasets/extra-3/data/train/IMG_20240319_120956_jpg.rf.880858fc7ee7ce36ecec7da64f0955b8.jpg: 640x640 1 pool_table, 16.9ms
Speed: 1.8ms preprocess, 16.9ms inference, 35.1ms postprocess per image at shape (1, 3, 640, 640)
Processing extra-3/data/train/2024-03-28-18-35-18_mp4-0011_jpg.rf.5cd0f1e057b7b0e205ce7d03a368b9cc.jpg...

image 1/1 /home/admin/Documents/FEUP-CV/proj/task2/../datasets/extra-3/data/train/2024-03-28-18-35-18_mp4-0011_jpg.rf.5cd0f1e057b7b0e205ce7d03a368b9cc.jpg: 640x640 1 pool_table, 16.9ms
Speed: 1.8ms preprocess, 16.9ms inference, 28.0ms postprocess per image at shape (1, 3, 640, 640)
Processing extra-3/data/train/2024-03-28-18-35-18_mp4-0022_jpg.rf.44210c1d31d71d9255f9722b541bd5c3.jpg...

image 1/1 /home/admin/Documents/FEUP-CV/proj/task2/../datasets/extra-3/data/train/2024-03-28-18-35-18_mp4-0022_jpg.rf.44210c1d31d71d9255f9722b541bd5c3.jpg: 640x640 1 pool_table, 12.3ms
Speed: 4.0ms preprocess, 12.3ms inference, 24.2ms postprocess per image at shape (1, 3, 640, 640)
Processing extra-3/data/train/2024-03-30-11-07-17_mp4-0056_jpg.rf.efbe9c54d6423dcc56ed6f3e1649687a.jpg...

image 1/1 /home/admin/Documents/FEUP-CV/proj/task2/../datasets/extra-3/data/train/2024-03-30-11-07-17_mp4-0056_jpg.rf.efbe9c54d6423dcc56ed6f3e1649687a.jpg: 640x640 1 pool_table, 12.3ms
Speed: 3.7ms preprocess, 12.3ms inference, 24.3ms postprocess per image at shape (1, 3, 640, 640)
Processing extra-3/data/train/2024-03-30-11-15-02_mp4-0003_jpg.rf.ab4d91018f71561a42b0b98b35a5eee0.jpg...

image 1/1 /home/admin/Documents/FEUP-CV/proj/task2/../datasets/extra-3/data/train/2024-03-30-11-15-02_mp4-0003_jpg.rf.ab4d91018f71561a42b0b98b35a5eee0.jpg: 640x640 1 pool_table, 12.2ms
Speed: 3.7ms preprocess, 12.2ms inference, 30.8ms postprocess per image at shape (1, 3, 640, 640)
Processing extra-3/data/train/IMG_20240319_121734_jpg.rf.23d2b061d115f86d1714fd8743d4614e.jpg...

image 1/1 /home/admin/Documents/FEUP-CV/proj/task2/../datasets/extra-3/data/train/IMG_20240319_121734_jpg.rf.23d2b061d115f86d1714fd8743d4614e.jpg: 640x640 1 pool_table, 16.6ms
Speed: 7.4ms preprocess, 16.6ms inference, 35.0ms postprocess per image at shape (1, 3, 640, 640)
Processing extra-3/data/train/20240319_120440_jpg.rf.443aa59dd18bd6172f7b6f7432f25cfc.jpg...

image 1/1 /home/admin/Documents/FEUP-CV/proj/task2/../datasets/extra-3/data/train/20240319_120440_jpg.rf.443aa59dd18bd6172f7b6f7432f25cfc.jpg: 640x640 1 pool_table, 12.4ms
Speed: 2.8ms preprocess, 12.4ms inference, 24.4ms postprocess per image at shape (1, 3, 640, 640)
Processing extra-3/data/train/2024-03-28-15-41-19_mp4-0028_jpg.rf.e3f0207e86bdc294ce72b2e4d77fdc6f.jpg...

image 1/1 /home/admin/Documents/FEUP-CV/proj/task2/../datasets/extra-3/data/train/2024-03-28-15-41-19_mp4-0028_jpg.rf.e3f0207e86bdc294ce72b2e4d77fdc6f.jpg: 640x640 1 pool_table, 12.6ms
Speed: 2.4ms preprocess, 12.6ms inference, 24.5ms postprocess per image at shape (1, 3, 640, 640)
Processing extra-3/data/train/2024-03-28-15-41-19_mp4-0062_jpg.rf.c438fa4ac4fe6cdccb62e84e29000eb7.jpg...

image 1/1 /home/admin/Documents/FEUP-CV/proj/task2/../datasets/extra-3/data/train/2024-03-28-15-41-19_mp4-0062_jpg.rf.c438fa4ac4fe6cdccb62e84e29000eb7.jpg: 640x640 1 pool_table, 12.7ms
Speed: 4.5ms preprocess, 12.7ms inference, 24.6ms postprocess per image at shape (1, 3, 640, 640)
Processing extra-3/data/train/IMG_20240319_121827_jpg.rf.79846abaf224eab85924595f1309cd97.jpg...

image 1/1 /home/admin/Documents/FEUP-CV/proj/task2/../datasets/extra-3/data/train/IMG_20240319_121827_jpg.rf.79846abaf224eab85924595f1309cd97.jpg: 640x640 1 pool_table, 16.8ms
Speed: 1.9ms preprocess, 16.8ms inference, 35.0ms postprocess per image at shape (1, 3, 640, 640)
Processing extra-3/data/train/20240328_171414_jpg.rf.1059c80968de5252f2e139533b2c38c4.jpg...

image 1/1 /home/admin/Documents/FEUP-CV/proj/task2/../datasets/extra-3/data/train/20240328_171414_jpg.rf.1059c80968de5252f2e139533b2c38c4.jpg: 640x640 1 pool_table, 16.6ms
Speed: 7.9ms preprocess, 16.6ms inference, 28.4ms postprocess per image at shape (1, 3, 640, 640)
Processing extra-3/data/train/2024-03-30-11-07-17_mp4-0023_jpg.rf.06ff67ecccea12793a4211c223854870.jpg...

image 1/1 /home/admin/Documents/FEUP-CV/proj/task2/../datasets/extra-3/data/train/2024-03-30-11-07-17_mp4-0023_jpg.rf.06ff67ecccea12793a4211c223854870.jpg: 640x640 1 pool_table, 12.4ms
Speed: 3.9ms preprocess, 12.4ms inference, 24.4ms postprocess per image at shape (1, 3, 640, 640)
Processing extra-3/data/train/2024-03-30-11-15-02_mp4-0009_jpg.rf.adf02a2d8e37973216d5411dff8c7020.jpg...

image 1/1 /home/admin/Documents/FEUP-CV/proj/task2/../datasets/extra-3/data/train/2024-03-30-11-15-02_mp4-0009_jpg.rf.adf02a2d8e37973216d5411dff8c7020.jpg: 640x640 1 pool_table, 12.4ms
Speed: 4.4ms preprocess, 12.4ms inference, 24.3ms postprocess per image at shape (1, 3, 640, 640)
Processing extra-3/data/train/2024-03-30-11-15-02_mp4-0037_jpg.rf.bb8ed66171cc296155a3bcc06e7eb212.jpg...

image 1/1 /home/admin/Documents/FEUP-CV/proj/task2/../datasets/extra-3/data/train/2024-03-30-11-15-02_mp4-0037_jpg.rf.bb8ed66171cc296155a3bcc06e7eb212.jpg: 640x640 1 pool_table, 8.2ms
Speed: 2.5ms preprocess, 8.2ms inference, 32.9ms postprocess per image at shape (1, 3, 640, 640)
Processing extra-3/data/train/2024-03-30-11-07-17_mp4-0011_jpg.rf.24676487823916340e42aba45e169927.jpg...

image 1/1 /home/admin/Documents/FEUP-CV/proj/task2/../datasets/extra-3/data/train/2024-03-30-11-07-17_mp4-0011_jpg.rf.24676487823916340e42aba45e169927.jpg: 640x640 1 pool_table, 12.5ms
Speed: 3.6ms preprocess, 12.5ms inference, 32.8ms postprocess per image at shape (1, 3, 640, 640)
Processing extra-3/data/train/2024-03-28-18-28-05_mp4-0037_jpg.rf.cf93bb01ac21e8466ab8dc3b192937bf.jpg...

image 1/1 /home/admin/Documents/FEUP-CV/proj/task2/../datasets/extra-3/data/train/2024-03-28-18-28-05_mp4-0037_jpg.rf.cf93bb01ac21e8466ab8dc3b192937bf.jpg: 640x640 1 pool_table, 12.3ms
Speed: 3.5ms preprocess, 12.3ms inference, 24.5ms postprocess per image at shape (1, 3, 640, 640)
Processing extra-3/data/train/2024-03-30-11-07-17_mp4-0036_jpg.rf.232358b2077043a8164fa1d51297e198.jpg...

image 1/1 /home/admin/Documents/FEUP-CV/proj/task2/../datasets/extra-3/data/train/2024-03-30-11-07-17_mp4-0036_jpg.rf.232358b2077043a8164fa1d51297e198.jpg: 640x640 1 pool_table, 12.6ms
Speed: 3.7ms preprocess, 12.6ms inference, 24.4ms postprocess per image at shape (1, 3, 640, 640)
Processing extra-3/data/train/2024-03-30-11-15-02_mp4-0051_jpg.rf.162779079dcaf8e7aa7734cd0ac9416c.jpg...

image 1/1 /home/admin/Documents/FEUP-CV/proj/task2/../datasets/extra-3/data/train/2024-03-30-11-15-02_mp4-0051_jpg.rf.162779079dcaf8e7aa7734cd0ac9416c.jpg: 640x640 1 pool_table, 12.6ms
Speed: 4.0ms preprocess, 12.6ms inference, 30.9ms postprocess per image at shape (1, 3, 640, 640)
Processing extra-3/data/train/20240328_171411_jpg.rf.8878d8d577454641a5926fb7133b1988.jpg...

image 1/1 /home/admin/Documents/FEUP-CV/proj/task2/../datasets/extra-3/data/train/20240328_171411_jpg.rf.8878d8d577454641a5926fb7133b1988.jpg: 640x640 1 pool_table, 16.7ms
Speed: 7.9ms preprocess, 16.7ms inference, 34.9ms postprocess per image at shape (1, 3, 640, 640)
Processing extra-3/data/train/2024-03-30-11-07-17_mp4-0014_jpg.rf.ccd9437902bdfa59c6f49f0d898deb45.jpg...

image 1/1 /home/admin/Documents/FEUP-CV/proj/task2/../datasets/extra-3/data/train/2024-03-30-11-07-17_mp4-0014_jpg.rf.ccd9437902bdfa59c6f49f0d898deb45.jpg: 640x640 1 pool_table, 12.4ms
Speed: 3.4ms preprocess, 12.4ms inference, 24.4ms postprocess per image at shape (1, 3, 640, 640)
Processing extra-3/data/train/IMG_20240319_120803_jpg.rf.ab97683db2a434ba84e55e82f410a66b.jpg...

image 1/1 /home/admin/Documents/FEUP-CV/proj/task2/../datasets/extra-3/data/train/IMG_20240319_120803_jpg.rf.ab97683db2a434ba84e55e82f410a66b.jpg: 640x640 1 pool_table, 12.5ms
Speed: 4.2ms preprocess, 12.5ms inference, 24.4ms postprocess per image at shape (1, 3, 640, 640)
Processing extra-3/data/train/20240328_171428_jpg.rf.1ab7d15241dcfe0615cb16803f2f7b20.jpg...

image 1/1 /home/admin/Documents/FEUP-CV/proj/task2/../datasets/extra-3/data/train/20240328_171428_jpg.rf.1ab7d15241dcfe0615cb16803f2f7b20.jpg: 640x640 1 pool_table, 12.5ms
Speed: 4.1ms preprocess, 12.5ms inference, 26.6ms postprocess per image at shape (1, 3, 640, 640)
Processing extra-3/data/train/2024-03-30-11-07-17_mp4-0040_jpg.rf.1ee2b9b962bf267734b1b40c44d498e6.jpg...

image 1/1 /home/admin/Documents/FEUP-CV/proj/task2/../datasets/extra-3/data/train/2024-03-30-11-07-17_mp4-0040_jpg.rf.1ee2b9b962bf267734b1b40c44d498e6.jpg: 640x640 1 pool_table, 16.8ms
Speed: 7.6ms preprocess, 16.8ms inference, 34.9ms postprocess per image at shape (1, 3, 640, 640)
Processing extra-3/data/train/20240328_171414_jpg.rf.78e43ab2cbe022c709c8b34547df452a.jpg...

image 1/1 /home/admin/Documents/FEUP-CV/proj/task2/../datasets/extra-3/data/train/20240328_171414_jpg.rf.78e43ab2cbe022c709c8b34547df452a.jpg: 640x640 1 pool_table, 12.4ms
Speed: 1.8ms preprocess, 12.4ms inference, 24.4ms postprocess per image at shape (1, 3, 640, 640)
Processing extra-3/data/train/20240328_171416_jpg.rf.ef31e74bacd0fbba5b2d16069dedcc57.jpg...

image 1/1 /home/admin/Documents/FEUP-CV/proj/task2/../datasets/extra-3/data/train/20240328_171416_jpg.rf.ef31e74bacd0fbba5b2d16069dedcc57.jpg: 640x640 1 pool_table, 12.4ms
Speed: 3.9ms preprocess, 12.4ms inference, 23.3ms postprocess per image at shape (1, 3, 640, 640)
Processing extra-3/data/train/2024-03-30-11-15-02_mp4-0059_jpg.rf.ca3ce46f3019293fe728a412a36a3094.jpg...

image 1/1 /home/admin/Documents/FEUP-CV/proj/task2/../datasets/extra-3/data/train/2024-03-30-11-15-02_mp4-0059_jpg.rf.ca3ce46f3019293fe728a412a36a3094.jpg: 640x640 1 pool_table, 12.4ms
Speed: 3.9ms preprocess, 12.4ms inference, 24.4ms postprocess per image at shape (1, 3, 640, 640)
Processing extra-3/data/train/IMG_20240319_121505_jpg.rf.6bbb6dbbf5aeef71715d6bafafb92e3b.jpg...

image 1/1 /home/admin/Documents/FEUP-CV/proj/task2/../datasets/extra-3/data/train/IMG_20240319_121505_jpg.rf.6bbb6dbbf5aeef71715d6bafafb92e3b.jpg: 640x640 1 pool_table, 16.7ms
Speed: 1.4ms preprocess, 16.7ms inference, 35.0ms postprocess per image at shape (1, 3, 640, 640)
Processing extra-3/data/train/2024-03-30-11-22-03_mp4-0027_jpg.rf.41d1baf14eaca91daa8b87a09b7e07e8.jpg...

image 1/1 /home/admin/Documents/FEUP-CV/proj/task2/../datasets/extra-3/data/train/2024-03-30-11-22-03_mp4-0027_jpg.rf.41d1baf14eaca91daa8b87a09b7e07e8.jpg: 640x640 1 pool_table, 16.8ms
Speed: 7.3ms preprocess, 16.8ms inference, 27.9ms postprocess per image at shape (1, 3, 640, 640)
Processing extra-3/data/train/2024-03-28-15-41-19_mp4-0058_jpg.rf.5c777f2a1a425b4694dd9fb2f31c43af.jpg...

image 1/1 /home/admin/Documents/FEUP-CV/proj/task2/../datasets/extra-3/data/train/2024-03-28-15-41-19_mp4-0058_jpg.rf.5c777f2a1a425b4694dd9fb2f31c43af.jpg: 640x640 1 pool_table, 12.6ms
Speed: 3.2ms preprocess, 12.6ms inference, 24.5ms postprocess per image at shape (1, 3, 640, 640)
Processing extra-3/data/train/2024-03-28-18-35-18_mp4-0004_jpg.rf.dd385bd48faafb39a09873eef014f74f.jpg...

image 1/1 /home/admin/Documents/FEUP-CV/proj/task2/../datasets/extra-3/data/train/2024-03-28-18-35-18_mp4-0004_jpg.rf.dd385bd48faafb39a09873eef014f74f.jpg: 640x640 1 pool_table, 12.5ms
Speed: 3.8ms preprocess, 12.5ms inference, 24.5ms postprocess per image at shape (1, 3, 640, 640)
Processing extra-3/data/train/2024-03-28-18-35-18_mp4-0021_jpg.rf.7f395f0887e665f0f9c689d66f461945.jpg...

image 1/1 /home/admin/Documents/FEUP-CV/proj/task2/../datasets/extra-3/data/train/2024-03-28-18-35-18_mp4-0021_jpg.rf.7f395f0887e665f0f9c689d66f461945.jpg: 640x640 1 pool_table, 14.5ms
Speed: 4.1ms preprocess, 14.5ms inference, 35.2ms postprocess per image at shape (1, 3, 640, 640)
Processing extra-3/data/train/2024-03-30-11-15-02_mp4-0018_jpg.rf.c983276713d5ba3735e4021acbcba7a4.jpg...

image 1/1 /home/admin/Documents/FEUP-CV/proj/task2/../datasets/extra-3/data/train/2024-03-30-11-15-02_mp4-0018_jpg.rf.c983276713d5ba3735e4021acbcba7a4.jpg: 640x640 1 pool_table, 16.7ms
Speed: 1.5ms preprocess, 16.7ms inference, 34.9ms postprocess per image at shape (1, 3, 640, 640)
Processing extra-3/data/train/2024-03-30-11-22-03_mp4-0037_jpg.rf.84309d51d28d14ddc39472160e408fc1.jpg...

image 1/1 /home/admin/Documents/FEUP-CV/proj/task2/../datasets/extra-3/data/train/2024-03-30-11-22-03_mp4-0037_jpg.rf.84309d51d28d14ddc39472160e408fc1.jpg: 640x640 1 pool_table, 12.5ms
Speed: 3.9ms preprocess, 12.5ms inference, 24.5ms postprocess per image at shape (1, 3, 640, 640)
Processing extra-3/data/train/20240328_171404_jpg.rf.7a66c9456dc48f0f21052da8e171d3b9.jpg...

image 1/1 /home/admin/Documents/FEUP-CV/proj/task2/../datasets/extra-3/data/train/20240328_171404_jpg.rf.7a66c9456dc48f0f21052da8e171d3b9.jpg: 640x640 (no detections), 12.5ms
Speed: 3.6ms preprocess, 12.5ms inference, 9.7ms postprocess per image at shape (1, 3, 640, 640)
Processing extra-3/data/train/2024-03-28-15-41-19_mp4-0052_jpg.rf.6b274111efc8a9d99d36cd412d6d43a0.jpg...

image 1/1 /home/admin/Documents/FEUP-CV/proj/task2/../datasets/extra-3/data/train/2024-03-28-15-41-19_mp4-0052_jpg.rf.6b274111efc8a9d99d36cd412d6d43a0.jpg: 640x640 1 pool_table, 12.5ms
Speed: 5.0ms preprocess, 12.5ms inference, 24.5ms postprocess per image at shape (1, 3, 640, 640)
Processing extra-3/data/train/2024-03-28-18-28-05_mp4-0046_jpg.rf.614740b8e7bbbca976d968710dcec90d.jpg...

image 1/1 /home/admin/Documents/FEUP-CV/proj/task2/../datasets/extra-3/data/train/2024-03-28-18-28-05_mp4-0046_jpg.rf.614740b8e7bbbca976d968710dcec90d.jpg: 640x640 1 pool_table, 16.8ms
Speed: 4.5ms preprocess, 16.8ms inference, 35.1ms postprocess per image at shape (1, 3, 640, 640)
Processing extra-3/data/train/2024-03-28-15-41-19_mp4-0073_jpg.rf.515c4e2678c03933fb832816dc5501fa.jpg...

image 1/1 /home/admin/Documents/FEUP-CV/proj/task2/../datasets/extra-3/data/train/2024-03-28-15-41-19_mp4-0073_jpg.rf.515c4e2678c03933fb832816dc5501fa.jpg: 640x640 1 pool_table, 16.5ms
Speed: 1.7ms preprocess, 16.5ms inference, 34.0ms postprocess per image at shape (1, 3, 640, 640)
Processing extra-3/data/train/2024-03-28-15-41-19_mp4-0066_jpg.rf.cb5c60d1c1087f22acc4d1085c33c1e8.jpg...

image 1/1 /home/admin/Documents/FEUP-CV/proj/task2/../datasets/extra-3/data/train/2024-03-28-15-41-19_mp4-0066_jpg.rf.cb5c60d1c1087f22acc4d1085c33c1e8.jpg: 640x640 1 pool_table, 12.4ms
Speed: 4.8ms preprocess, 12.4ms inference, 24.4ms postprocess per image at shape (1, 3, 640, 640)
Processing extra-3/data/train/2024-03-28-15-41-19_mp4-0087_jpg.rf.1957bc31d7d9a2fdaf0c753b50281b76.jpg...

image 1/1 /home/admin/Documents/FEUP-CV/proj/task2/../datasets/extra-3/data/train/2024-03-28-15-41-19_mp4-0087_jpg.rf.1957bc31d7d9a2fdaf0c753b50281b76.jpg: 640x640 1 pool_table, 11.2ms
Speed: 3.9ms preprocess, 11.2ms inference, 13.3ms postprocess per image at shape (1, 3, 640, 640)
Processing extra-3/data/train/2024-03-30-11-15-02_mp4-0063_jpg.rf.6e22fd97e2824010a2b55ea3fc40e717.jpg...

image 1/1 /home/admin/Documents/FEUP-CV/proj/task2/../datasets/extra-3/data/train/2024-03-30-11-15-02_mp4-0063_jpg.rf.6e22fd97e2824010a2b55ea3fc40e717.jpg: 640x640 1 pool_table, 12.6ms
Speed: 4.0ms preprocess, 12.6ms inference, 35.2ms postprocess per image at shape (1, 3, 640, 640)
Processing extra-3/data/train/IMG_20240319_122145_jpg.rf.93514281400b9d3e6ed91c051cdf425c.jpg...

image 1/1 /home/admin/Documents/FEUP-CV/proj/task2/../datasets/extra-3/data/train/IMG_20240319_122145_jpg.rf.93514281400b9d3e6ed91c051cdf425c.jpg: 640x640 1 pool_table, 16.8ms
Speed: 7.9ms preprocess, 16.8ms inference, 35.0ms postprocess per image at shape (1, 3, 640, 640)
Processing extra-3/data/train/2024-03-30-11-07-17_mp4-0047_jpg.rf.e5cf3fbda01a4b67c355dd1c828ff381.jpg...

image 1/1 /home/admin/Documents/FEUP-CV/proj/task2/../datasets/extra-3/data/train/2024-03-30-11-07-17_mp4-0047_jpg.rf.e5cf3fbda01a4b67c355dd1c828ff381.jpg: 640x640 1 pool_table, 12.3ms
Speed: 2.5ms preprocess, 12.3ms inference, 24.4ms postprocess per image at shape (1, 3, 640, 640)
Processing extra-3/data/train/2024-03-28-18-28-05_mp4-0040_jpg.rf.d48a8f277d83d7c6679275a71db33e5e.jpg...

image 1/1 /home/admin/Documents/FEUP-CV/proj/task2/../datasets/extra-3/data/train/2024-03-28-18-28-05_mp4-0040_jpg.rf.d48a8f277d83d7c6679275a71db33e5e.jpg: 640x640 1 pool_table, 12.6ms
Speed: 4.0ms preprocess, 12.6ms inference, 24.6ms postprocess per image at shape (1, 3, 640, 640)
Processing extra-3/data/train/IMG_20240319_122123_jpg.rf.fb1464973db421ae9713dc5b5959b8bd.jpg...

image 1/1 /home/admin/Documents/FEUP-CV/proj/task2/../datasets/extra-3/data/train/IMG_20240319_122123_jpg.rf.fb1464973db421ae9713dc5b5959b8bd.jpg: 640x640 1 pool_table, 12.6ms
Speed: 4.5ms preprocess, 12.6ms inference, 30.9ms postprocess per image at shape (1, 3, 640, 640)
Processing extra-3/data/train/2024-03-28-15-41-19_mp4-0049_jpg.rf.e93ce456728a44071772799afaa618bb.jpg...

image 1/1 /home/admin/Documents/FEUP-CV/proj/task2/../datasets/extra-3/data/train/2024-03-28-15-41-19_mp4-0049_jpg.rf.e93ce456728a44071772799afaa618bb.jpg: 640x640 1 pool_table, 16.8ms
Speed: 7.9ms preprocess, 16.8ms inference, 34.9ms postprocess per image at shape (1, 3, 640, 640)
Processing extra-3/data/train/2024-03-28-15-41-19_mp4-0070_jpg.rf.045cfc262acd8e13d52c6eb7e6c67ed3.jpg...

image 1/1 /home/admin/Documents/FEUP-CV/proj/task2/../datasets/extra-3/data/train/2024-03-28-15-41-19_mp4-0070_jpg.rf.045cfc262acd8e13d52c6eb7e6c67ed3.jpg: 640x640 1 pool_table, 12.2ms
Speed: 4.7ms preprocess, 12.2ms inference, 24.2ms postprocess per image at shape (1, 3, 640, 640)
Processing extra-3/data/train/2024-03-28-15-41-19_mp4-0056_jpg.rf.51d8dfee15d94c64aa2ab3d670992f9a.jpg...

image 1/1 /home/admin/Documents/FEUP-CV/proj/task2/../datasets/extra-3/data/train/2024-03-28-15-41-19_mp4-0056_jpg.rf.51d8dfee15d94c64aa2ab3d670992f9a.jpg: 640x640 1 pool_table, 12.3ms
Speed: 3.7ms preprocess, 12.3ms inference, 24.3ms postprocess per image at shape (1, 3, 640, 640)
Processing extra-3/data/train/2024-03-28-15-41-19_mp4-0058_jpg.rf.1d297aeffbcb11ce6b69a0178ce51693.jpg...

image 1/1 /home/admin/Documents/FEUP-CV/proj/task2/../datasets/extra-3/data/train/2024-03-28-15-41-19_mp4-0058_jpg.rf.1d297aeffbcb11ce6b69a0178ce51693.jpg: 640x640 1 pool_table, 12.2ms
Speed: 4.4ms preprocess, 12.2ms inference, 24.4ms postprocess per image at shape (1, 3, 640, 640)
Processing extra-3/data/train/2024-03-30-11-15-02_mp4-0054_jpg.rf.803bd696bc370c3e26f2fe5dcb6f8ae9.jpg...

image 1/1 /home/admin/Documents/FEUP-CV/proj/task2/../datasets/extra-3/data/train/2024-03-30-11-15-02_mp4-0054_jpg.rf.803bd696bc370c3e26f2fe5dcb6f8ae9.jpg: 640x640 1 pool_table, 13.7ms
Speed: 2.0ms preprocess, 13.7ms inference, 30.7ms postprocess per image at shape (1, 3, 640, 640)
Processing extra-3/data/train/IMG_20240319_122208_jpg.rf.a88fef7d2b00a2078201e339de4d6d47.jpg...

image 1/1 /home/admin/Documents/FEUP-CV/proj/task2/../datasets/extra-3/data/train/IMG_20240319_122208_jpg.rf.a88fef7d2b00a2078201e339de4d6d47.jpg: 640x640 1 pool_table, 13.8ms
Speed: 7.8ms preprocess, 13.8ms inference, 24.4ms postprocess per image at shape (1, 3, 640, 640)
Processing extra-3/data/train/IMG_20240319_121159_jpg.rf.040ea9ab31712352a156a24d8544434c.jpg...

image 1/1 /home/admin/Documents/FEUP-CV/proj/task2/../datasets/extra-3/data/train/IMG_20240319_121159_jpg.rf.040ea9ab31712352a156a24d8544434c.jpg: 640x640 1 pool_table, 12.5ms
Speed: 2.9ms preprocess, 12.5ms inference, 24.5ms postprocess per image at shape (1, 3, 640, 640)
Processing extra-3/data/train/2024-03-28-18-28-05_mp4-0032_jpg.rf.8eed1861e17f6c44b7820ced4df53240.jpg...

image 1/1 /home/admin/Documents/FEUP-CV/proj/task2/../datasets/extra-3/data/train/2024-03-28-18-28-05_mp4-0032_jpg.rf.8eed1861e17f6c44b7820ced4df53240.jpg: 640x640 1 pool_table, 12.5ms
Speed: 3.1ms preprocess, 12.5ms inference, 24.4ms postprocess per image at shape (1, 3, 640, 640)
Processing extra-3/data/train/2024-03-28-15-41-19_mp4-0090_jpg.rf.9f2572a08fae4cfc821e0392f386cd4c.jpg...

image 1/1 /home/admin/Documents/FEUP-CV/proj/task2/../datasets/extra-3/data/train/2024-03-28-15-41-19_mp4-0090_jpg.rf.9f2572a08fae4cfc821e0392f386cd4c.jpg: 640x640 1 pool_table, 16.7ms
Speed: 6.5ms preprocess, 16.7ms inference, 35.1ms postprocess per image at shape (1, 3, 640, 640)
Processing extra-3/data/train/2024-03-30-11-07-17_mp4-0034_jpg.rf.d447c19641c4d23d4e0267afa4a47c22.jpg...

image 1/1 /home/admin/Documents/FEUP-CV/proj/task2/../datasets/extra-3/data/train/2024-03-30-11-07-17_mp4-0034_jpg.rf.d447c19641c4d23d4e0267afa4a47c22.jpg: 640x640 1 pool_table, 16.8ms
Speed: 1.7ms preprocess, 16.8ms inference, 32.7ms postprocess per image at shape (1, 3, 640, 640)
Processing extra-3/data/train/20240328_171438_jpg.rf.e715dc063f671ef452146f1500426d7b.jpg...

image 1/1 /home/admin/Documents/FEUP-CV/proj/task2/../datasets/extra-3/data/train/20240328_171438_jpg.rf.e715dc063f671ef452146f1500426d7b.jpg: 640x640 1 pool_table, 12.5ms
Speed: 4.3ms preprocess, 12.5ms inference, 24.5ms postprocess per image at shape (1, 3, 640, 640)
Processing extra-3/data/test/2024-03-28-15-41-19_mp4-0072_jpg.rf.ce528ab694332a3b3cf6d9cce7d03a58.jpg...

image 1/1 /home/admin/Documents/FEUP-CV/proj/task2/../datasets/extra-3/data/test/2024-03-28-15-41-19_mp4-0072_jpg.rf.ce528ab694332a3b3cf6d9cce7d03a58.jpg: 640x640 1 pool_table, 12.5ms
Speed: 4.1ms preprocess, 12.5ms inference, 24.4ms postprocess per image at shape (1, 3, 640, 640)
Processing extra-3/data/test/IMG_20240319_121750_jpg.rf.c5c4aa8161dabb6a6d97e62d27c4eaca.jpg...

image 1/1 /home/admin/Documents/FEUP-CV/proj/task2/../datasets/extra-3/data/test/IMG_20240319_121750_jpg.rf.c5c4aa8161dabb6a6d97e62d27c4eaca.jpg: 640x640 1 pool_table, 14.6ms
Speed: 4.2ms preprocess, 14.6ms inference, 35.0ms postprocess per image at shape (1, 3, 640, 640)
Processing extra-3/data/test/2024-03-30-11-22-03_mp4-0026_jpg.rf.d8149885342c6948e4f7c44bc29f1ba8.jpg...

image 1/1 /home/admin/Documents/FEUP-CV/proj/task2/../datasets/extra-3/data/test/2024-03-30-11-22-03_mp4-0026_jpg.rf.d8149885342c6948e4f7c44bc29f1ba8.jpg: 640x640 1 pool_table, 16.6ms
Speed: 1.2ms preprocess, 16.6ms inference, 34.9ms postprocess per image at shape (1, 3, 640, 640)
Processing extra-3/data/test/2024-03-28-18-28-05_mp4-0031_jpg.rf.860004b5b4efafcd30da8104970357f6.jpg...

image 1/1 /home/admin/Documents/FEUP-CV/proj/task2/../datasets/extra-3/data/test/2024-03-28-18-28-05_mp4-0031_jpg.rf.860004b5b4efafcd30da8104970357f6.jpg: 640x640 1 pool_table, 12.5ms
Speed: 3.6ms preprocess, 12.5ms inference, 24.4ms postprocess per image at shape (1, 3, 640, 640)
Processing extra-3/data/test/2024-03-30-11-07-17_mp4-0005_jpg.rf.99103b29bb638f4642b537394e22320b.jpg...

image 1/1 /home/admin/Documents/FEUP-CV/proj/task2/../datasets/extra-3/data/test/2024-03-30-11-07-17_mp4-0005_jpg.rf.99103b29bb638f4642b537394e22320b.jpg: 640x640 1 pool_table, 12.6ms
Speed: 4.6ms preprocess, 12.6ms inference, 24.5ms postprocess per image at shape (1, 3, 640, 640)
Processing extra-3/data/test/IMG_20240319_122142_jpg.rf.7bea7ed9094ed7bb08e1ab2d6845f660.jpg...

image 1/1 /home/admin/Documents/FEUP-CV/proj/task2/../datasets/extra-3/data/test/IMG_20240319_122142_jpg.rf.7bea7ed9094ed7bb08e1ab2d6845f660.jpg: 640x640 1 pool_table, 12.6ms
Speed: 2.0ms preprocess, 12.6ms inference, 30.9ms postprocess per image at shape (1, 3, 640, 640)
Processing extra-3/data/test/2024-03-28-15-41-19_mp4-0007_jpg.rf.17e005182cdccb6be0f43b4fcd5877c6.jpg...

image 1/1 /home/admin/Documents/FEUP-CV/proj/task2/../datasets/extra-3/data/test/2024-03-28-15-41-19_mp4-0007_jpg.rf.17e005182cdccb6be0f43b4fcd5877c6.jpg: 640x640 1 pool_table, 12.4ms
Speed: 1.9ms preprocess, 12.4ms inference, 32.7ms postprocess per image at shape (1, 3, 640, 640)
Processing extra-3/data/test/2024-03-30-11-15-02_mp4-0025_jpg.rf.3fb2cd5f149144d94bfca5eb67b84bdd.jpg...

image 1/1 /home/admin/Documents/FEUP-CV/proj/task2/../datasets/extra-3/data/test/2024-03-30-11-15-02_mp4-0025_jpg.rf.3fb2cd5f149144d94bfca5eb67b84bdd.jpg: 640x640 1 pool_table, 12.4ms
Speed: 3.8ms preprocess, 12.4ms inference, 24.3ms postprocess per image at shape (1, 3, 640, 640)
Processing extra-3/data/test/2024-03-28-15-41-19_mp4-0057_jpg.rf.1ab8a8d7744ef32e83e6ec07b07a1f5c.jpg...

image 1/1 /home/admin/Documents/FEUP-CV/proj/task2/../datasets/extra-3/data/test/2024-03-28-15-41-19_mp4-0057_jpg.rf.1ab8a8d7744ef32e83e6ec07b07a1f5c.jpg: 640x640 1 pool_table, 12.4ms
Speed: 3.8ms preprocess, 12.4ms inference, 24.3ms postprocess per image at shape (1, 3, 640, 640)
Processing extra-3/data/test/2024-03-28-18-35-18_mp4-0006_jpg.rf.4942406da19a058ddc72a51e823fbca2.jpg...

image 1/1 /home/admin/Documents/FEUP-CV/proj/task2/../datasets/extra-3/data/test/2024-03-28-18-35-18_mp4-0006_jpg.rf.4942406da19a058ddc72a51e823fbca2.jpg: 640x640 1 pool_table, 12.6ms
Speed: 3.8ms preprocess, 12.6ms inference, 24.6ms postprocess per image at shape (1, 3, 640, 640)
Processing extra-3/data/test/2024-03-28-15-41-19_mp4-0017_jpg.rf.515049ca6360c0b4a49c58ff54772403.jpg...

image 1/1 /home/admin/Documents/FEUP-CV/proj/task2/../datasets/extra-3/data/test/2024-03-28-15-41-19_mp4-0017_jpg.rf.515049ca6360c0b4a49c58ff54772403.jpg: 640x640 1 pool_table, 16.8ms
Speed: 8.0ms preprocess, 16.8ms inference, 35.2ms postprocess per image at shape (1, 3, 640, 640)
Processing extra-3/data/test/2024-03-28-15-41-19_mp4-0024_jpg.rf.162190220e51a3b314832ce3ee849d54.jpg...

image 1/1 /home/admin/Documents/FEUP-CV/proj/task2/../datasets/extra-3/data/test/2024-03-28-15-41-19_mp4-0024_jpg.rf.162190220e51a3b314832ce3ee849d54.jpg: 640x640 1 pool_table, 15.1ms
Speed: 1.7ms preprocess, 15.1ms inference, 24.3ms postprocess per image at shape (1, 3, 640, 640)
Processing extra-3/data/test/2024-03-28-15-41-19_mp4-0010_jpg.rf.477c10ec98bb67f55ca144de160a5a30.jpg...

image 1/1 /home/admin/Documents/FEUP-CV/proj/task2/../datasets/extra-3/data/test/2024-03-28-15-41-19_mp4-0010_jpg.rf.477c10ec98bb67f55ca144de160a5a30.jpg: 640x640 1 pool_table, 12.4ms
Speed: 4.1ms preprocess, 12.4ms inference, 24.2ms postprocess per image at shape (1, 3, 640, 640)
Processing extra-3/data/test/2024-03-30-11-22-03_mp4-0008_jpg.rf.000f8a72a6b6d235e36d6414c6a9b8d0.jpg...

image 1/1 /home/admin/Documents/FEUP-CV/proj/task2/../datasets/extra-3/data/test/2024-03-30-11-22-03_mp4-0008_jpg.rf.000f8a72a6b6d235e36d6414c6a9b8d0.jpg: 640x640 1 pool_table, 12.2ms
Speed: 4.4ms preprocess, 12.2ms inference, 24.4ms postprocess per image at shape (1, 3, 640, 640)
Processing extra-3/data/test/2024-03-28-18-28-05_mp4-0035_jpg.rf.a39a4f72a482510dfadff7b5a3a96e06.jpg...

image 1/1 /home/admin/Documents/FEUP-CV/proj/task2/../datasets/extra-3/data/test/2024-03-28-18-28-05_mp4-0035_jpg.rf.a39a4f72a482510dfadff7b5a3a96e06.jpg: 640x640 1 pool_table, 16.9ms
Speed: 7.8ms preprocess, 16.9ms inference, 35.1ms postprocess per image at shape (1, 3, 640, 640)
Processing extra-3/data/test/IMG_20240319_121800_jpg.rf.18b2e6b1a3feb4f72690921ea107e45a.jpg...

image 1/1 /home/admin/Documents/FEUP-CV/proj/task2/../datasets/extra-3/data/test/IMG_20240319_121800_jpg.rf.18b2e6b1a3feb4f72690921ea107e45a.jpg: 640x640 1 pool_table, 16.9ms
Speed: 1.8ms preprocess, 16.9ms inference, 29.1ms postprocess per image at shape (1, 3, 640, 640)
Processing extra-3/data/test/2024-03-28-18-28-05_mp4-0012_jpg.rf.c2659b76bba2e3e304094727b8eb932a.jpg...

image 1/1 /home/admin/Documents/FEUP-CV/proj/task2/../datasets/extra-3/data/test/2024-03-28-18-28-05_mp4-0012_jpg.rf.c2659b76bba2e3e304094727b8eb932a.jpg: 640x640 1 pool_table, 10.3ms
Speed: 4.0ms preprocess, 10.3ms inference, 20.3ms postprocess per image at shape (1, 3, 640, 640)
Processing extra-3/data/test/2024-03-28-18-28-05_mp4-0013_jpg.rf.839c60e9ae870ee2902af9bb6425c346.jpg...

image 1/1 /home/admin/Documents/FEUP-CV/proj/task2/../datasets/extra-3/data/test/2024-03-28-18-28-05_mp4-0013_jpg.rf.839c60e9ae870ee2902af9bb6425c346.jpg: 640x640 1 pool_table, 12.2ms
Speed: 4.2ms preprocess, 12.2ms inference, 24.3ms postprocess per image at shape (1, 3, 640, 640)
Processing extra-3/data/test/2024-03-30-11-07-17_mp4-0041_jpg.rf.e3627a468ad308e16331668aed130d1c.jpg...

image 1/1 /home/admin/Documents/FEUP-CV/proj/task2/../datasets/extra-3/data/test/2024-03-30-11-07-17_mp4-0041_jpg.rf.e3627a468ad308e16331668aed130d1c.jpg: 640x640 1 pool_table, 12.3ms
Speed: 4.1ms preprocess, 12.3ms inference, 34.9ms postprocess per image at shape (1, 3, 640, 640)
Processing extra-3/data/test/2024-03-28-18-28-05_mp4-0024_jpg.rf.02106aa996dcb58ce08d6b48af7775b0.jpg...

image 1/1 /home/admin/Documents/FEUP-CV/proj/task2/../datasets/extra-3/data/test/2024-03-28-18-28-05_mp4-0024_jpg.rf.02106aa996dcb58ce08d6b48af7775b0.jpg: 640x640 1 pool_table, 16.5ms
Speed: 7.9ms preprocess, 16.5ms inference, 34.9ms postprocess per image at shape (1, 3, 640, 640)
Processing extra-3/data/test/IMG_20240319_121006_jpg.rf.fc32ff2d9a8d04f3c1f34fc2fde9757f.jpg...

image 1/1 /home/admin/Documents/FEUP-CV/proj/task2/../datasets/extra-3/data/test/IMG_20240319_121006_jpg.rf.fc32ff2d9a8d04f3c1f34fc2fde9757f.jpg: 640x640 1 pool_table, 12.6ms
Speed: 4.1ms preprocess, 12.6ms inference, 24.5ms postprocess per image at shape (1, 3, 640, 640)
Processing extra-3/data/test/2024-03-28-18-35-18_mp4-0024_jpg.rf.cf008ecc4f9c78a479f357715e4e2a86.jpg...

image 1/1 /home/admin/Documents/FEUP-CV/proj/task2/../datasets/extra-3/data/test/2024-03-28-18-35-18_mp4-0024_jpg.rf.cf008ecc4f9c78a479f357715e4e2a86.jpg: 640x640 1 pool_table, 12.5ms
Speed: 4.1ms preprocess, 12.5ms inference, 24.5ms postprocess per image at shape (1, 3, 640, 640)
Processing extra-3/data/test/2024-03-30-11-15-02_mp4-0023_jpg.rf.0971da2e23d3a4c6a5aeffe7fb8098a2.jpg...

image 1/1 /home/admin/Documents/FEUP-CV/proj/task2/../datasets/extra-3/data/test/2024-03-30-11-15-02_mp4-0023_jpg.rf.0971da2e23d3a4c6a5aeffe7fb8098a2.jpg: 640x640 1 pool_table, 12.5ms
Speed: 4.3ms preprocess, 12.5ms inference, 24.5ms postprocess per image at shape (1, 3, 640, 640)
Processing extra-3/data/test/IMG_20240319_121843_jpg.rf.06f15b866e63a15f851a948f5d04be3d.jpg...

image 1/1 /home/admin/Documents/FEUP-CV/proj/task2/../datasets/extra-3/data/test/IMG_20240319_121843_jpg.rf.06f15b866e63a15f851a948f5d04be3d.jpg: 640x640 1 pool_table, 16.8ms
Speed: 1.7ms preprocess, 16.8ms inference, 35.1ms postprocess per image at shape (1, 3, 640, 640)
Processing extra-3/data/test/2024-03-30-11-15-02_mp4-0028_jpg.rf.83a7ec8aa6d1afcfdec46db7cb093147.jpg...

image 1/1 /home/admin/Documents/FEUP-CV/proj/task2/../datasets/extra-3/data/test/2024-03-30-11-15-02_mp4-0028_jpg.rf.83a7ec8aa6d1afcfdec46db7cb093147.jpg: 640x640 1 pool_table, 16.4ms
Speed: 1.4ms preprocess, 16.4ms inference, 24.5ms postprocess per image at shape (1, 3, 640, 640)
Processing extra-3/data/test/IMG_20240319_122132_jpg.rf.4a7261c26ab0bff66f31e5e1b983fbb7.jpg...

image 1/1 /home/admin/Documents/FEUP-CV/proj/task2/../datasets/extra-3/data/test/IMG_20240319_122132_jpg.rf.4a7261c26ab0bff66f31e5e1b983fbb7.jpg: 640x640 1 pool_table, 12.4ms
Speed: 4.2ms preprocess, 12.4ms inference, 24.3ms postprocess per image at shape (1, 3, 640, 640)
Processing extra-3/data/test/2024-03-30-11-15-02_mp4-0040_jpg.rf.74771632e839c748c7a40f1f47d1ac51.jpg...

image 1/1 /home/admin/Documents/FEUP-CV/proj/task2/../datasets/extra-3/data/test/2024-03-30-11-15-02_mp4-0040_jpg.rf.74771632e839c748c7a40f1f47d1ac51.jpg: 640x640 1 pool_table, 12.4ms
Speed: 3.4ms preprocess, 12.4ms inference, 24.4ms postprocess per image at shape (1, 3, 640, 640)
Processing extra-3/data/test/2024-03-30-11-15-02_mp4-0036_jpg.rf.6780c3f39edf80957c65ace0197aeb30.jpg...

image 1/1 /home/admin/Documents/FEUP-CV/proj/task2/../datasets/extra-3/data/test/2024-03-30-11-15-02_mp4-0036_jpg.rf.6780c3f39edf80957c65ace0197aeb30.jpg: 640x640 1 pool_table, 12.4ms
Speed: 4.5ms preprocess, 12.4ms inference, 35.0ms postprocess per image at shape (1, 3, 640, 640)
Processing extra-3/data/test/2024-03-30-11-22-03_mp4-0021_jpg.rf.4ed9b787bda159b6a40aacd19b09d609.jpg...

image 1/1 /home/admin/Documents/FEUP-CV/proj/task2/../datasets/extra-3/data/test/2024-03-30-11-22-03_mp4-0021_jpg.rf.4ed9b787bda159b6a40aacd19b09d609.jpg: 640x640 1 pool_table, 16.7ms
Speed: 1.5ms preprocess, 16.7ms inference, 34.9ms postprocess per image at shape (1, 3, 640, 640)
Processing extra-3/data/test/20240328_171445_jpg.rf.e30d7b1aec27bb57cc9242c3889985c4.jpg...

image 1/1 /home/admin/Documents/FEUP-CV/proj/task2/../datasets/extra-3/data/test/20240328_171445_jpg.rf.e30d7b1aec27bb57cc9242c3889985c4.jpg: 640x640 1 pool_table, 12.5ms
Speed: 2.7ms preprocess, 12.5ms inference, 24.4ms postprocess per image at shape (1, 3, 640, 640)
Processing extra-3/data/test/20240328_171200_jpg.rf.b464aa6ed10d9946951ae9c1b3170d3b.jpg...

image 1/1 /home/admin/Documents/FEUP-CV/proj/task2/../datasets/extra-3/data/test/20240328_171200_jpg.rf.b464aa6ed10d9946951ae9c1b3170d3b.jpg: 640x640 1 pool_table, 12.4ms
Speed: 2.9ms preprocess, 12.4ms inference, 18.9ms postprocess per image at shape (1, 3, 640, 640)
Processing extra-3/data/test/2024-03-28-15-41-19_mp4-0046_jpg.rf.eea1d17a4571bd95a2455f419341ecea.jpg...

image 1/1 /home/admin/Documents/FEUP-CV/proj/task2/../datasets/extra-3/data/test/2024-03-28-15-41-19_mp4-0046_jpg.rf.eea1d17a4571bd95a2455f419341ecea.jpg: 640x640 1 pool_table, 12.6ms
Speed: 5.5ms preprocess, 12.6ms inference, 30.9ms postprocess per image at shape (1, 3, 640, 640)
Processing extra-3/data/test/2024-03-30-11-07-17_mp4-0030_jpg.rf.808c0025836fd0360f5bc5315e5b18ac.jpg...

image 1/1 /home/admin/Documents/FEUP-CV/proj/task2/../datasets/extra-3/data/test/2024-03-30-11-07-17_mp4-0030_jpg.rf.808c0025836fd0360f5bc5315e5b18ac.jpg: 640x640 1 pool_table, 16.9ms
Speed: 8.2ms preprocess, 16.9ms inference, 35.1ms postprocess per image at shape (1, 3, 640, 640)
Processing extra-3/data/test/2024-03-28-15-41-19_mp4-0079_jpg.rf.38c7d4f0095e2699b4f93523f7b3cdcf.jpg...

image 1/1 /home/admin/Documents/FEUP-CV/proj/task2/../datasets/extra-3/data/test/2024-03-28-15-41-19_mp4-0079_jpg.rf.38c7d4f0095e2699b4f93523f7b3cdcf.jpg: 640x640 1 pool_table, 12.5ms
Speed: 3.9ms preprocess, 12.5ms inference, 24.5ms postprocess per image at shape (1, 3, 640, 640)
Processing extra-3/data/test/IMG_20240319_122248_jpg.rf.c76b2a9cd9ab6d705ab3fb080e123f6c.jpg...

image 1/1 /home/admin/Documents/FEUP-CV/proj/task2/../datasets/extra-3/data/test/IMG_20240319_122248_jpg.rf.c76b2a9cd9ab6d705ab3fb080e123f6c.jpg: 640x640 1 pool_table, 12.2ms
Speed: 4.3ms preprocess, 12.2ms inference, 24.5ms postprocess per image at shape (1, 3, 640, 640)
Processing extra-3/data/test/IMG_20240319_120733_jpg.rf.6c22b671ad38aa4f632958951a94f674.jpg...

image 1/1 /home/admin/Documents/FEUP-CV/proj/task2/../datasets/extra-3/data/test/IMG_20240319_120733_jpg.rf.6c22b671ad38aa4f632958951a94f674.jpg: 640x640 1 pool_table, 12.4ms
Speed: 4.2ms preprocess, 12.4ms inference, 24.3ms postprocess per image at shape (1, 3, 640, 640)
Processing extra-3/data/test/2024-03-28-18-35-18_mp4-0035_jpg.rf.3350134d3fba32e1ec4ab1ab50b6c22f.jpg...

image 1/1 /home/admin/Documents/FEUP-CV/proj/task2/../datasets/extra-3/data/test/2024-03-28-18-35-18_mp4-0035_jpg.rf.3350134d3fba32e1ec4ab1ab50b6c22f.jpg: 640x640 1 pool_table, 16.5ms
Speed: 1.6ms preprocess, 16.5ms inference, 35.0ms postprocess per image at shape (1, 3, 640, 640)
Processing extra-3/data/test/2024-03-28-15-41-19_mp4-0091_jpg.rf.e280a6ecbce69d1d9448d7277346749f.jpg...

image 1/1 /home/admin/Documents/FEUP-CV/proj/task2/../datasets/extra-3/data/test/2024-03-28-15-41-19_mp4-0091_jpg.rf.e280a6ecbce69d1d9448d7277346749f.jpg: 640x640 1 pool_table, 16.1ms
Speed: 1.6ms preprocess, 16.1ms inference, 24.4ms postprocess per image at shape (1, 3, 640, 640)
Processing extra-3/data/test/2024-03-30-11-15-02_mp4-0067_jpg.rf.59507800700a6e6795ad586c48b1915a.jpg...

image 1/1 /home/admin/Documents/FEUP-CV/proj/task2/../datasets/extra-3/data/test/2024-03-30-11-15-02_mp4-0067_jpg.rf.59507800700a6e6795ad586c48b1915a.jpg: 640x640 1 pool_table, 12.6ms
Speed: 4.5ms preprocess, 12.6ms inference, 24.5ms postprocess per image at shape (1, 3, 640, 640)
Processing extra-3/data/test/2024-03-30-11-15-02_mp4-0084_jpg.rf.26a1b2c92a6887559a9c6ed7360b7e8c.jpg...

image 1/1 /home/admin/Documents/FEUP-CV/proj/task2/../datasets/extra-3/data/test/2024-03-30-11-15-02_mp4-0084_jpg.rf.26a1b2c92a6887559a9c6ed7360b7e8c.jpg: 640x640 1 pool_table, 12.5ms
Speed: 4.4ms preprocess, 12.5ms inference, 17.2ms postprocess per image at shape (1, 3, 640, 640)
Processing extra-3/data/test/IMG_20240319_121133_jpg.rf.3e492afde4fbf5e348c7001dbb0ba426.jpg...

image 1/1 /home/admin/Documents/FEUP-CV/proj/task2/../datasets/extra-3/data/test/IMG_20240319_121133_jpg.rf.3e492afde4fbf5e348c7001dbb0ba426.jpg: 640x640 1 pool_table, 16.6ms
Speed: 6.2ms preprocess, 16.6ms inference, 34.8ms postprocess per image at shape (1, 3, 640, 640)
Processing extra-3/data/test/2024-03-30-11-07-17_mp4-0066_jpg.rf.7ea2546890de4a991608e86828a942fd.jpg...

image 1/1 /home/admin/Documents/FEUP-CV/proj/task2/../datasets/extra-3/data/test/2024-03-30-11-07-17_mp4-0066_jpg.rf.7ea2546890de4a991608e86828a942fd.jpg: 640x640 1 pool_table, 16.5ms
Speed: 7.4ms preprocess, 16.5ms inference, 29.2ms postprocess per image at shape (1, 3, 640, 640)
Processing extra-3/data/test/2024-03-30-11-07-17_mp4-0000_jpg.rf.226485c68911d4384bed5402251a06f5.jpg...

image 1/1 /home/admin/Documents/FEUP-CV/proj/task2/../datasets/extra-3/data/test/2024-03-30-11-07-17_mp4-0000_jpg.rf.226485c68911d4384bed5402251a06f5.jpg: 640x640 1 pool_table, 12.4ms
Speed: 3.8ms preprocess, 12.4ms inference, 24.3ms postprocess per image at shape (1, 3, 640, 640)
Processing extra-3/data/test/2024-03-30-11-07-17_mp4-0004_jpg.rf.bee9856d69f9c7ecc3a18da2ff6b6281.jpg...

image 1/1 /home/admin/Documents/FEUP-CV/proj/task2/../datasets/extra-3/data/test/2024-03-30-11-07-17_mp4-0004_jpg.rf.bee9856d69f9c7ecc3a18da2ff6b6281.jpg: 640x640 1 pool_table, 12.4ms
Speed: 4.2ms preprocess, 12.4ms inference, 24.4ms postprocess per image at shape (1, 3, 640, 640)
Processing extra-3/data/test/20240319_120447_jpg.rf.10a50a88c6d25b5f08d6056571178131.jpg...

image 1/1 /home/admin/Documents/FEUP-CV/proj/task2/../datasets/extra-3/data/test/20240319_120447_jpg.rf.10a50a88c6d25b5f08d6056571178131.jpg: 640x640 1 pool_table, 12.4ms
Speed: 3.7ms preprocess, 12.4ms inference, 35.0ms postprocess per image at shape (1, 3, 640, 640)
Processing extra-3/data/test/2024-03-30-11-22-03_mp4-0004_jpg.rf.8a5b5fddad0d12d46a9139280360982f.jpg...

image 1/1 /home/admin/Documents/FEUP-CV/proj/task2/../datasets/extra-3/data/test/2024-03-30-11-22-03_mp4-0004_jpg.rf.8a5b5fddad0d12d46a9139280360982f.jpg: 640x640 1 pool_table, 16.7ms
Speed: 7.1ms preprocess, 16.7ms inference, 35.1ms postprocess per image at shape (1, 3, 640, 640)
Processing extra-3/data/valid/IMG_20240319_121156_jpg.rf.428affd72c6dd93818f47c4a2e6a692a.jpg...

image 1/1 /home/admin/Documents/FEUP-CV/proj/task2/../datasets/extra-3/data/valid/IMG_20240319_121156_jpg.rf.428affd72c6dd93818f47c4a2e6a692a.jpg: 640x640 1 pool_table, 12.5ms
Speed: 3.6ms preprocess, 12.5ms inference, 24.4ms postprocess per image at shape (1, 3, 640, 640)
Processing extra-3/data/valid/2024-03-28-18-28-05_mp4-0050_jpg.rf.2e202a2842c5b5a412bee2b0fb043ed3.jpg...

image 1/1 /home/admin/Documents/FEUP-CV/proj/task2/../datasets/extra-3/data/valid/2024-03-28-18-28-05_mp4-0050_jpg.rf.2e202a2842c5b5a412bee2b0fb043ed3.jpg: 640x640 1 pool_table, 12.6ms
Speed: 3.7ms preprocess, 12.6ms inference, 24.5ms postprocess per image at shape (1, 3, 640, 640)
Processing extra-3/data/valid/2024-03-30-11-15-02_mp4-0044_jpg.rf.a6039cce384bb07d191652be6fa1f1c1.jpg...

image 1/1 /home/admin/Documents/FEUP-CV/proj/task2/../datasets/extra-3/data/valid/2024-03-30-11-15-02_mp4-0044_jpg.rf.a6039cce384bb07d191652be6fa1f1c1.jpg: 640x640 1 pool_table, 12.7ms
Speed: 4.7ms preprocess, 12.7ms inference, 28.9ms postprocess per image at shape (1, 3, 640, 640)
Processing extra-3/data/valid/2024-03-30-11-15-02_mp4-0064_jpg.rf.0b9e96b1abb6e5783a4ac6b5786a7c87.jpg...

image 1/1 /home/admin/Documents/FEUP-CV/proj/task2/../datasets/extra-3/data/valid/2024-03-30-11-15-02_mp4-0064_jpg.rf.0b9e96b1abb6e5783a4ac6b5786a7c87.jpg: 640x640 1 pool_table, 16.9ms
Speed: 1.9ms preprocess, 16.9ms inference, 35.2ms postprocess per image at shape (1, 3, 640, 640)
Processing extra-3/data/valid/IMG_20240319_121745_jpg.rf.ca25b525216614ef0fba394d549b5398.jpg...

image 1/1 /home/admin/Documents/FEUP-CV/proj/task2/../datasets/extra-3/data/valid/IMG_20240319_121745_jpg.rf.ca25b525216614ef0fba394d549b5398.jpg: 640x640 1 pool_table, 13.7ms
Speed: 1.7ms preprocess, 13.7ms inference, 24.2ms postprocess per image at shape (1, 3, 640, 640)
Processing extra-3/data/valid/IMG_20240319_121729_jpg.rf.04aa90fdc204b2e7ee103e0661256c91.jpg...

image 1/1 /home/admin/Documents/FEUP-CV/proj/task2/../datasets/extra-3/data/valid/IMG_20240319_121729_jpg.rf.04aa90fdc204b2e7ee103e0661256c91.jpg: 640x640 1 pool_table, 12.3ms
Speed: 4.2ms preprocess, 12.3ms inference, 24.3ms postprocess per image at shape (1, 3, 640, 640)
Processing extra-3/data/valid/2024-03-28-15-41-19_mp4-0095_jpg.rf.c8b764d4ef34b4dca202e81de3c0074a.jpg...

image 1/1 /home/admin/Documents/FEUP-CV/proj/task2/../datasets/extra-3/data/valid/2024-03-28-15-41-19_mp4-0095_jpg.rf.c8b764d4ef34b4dca202e81de3c0074a.jpg: 640x640 1 pool_table, 12.4ms
Speed: 4.0ms preprocess, 12.4ms inference, 24.4ms postprocess per image at shape (1, 3, 640, 640)
Processing extra-3/data/valid/2024-03-28-18-28-05_mp4-0054_jpg.rf.3bfbf4ef2c4ba8b02434a6ee56ccdc61.jpg...

image 1/1 /home/admin/Documents/FEUP-CV/proj/task2/../datasets/extra-3/data/valid/2024-03-28-18-28-05_mp4-0054_jpg.rf.3bfbf4ef2c4ba8b02434a6ee56ccdc61.jpg: 640x640 1 pool_table, 16.6ms
Speed: 8.1ms preprocess, 16.6ms inference, 35.0ms postprocess per image at shape (1, 3, 640, 640)
Processing extra-3/data/valid/2024-03-28-18-28-05_mp4-0033_jpg.rf.4652505c125ffe811493a1f7eb4f6fcb.jpg...

image 1/1 /home/admin/Documents/FEUP-CV/proj/task2/../datasets/extra-3/data/valid/2024-03-28-18-28-05_mp4-0033_jpg.rf.4652505c125ffe811493a1f7eb4f6fcb.jpg: 640x640 1 pool_table, 15.7ms
Speed: 8.1ms preprocess, 15.7ms inference, 24.4ms postprocess per image at shape (1, 3, 640, 640)
Processing extra-3/data/valid/2024-03-30-11-15-02_mp4-0069_jpg.rf.dc90f6fbfc6d725b0610cb9792119ce6.jpg...

image 1/1 /home/admin/Documents/FEUP-CV/proj/task2/../datasets/extra-3/data/valid/2024-03-30-11-15-02_mp4-0069_jpg.rf.dc90f6fbfc6d725b0610cb9792119ce6.jpg: 640x640 1 pool_table, 12.5ms
Speed: 3.9ms preprocess, 12.5ms inference, 24.5ms postprocess per image at shape (1, 3, 640, 640)
Processing extra-3/data/valid/2024-03-30-11-15-02_mp4-0050_jpg.rf.31661f7ca7e3ff5d346dc47cb4d0a658.jpg...

image 1/1 /home/admin/Documents/FEUP-CV/proj/task2/../datasets/extra-3/data/valid/2024-03-30-11-15-02_mp4-0050_jpg.rf.31661f7ca7e3ff5d346dc47cb4d0a658.jpg: 640x640 1 pool_table, 12.7ms
Speed: 3.9ms preprocess, 12.7ms inference, 24.6ms postprocess per image at shape (1, 3, 640, 640)
Processing extra-3/data/valid/2024-03-30-11-07-17_mp4-0053_jpg.rf.cf430240e10131835c9a2fb4553a8b3e.jpg...

image 1/1 /home/admin/Documents/FEUP-CV/proj/task2/../datasets/extra-3/data/valid/2024-03-30-11-07-17_mp4-0053_jpg.rf.cf430240e10131835c9a2fb4553a8b3e.jpg: 640x640 1 pool_table, 16.8ms
Speed: 4.3ms preprocess, 16.8ms inference, 35.2ms postprocess per image at shape (1, 3, 640, 640)
Processing extra-3/data/valid/IMG_20240319_122225_jpg.rf.8eeffade3ebbda7ffb974635e1961a19.jpg...

image 1/1 /home/admin/Documents/FEUP-CV/proj/task2/../datasets/extra-3/data/valid/IMG_20240319_122225_jpg.rf.8eeffade3ebbda7ffb974635e1961a19.jpg: 640x640 1 pool_table, 16.7ms
Speed: 1.6ms preprocess, 16.7ms inference, 34.9ms postprocess per image at shape (1, 3, 640, 640)
Processing extra-3/data/valid/IMG_20240319_122136_jpg.rf.d9f179371b0b32d9b2e0e71d0f888060.jpg...

image 1/1 /home/admin/Documents/FEUP-CV/proj/task2/../datasets/extra-3/data/valid/IMG_20240319_122136_jpg.rf.d9f179371b0b32d9b2e0e71d0f888060.jpg: 640x640 1 pool_table, 12.3ms
Speed: 3.3ms preprocess, 12.3ms inference, 24.3ms postprocess per image at shape (1, 3, 640, 640)
Processing extra-3/data/valid/IMG_20240319_120702_jpg.rf.d14f1cc50d572aa42bfc0580966b1ce8.jpg...

image 1/1 /home/admin/Documents/FEUP-CV/proj/task2/../datasets/extra-3/data/valid/IMG_20240319_120702_jpg.rf.d14f1cc50d572aa42bfc0580966b1ce8.jpg: 640x640 1 pool_table, 12.3ms
Speed: 2.9ms preprocess, 12.3ms inference, 24.4ms postprocess per image at shape (1, 3, 640, 640)
Processing extra-3/data/valid/2024-03-28-15-41-19_mp4-0067_jpg.rf.44161e7519f3c69538a12506d225ebce.jpg...

image 1/1 /home/admin/Documents/FEUP-CV/proj/task2/../datasets/extra-3/data/valid/2024-03-28-15-41-19_mp4-0067_jpg.rf.44161e7519f3c69538a12506d225ebce.jpg: 640x640 1 pool_table, 12.3ms
Speed: 4.4ms preprocess, 12.3ms inference, 30.6ms postprocess per image at shape (1, 3, 640, 640)
Processing extra-3/data/valid/20240328_171441_jpg.rf.abe18db11cb064e92096107b5ec72a1f.jpg...

image 1/1 /home/admin/Documents/FEUP-CV/proj/task2/../datasets/extra-3/data/valid/20240328_171441_jpg.rf.abe18db11cb064e92096107b5ec72a1f.jpg: 640x640 1 pool_table, 16.9ms
Speed: 1.8ms preprocess, 16.9ms inference, 26.9ms postprocess per image at shape (1, 3, 640, 640)
Processing extra-3/data/valid/2024-03-30-11-07-17_mp4-0064_jpg.rf.5d4f5d0855c311a0b1d54773b6a7ca14.jpg...

image 1/1 /home/admin/Documents/FEUP-CV/proj/task2/../datasets/extra-3/data/valid/2024-03-30-11-07-17_mp4-0064_jpg.rf.5d4f5d0855c311a0b1d54773b6a7ca14.jpg: 640x640 1 pool_table, 8.2ms
Speed: 3.4ms preprocess, 8.2ms inference, 18.2ms postprocess per image at shape (1, 3, 640, 640)
Processing extra-3/data/valid/IMG_20240319_120641_jpg.rf.edbf253d563c976fc5223be1fa23303a.jpg...

image 1/1 /home/admin/Documents/FEUP-CV/proj/task2/../datasets/extra-3/data/valid/IMG_20240319_120641_jpg.rf.edbf253d563c976fc5223be1fa23303a.jpg: 640x640 1 pool_table, 12.7ms
Speed: 3.8ms preprocess, 12.7ms inference, 24.7ms postprocess per image at shape (1, 3, 640, 640)
Processing extra-3/data/valid/2024-03-28-15-41-19_mp4-0096_jpg.rf.72073d0092e0919899f58b5aa96caf01.jpg...

image 1/1 /home/admin/Documents/FEUP-CV/proj/task2/../datasets/extra-3/data/valid/2024-03-28-15-41-19_mp4-0096_jpg.rf.72073d0092e0919899f58b5aa96caf01.jpg: 640x640 1 pool_table, 12.3ms
Speed: 3.8ms preprocess, 12.3ms inference, 24.4ms postprocess per image at shape (1, 3, 640, 640)
Processing extra-3/data/valid/2024-03-28-18-35-18_mp4-0027_jpg.rf.b501fe7052063b7e05dcf6686f40f1db.jpg...

image 1/1 /home/admin/Documents/FEUP-CV/proj/task2/../datasets/extra-3/data/valid/2024-03-28-18-35-18_mp4-0027_jpg.rf.b501fe7052063b7e05dcf6686f40f1db.jpg: 640x640 1 pool_table, 16.5ms
Speed: 1.3ms preprocess, 16.5ms inference, 34.9ms postprocess per image at shape (1, 3, 640, 640)
Processing extra-3/data/valid/2024-03-28-18-28-05_mp4-0051_jpg.rf.707a89e1e823ba0657642b55ca2f41e1.jpg...

image 1/1 /home/admin/Documents/FEUP-CV/proj/task2/../datasets/extra-3/data/valid/2024-03-28-18-28-05_mp4-0051_jpg.rf.707a89e1e823ba0657642b55ca2f41e1.jpg: 640x640 1 pool_table, 16.5ms
Speed: 1.3ms preprocess, 16.5ms inference, 24.9ms postprocess per image at shape (1, 3, 640, 640)
Processing extra-3/data/valid/2024-03-30-11-07-17_mp4-0058_jpg.rf.d867a9810b1f693ed9f29bb9155bda73.jpg...

image 1/1 /home/admin/Documents/FEUP-CV/proj/task2/../datasets/extra-3/data/valid/2024-03-30-11-07-17_mp4-0058_jpg.rf.d867a9810b1f693ed9f29bb9155bda73.jpg: 640x640 1 pool_table, 12.6ms
Speed: 4.6ms preprocess, 12.6ms inference, 24.6ms postprocess per image at shape (1, 3, 640, 640)
Processing extra-3/data/valid/2024-03-30-11-15-02_mp4-0079_jpg.rf.7992527310b7eb78cede604e91472e03.jpg...

image 1/1 /home/admin/Documents/FEUP-CV/proj/task2/../datasets/extra-3/data/valid/2024-03-30-11-15-02_mp4-0079_jpg.rf.7992527310b7eb78cede604e91472e03.jpg: 640x640 1 pool_table, 12.6ms
Speed: 4.5ms preprocess, 12.6ms inference, 24.7ms postprocess per image at shape (1, 3, 640, 640)
Processing extra-3/data/valid/2024-03-30-11-22-03_mp4-0002_jpg.rf.a7b2cd636f2b393f520fb5c7b2eb4ff8.jpg...

image 1/1 /home/admin/Documents/FEUP-CV/proj/task2/../datasets/extra-3/data/valid/2024-03-30-11-22-03_mp4-0002_jpg.rf.a7b2cd636f2b393f520fb5c7b2eb4ff8.jpg: 640x640 1 pool_table, 14.8ms
Speed: 4.2ms preprocess, 14.8ms inference, 35.0ms postprocess per image at shape (1, 3, 640, 640)
Processing extra-3/data/valid/2024-03-28-15-41-19_mp4-0097_jpg.rf.6bbdebde80d4da4e39eb4d42ff8b82bd.jpg...

image 1/1 /home/admin/Documents/FEUP-CV/proj/task2/../datasets/extra-3/data/valid/2024-03-28-15-41-19_mp4-0097_jpg.rf.6bbdebde80d4da4e39eb4d42ff8b82bd.jpg: 640x640 1 pool_table, 16.6ms
Speed: 1.2ms preprocess, 16.6ms inference, 34.9ms postprocess per image at shape (1, 3, 640, 640)
Processing extra-3/data/valid/2024-03-28-15-41-19_mp4-0002_jpg.rf.b626233604ff7b04bb89b575f8888d22.jpg...

image 1/1 /home/admin/Documents/FEUP-CV/proj/task2/../datasets/extra-3/data/valid/2024-03-28-15-41-19_mp4-0002_jpg.rf.b626233604ff7b04bb89b575f8888d22.jpg: 640x640 1 pool_table, 12.5ms
Speed: 4.6ms preprocess, 12.5ms inference, 24.4ms postprocess per image at shape (1, 3, 640, 640)
Processing extra-3/data/valid/2024-03-28-18-28-05_mp4-0008_jpg.rf.2bf2cd480e07a1d22f5383197965d6c1.jpg...

image 1/1 /home/admin/Documents/FEUP-CV/proj/task2/../datasets/extra-3/data/valid/2024-03-28-18-28-05_mp4-0008_jpg.rf.2bf2cd480e07a1d22f5383197965d6c1.jpg: 640x640 1 pool_table, 12.5ms
Speed: 4.6ms preprocess, 12.5ms inference, 24.4ms postprocess per image at shape (1, 3, 640, 640)
Processing extra-3/data/valid/2024-03-28-18-35-18_mp4-0026_jpg.rf.67349a9983f4953c4aef5fb691bca31f.jpg...

image 1/1 /home/admin/Documents/FEUP-CV/proj/task2/../datasets/extra-3/data/valid/2024-03-28-18-35-18_mp4-0026_jpg.rf.67349a9983f4953c4aef5fb691bca31f.jpg: 640x640 1 pool_table, 8.1ms
Speed: 2.8ms preprocess, 8.1ms inference, 26.6ms postprocess per image at shape (1, 3, 640, 640)
Processing extra-3/data/valid/2024-03-28-15-41-19_mp4-0082_jpg.rf.e6734aae7ab9657d753770b0d8ef7a70.jpg...

image 1/1 /home/admin/Documents/FEUP-CV/proj/task2/../datasets/extra-3/data/valid/2024-03-28-15-41-19_mp4-0082_jpg.rf.e6734aae7ab9657d753770b0d8ef7a70.jpg: 640x640 1 pool_table, 16.7ms
Speed: 8.0ms preprocess, 16.7ms inference, 35.0ms postprocess per image at shape (1, 3, 640, 640)
Processing extra-3/data/valid/2024-03-30-11-22-03_mp4-0010_jpg.rf.9e09fb60683d81c5ae1a411a1f058207.jpg...

image 1/1 /home/admin/Documents/FEUP-CV/proj/task2/../datasets/extra-3/data/valid/2024-03-30-11-22-03_mp4-0010_jpg.rf.9e09fb60683d81c5ae1a411a1f058207.jpg: 640x640 1 pool_table, 12.3ms
Speed: 3.4ms preprocess, 12.3ms inference, 24.4ms postprocess per image at shape (1, 3, 640, 640)
Processing extra-3/data/valid/2024-03-28-18-35-18_mp4-0007_jpg.rf.382ef9d6b54b68bca34cea7bad542175.jpg...

image 1/1 /home/admin/Documents/FEUP-CV/proj/task2/../datasets/extra-3/data/valid/2024-03-28-18-35-18_mp4-0007_jpg.rf.382ef9d6b54b68bca34cea7bad542175.jpg: 640x640 1 pool_table, 10.3ms
Speed: 3.5ms preprocess, 10.3ms inference, 24.5ms postprocess per image at shape (1, 3, 640, 640)
Processing extra-3/data/valid/2024-03-28-15-41-19_mp4-0008_jpg.rf.4dd08b712ed25306b649eac4f37c7e2c.jpg...

image 1/1 /home/admin/Documents/FEUP-CV/proj/task2/../datasets/extra-3/data/valid/2024-03-28-15-41-19_mp4-0008_jpg.rf.4dd08b712ed25306b649eac4f37c7e2c.jpg: 640x640 1 pool_table, 12.4ms
Speed: 3.6ms preprocess, 12.4ms inference, 24.5ms postprocess per image at shape (1, 3, 640, 640)
Processing extra-3/data/valid/2024-03-28-18-35-18_mp4-0032_jpg.rf.23bce9107231f7b272ef87e3d6a39800.jpg...

image 1/1 /home/admin/Documents/FEUP-CV/proj/task2/../datasets/extra-3/data/valid/2024-03-28-18-35-18_mp4-0032_jpg.rf.23bce9107231f7b272ef87e3d6a39800.jpg: 640x640 1 pool_table, 16.8ms
Speed: 8.0ms preprocess, 16.8ms inference, 35.1ms postprocess per image at shape (1, 3, 640, 640)
Processing extra-3/data/valid/20240328_171426_jpg.rf.5f7b4aac8d04d6e4b9bda871a0fc5cb3.jpg...

image 1/1 /home/admin/Documents/FEUP-CV/proj/task2/../datasets/extra-3/data/valid/20240328_171426_jpg.rf.5f7b4aac8d04d6e4b9bda871a0fc5cb3.jpg: 640x640 1 pool_table, 14.3ms
Speed: 7.8ms preprocess, 14.3ms inference, 24.5ms postprocess per image at shape (1, 3, 640, 640)
Processing extra-3/data/valid/2024-03-30-11-15-02_mp4-0002_jpg.rf.fca7930da5428960297fabbf364a1cea.jpg...

image 1/1 /home/admin/Documents/FEUP-CV/proj/task2/../datasets/extra-3/data/valid/2024-03-30-11-15-02_mp4-0002_jpg.rf.fca7930da5428960297fabbf364a1cea.jpg: 640x640 1 pool_table, 12.5ms
Speed: 3.2ms preprocess, 12.5ms inference, 24.5ms postprocess per image at shape (1, 3, 640, 640)
Processing extra-3/data/valid/IMG_20240319_120915_jpg.rf.dc04fc91580f95ae57bd310d412b9867.jpg...

image 1/1 /home/admin/Documents/FEUP-CV/proj/task2/../datasets/extra-3/data/valid/IMG_20240319_120915_jpg.rf.dc04fc91580f95ae57bd310d412b9867.jpg: 640x640 1 pool_table, 12.5ms
Speed: 4.2ms preprocess, 12.5ms inference, 24.3ms postprocess per image at shape (1, 3, 640, 640)
Processing extra-3/data/valid/2024-03-28-15-41-19_mp4-0006_jpg.rf.7c72a8130b08ccad007dafda723aa1d9.jpg...

image 1/1 /home/admin/Documents/FEUP-CV/proj/task2/../datasets/extra-3/data/valid/2024-03-28-15-41-19_mp4-0006_jpg.rf.7c72a8130b08ccad007dafda723aa1d9.jpg: 640x640 1 pool_table, 16.6ms
Speed: 6.5ms preprocess, 16.6ms inference, 34.9ms postprocess per image at shape (1, 3, 640, 640)
Processing extra-3/data/valid/20240319_120443_jpg.rf.e941c27a604a07c1e51ba053f4915748.jpg...

image 1/1 /home/admin/Documents/FEUP-CV/proj/task2/../datasets/extra-3/data/valid/20240319_120443_jpg.rf.e941c27a604a07c1e51ba053f4915748.jpg: 640x640 1 pool_table, 16.7ms
Speed: 1.5ms preprocess, 16.7ms inference, 32.1ms postprocess per image at shape (1, 3, 640, 640)
Processing extra-3/data/valid/2024-03-28-18-28-05_mp4-0011_jpg.rf.308d2537462d6be451da298bbef8298a.jpg...

image 1/1 /home/admin/Documents/FEUP-CV/proj/task2/../datasets/extra-3/data/valid/2024-03-28-18-28-05_mp4-0011_jpg.rf.308d2537462d6be451da298bbef8298a.jpg: 640x640 1 pool_table, 12.6ms
Speed: 2.3ms preprocess, 12.6ms inference, 18.4ms postprocess per image at shape (1, 3, 640, 640)
Processing extra-3/data/valid/2024-03-30-11-07-17_mp4-0020_jpg.rf.614939eff900123324892008c308f6f5.jpg...

image 1/1 /home/admin/Documents/FEUP-CV/proj/task2/../datasets/extra-3/data/valid/2024-03-30-11-07-17_mp4-0020_jpg.rf.614939eff900123324892008c308f6f5.jpg: 640x640 1 pool_table, 12.5ms
Speed: 4.3ms preprocess, 12.5ms inference, 24.4ms postprocess per image at shape (1, 3, 640, 640)
Processing extra-3/data/valid/2024-03-30-11-07-17_mp4-0045_jpg.rf.ba907740a12bf299f9382e017a987403.jpg...

image 1/1 /home/admin/Documents/FEUP-CV/proj/task2/../datasets/extra-3/data/valid/2024-03-30-11-07-17_mp4-0045_jpg.rf.ba907740a12bf299f9382e017a987403.jpg: 640x640 1 pool_table, 12.4ms
Speed: 4.1ms preprocess, 12.4ms inference, 24.0ms postprocess per image at shape (1, 3, 640, 640)
Processing extra-3/data/valid/2024-03-30-11-15-02_mp4-0019_jpg.rf.deb862eb55c91ce7cb1f42ae7e351c8a.jpg...

image 1/1 /home/admin/Documents/FEUP-CV/proj/task2/../datasets/extra-3/data/valid/2024-03-30-11-15-02_mp4-0019_jpg.rf.deb862eb55c91ce7cb1f42ae7e351c8a.jpg: 640x640 1 pool_table, 16.7ms
Speed: 1.3ms preprocess, 16.7ms inference, 34.8ms postprocess per image at shape (1, 3, 640, 640)
Processing extra-3/data/valid/2024-03-30-11-15-02_mp4-0055_jpg.rf.27a9569012b541faaf2c921b0f2358aa.jpg...

image 1/1 /home/admin/Documents/FEUP-CV/proj/task2/../datasets/extra-3/data/valid/2024-03-30-11-15-02_mp4-0055_jpg.rf.27a9569012b541faaf2c921b0f2358aa.jpg: 640x640 1 pool_table, 12.4ms
Speed: 3.8ms preprocess, 12.4ms inference, 24.3ms postprocess per image at shape (1, 3, 640, 640)
Processing extra-3/data/valid/2024-03-28-15-41-19_mp4-0063_jpg.rf.85f0de0ef3a007b5e8e8089f715ececa.jpg...

image 1/1 /home/admin/Documents/FEUP-CV/proj/task2/../datasets/extra-3/data/valid/2024-03-28-15-41-19_mp4-0063_jpg.rf.85f0de0ef3a007b5e8e8089f715ececa.jpg: 640x640 1 pool_table, 12.6ms
Speed: 4.3ms preprocess, 12.6ms inference, 24.4ms postprocess per image at shape (1, 3, 640, 640)
Processing extra-3/data/valid/2024-03-28-15-41-19_mp4-0065_jpg.rf.1b928a51b2d377c64668813e7cec7a5e.jpg...

image 1/1 /home/admin/Documents/FEUP-CV/proj/task2/../datasets/extra-3/data/valid/2024-03-28-15-41-19_mp4-0065_jpg.rf.1b928a51b2d377c64668813e7cec7a5e.jpg: 640x640 1 pool_table, 12.6ms
Speed: 4.5ms preprocess, 12.6ms inference, 24.5ms postprocess per image at shape (1, 3, 640, 640)
Processing extra-3/data/valid/2024-03-30-11-22-03_mp4-0005_jpg.rf.3fd1f2b997396c9e0df4de3382f0c3a8.jpg...

image 1/1 /home/admin/Documents/FEUP-CV/proj/task2/../datasets/extra-3/data/valid/2024-03-30-11-22-03_mp4-0005_jpg.rf.3fd1f2b997396c9e0df4de3382f0c3a8.jpg: 640x640 1 pool_table, 16.8ms
Speed: 1.8ms preprocess, 16.8ms inference, 35.2ms postprocess per image at shape (1, 3, 640, 640)
Processing extra-3/data/valid/IMG_20240319_121957_jpg.rf.473d7d27ffa05846891639f89cf1e4a2.jpg...

image 1/1 /home/admin/Documents/FEUP-CV/proj/task2/../datasets/extra-3/data/valid/IMG_20240319_121957_jpg.rf.473d7d27ffa05846891639f89cf1e4a2.jpg: 640x640 1 pool_table, 14.0ms
Speed: 7.9ms preprocess, 14.0ms inference, 24.2ms postprocess per image at shape (1, 3, 640, 640)
Processing extra-3/data/valid/2024-03-30-11-15-02_mp4-0021_jpg.rf.04b3be0672f96839bf981fce7c260194.jpg...

image 1/1 /home/admin/Documents/FEUP-CV/proj/task2/../datasets/extra-3/data/valid/2024-03-30-11-15-02_mp4-0021_jpg.rf.04b3be0672f96839bf981fce7c260194.jpg: 640x640 1 pool_table, 12.4ms
Speed: 3.9ms preprocess, 12.4ms inference, 24.4ms postprocess per image at shape (1, 3, 640, 640)
Processing extra-3/data/valid/IMG_20240319_120743_jpg.rf.62db89a8992acc4adcaae0fe4300f382.jpg...

image 1/1 /home/admin/Documents/FEUP-CV/proj/task2/../datasets/extra-3/data/valid/IMG_20240319_120743_jpg.rf.62db89a8992acc4adcaae0fe4300f382.jpg: 640x640 1 pool_table, 12.5ms
Speed: 4.3ms preprocess, 12.5ms inference, 24.3ms postprocess per image at shape (1, 3, 640, 640)
Processing extra-3/data/valid/2024-03-30-11-07-17_mp4-0060_jpg.rf.9bfc6c91974fa80e8634e411b5ef7109.jpg...

image 1/1 /home/admin/Documents/FEUP-CV/proj/task2/../datasets/extra-3/data/valid/2024-03-30-11-07-17_mp4-0060_jpg.rf.9bfc6c91974fa80e8634e411b5ef7109.jpg: 640x640 1 pool_table, 16.9ms
Speed: 1.8ms preprocess, 16.9ms inference, 35.0ms postprocess per image at shape (1, 3, 640, 640)
Processing extra-3/data/valid/2024-03-30-11-15-02_mp4-0008_jpg.rf.de630515a5251eee264c9ea64152ad22.jpg...

image 1/1 /home/admin/Documents/FEUP-CV/proj/task2/../datasets/extra-3/data/valid/2024-03-30-11-15-02_mp4-0008_jpg.rf.de630515a5251eee264c9ea64152ad22.jpg: 640x640 1 pool_table, 15.7ms
Speed: 1.8ms preprocess, 15.7ms inference, 26.6ms postprocess per image at shape (1, 3, 640, 640)
Processing extra-3/data/valid/2024-03-28-18-35-18_mp4-0013_jpg.rf.60c8b43c02af967badb74995ae6864a3.jpg...

image 1/1 /home/admin/Documents/FEUP-CV/proj/task2/../datasets/extra-3/data/valid/2024-03-28-18-35-18_mp4-0013_jpg.rf.60c8b43c02af967badb74995ae6864a3.jpg: 640x640 1 pool_table, 12.5ms
Speed: 3.5ms preprocess, 12.5ms inference, 20.7ms postprocess per image at shape (1, 3, 640, 640)
Processing extra-3/data/valid/2024-03-28-15-41-19_mp4-0033_jpg.rf.8685068dfe9194b973d4cc8c2a96a571.jpg...

image 1/1 /home/admin/Documents/FEUP-CV/proj/task2/../datasets/extra-3/data/valid/2024-03-28-15-41-19_mp4-0033_jpg.rf.8685068dfe9194b973d4cc8c2a96a571.jpg: 640x640 1 pool_table, 12.3ms
Speed: 3.9ms preprocess, 12.3ms inference, 24.3ms postprocess per image at shape (1, 3, 640, 640)
Processing extra-3/data/valid/2024-03-28-15-41-19_mp4-0088_jpg.rf.2e409348bd555adca53903f61af8254a.jpg...

image 1/1 /home/admin/Documents/FEUP-CV/proj/task2/../datasets/extra-3/data/valid/2024-03-28-15-41-19_mp4-0088_jpg.rf.2e409348bd555adca53903f61af8254a.jpg: 640x640 1 pool_table, 12.3ms
Speed: 4.1ms preprocess, 12.3ms inference, 32.9ms postprocess per image at shape (1, 3, 640, 640)
Processing extra-3/data/valid/2024-03-28-15-41-19_mp4-0018_jpg.rf.2c2a43b28cd1942815a5447cb95ea650.jpg...

image 1/1 /home/admin/Documents/FEUP-CV/proj/task2/../datasets/extra-3/data/valid/2024-03-28-15-41-19_mp4-0018_jpg.rf.2c2a43b28cd1942815a5447cb95ea650.jpg: 640x640 1 pool_table, 16.7ms
Speed: 1.5ms preprocess, 16.7ms inference, 35.1ms postprocess per image at shape (1, 3, 640, 640)
Processing extra-3/data/valid/2024-03-30-11-07-17_mp4-0061_jpg.rf.7674508898664adfd895c8b885c4094e.jpg...

image 1/1 /home/admin/Documents/FEUP-CV/proj/task2/../datasets/extra-3/data/valid/2024-03-30-11-07-17_mp4-0061_jpg.rf.7674508898664adfd895c8b885c4094e.jpg: 640x640 1 pool_table, 12.6ms
Speed: 4.3ms preprocess, 12.6ms inference, 24.5ms postprocess per image at shape (1, 3, 640, 640)
Processing extra-3/data/valid/2024-03-28-15-41-19_mp4-0023_jpg.rf.113c41f2519fb5eca8b30042c725d981.jpg...

image 1/1 /home/admin/Documents/FEUP-CV/proj/task2/../datasets/extra-3/data/valid/2024-03-28-15-41-19_mp4-0023_jpg.rf.113c41f2519fb5eca8b30042c725d981.jpg: 640x640 1 pool_table, 12.6ms
Speed: 4.4ms preprocess, 12.6ms inference, 24.6ms postprocess per image at shape (1, 3, 640, 640)
Processing extra-3/data/valid/2024-03-28-18-28-05_mp4-0020_jpg.rf.4759ae55c514b6a5cee87293b20ddd55.jpg...

image 1/1 /home/admin/Documents/FEUP-CV/proj/task2/../datasets/extra-3/data/valid/2024-03-28-18-28-05_mp4-0020_jpg.rf.4759ae55c514b6a5cee87293b20ddd55.jpg: 640x640 1 pool_table, 12.3ms
Speed: 4.6ms preprocess, 12.3ms inference, 24.3ms postprocess per image at shape (1, 3, 640, 640)
Processing extra-3/data/valid/2024-03-28-15-41-19_mp4-0083_jpg.rf.bcb74068d430c14e903cb0c26bb0aed5.jpg...

image 1/1 /home/admin/Documents/FEUP-CV/proj/task2/../datasets/extra-3/data/valid/2024-03-28-15-41-19_mp4-0083_jpg.rf.bcb74068d430c14e903cb0c26bb0aed5.jpg: 640x640 1 pool_table, 16.5ms
Speed: 1.9ms preprocess, 16.5ms inference, 35.0ms postprocess per image at shape (1, 3, 640, 640)
Processing extra-3/data/valid/2024-03-30-11-22-03_mp4-0007_jpg.rf.2dc6d6a0115e3c0d559ea6ae31cae658.jpg...

image 1/1 /home/admin/Documents/FEUP-CV/proj/task2/../datasets/extra-3/data/valid/2024-03-30-11-22-03_mp4-0007_jpg.rf.2dc6d6a0115e3c0d559ea6ae31cae658.jpg: 640x640 1 pool_table, 16.6ms
Speed: 1.6ms preprocess, 16.6ms inference, 24.8ms postprocess per image at shape (1, 3, 640, 640)
Processing extra-3/data/valid/2024-03-30-11-07-17_mp4-0024_jpg.rf.720031ca50646938961a7ba17f638e0c.jpg...

image 1/1 /home/admin/Documents/FEUP-CV/proj/task2/../datasets/extra-3/data/valid/2024-03-30-11-07-17_mp4-0024_jpg.rf.720031ca50646938961a7ba17f638e0c.jpg: 640x640 1 pool_table, 12.7ms
Speed: 3.8ms preprocess, 12.7ms inference, 24.4ms postprocess per image at shape (1, 3, 640, 640)
Processing extra-3/data/valid/2024-03-30-11-15-02_mp4-0031_jpg.rf.72f679b9fc6f0276c53a4c777ca4c886.jpg...

image 1/1 /home/admin/Documents/FEUP-CV/proj/task2/../datasets/extra-3/data/valid/2024-03-30-11-15-02_mp4-0031_jpg.rf.72f679b9fc6f0276c53a4c777ca4c886.jpg: 640x640 1 pool_table, 12.6ms
Speed: 4.5ms preprocess, 12.6ms inference, 24.4ms postprocess per image at shape (1, 3, 640, 640)
Processing extra-3/data/valid/20240328_171210_jpg.rf.55ff4a1f5bc4a7db24de52cd1c6fa223.jpg...

image 1/1 /home/admin/Documents/FEUP-CV/proj/task2/../datasets/extra-3/data/valid/20240328_171210_jpg.rf.55ff4a1f5bc4a7db24de52cd1c6fa223.jpg: 640x640 3 pool_tables, 10.4ms
Speed: 2.3ms preprocess, 10.4ms inference, 35.1ms postprocess per image at shape (1, 3, 640, 640)
Processing extra-3/data/valid/20240328_171151_jpg.rf.ec743240351dc3fce6a922d3bcdddea2.jpg...

image 1/1 /home/admin/Documents/FEUP-CV/proj/task2/../datasets/extra-3/data/valid/20240328_171151_jpg.rf.ec743240351dc3fce6a922d3bcdddea2.jpg: 640x640 1 pool_table, 16.6ms
Speed: 6.9ms preprocess, 16.6ms inference, 25.5ms postprocess per image at shape (1, 3, 640, 640)
Processing extra-3/data/valid/2024-03-28-15-41-19_mp4-0019_jpg.rf.e513b898195026b9abf1a6bf59b0cf1a.jpg...

image 1/1 /home/admin/Documents/FEUP-CV/proj/task2/../datasets/extra-3/data/valid/2024-03-28-15-41-19_mp4-0019_jpg.rf.e513b898195026b9abf1a6bf59b0cf1a.jpg: 640x640 1 pool_table, 12.2ms
Speed: 2.5ms preprocess, 12.2ms inference, 24.3ms postprocess per image at shape (1, 3, 640, 640)
Processing extra-3/data/valid/2024-03-30-11-07-17_mp4-0016_jpg.rf.2671b69dd8be0b2a3c360947635936f0.jpg...

image 1/1 /home/admin/Documents/FEUP-CV/proj/task2/../datasets/extra-3/data/valid/2024-03-30-11-07-17_mp4-0016_jpg.rf.2671b69dd8be0b2a3c360947635936f0.jpg: 640x640 1 pool_table, 12.3ms
Speed: 3.8ms preprocess, 12.3ms inference, 24.5ms postprocess per image at shape (1, 3, 640, 640)
Processing extra-3/data/valid/2024-03-28-18-35-18_mp4-0012_jpg.rf.d401921743a81cd82b6762278d676542.jpg...

image 1/1 /home/admin/Documents/FEUP-CV/proj/task2/../datasets/extra-3/data/valid/2024-03-28-18-35-18_mp4-0012_jpg.rf.d401921743a81cd82b6762278d676542.jpg: 640x640 1 pool_table, 17.0ms
Speed: 3.6ms preprocess, 17.0ms inference, 35.0ms postprocess per image at shape (1, 3, 640, 640)
Processing extra-3/data/valid/2024-03-30-11-22-03_mp4-0014_jpg.rf.22bae034acbfab813a20e2f69ef8e76a.jpg...

image 1/1 /home/admin/Documents/FEUP-CV/proj/task2/../datasets/extra-3/data/valid/2024-03-30-11-22-03_mp4-0014_jpg.rf.22bae034acbfab813a20e2f69ef8e76a.jpg: 640x640 1 pool_table, 16.9ms
Speed: 7.6ms preprocess, 16.9ms inference, 33.0ms postprocess per image at shape (1, 3, 640, 640)
Processing extra-3/data/valid/2024-03-30-11-22-03_mp4-0040_jpg.rf.2d8c2e3d98ab134a412b7943a77a3a38.jpg...

image 1/1 /home/admin/Documents/FEUP-CV/proj/task2/../datasets/extra-3/data/valid/2024-03-30-11-22-03_mp4-0040_jpg.rf.2d8c2e3d98ab134a412b7943a77a3a38.jpg: 640x640 1 pool_table, 12.4ms
Speed: 2.8ms preprocess, 12.4ms inference, 24.3ms postprocess per image at shape (1, 3, 640, 640)
Processing extra-3/data/valid/2024-03-28-15-41-19_mp4-0044_jpg.rf.267efda10d44e2a8de54384cfe6b2ac0.jpg...

image 1/1 /home/admin/Documents/FEUP-CV/proj/task2/../datasets/extra-3/data/valid/2024-03-28-15-41-19_mp4-0044_jpg.rf.267efda10d44e2a8de54384cfe6b2ac0.jpg: 640x640 1 pool_table, 12.4ms
Speed: 3.4ms preprocess, 12.4ms inference, 24.4ms postprocess per image at shape (1, 3, 640, 640)
Processing extra-3/data/valid/2024-03-30-11-22-03_mp4-0023_jpg.rf.b5ffdfec202e7d193e11718f15f9fe07.jpg...

image 1/1 /home/admin/Documents/FEUP-CV/proj/task2/../datasets/extra-3/data/valid/2024-03-30-11-22-03_mp4-0023_jpg.rf.b5ffdfec202e7d193e11718f15f9fe07.jpg: 640x640 1 pool_table, 12.5ms
Speed: 4.3ms preprocess, 12.5ms inference, 28.7ms postprocess per image at shape (1, 3, 640, 640)
Processing extra-3/data/valid/2024-03-28-15-41-19_mp4-0045_jpg.rf.547174ed2d54101a9b26be0f85816b24.jpg...

image 1/1 /home/admin/Documents/FEUP-CV/proj/task2/../datasets/extra-3/data/valid/2024-03-28-15-41-19_mp4-0045_jpg.rf.547174ed2d54101a9b26be0f85816b24.jpg: 640x640 1 pool_table, 16.7ms
Speed: 1.3ms preprocess, 16.7ms inference, 35.0ms postprocess per image at shape (1, 3, 640, 640)
Processing extra-3/data/valid/2024-03-30-11-22-03_mp4-0024_jpg.rf.b296adf458b6af8328c014f7ca189acb.jpg...

image 1/1 /home/admin/Documents/FEUP-CV/proj/task2/../datasets/extra-3/data/valid/2024-03-30-11-22-03_mp4-0024_jpg.rf.b296adf458b6af8328c014f7ca189acb.jpg: 640x640 1 pool_table, 8.3ms
Speed: 2.9ms preprocess, 8.3ms inference, 20.2ms postprocess per image at shape (1, 3, 640, 640)
Processing extra-3/data/valid/IMG_20240319_121941_jpg.rf.4180dd697c0b74327ca6d5dc34ea565a.jpg...

image 1/1 /home/admin/Documents/FEUP-CV/proj/task2/../datasets/extra-3/data/valid/IMG_20240319_121941_jpg.rf.4180dd697c0b74327ca6d5dc34ea565a.jpg: 640x640 1 pool_table, 12.4ms
Speed: 3.5ms preprocess, 12.4ms inference, 18.6ms postprocess per image at shape (1, 3, 640, 640)
Processing extra-3/data/valid/2024-03-30-11-07-17_mp4-0025_jpg.rf.d32b7c0733d4d45fcd0650b3ce3fbf37.jpg...

image 1/1 /home/admin/Documents/FEUP-CV/proj/task2/../datasets/extra-3/data/valid/2024-03-30-11-07-17_mp4-0025_jpg.rf.d32b7c0733d4d45fcd0650b3ce3fbf37.jpg: 640x640 1 pool_table, 12.4ms
Speed: 3.5ms preprocess, 12.4ms inference, 24.3ms postprocess per image at shape (1, 3, 640, 640)
Processing extra-3/data/valid/2024-03-28-18-35-18_mp4-0014_jpg.rf.64d8e2ff12da5c4536512157bb2ab080.jpg...

image 1/1 /home/admin/Documents/FEUP-CV/proj/task2/../datasets/extra-3/data/valid/2024-03-28-18-35-18_mp4-0014_jpg.rf.64d8e2ff12da5c4536512157bb2ab080.jpg: 640x640 1 pool_table, 16.5ms
Speed: 7.5ms preprocess, 16.5ms inference, 34.9ms postprocess per image at shape (1, 3, 640, 640)
Processing extra-3/data/valid/IMG_20240319_121806_jpg.rf.21dd692b68287af57b9137e83ca1f494.jpg...

image 1/1 /home/admin/Documents/FEUP-CV/proj/task2/../datasets/extra-3/data/valid/IMG_20240319_121806_jpg.rf.21dd692b68287af57b9137e83ca1f494.jpg: 640x640 1 pool_table, 16.5ms
Speed: 7.5ms preprocess, 16.5ms inference, 24.7ms postprocess per image at shape (1, 3, 640, 640)
Processing extra-3/data/valid/IMG_20240319_120946_jpg.rf.438587875e75d6835007e61d67939aff.jpg...

image 1/1 /home/admin/Documents/FEUP-CV/proj/task2/../datasets/extra-3/data/valid/IMG_20240319_120946_jpg.rf.438587875e75d6835007e61d67939aff.jpg: 640x640 1 pool_table, 12.8ms
Speed: 3.2ms preprocess, 12.8ms inference, 24.7ms postprocess per image at shape (1, 3, 640, 640)
Processing extra-3/data/valid/2024-03-28-18-28-05_mp4-0045_jpg.rf.94f46e5fb0b8ef05cf251b7995245698.jpg...

image 1/1 /home/admin/Documents/FEUP-CV/proj/task2/../datasets/extra-3/data/valid/2024-03-28-18-28-05_mp4-0045_jpg.rf.94f46e5fb0b8ef05cf251b7995245698.jpg: 640x640 1 pool_table, 12.6ms
Speed: 4.2ms preprocess, 12.6ms inference, 24.6ms postprocess per image at shape (1, 3, 640, 640)
Processing extra-3/data/valid/IMG_20240319_121832_jpg.rf.57c78dad8d89d4b19e2765ebd324fb0d.jpg...

image 1/1 /home/admin/Documents/FEUP-CV/proj/task2/../datasets/extra-3/data/valid/IMG_20240319_121832_jpg.rf.57c78dad8d89d4b19e2765ebd324fb0d.jpg: 640x640 1 pool_table, 14.7ms
Speed: 4.4ms preprocess, 14.7ms inference, 35.1ms postprocess per image at shape (1, 3, 640, 640)
Processing extra-3/data/valid/IMG_20240319_120631_jpg.rf.5ac2ba3907f3b7c11115d36fe6848b1d.jpg...

image 1/1 /home/admin/Documents/FEUP-CV/proj/task2/../datasets/extra-3/data/valid/IMG_20240319_120631_jpg.rf.5ac2ba3907f3b7c11115d36fe6848b1d.jpg: 640x640 1 pool_table, 16.6ms
Speed: 1.1ms preprocess, 16.6ms inference, 35.0ms postprocess per image at shape (1, 3, 640, 640)
Processing extra-3/data/valid/IMG_20240319_121853_jpg.rf.cfeaafd59307b82c48428044d1b5aaa5.jpg...

image 1/1 /home/admin/Documents/FEUP-CV/proj/task2/../datasets/extra-3/data/valid/IMG_20240319_121853_jpg.rf.cfeaafd59307b82c48428044d1b5aaa5.jpg: 640x640 1 pool_table, 12.3ms
Speed: 4.1ms preprocess, 12.3ms inference, 24.3ms postprocess per image at shape (1, 3, 640, 640)
Processing extra-3/data/valid/2024-03-30-11-15-02_mp4-0030_jpg.rf.611dcb58fd4a917adeb01f347b4a7ae5.jpg...

image 1/1 /home/admin/Documents/FEUP-CV/proj/task2/../datasets/extra-3/data/valid/2024-03-30-11-15-02_mp4-0030_jpg.rf.611dcb58fd4a917adeb01f347b4a7ae5.jpg: 640x640 1 pool_table, 11.2ms
Speed: 4.0ms preprocess, 11.2ms inference, 13.5ms postprocess per image at shape (1, 3, 640, 640)
Processing extra-3/data/valid/2024-03-28-18-28-05_mp4-0016_jpg.rf.9f47cc301743b73508a4f83a7687b14b.jpg...

image 1/1 /home/admin/Documents/FEUP-CV/proj/task2/../datasets/extra-3/data/valid/2024-03-28-18-28-05_mp4-0016_jpg.rf.9f47cc301743b73508a4f83a7687b14b.jpg: 640x640 1 pool_table, 12.6ms
Speed: 4.4ms preprocess, 12.6ms inference, 28.8ms postprocess per image at shape (1, 3, 640, 640)
Processing extra-3/data/valid/2024-03-30-11-07-17_mp4-0049_jpg.rf.522f9bddb8b29eb8cdec8a9d3f45f72a.jpg...

image 1/1 /home/admin/Documents/FEUP-CV/proj/task2/../datasets/extra-3/data/valid/2024-03-30-11-07-17_mp4-0049_jpg.rf.522f9bddb8b29eb8cdec8a9d3f45f72a.jpg: 640x640 1 pool_table, 16.8ms
Speed: 2.0ms preprocess, 16.8ms inference, 34.9ms postprocess per image at shape (1, 3, 640, 640)
Processing extra-3/data/valid/2024-03-30-11-15-02_mp4-0043_jpg.rf.035f76d98bd115d632cc9e18624aeb5d.jpg...

image 1/1 /home/admin/Documents/FEUP-CV/proj/task2/../datasets/extra-3/data/valid/2024-03-30-11-15-02_mp4-0043_jpg.rf.035f76d98bd115d632cc9e18624aeb5d.jpg: 640x640 1 pool_table, 8.6ms
Speed: 1.7ms preprocess, 8.6ms inference, 20.0ms postprocess per image at shape (1, 3, 640, 640)
Processing extra-3/data/valid/2024-03-30-11-15-02_mp4-0045_jpg.rf.04ffc7bbabdc0804bad4119240a09c3a.jpg...

image 1/1 /home/admin/Documents/FEUP-CV/proj/task2/../datasets/extra-3/data/valid/2024-03-30-11-15-02_mp4-0045_jpg.rf.04ffc7bbabdc0804bad4119240a09c3a.jpg: 640x640 1 pool_table, 12.4ms
Speed: 4.2ms preprocess, 12.4ms inference, 24.3ms postprocess per image at shape (1, 3, 640, 640)
Processing extra-3/data/valid/20240328_171406_jpg.rf.3060b8b94f8df08a42aa2c99b781cf05.jpg...

image 1/1 /home/admin/Documents/FEUP-CV/proj/task2/../datasets/extra-3/data/valid/20240328_171406_jpg.rf.3060b8b94f8df08a42aa2c99b781cf05.jpg: 640x640 (no detections), 12.4ms
Speed: 3.8ms preprocess, 12.4ms inference, 9.7ms postprocess per image at shape (1, 3, 640, 640)
Processing extra-3/data/valid/IMG_20240319_122215_jpg.rf.0e85cd303929ef5da59be0406e42d0a9.jpg...

image 1/1 /home/admin/Documents/FEUP-CV/proj/task2/../datasets/extra-3/data/valid/IMG_20240319_122215_jpg.rf.0e85cd303929ef5da59be0406e42d0a9.jpg: 640x640 1 pool_table, 12.4ms
Speed: 4.7ms preprocess, 12.4ms inference, 32.9ms postprocess per image at shape (1, 3, 640, 640)
Processing extra-3/data/valid/2024-03-30-11-07-17_mp4-0048_jpg.rf.173a54d5cdcec7a929458ecdc5e0c573.jpg...

image 1/1 /home/admin/Documents/FEUP-CV/proj/task2/../datasets/extra-3/data/valid/2024-03-30-11-07-17_mp4-0048_jpg.rf.173a54d5cdcec7a929458ecdc5e0c573.jpg: 640x640 1 pool_table, 16.9ms
Speed: 6.8ms preprocess, 16.9ms inference, 35.2ms postprocess per image at shape (1, 3, 640, 640)
Processing extra-3/data/valid/IMG_20240319_122241_jpg.rf.4ef30ff272d9281df9efd766eceaa3e5.jpg...

image 1/1 /home/admin/Documents/FEUP-CV/proj/task2/../datasets/extra-3/data/valid/IMG_20240319_122241_jpg.rf.4ef30ff272d9281df9efd766eceaa3e5.jpg: 640x640 1 pool_table, 8.4ms
Speed: 3.2ms preprocess, 8.4ms inference, 22.5ms postprocess per image at shape (1, 3, 640, 640)
Processing extra-6/data/train/09_01323_jpg.rf.e64485276b6b5aedee7512bbe2248b7a.jpg...

image 1/1 /home/admin/Documents/FEUP-CV/proj/task2/../datasets/extra-6/data/train/09_01323_jpg.rf.e64485276b6b5aedee7512bbe2248b7a.jpg: 640x640 (no detections), 12.7ms
Speed: 4.2ms preprocess, 12.7ms inference, 9.7ms postprocess per image at shape (1, 3, 640, 640)
Processing extra-6/data/train/output_00040_jpg.rf.4cb416c0a224dd4b471a36dc8af92446.jpg...

image 1/1 /home/admin/Documents/FEUP-CV/proj/task2/../datasets/extra-6/data/train/output_00040_jpg.rf.4cb416c0a224dd4b471a36dc8af92446.jpg: 640x640 (no detections), 12.3ms
Speed: 5.0ms preprocess, 12.3ms inference, 9.7ms postprocess per image at shape (1, 3, 640, 640)
Processing extra-6/data/train/output_00145_jpg.rf.7078e7d19532313ccd63713f8e7674d4.jpg...

image 1/1 /home/admin/Documents/FEUP-CV/proj/task2/../datasets/extra-6/data/train/output_00145_jpg.rf.7078e7d19532313ccd63713f8e7674d4.jpg: 640x640 (no detections), 12.2ms
Speed: 5.0ms preprocess, 12.2ms inference, 9.7ms postprocess per image at shape (1, 3, 640, 640)
Processing extra-6/data/train/output_00198_jpg.rf.e65c45ecaf015c17d8ce33f5edb7f224.jpg...

image 1/1 /home/admin/Documents/FEUP-CV/proj/task2/../datasets/extra-6/data/train/output_00198_jpg.rf.e65c45ecaf015c17d8ce33f5edb7f224.jpg: 640x640 1 pool_table, 16.5ms
Speed: 7.2ms preprocess, 16.5ms inference, 34.8ms postprocess per image at shape (1, 3, 640, 640)
Processing extra-6/data/train/output_00060_jpg.rf.3a27df2387359c05a2f3847c8cfeeae9.jpg...

image 1/1 /home/admin/Documents/FEUP-CV/proj/task2/../datasets/extra-6/data/train/output_00060_jpg.rf.3a27df2387359c05a2f3847c8cfeeae9.jpg: 640x640 (no detections), 16.5ms
Speed: 2.1ms preprocess, 16.5ms inference, 14.0ms postprocess per image at shape (1, 3, 640, 640)
Processing extra-6/data/train/08_00723_jpg.rf.92abf1a2618dc4c45d06bafac8921706.jpg...

image 1/1 /home/admin/Documents/FEUP-CV/proj/task2/../datasets/extra-6/data/train/08_00723_jpg.rf.92abf1a2618dc4c45d06bafac8921706.jpg: 640x640 (no detections), 12.6ms
Speed: 2.3ms preprocess, 12.6ms inference, 9.7ms postprocess per image at shape (1, 3, 640, 640)
Processing extra-6/data/train/output_00108_jpg.rf.a1831be13978a28204aef76ed14a2da1.jpg...

image 1/1 /home/admin/Documents/FEUP-CV/proj/task2/../datasets/extra-6/data/train/output_00108_jpg.rf.a1831be13978a28204aef76ed14a2da1.jpg: 640x640 1 pool_table, 12.5ms
Speed: 5.0ms preprocess, 12.5ms inference, 24.3ms postprocess per image at shape (1, 3, 640, 640)
Processing extra-6/data/train/08_00483_jpg.rf.c13afa4556f3f187dc4c4c03656f070d.jpg...

image 1/1 /home/admin/Documents/FEUP-CV/proj/task2/../datasets/extra-6/data/train/08_00483_jpg.rf.c13afa4556f3f187dc4c4c03656f070d.jpg: 640x640 (no detections), 12.6ms
Speed: 3.6ms preprocess, 12.6ms inference, 9.6ms postprocess per image at shape (1, 3, 640, 640)
Processing extra-6/data/train/08_01323_jpg.rf.bd16c8179163180a6b37649d5b2e8c69.jpg...

image 1/1 /home/admin/Documents/FEUP-CV/proj/task2/../datasets/extra-6/data/train/08_01323_jpg.rf.bd16c8179163180a6b37649d5b2e8c69.jpg: 640x640 1 pool_table, 12.4ms
Speed: 5.1ms preprocess, 12.4ms inference, 24.4ms postprocess per image at shape (1, 3, 640, 640)
Processing extra-6/data/train/08_00523_jpg.rf.e6a0785c1ad40cb4457a1b6d47c0eca6.jpg...

image 1/1 /home/admin/Documents/FEUP-CV/proj/task2/../datasets/extra-6/data/train/08_00523_jpg.rf.e6a0785c1ad40cb4457a1b6d47c0eca6.jpg: 640x640 1 pool_table, 15.8ms
Speed: 7.7ms preprocess, 15.8ms inference, 28.6ms postprocess per image at shape (1, 3, 640, 640)
Processing extra-6/data/train/output_00211_jpg.rf.132bdabfb1b0d527511fde561dfa8bb8.jpg...

image 1/1 /home/admin/Documents/FEUP-CV/proj/task2/../datasets/extra-6/data/train/output_00211_jpg.rf.132bdabfb1b0d527511fde561dfa8bb8.jpg: 640x640 (no detections), 16.8ms
Speed: 7.5ms preprocess, 16.8ms inference, 14.1ms postprocess per image at shape (1, 3, 640, 640)
Processing extra-6/data/train/output_00012_jpg.rf.dbe4578e4106a48afc1c65ebd4cdc555.jpg...

image 1/1 /home/admin/Documents/FEUP-CV/proj/task2/../datasets/extra-6/data/train/output_00012_jpg.rf.dbe4578e4106a48afc1c65ebd4cdc555.jpg: 640x640 (no detections), 12.6ms
Speed: 4.9ms preprocess, 12.6ms inference, 9.7ms postprocess per image at shape (1, 3, 640, 640)
Processing extra-6/data/train/output_00101_jpg.rf.1fbe96eca859683f8bdcf54d3f857b33.jpg...

image 1/1 /home/admin/Documents/FEUP-CV/proj/task2/../datasets/extra-6/data/train/output_00101_jpg.rf.1fbe96eca859683f8bdcf54d3f857b33.jpg: 640x640 (no detections), 8.1ms
Speed: 3.9ms preprocess, 8.1ms inference, 5.5ms postprocess per image at shape (1, 3, 640, 640)
Processing extra-6/data/train/output_00211_jpg.rf.fab5b858616e0d710df654726e37b0a8.jpg...

image 1/1 /home/admin/Documents/FEUP-CV/proj/task2/../datasets/extra-6/data/train/output_00211_jpg.rf.fab5b858616e0d710df654726e37b0a8.jpg: 640x640 1 pool_table, 12.6ms
Speed: 2.6ms preprocess, 12.6ms inference, 24.5ms postprocess per image at shape (1, 3, 640, 640)
Processing extra-6/data/train/08_00043_jpg.rf.d247bd2b2f1c7b2b117b89be83f0c634.jpg...

image 1/1 /home/admin/Documents/FEUP-CV/proj/task2/../datasets/extra-6/data/train/08_00043_jpg.rf.d247bd2b2f1c7b2b117b89be83f0c634.jpg: 640x640 1 pool_table, 12.3ms
Speed: 3.0ms preprocess, 12.3ms inference, 24.4ms postprocess per image at shape (1, 3, 640, 640)
Processing extra-6/data/train/output_00049_jpg.rf.1adedb243cc52f01c18936466daa045f.jpg...

image 1/1 /home/admin/Documents/FEUP-CV/proj/task2/../datasets/extra-6/data/train/output_00049_jpg.rf.1adedb243cc52f01c18936466daa045f.jpg: 640x640 (no detections), 16.6ms
Speed: 7.3ms preprocess, 16.6ms inference, 13.9ms postprocess per image at shape (1, 3, 640, 640)
Processing extra-6/data/train/output_00096_jpg.rf.74a81dbbb21046d66040c17bd38e3c1b.jpg...

image 1/1 /home/admin/Documents/FEUP-CV/proj/task2/../datasets/extra-6/data/train/output_00096_jpg.rf.74a81dbbb21046d66040c17bd38e3c1b.jpg: 640x640 (no detections), 16.7ms
Speed: 1.9ms preprocess, 16.7ms inference, 14.0ms postprocess per image at shape (1, 3, 640, 640)
Processing extra-6/data/train/output_00004_jpg.rf.4b1636b5f779f94f31faba365ce577d1.jpg...

image 1/1 /home/admin/Documents/FEUP-CV/proj/task2/../datasets/extra-6/data/train/output_00004_jpg.rf.4b1636b5f779f94f31faba365ce577d1.jpg: 640x640 (no detections), 13.7ms
Speed: 2.7ms preprocess, 13.7ms inference, 9.7ms postprocess per image at shape (1, 3, 640, 640)
Processing extra-6/data/train/08_01163_jpg.rf.6a76f3413deea01115c16e211995f1ea.jpg...

image 1/1 /home/admin/Documents/FEUP-CV/proj/task2/../datasets/extra-6/data/train/08_01163_jpg.rf.6a76f3413deea01115c16e211995f1ea.jpg: 640x640 (no detections), 12.6ms
Speed: 4.4ms preprocess, 12.6ms inference, 9.8ms postprocess per image at shape (1, 3, 640, 640)
Processing extra-6/data/train/09_04283_jpg.rf.51e5b8edcc906d4f9b547ef96ec133f3.jpg...

image 1/1 /home/admin/Documents/FEUP-CV/proj/task2/../datasets/extra-6/data/train/09_04283_jpg.rf.51e5b8edcc906d4f9b547ef96ec133f3.jpg: 640x640 (no detections), 12.6ms
Speed: 4.2ms preprocess, 12.6ms inference, 9.8ms postprocess per image at shape (1, 3, 640, 640)
Processing extra-6/data/train/output_00164_jpg.rf.0c0fe159cc0f6863563414774e81786b.jpg...

image 1/1 /home/admin/Documents/FEUP-CV/proj/task2/../datasets/extra-6/data/train/output_00164_jpg.rf.0c0fe159cc0f6863563414774e81786b.jpg: 640x640 1 pool_table, 12.5ms
Speed: 5.1ms preprocess, 12.5ms inference, 24.5ms postprocess per image at shape (1, 3, 640, 640)
Processing extra-6/data/train/09_05283_jpg.rf.004edcf9b322f1acb962c55a82b56347.jpg...

image 1/1 /home/admin/Documents/FEUP-CV/proj/task2/../datasets/extra-6/data/train/09_05283_jpg.rf.004edcf9b322f1acb962c55a82b56347.jpg: 640x640 (no detections), 12.5ms
Speed: 3.8ms preprocess, 12.5ms inference, 9.7ms postprocess per image at shape (1, 3, 640, 640)
Processing extra-6/data/train/08_00803_jpg.rf.51b3f9463074f62c9f0e1813d404ad53.jpg...

image 1/1 /home/admin/Documents/FEUP-CV/proj/task2/../datasets/extra-6/data/train/08_00803_jpg.rf.51b3f9463074f62c9f0e1813d404ad53.jpg: 640x640 (no detections), 16.7ms
Speed: 5.1ms preprocess, 16.7ms inference, 14.0ms postprocess per image at shape (1, 3, 640, 640)
Processing extra-6/data/train/08_00043_jpg.rf.384ddd493211afedde118e72922715fd.jpg...

image 1/1 /home/admin/Documents/FEUP-CV/proj/task2/../datasets/extra-6/data/train/08_00043_jpg.rf.384ddd493211afedde118e72922715fd.jpg: 640x640 (no detections), 16.6ms
Speed: 2.5ms preprocess, 16.6ms inference, 11.2ms postprocess per image at shape (1, 3, 640, 640)
Processing extra-6/data/train/output_00165_jpg.rf.bf4797336dbd7e312aaf93c673231ac0.jpg...

image 1/1 /home/admin/Documents/FEUP-CV/proj/task2/../datasets/extra-6/data/train/output_00165_jpg.rf.bf4797336dbd7e312aaf93c673231ac0.jpg: 640x640 (no detections), 14.5ms
Speed: 4.9ms preprocess, 14.5ms inference, 13.8ms postprocess per image at shape (1, 3, 640, 640)
Processing extra-6/data/train/output_00017_jpg.rf.de38e484d629812841e00fee9ad5bd65.jpg...

image 1/1 /home/admin/Documents/FEUP-CV/proj/task2/../datasets/extra-6/data/train/output_00017_jpg.rf.de38e484d629812841e00fee9ad5bd65.jpg: 640x640 1 pool_table, 16.7ms
Speed: 2.3ms preprocess, 16.7ms inference, 25.2ms postprocess per image at shape (1, 3, 640, 640)
Processing extra-6/data/train/output_00035_jpg.rf.a110830e5fb17fa5a9a346f8fa011195.jpg...

image 1/1 /home/admin/Documents/FEUP-CV/proj/task2/../datasets/extra-6/data/train/output_00035_jpg.rf.a110830e5fb17fa5a9a346f8fa011195.jpg: 640x640 1 pool_table, 12.4ms
Speed: 3.4ms preprocess, 12.4ms inference, 24.4ms postprocess per image at shape (1, 3, 640, 640)
Processing extra-6/data/train/output_00174_jpg.rf.33593e374ed9c271ad6102606d8566e5.jpg...

image 1/1 /home/admin/Documents/FEUP-CV/proj/task2/../datasets/extra-6/data/train/output_00174_jpg.rf.33593e374ed9c271ad6102606d8566e5.jpg: 640x640 (no detections), 9.9ms
Speed: 3.3ms preprocess, 9.9ms inference, 5.4ms postprocess per image at shape (1, 3, 640, 640)
Processing extra-6/data/train/08_00883_jpg.rf.761a613850e0d683a86a00e49d85cc04.jpg...

image 1/1 /home/admin/Documents/FEUP-CV/proj/task2/../datasets/extra-6/data/train/08_00883_jpg.rf.761a613850e0d683a86a00e49d85cc04.jpg: 640x640 (no detections), 12.6ms
Speed: 5.0ms preprocess, 12.6ms inference, 9.8ms postprocess per image at shape (1, 3, 640, 640)
Processing extra-6/data/train/08_01523_jpg.rf.0b42a7e0d7ead58dc6183642a24d40ca.jpg...

image 1/1 /home/admin/Documents/FEUP-CV/proj/task2/../datasets/extra-6/data/train/08_01523_jpg.rf.0b42a7e0d7ead58dc6183642a24d40ca.jpg: 640x640 (no detections), 16.7ms
Speed: 5.0ms preprocess, 16.7ms inference, 14.1ms postprocess per image at shape (1, 3, 640, 640)
Processing extra-6/data/train/output_00003_jpg.rf.ce5d61c0bd2c4b3d73fa4315773c45d2.jpg...

image 1/1 /home/admin/Documents/FEUP-CV/proj/task2/../datasets/extra-6/data/train/output_00003_jpg.rf.ce5d61c0bd2c4b3d73fa4315773c45d2.jpg: 640x640 (no detections), 16.8ms
Speed: 2.0ms preprocess, 16.8ms inference, 14.0ms postprocess per image at shape (1, 3, 640, 640)
Processing extra-6/data/train/08_00163_jpg.rf.2f2f9ac26af073ee36065e59e1c260d0.jpg...

image 1/1 /home/admin/Documents/FEUP-CV/proj/task2/../datasets/extra-6/data/train/08_00163_jpg.rf.2f2f9ac26af073ee36065e59e1c260d0.jpg: 640x640 (no detections), 16.8ms
Speed: 2.2ms preprocess, 16.8ms inference, 14.0ms postprocess per image at shape (1, 3, 640, 640)
Processing extra-6/data/train/output_00017_jpg.rf.efaae4f97df5dc6541817d5bd3123f8e.jpg...

image 1/1 /home/admin/Documents/FEUP-CV/proj/task2/../datasets/extra-6/data/train/output_00017_jpg.rf.efaae4f97df5dc6541817d5bd3123f8e.jpg: 640x640 1 pool_table, 16.7ms
Speed: 1.9ms preprocess, 16.7ms inference, 28.2ms postprocess per image at shape (1, 3, 640, 640)
Processing extra-6/data/train/output_00201_jpg.rf.82916ef0f4d36a7a411c4b8c261eb776.jpg...

image 1/1 /home/admin/Documents/FEUP-CV/proj/task2/../datasets/extra-6/data/train/output_00201_jpg.rf.82916ef0f4d36a7a411c4b8c261eb776.jpg: 640x640 1 pool_table, 12.4ms
Speed: 2.8ms preprocess, 12.4ms inference, 24.3ms postprocess per image at shape (1, 3, 640, 640)
Processing extra-6/data/train/09_04043_jpg.rf.72ca45d664af3e339a41aa3530ba01e2.jpg...

image 1/1 /home/admin/Documents/FEUP-CV/proj/task2/../datasets/extra-6/data/train/09_04043_jpg.rf.72ca45d664af3e339a41aa3530ba01e2.jpg: 640x640 (no detections), 12.3ms
Speed: 3.2ms preprocess, 12.3ms inference, 9.7ms postprocess per image at shape (1, 3, 640, 640)
Processing extra-6/data/train/output_00099_jpg.rf.1d517a3eb6dcaaae5ee5f399fd639e09.jpg...

image 1/1 /home/admin/Documents/FEUP-CV/proj/task2/../datasets/extra-6/data/train/output_00099_jpg.rf.1d517a3eb6dcaaae5ee5f399fd639e09.jpg: 640x640 1 pool_table, 12.4ms
Speed: 4.8ms preprocess, 12.4ms inference, 24.6ms postprocess per image at shape (1, 3, 640, 640)
Processing extra-6/data/train/output_00040_jpg.rf.f3a2760af510345135fa1cff31f12ca2.jpg...

image 1/1 /home/admin/Documents/FEUP-CV/proj/task2/../datasets/extra-6/data/train/output_00040_jpg.rf.f3a2760af510345135fa1cff31f12ca2.jpg: 640x640 1 pool_table, 16.9ms
Speed: 7.0ms preprocess, 16.9ms inference, 32.4ms postprocess per image at shape (1, 3, 640, 640)
Processing extra-6/data/train/09_02763_jpg.rf.b495291ea547125d3a6da37e8bc2d13d.jpg...

image 1/1 /home/admin/Documents/FEUP-CV/proj/task2/../datasets/extra-6/data/train/09_02763_jpg.rf.b495291ea547125d3a6da37e8bc2d13d.jpg: 640x640 (no detections), 16.8ms
Speed: 7.2ms preprocess, 16.8ms inference, 10.1ms postprocess per image at shape (1, 3, 640, 640)
Processing extra-6/data/train/output_00006_jpg.rf.048f57453002b1d143ba678021dcd137.jpg...

image 1/1 /home/admin/Documents/FEUP-CV/proj/task2/../datasets/extra-6/data/train/output_00006_jpg.rf.048f57453002b1d143ba678021dcd137.jpg: 640x640 1 pool_table, 12.7ms
Speed: 5.0ms preprocess, 12.7ms inference, 24.3ms postprocess per image at shape (1, 3, 640, 640)
Processing extra-6/data/train/output_00003_jpg.rf.84329880b5033e5ced8a44a23b84cc4d.jpg...

image 1/1 /home/admin/Documents/FEUP-CV/proj/task2/../datasets/extra-6/data/train/output_00003_jpg.rf.84329880b5033e5ced8a44a23b84cc4d.jpg: 640x640 (no detections), 12.3ms
Speed: 4.5ms preprocess, 12.3ms inference, 9.8ms postprocess per image at shape (1, 3, 640, 640)
Processing extra-6/data/train/09_00963_jpg.rf.e9de3a8b5e5aff4dba710ea115548805.jpg...

image 1/1 /home/admin/Documents/FEUP-CV/proj/task2/../datasets/extra-6/data/train/09_00963_jpg.rf.e9de3a8b5e5aff4dba710ea115548805.jpg: 640x640 (no detections), 12.3ms
Speed: 5.0ms preprocess, 12.3ms inference, 9.7ms postprocess per image at shape (1, 3, 640, 640)
Processing extra-6/data/train/09_00883_jpg.rf.c57959b2dca4966a08a775d1424a89cc.jpg...

image 1/1 /home/admin/Documents/FEUP-CV/proj/task2/../datasets/extra-6/data/train/09_00883_jpg.rf.c57959b2dca4966a08a775d1424a89cc.jpg: 640x640 (no detections), 12.2ms
Speed: 4.9ms preprocess, 12.2ms inference, 9.8ms postprocess per image at shape (1, 3, 640, 640)
Processing extra-6/data/train/output_00018_jpg.rf.33dbfe8730f02cd7b843b2a7677813f4.jpg...

image 1/1 /home/admin/Documents/FEUP-CV/proj/task2/../datasets/extra-6/data/train/output_00018_jpg.rf.33dbfe8730f02cd7b843b2a7677813f4.jpg: 640x640 (no detections), 14.4ms
Speed: 5.0ms preprocess, 14.4ms inference, 14.0ms postprocess per image at shape (1, 3, 640, 640)
Processing extra-6/data/train/08_00883_jpg.rf.bed528d43da394c29a496b7f369b3852.jpg...

image 1/1 /home/admin/Documents/FEUP-CV/proj/task2/../datasets/extra-6/data/train/08_00883_jpg.rf.bed528d43da394c29a496b7f369b3852.jpg: 640x640 (no detections), 16.4ms
Speed: 2.4ms preprocess, 16.4ms inference, 13.9ms postprocess per image at shape (1, 3, 640, 640)
Processing extra-6/data/train/output_00029_jpg.rf.48242c4fb433588b6114ca57a4106950.jpg...

image 1/1 /home/admin/Documents/FEUP-CV/proj/task2/../datasets/extra-6/data/train/output_00029_jpg.rf.48242c4fb433588b6114ca57a4106950.jpg: 640x640 (no detections), 16.6ms
Speed: 2.4ms preprocess, 16.6ms inference, 14.0ms postprocess per image at shape (1, 3, 640, 640)
Processing extra-6/data/train/output_00012_jpg.rf.eb8de4fcbdd342582a819ad9a5786006.jpg...

image 1/1 /home/admin/Documents/FEUP-CV/proj/task2/../datasets/extra-6/data/train/output_00012_jpg.rf.eb8de4fcbdd342582a819ad9a5786006.jpg: 640x640 (no detections), 16.7ms
Speed: 2.4ms preprocess, 16.7ms inference, 14.0ms postprocess per image at shape (1, 3, 640, 640)
Processing extra-6/data/train/09_04803_jpg.rf.5588acaabf69fc0f4bd6fb221978631e.jpg...

image 1/1 /home/admin/Documents/FEUP-CV/proj/task2/../datasets/extra-6/data/train/09_04803_jpg.rf.5588acaabf69fc0f4bd6fb221978631e.jpg: 640x640 (no detections), 12.6ms
Speed: 1.6ms preprocess, 12.6ms inference, 9.7ms postprocess per image at shape (1, 3, 640, 640)
Processing extra-6/data/train/output_00033_jpg.rf.38d4fb3786ce707affa0652be3625d1b.jpg...

image 1/1 /home/admin/Documents/FEUP-CV/proj/task2/../datasets/extra-6/data/train/output_00033_jpg.rf.38d4fb3786ce707affa0652be3625d1b.jpg: 640x640 1 pool_table, 10.5ms
Speed: 5.1ms preprocess, 10.5ms inference, 18.0ms postprocess per image at shape (1, 3, 640, 640)
Processing extra-6/data/train/output_00028_jpg.rf.4866e6ebf90cbdd65c01117d4cb49442.jpg...

image 1/1 /home/admin/Documents/FEUP-CV/proj/task2/../datasets/extra-6/data/train/output_00028_jpg.rf.4866e6ebf90cbdd65c01117d4cb49442.jpg: 640x640 1 pool_table, 12.5ms
Speed: 3.1ms preprocess, 12.5ms inference, 22.5ms postprocess per image at shape (1, 3, 640, 640)
Processing extra-6/data/train/08_00923_jpg.rf.8a6facffeed1f07488e6797d55a797c9.jpg...

image 1/1 /home/admin/Documents/FEUP-CV/proj/task2/../datasets/extra-6/data/train/08_00923_jpg.rf.8a6facffeed1f07488e6797d55a797c9.jpg: 640x640 (no detections), 14.5ms
Speed: 3.4ms preprocess, 14.5ms inference, 13.9ms postprocess per image at shape (1, 3, 640, 640)
Processing extra-6/data/train/09_03883_jpg.rf.37750c23bd92bfb879c070c6cd7886ed.jpg...

image 1/1 /home/admin/Documents/FEUP-CV/proj/task2/../datasets/extra-6/data/train/09_03883_jpg.rf.37750c23bd92bfb879c070c6cd7886ed.jpg: 640x640 (no detections), 16.6ms
Speed: 2.3ms preprocess, 16.6ms inference, 14.0ms postprocess per image at shape (1, 3, 640, 640)
Processing extra-6/data/train/output_00216_jpg.rf.83de01711382cf3fb6927201b724fbd7.jpg...

image 1/1 /home/admin/Documents/FEUP-CV/proj/task2/../datasets/extra-6/data/train/output_00216_jpg.rf.83de01711382cf3fb6927201b724fbd7.jpg: 640x640 1 pool_table, 16.6ms
Speed: 1.9ms preprocess, 16.6ms inference, 34.9ms postprocess per image at shape (1, 3, 640, 640)
Processing extra-6/data/train/output_00087_jpg.rf.26f5ebcddcc576b61b56a738eec33d9e.jpg...

image 1/1 /home/admin/Documents/FEUP-CV/proj/task2/../datasets/extra-6/data/train/output_00087_jpg.rf.26f5ebcddcc576b61b56a738eec33d9e.jpg: 640x640 (no detections), 12.4ms
Speed: 2.5ms preprocess, 12.4ms inference, 9.7ms postprocess per image at shape (1, 3, 640, 640)
Processing extra-6/data/train/08_00643_jpg.rf.5b50c2a0f4e4f2c4be1f2fb1f90c1a1f.jpg...

image 1/1 /home/admin/Documents/FEUP-CV/proj/task2/../datasets/extra-6/data/train/08_00643_jpg.rf.5b50c2a0f4e4f2c4be1f2fb1f90c1a1f.jpg: 640x640 (no detections), 12.4ms
Speed: 4.6ms preprocess, 12.4ms inference, 9.8ms postprocess per image at shape (1, 3, 640, 640)
Processing extra-6/data/train/output_00007_jpg.rf.d25f26a9ca5f8047b7399650da3f8264.jpg...

image 1/1 /home/admin/Documents/FEUP-CV/proj/task2/../datasets/extra-6/data/train/output_00007_jpg.rf.d25f26a9ca5f8047b7399650da3f8264.jpg: 640x640 1 pool_table, 12.5ms
Speed: 4.9ms preprocess, 12.5ms inference, 24.5ms postprocess per image at shape (1, 3, 640, 640)
Processing extra-6/data/train/output_00049_jpg.rf.19055d7a63f201b5e8ec031b1d81ef10.jpg...

image 1/1 /home/admin/Documents/FEUP-CV/proj/task2/../datasets/extra-6/data/train/output_00049_jpg.rf.19055d7a63f201b5e8ec031b1d81ef10.jpg: 640x640 1 pool_table, 12.6ms
Speed: 2.8ms preprocess, 12.6ms inference, 24.5ms postprocess per image at shape (1, 3, 640, 640)
Processing extra-6/data/train/08_01563_jpg.rf.3ba12a1151ec6dfb23c5f2bfc9f065b0.jpg...

image 1/1 /home/admin/Documents/FEUP-CV/proj/task2/../datasets/extra-6/data/train/08_01563_jpg.rf.3ba12a1151ec6dfb23c5f2bfc9f065b0.jpg: 640x640 (no detections), 16.9ms
Speed: 7.1ms preprocess, 16.9ms inference, 14.0ms postprocess per image at shape (1, 3, 640, 640)
Processing extra-6/data/train/09_04323_jpg.rf.5ef529a9cbd978ce31b62fa1a8be67cc.jpg...

image 1/1 /home/admin/Documents/FEUP-CV/proj/task2/../datasets/extra-6/data/train/09_04323_jpg.rf.5ef529a9cbd978ce31b62fa1a8be67cc.jpg: 640x640 (no detections), 16.7ms
Speed: 2.2ms preprocess, 16.7ms inference, 14.0ms postprocess per image at shape (1, 3, 640, 640)
Processing extra-6/data/train/08_00563_jpg.rf.d0418a6de49d039068ad0eadb9144489.jpg...

image 1/1 /home/admin/Documents/FEUP-CV/proj/task2/../datasets/extra-6/data/train/08_00563_jpg.rf.d0418a6de49d039068ad0eadb9144489.jpg: 640x640 (no detections), 16.6ms
Speed: 2.4ms preprocess, 16.6ms inference, 14.0ms postprocess per image at shape (1, 3, 640, 640)
Processing extra-6/data/train/09_03323_jpg.rf.d7f42cc3993fe4f2e9acc861104e65e8.jpg...

image 1/1 /home/admin/Documents/FEUP-CV/proj/task2/../datasets/extra-6/data/train/09_03323_jpg.rf.d7f42cc3993fe4f2e9acc861104e65e8.jpg: 640x640 (no detections), 12.4ms
Speed: 2.0ms preprocess, 12.4ms inference, 9.7ms postprocess per image at shape (1, 3, 640, 640)
Processing extra-6/data/train/output_00153_jpg.rf.7071108b6242a16b05cce09706adb154.jpg...

image 1/1 /home/admin/Documents/FEUP-CV/proj/task2/../datasets/extra-6/data/train/output_00153_jpg.rf.7071108b6242a16b05cce09706adb154.jpg: 640x640 (no detections), 12.5ms
Speed: 4.9ms preprocess, 12.5ms inference, 9.7ms postprocess per image at shape (1, 3, 640, 640)
Processing extra-6/data/train/09_01443_jpg.rf.bcf823427fea295303fc7023ba73a05b.jpg...

image 1/1 /home/admin/Documents/FEUP-CV/proj/task2/../datasets/extra-6/data/train/09_01443_jpg.rf.bcf823427fea295303fc7023ba73a05b.jpg: 640x640 (no detections), 12.4ms
Speed: 5.0ms preprocess, 12.4ms inference, 9.7ms postprocess per image at shape (1, 3, 640, 640)
Processing extra-6/data/train/output_00052_jpg.rf.3fc3dc2069ba81cbf7fa3d7ae7b72f78.jpg...

image 1/1 /home/admin/Documents/FEUP-CV/proj/task2/../datasets/extra-6/data/train/output_00052_jpg.rf.3fc3dc2069ba81cbf7fa3d7ae7b72f78.jpg: 640x640 (no detections), 12.4ms
Speed: 5.0ms preprocess, 12.4ms inference, 9.8ms postprocess per image at shape (1, 3, 640, 640)
Processing extra-6/data/train/09_00403_jpg.rf.8b2f0bcb5fb0fda32a27f4c0d922a5a6.jpg...

image 1/1 /home/admin/Documents/FEUP-CV/proj/task2/../datasets/extra-6/data/train/09_00403_jpg.rf.8b2f0bcb5fb0fda32a27f4c0d922a5a6.jpg: 640x640 (no detections), 12.6ms
Speed: 5.0ms preprocess, 12.6ms inference, 9.7ms postprocess per image at shape (1, 3, 640, 640)
Processing extra-6/data/train/09_02843_jpg.rf.3446e432a684c31ec8fa341b45adf521.jpg...

image 1/1 /home/admin/Documents/FEUP-CV/proj/task2/../datasets/extra-6/data/train/09_02843_jpg.rf.3446e432a684c31ec8fa341b45adf521.jpg: 640x640 1 pool_table, 12.4ms
Speed: 5.1ms preprocess, 12.4ms inference, 24.5ms postprocess per image at shape (1, 3, 640, 640)
Processing extra-6/data/train/08_00283_jpg.rf.2e641e38c338b72a8c1de5b80925c064.jpg...

image 1/1 /home/admin/Documents/FEUP-CV/proj/task2/../datasets/extra-6/data/train/08_00283_jpg.rf.2e641e38c338b72a8c1de5b80925c064.jpg: 640x640 (no detections), 16.7ms
Speed: 7.5ms preprocess, 16.7ms inference, 11.2ms postprocess per image at shape (1, 3, 640, 640)
Processing extra-6/data/train/output_00001_jpg.rf.8596527c16085131a6d3addfebc75696.jpg...

image 1/1 /home/admin/Documents/FEUP-CV/proj/task2/../datasets/extra-6/data/train/output_00001_jpg.rf.8596527c16085131a6d3addfebc75696.jpg: 640x640 (no detections), 12.4ms
Speed: 5.7ms preprocess, 12.4ms inference, 11.4ms postprocess per image at shape (1, 3, 640, 640)
Processing extra-6/data/train/08_00403_jpg.rf.dfa88cebe79ede661080941e90b2df1f.jpg...

image 1/1 /home/admin/Documents/FEUP-CV/proj/task2/../datasets/extra-6/data/train/08_00403_jpg.rf.dfa88cebe79ede661080941e90b2df1f.jpg: 640x640 (no detections), 12.2ms
Speed: 4.8ms preprocess, 12.2ms inference, 9.6ms postprocess per image at shape (1, 3, 640, 640)
Processing extra-6/data/train/09_01443_jpg.rf.34e103c01ccb297caf492dfc92ceebea.jpg...

image 1/1 /home/admin/Documents/FEUP-CV/proj/task2/../datasets/extra-6/data/train/09_01443_jpg.rf.34e103c01ccb297caf492dfc92ceebea.jpg: 640x640 (no detections), 12.3ms
Speed: 4.9ms preprocess, 12.3ms inference, 9.7ms postprocess per image at shape (1, 3, 640, 640)
Processing extra-6/data/train/09_04283_jpg.rf.af35ee217f6748aebaa1d0b54bb4151b.jpg...

image 1/1 /home/admin/Documents/FEUP-CV/proj/task2/../datasets/extra-6/data/train/09_04283_jpg.rf.af35ee217f6748aebaa1d0b54bb4151b.jpg: 640x640 (no detections), 12.3ms
Speed: 4.8ms preprocess, 12.3ms inference, 9.7ms postprocess per image at shape (1, 3, 640, 640)
Processing extra-6/data/train/output_00198_jpg.rf.2f9c2190f2d03e2a2a9ec36f3b1da96b.jpg...

image 1/1 /home/admin/Documents/FEUP-CV/proj/task2/../datasets/extra-6/data/train/output_00198_jpg.rf.2f9c2190f2d03e2a2a9ec36f3b1da96b.jpg: 640x640 (no detections), 12.3ms
Speed: 4.7ms preprocess, 12.3ms inference, 9.6ms postprocess per image at shape (1, 3, 640, 640)
Processing extra-6/data/train/output_00052_jpg.rf.c4510f5753e29e75d5862fa4812c7aa5.jpg...

image 1/1 /home/admin/Documents/FEUP-CV/proj/task2/../datasets/extra-6/data/train/output_00052_jpg.rf.c4510f5753e29e75d5862fa4812c7aa5.jpg: 640x640 (no detections), 12.3ms
Speed: 4.8ms preprocess, 12.3ms inference, 9.7ms postprocess per image at shape (1, 3, 640, 640)
Processing extra-6/data/train/output_00003_jpg.rf.268ab986a0a1c7251f478877d0d103ed.jpg...

image 1/1 /home/admin/Documents/FEUP-CV/proj/task2/../datasets/extra-6/data/train/output_00003_jpg.rf.268ab986a0a1c7251f478877d0d103ed.jpg: 640x640 (no detections), 12.3ms
Speed: 4.8ms preprocess, 12.3ms inference, 9.7ms postprocess per image at shape (1, 3, 640, 640)
Processing extra-6/data/train/08_00083_jpg.rf.efb09d32a42d023d1e75f166d9658fa6.jpg...

image 1/1 /home/admin/Documents/FEUP-CV/proj/task2/../datasets/extra-6/data/train/08_00083_jpg.rf.efb09d32a42d023d1e75f166d9658fa6.jpg: 640x640 (no detections), 16.6ms
Speed: 7.1ms preprocess, 16.6ms inference, 14.0ms postprocess per image at shape (1, 3, 640, 640)
Processing extra-6/data/train/09_04003_jpg.rf.fa26d215871b2bb5f7a485decfb28a53.jpg...

image 1/1 /home/admin/Documents/FEUP-CV/proj/task2/../datasets/extra-6/data/train/09_04003_jpg.rf.fa26d215871b2bb5f7a485decfb28a53.jpg: 640x640 (no detections), 16.8ms
Speed: 2.0ms preprocess, 16.8ms inference, 14.1ms postprocess per image at shape (1, 3, 640, 640)
Processing extra-6/data/train/output_00108_jpg.rf.82e0a8944ede16348afa0e54dd38780a.jpg...

image 1/1 /home/admin/Documents/FEUP-CV/proj/task2/../datasets/extra-6/data/train/output_00108_jpg.rf.82e0a8944ede16348afa0e54dd38780a.jpg: 640x640 1 pool_table, 16.9ms
Speed: 2.3ms preprocess, 16.9ms inference, 35.1ms postprocess per image at shape (1, 3, 640, 640)
Processing extra-6/data/train/08_00403_jpg.rf.ad1ebadf2408cd578f43ad26cc92174d.jpg...

image 1/1 /home/admin/Documents/FEUP-CV/proj/task2/../datasets/extra-6/data/train/08_00403_jpg.rf.ad1ebadf2408cd578f43ad26cc92174d.jpg: 640x640 1 pool_table, 12.4ms
Speed: 3.5ms preprocess, 12.4ms inference, 24.6ms postprocess per image at shape (1, 3, 640, 640)
Processing extra-6/data/train/output_00034_jpg.rf.34583ac97e987e07d41b4399769e33a9.jpg...

image 1/1 /home/admin/Documents/FEUP-CV/proj/task2/../datasets/extra-6/data/train/output_00034_jpg.rf.34583ac97e987e07d41b4399769e33a9.jpg: 640x640 (no detections), 12.3ms
Speed: 3.8ms preprocess, 12.3ms inference, 9.7ms postprocess per image at shape (1, 3, 640, 640)
Processing extra-6/data/train/08_00483_jpg.rf.eebc4186d34c16c2de476d44ac58118a.jpg...

image 1/1 /home/admin/Documents/FEUP-CV/proj/task2/../datasets/extra-6/data/train/08_00483_jpg.rf.eebc4186d34c16c2de476d44ac58118a.jpg: 640x640 1 pool_table, 12.5ms
Speed: 5.1ms preprocess, 12.5ms inference, 24.4ms postprocess per image at shape (1, 3, 640, 640)
Processing extra-6/data/train/output_00028_jpg.rf.4397ddf82daa085726c9ccee5c31867e.jpg...

image 1/1 /home/admin/Documents/FEUP-CV/proj/task2/../datasets/extra-6/data/train/output_00028_jpg.rf.4397ddf82daa085726c9ccee5c31867e.jpg: 640x640 1 pool_table, 16.7ms
Speed: 5.7ms preprocess, 16.7ms inference, 34.8ms postprocess per image at shape (1, 3, 640, 640)
Processing extra-6/data/train/output_00077_jpg.rf.97d0d0167db0097fc4cdfa8c24efa4c7.jpg...

image 1/1 /home/admin/Documents/FEUP-CV/proj/task2/../datasets/extra-6/data/train/output_00077_jpg.rf.97d0d0167db0097fc4cdfa8c24efa4c7.jpg: 640x640 1 pool_table, 16.8ms
Speed: 7.6ms preprocess, 16.8ms inference, 18.6ms postprocess per image at shape (1, 3, 640, 640)
Processing extra-6/data/train/output_00025_jpg.rf.ab578a3782ebb09a909baf60ac6e9b51.jpg...

image 1/1 /home/admin/Documents/FEUP-CV/proj/task2/../datasets/extra-6/data/train/output_00025_jpg.rf.ab578a3782ebb09a909baf60ac6e9b51.jpg: 640x640 1 pool_table, 12.6ms
Speed: 3.5ms preprocess, 12.6ms inference, 24.5ms postprocess per image at shape (1, 3, 640, 640)
Processing extra-6/data/train/09_01883_jpg.rf.8f1c81fc7c2380074c45dca474be6761.jpg...

image 1/1 /home/admin/Documents/FEUP-CV/proj/task2/../datasets/extra-6/data/train/09_01883_jpg.rf.8f1c81fc7c2380074c45dca474be6761.jpg: 640x640 (no detections), 12.5ms
Speed: 3.4ms preprocess, 12.5ms inference, 9.7ms postprocess per image at shape (1, 3, 640, 640)
Processing extra-6/data/train/09_05203_jpg.rf.974d32acb77c1efb3ceb8d3d1361fd3b.jpg...

image 1/1 /home/admin/Documents/FEUP-CV/proj/task2/../datasets/extra-6/data/train/09_05203_jpg.rf.974d32acb77c1efb3ceb8d3d1361fd3b.jpg: 640x640 (no detections), 8.4ms
Speed: 3.2ms preprocess, 8.4ms inference, 7.6ms postprocess per image at shape (1, 3, 640, 640)
Processing extra-6/data/train/output_00012_jpg.rf.ad008b3b745996622b2e9833a63d244a.jpg...

image 1/1 /home/admin/Documents/FEUP-CV/proj/task2/../datasets/extra-6/data/train/output_00012_jpg.rf.ad008b3b745996622b2e9833a63d244a.jpg: 640x640 (no detections), 12.6ms
Speed: 5.2ms preprocess, 12.6ms inference, 12.0ms postprocess per image at shape (1, 3, 640, 640)
Processing extra-6/data/train/09_01883_jpg.rf.0717dd3322707718444438969772abf0.jpg...

image 1/1 /home/admin/Documents/FEUP-CV/proj/task2/../datasets/extra-6/data/train/09_01883_jpg.rf.0717dd3322707718444438969772abf0.jpg: 640x640 (no detections), 16.6ms
Speed: 2.1ms preprocess, 16.6ms inference, 14.0ms postprocess per image at shape (1, 3, 640, 640)
Processing extra-6/data/train/output_00087_jpg.rf.5bb2a9db1e087c41370059f2f971cc78.jpg...

image 1/1 /home/admin/Documents/FEUP-CV/proj/task2/../datasets/extra-6/data/train/output_00087_jpg.rf.5bb2a9db1e087c41370059f2f971cc78.jpg: 640x640 1 pool_table, 16.5ms
Speed: 2.0ms preprocess, 16.5ms inference, 34.8ms postprocess per image at shape (1, 3, 640, 640)
Processing extra-6/data/train/08_00483_jpg.rf.f0ab7ad1922358d36fb4aefa3f02ecdd.jpg...

image 1/1 /home/admin/Documents/FEUP-CV/proj/task2/../datasets/extra-6/data/train/08_00483_jpg.rf.f0ab7ad1922358d36fb4aefa3f02ecdd.jpg: 640x640 1 pool_table, 12.3ms
Speed: 3.2ms preprocess, 12.3ms inference, 24.2ms postprocess per image at shape (1, 3, 640, 640)
Processing extra-6/data/train/09_02683_jpg.rf.3950be8fc0b2997885cd75493c05c95b.jpg...

image 1/1 /home/admin/Documents/FEUP-CV/proj/task2/../datasets/extra-6/data/train/09_02683_jpg.rf.3950be8fc0b2997885cd75493c05c95b.jpg: 640x640 (no detections), 12.4ms
Speed: 2.9ms preprocess, 12.4ms inference, 9.8ms postprocess per image at shape (1, 3, 640, 640)
Processing extra-6/data/train/output_00101_jpg.rf.e133596823ee17e0fa34442ae86df97f.jpg...

image 1/1 /home/admin/Documents/FEUP-CV/proj/task2/../datasets/extra-6/data/train/output_00101_jpg.rf.e133596823ee17e0fa34442ae86df97f.jpg: 640x640 1 pool_table, 12.6ms
Speed: 4.7ms preprocess, 12.6ms inference, 24.5ms postprocess per image at shape (1, 3, 640, 640)
Processing extra-6/data/train/08_01523_jpg.rf.572361c8b89efdd2902fc9ec56d8b9f1.jpg...

image 1/1 /home/admin/Documents/FEUP-CV/proj/task2/../datasets/extra-6/data/train/08_01523_jpg.rf.572361c8b89efdd2902fc9ec56d8b9f1.jpg: 640x640 (no detections), 12.6ms
Speed: 2.9ms preprocess, 12.6ms inference, 14.0ms postprocess per image at shape (1, 3, 640, 640)
Processing extra-6/data/train/09_05363_jpg.rf.a2909912648ce50cfbd5c87002eadfcc.jpg...

image 1/1 /home/admin/Documents/FEUP-CV/proj/task2/../datasets/extra-6/data/train/09_05363_jpg.rf.a2909912648ce50cfbd5c87002eadfcc.jpg: 640x640 (no detections), 16.7ms
Speed: 2.1ms preprocess, 16.7ms inference, 14.0ms postprocess per image at shape (1, 3, 640, 640)
Processing extra-6/data/train/09_01483_jpg.rf.b96137ed4c45f7484be28157975e6a91.jpg...

image 1/1 /home/admin/Documents/FEUP-CV/proj/task2/../datasets/extra-6/data/train/09_01483_jpg.rf.b96137ed4c45f7484be28157975e6a91.jpg: 640x640 (no detections), 16.7ms
Speed: 2.2ms preprocess, 16.7ms inference, 14.0ms postprocess per image at shape (1, 3, 640, 640)
Processing extra-6/data/train/08_01523_jpg.rf.6ec4bb3091cedc206f4bf0a79d713cd7.jpg...

image 1/1 /home/admin/Documents/FEUP-CV/proj/task2/../datasets/extra-6/data/train/08_01523_jpg.rf.6ec4bb3091cedc206f4bf0a79d713cd7.jpg: 640x640 (no detections), 16.8ms
Speed: 2.2ms preprocess, 16.8ms inference, 14.0ms postprocess per image at shape (1, 3, 640, 640)
Processing extra-6/data/train/09_05203_jpg.rf.017e355adacd173569735f06da4c78b6.jpg...

image 1/1 /home/admin/Documents/FEUP-CV/proj/task2/../datasets/extra-6/data/train/09_05203_jpg.rf.017e355adacd173569735f06da4c78b6.jpg: 640x640 (no detections), 14.3ms
Speed: 2.1ms preprocess, 14.3ms inference, 9.7ms postprocess per image at shape (1, 3, 640, 640)
Processing extra-6/data/train/09_01083_jpg.rf.71b5f54fd23c542449e863feaa53b47a.jpg...

image 1/1 /home/admin/Documents/FEUP-CV/proj/task2/../datasets/extra-6/data/train/09_01083_jpg.rf.71b5f54fd23c542449e863feaa53b47a.jpg: 640x640 (no detections), 12.5ms
Speed: 4.8ms preprocess, 12.5ms inference, 9.8ms postprocess per image at shape (1, 3, 640, 640)
Processing extra-6/data/train/09_02843_jpg.rf.620808f45a4230bfa06863ff8222ea40.jpg...

image 1/1 /home/admin/Documents/FEUP-CV/proj/task2/../datasets/extra-6/data/train/09_02843_jpg.rf.620808f45a4230bfa06863ff8222ea40.jpg: 640x640 (no detections), 12.5ms
Speed: 4.8ms preprocess, 12.5ms inference, 9.8ms postprocess per image at shape (1, 3, 640, 640)
Processing extra-6/data/train/output_00113_jpg.rf.7c49b7ba4b216331a80d8d84877dbd34.jpg...

image 1/1 /home/admin/Documents/FEUP-CV/proj/task2/../datasets/extra-6/data/train/output_00113_jpg.rf.7c49b7ba4b216331a80d8d84877dbd34.jpg: 640x640 1 pool_table, 12.5ms
Speed: 5.0ms preprocess, 12.5ms inference, 24.4ms postprocess per image at shape (1, 3, 640, 640)
Processing extra-6/data/train/output_00153_jpg.rf.5796f2b7fbedc1246b3e811352c72eb8.jpg...

image 1/1 /home/admin/Documents/FEUP-CV/proj/task2/../datasets/extra-6/data/train/output_00153_jpg.rf.5796f2b7fbedc1246b3e811352c72eb8.jpg: 640x640 1 pool_table, 12.4ms
Speed: 3.4ms preprocess, 12.4ms inference, 28.5ms postprocess per image at shape (1, 3, 640, 640)
Processing extra-6/data/train/output_00104_jpg.rf.c50606acdf7d8e2b412cfaf225c0d5cb.jpg...

image 1/1 /home/admin/Documents/FEUP-CV/proj/task2/../datasets/extra-6/data/train/output_00104_jpg.rf.c50606acdf7d8e2b412cfaf225c0d5cb.jpg: 640x640 1 pool_table, 16.5ms
Speed: 7.4ms preprocess, 16.5ms inference, 34.9ms postprocess per image at shape (1, 3, 640, 640)
Processing extra-6/data/train/output_00190_jpg.rf.3596b5c64d89f4b9c4ade858c0b951a4.jpg...

image 1/1 /home/admin/Documents/FEUP-CV/proj/task2/../datasets/extra-6/data/train/output_00190_jpg.rf.3596b5c64d89f4b9c4ade858c0b951a4.jpg: 640x640 (no detections), 12.2ms
Speed: 3.6ms preprocess, 12.2ms inference, 9.6ms postprocess per image at shape (1, 3, 640, 640)
Processing extra-6/data/train/09_00403_jpg.rf.c671e237c55a7ef31f5ee0a6d35c43f1.jpg...

image 1/1 /home/admin/Documents/FEUP-CV/proj/task2/../datasets/extra-6/data/train/09_00403_jpg.rf.c671e237c55a7ef31f5ee0a6d35c43f1.jpg: 640x640 (no detections), 12.3ms
Speed: 5.1ms preprocess, 12.3ms inference, 8.9ms postprocess per image at shape (1, 3, 640, 640)
Processing extra-6/data/train/09_05243_jpg.rf.9329fa6498d604aa7c029653a0a92540.jpg...

image 1/1 /home/admin/Documents/FEUP-CV/proj/task2/../datasets/extra-6/data/train/09_05243_jpg.rf.9329fa6498d604aa7c029653a0a92540.jpg: 640x640 (no detections), 12.5ms
Speed: 3.5ms preprocess, 12.5ms inference, 9.8ms postprocess per image at shape (1, 3, 640, 640)
Processing extra-6/data/train/09_01243_jpg.rf.3e925f2c177ff286c83e3d5ca4360d66.jpg...

image 1/1 /home/admin/Documents/FEUP-CV/proj/task2/../datasets/extra-6/data/train/09_01243_jpg.rf.3e925f2c177ff286c83e3d5ca4360d66.jpg: 640x640 (no detections), 12.6ms
Speed: 5.1ms preprocess, 12.6ms inference, 9.8ms postprocess per image at shape (1, 3, 640, 640)
Processing extra-6/data/train/08_01563_jpg.rf.90ac300985399c0fbe347bc021c9c3e9.jpg...

image 1/1 /home/admin/Documents/FEUP-CV/proj/task2/../datasets/extra-6/data/train/08_01563_jpg.rf.90ac300985399c0fbe347bc021c9c3e9.jpg: 640x640 (no detections), 12.6ms
Speed: 5.0ms preprocess, 12.6ms inference, 9.8ms postprocess per image at shape (1, 3, 640, 640)
Processing extra-6/data/train/08_00163_jpg.rf.64839d59d86040fc9a1cccf42e60b6f2.jpg...

image 1/1 /home/admin/Documents/FEUP-CV/proj/task2/../datasets/extra-6/data/train/08_00163_jpg.rf.64839d59d86040fc9a1cccf42e60b6f2.jpg: 640x640 1 pool_table, 12.6ms
Speed: 4.8ms preprocess, 12.6ms inference, 33.1ms postprocess per image at shape (1, 3, 640, 640)
Processing extra-6/data/train/08_00363_jpg.rf.fd878e0b5feaf775d637f061a8459013.jpg...

image 1/1 /home/admin/Documents/FEUP-CV/proj/task2/../datasets/extra-6/data/train/08_00363_jpg.rf.fd878e0b5feaf775d637f061a8459013.jpg: 640x640 (no detections), 16.8ms
Speed: 7.4ms preprocess, 16.8ms inference, 14.1ms postprocess per image at shape (1, 3, 640, 640)
Processing extra-6/data/train/output_00174_jpg.rf.ac1103e990ce7bafe6d8d0a0ec62fb80.jpg...

image 1/1 /home/admin/Documents/FEUP-CV/proj/task2/../datasets/extra-6/data/train/output_00174_jpg.rf.ac1103e990ce7bafe6d8d0a0ec62fb80.jpg: 640x640 (no detections), 16.7ms
Speed: 2.0ms preprocess, 16.7ms inference, 13.7ms postprocess per image at shape (1, 3, 640, 640)
Processing extra-6/data/train/output_00040_jpg.rf.18eae85640f100c0bfc21e9d7d1ae67f.jpg...

image 1/1 /home/admin/Documents/FEUP-CV/proj/task2/../datasets/extra-6/data/train/output_00040_jpg.rf.18eae85640f100c0bfc21e9d7d1ae67f.jpg: 640x640 1 pool_table, 12.5ms
Speed: 4.7ms preprocess, 12.5ms inference, 24.4ms postprocess per image at shape (1, 3, 640, 640)
Processing extra-6/data/train/08_00923_jpg.rf.2ea2274344a59e34d6e442c0d9d6fe9f.jpg...

image 1/1 /home/admin/Documents/FEUP-CV/proj/task2/../datasets/extra-6/data/train/08_00923_jpg.rf.2ea2274344a59e34d6e442c0d9d6fe9f.jpg: 640x640 (no detections), 12.5ms
Speed: 3.4ms preprocess, 12.5ms inference, 9.7ms postprocess per image at shape (1, 3, 640, 640)
Processing extra-6/data/train/output_00099_jpg.rf.94f45377588fbd6f13f3dbee161d08c6.jpg...

image 1/1 /home/admin/Documents/FEUP-CV/proj/task2/../datasets/extra-6/data/train/output_00099_jpg.rf.94f45377588fbd6f13f3dbee161d08c6.jpg: 640x640 1 pool_table, 8.2ms
Speed: 1.5ms preprocess, 8.2ms inference, 20.2ms postprocess per image at shape (1, 3, 640, 640)
Processing extra-6/data/train/output_00001_jpg.rf.f6595d755e0d4c25ead26074d9a25a7b.jpg...

image 1/1 /home/admin/Documents/FEUP-CV/proj/task2/../datasets/extra-6/data/train/output_00001_jpg.rf.f6595d755e0d4c25ead26074d9a25a7b.jpg: 640x640 (no detections), 12.5ms
Speed: 3.4ms preprocess, 12.5ms inference, 9.7ms postprocess per image at shape (1, 3, 640, 640)
Processing extra-6/data/train/08_00563_jpg.rf.ee81652ff0e9b914b604e267a0d17338.jpg...

image 1/1 /home/admin/Documents/FEUP-CV/proj/task2/../datasets/extra-6/data/train/08_00563_jpg.rf.ee81652ff0e9b914b604e267a0d17338.jpg: 640x640 (no detections), 16.7ms
Speed: 2.5ms preprocess, 16.7ms inference, 13.9ms postprocess per image at shape (1, 3, 640, 640)
Processing extra-6/data/train/output_00190_jpg.rf.c0486990b59287365f8ebede2dd578bc.jpg...

image 1/1 /home/admin/Documents/FEUP-CV/proj/task2/../datasets/extra-6/data/train/output_00190_jpg.rf.c0486990b59287365f8ebede2dd578bc.jpg: 640x640 1 pool_table, 16.7ms
Speed: 2.6ms preprocess, 16.7ms inference, 35.0ms postprocess per image at shape (1, 3, 640, 640)
Processing extra-6/data/train/output_00145_jpg.rf.99157010ac5229b2030dab04c6454986.jpg...

image 1/1 /home/admin/Documents/FEUP-CV/proj/task2/../datasets/extra-6/data/train/output_00145_jpg.rf.99157010ac5229b2030dab04c6454986.jpg: 640x640 1 pool_table, 12.4ms
Speed: 7.1ms preprocess, 12.4ms inference, 24.3ms postprocess per image at shape (1, 3, 640, 640)
Processing extra-6/data/train/08_00083_jpg.rf.ecd5842f1e985912d047c0096aa74598.jpg...

image 1/1 /home/admin/Documents/FEUP-CV/proj/task2/../datasets/extra-6/data/train/08_00083_jpg.rf.ecd5842f1e985912d047c0096aa74598.jpg: 640x640 (no detections), 12.4ms
Speed: 3.4ms preprocess, 12.4ms inference, 9.7ms postprocess per image at shape (1, 3, 640, 640)
Processing extra-6/data/train/output_00033_jpg.rf.a1c15e2df2fe4243ff86cd3491414b9b.jpg...

image 1/1 /home/admin/Documents/FEUP-CV/proj/task2/../datasets/extra-6/data/train/output_00033_jpg.rf.a1c15e2df2fe4243ff86cd3491414b9b.jpg: 640x640 (no detections), 12.4ms
Speed: 5.0ms preprocess, 12.4ms inference, 9.7ms postprocess per image at shape (1, 3, 640, 640)
Processing extra-6/data/train/08_00763_jpg.rf.94976f287772432161bf9f53235582f8.jpg...

image 1/1 /home/admin/Documents/FEUP-CV/proj/task2/../datasets/extra-6/data/train/08_00763_jpg.rf.94976f287772432161bf9f53235582f8.jpg: 640x640 (no detections), 12.3ms
Speed: 5.0ms preprocess, 12.3ms inference, 9.7ms postprocess per image at shape (1, 3, 640, 640)
Processing extra-6/data/train/08_01123_jpg.rf.0a777700f35c0d1c72ddedb1d9da40b6.jpg...

image 1/1 /home/admin/Documents/FEUP-CV/proj/task2/../datasets/extra-6/data/train/08_01123_jpg.rf.0a777700f35c0d1c72ddedb1d9da40b6.jpg: 640x640 (no detections), 12.3ms
Speed: 4.9ms preprocess, 12.3ms inference, 9.7ms postprocess per image at shape (1, 3, 640, 640)
Processing extra-6/data/train/09_02483_jpg.rf.876c69928948b979be865926767c55ad.jpg...

image 1/1 /home/admin/Documents/FEUP-CV/proj/task2/../datasets/extra-6/data/train/09_02483_jpg.rf.876c69928948b979be865926767c55ad.jpg: 640x640 (no detections), 16.7ms
Speed: 7.2ms preprocess, 16.7ms inference, 13.9ms postprocess per image at shape (1, 3, 640, 640)
Processing extra-6/data/train/output_00111_jpg.rf.0f0b47a7de7d5bd62ddfacb16985974a.jpg...

image 1/1 /home/admin/Documents/FEUP-CV/proj/task2/../datasets/extra-6/data/train/output_00111_jpg.rf.0f0b47a7de7d5bd62ddfacb16985974a.jpg: 640x640 1 pool_table, 16.7ms
Speed: 2.4ms preprocess, 16.7ms inference, 33.1ms postprocess per image at shape (1, 3, 640, 640)
Processing extra-6/data/train/09_02643_jpg.rf.4fae641d1228f295e4d56f989a8337db.jpg...

image 1/1 /home/admin/Documents/FEUP-CV/proj/task2/../datasets/extra-6/data/train/09_02643_jpg.rf.4fae641d1228f295e4d56f989a8337db.jpg: 640x640 (no detections), 12.5ms
Speed: 7.0ms preprocess, 12.5ms inference, 9.8ms postprocess per image at shape (1, 3, 640, 640)
Processing extra-6/data/train/output_00101_jpg.rf.b13eeb4c73394ad3f68efd5b8222fa74.jpg...

image 1/1 /home/admin/Documents/FEUP-CV/proj/task2/../datasets/extra-6/data/train/output_00101_jpg.rf.b13eeb4c73394ad3f68efd5b8222fa74.jpg: 640x640 1 pool_table, 12.5ms
Speed: 4.9ms preprocess, 12.5ms inference, 24.5ms postprocess per image at shape (1, 3, 640, 640)
Processing extra-6/data/train/09_01323_jpg.rf.aa8b0858f456f9f22f2c67193a68005e.jpg...

image 1/1 /home/admin/Documents/FEUP-CV/proj/task2/../datasets/extra-6/data/train/09_01323_jpg.rf.aa8b0858f456f9f22f2c67193a68005e.jpg: 640x640 (no detections), 8.3ms
Speed: 2.5ms preprocess, 8.3ms inference, 7.6ms postprocess per image at shape (1, 3, 640, 640)
Processing extra-6/data/train/08_01323_jpg.rf.8cb084c35d785603b56a1df767306067.jpg...

image 1/1 /home/admin/Documents/FEUP-CV/proj/task2/../datasets/extra-6/data/train/08_01323_jpg.rf.8cb084c35d785603b56a1df767306067.jpg: 640x640 (no detections), 12.5ms
Speed: 4.5ms preprocess, 12.5ms inference, 9.7ms postprocess per image at shape (1, 3, 640, 640)
Processing extra-6/data/train/output_00058_jpg.rf.d1820f410fbefaeddbbb388b579ea6cb.jpg...

image 1/1 /home/admin/Documents/FEUP-CV/proj/task2/../datasets/extra-6/data/train/output_00058_jpg.rf.d1820f410fbefaeddbbb388b579ea6cb.jpg: 640x640 (no detections), 12.5ms
Speed: 4.7ms preprocess, 12.5ms inference, 9.7ms postprocess per image at shape (1, 3, 640, 640)
Processing extra-6/data/train/09_00323_jpg.rf.2df01519bb9e9a782822acacbd393e69.jpg...

image 1/1 /home/admin/Documents/FEUP-CV/proj/task2/../datasets/extra-6/data/train/09_00323_jpg.rf.2df01519bb9e9a782822acacbd393e69.jpg: 640x640 (no detections), 16.8ms
Speed: 4.6ms preprocess, 16.8ms inference, 13.9ms postprocess per image at shape (1, 3, 640, 640)
Processing extra-6/data/train/output_00001_jpg.rf.3c8b5f28e2a6d82868910bc31dc9eb99.jpg...

image 1/1 /home/admin/Documents/FEUP-CV/proj/task2/../datasets/extra-6/data/train/output_00001_jpg.rf.3c8b5f28e2a6d82868910bc31dc9eb99.jpg: 640x640 (no detections), 16.7ms
Speed: 1.9ms preprocess, 16.7ms inference, 14.0ms postprocess per image at shape (1, 3, 640, 640)
Processing extra-6/data/train/09_00683_jpg.rf.0b5818d3ecc043509bea1e1c3c3192a8.jpg...

image 1/1 /home/admin/Documents/FEUP-CV/proj/task2/../datasets/extra-6/data/train/09_00683_jpg.rf.0b5818d3ecc043509bea1e1c3c3192a8.jpg: 640x640 (no detections), 16.7ms
Speed: 3.6ms preprocess, 16.7ms inference, 13.0ms postprocess per image at shape (1, 3, 640, 640)
Processing extra-6/data/train/08_00523_jpg.rf.03e63e39f98e4f6f5805e8691a6a408f.jpg...

image 1/1 /home/admin/Documents/FEUP-CV/proj/task2/../datasets/extra-6/data/train/08_00523_jpg.rf.03e63e39f98e4f6f5805e8691a6a408f.jpg: 640x640 1 pool_table, 12.5ms
Speed: 4.9ms preprocess, 12.5ms inference, 24.4ms postprocess per image at shape (1, 3, 640, 640)
Processing extra-6/data/train/output_00001_jpg.rf.f9a4637adaecfe1336ccb9f51de97ea4.jpg...

image 1/1 /home/admin/Documents/FEUP-CV/proj/task2/../datasets/extra-6/data/train/output_00001_jpg.rf.f9a4637adaecfe1336ccb9f51de97ea4.jpg: 640x640 1 pool_table, 12.6ms
Speed: 3.5ms preprocess, 12.6ms inference, 24.4ms postprocess per image at shape (1, 3, 640, 640)
Processing extra-6/data/train/08_00283_jpg.rf.70f65eee6e5c93825a65acc676238618.jpg...

image 1/1 /home/admin/Documents/FEUP-CV/proj/task2/../datasets/extra-6/data/train/08_00283_jpg.rf.70f65eee6e5c93825a65acc676238618.jpg: 640x640 (no detections), 12.5ms
Speed: 3.6ms preprocess, 12.5ms inference, 9.7ms postprocess per image at shape (1, 3, 640, 640)
Processing extra-6/data/train/output_00006_jpg.rf.1bf43f0b3a470ab3cde54b14fcd41770.jpg...

image 1/1 /home/admin/Documents/FEUP-CV/proj/task2/../datasets/extra-6/data/train/output_00006_jpg.rf.1bf43f0b3a470ab3cde54b14fcd41770.jpg: 640x640 (no detections), 12.6ms
Speed: 5.1ms preprocess, 12.6ms inference, 11.8ms postprocess per image at shape (1, 3, 640, 640)
Processing extra-6/data/train/output_00045_jpg.rf.4025ea4182a45afb39a4b1418fe44c2b.jpg...

image 1/1 /home/admin/Documents/FEUP-CV/proj/task2/../datasets/extra-6/data/train/output_00045_jpg.rf.4025ea4182a45afb39a4b1418fe44c2b.jpg: 640x640 1 pool_table, 16.7ms
Speed: 2.4ms preprocess, 16.7ms inference, 35.1ms postprocess per image at shape (1, 3, 640, 640)
Processing extra-6/data/train/output_00001_jpg.rf.60d4547e492510b6a03bead75953e7c3.jpg...

image 1/1 /home/admin/Documents/FEUP-CV/proj/task2/../datasets/extra-6/data/train/output_00001_jpg.rf.60d4547e492510b6a03bead75953e7c3.jpg: 640x640 (no detections), 16.5ms
Speed: 7.8ms preprocess, 16.5ms inference, 13.0ms postprocess per image at shape (1, 3, 640, 640)
Processing extra-6/data/train/08_00283_jpg.rf.0762e997e0afd870bd3f837ad4e747c8.jpg...

image 1/1 /home/admin/Documents/FEUP-CV/proj/task2/../datasets/extra-6/data/train/08_00283_jpg.rf.0762e997e0afd870bd3f837ad4e747c8.jpg: 640x640 (no detections), 12.4ms
Speed: 5.0ms preprocess, 12.4ms inference, 9.7ms postprocess per image at shape (1, 3, 640, 640)
Processing extra-6/data/train/09_04203_jpg.rf.c4b8bd63e7e0901b86574b0e54d31066.jpg...

image 1/1 /home/admin/Documents/FEUP-CV/proj/task2/../datasets/extra-6/data/train/09_04203_jpg.rf.c4b8bd63e7e0901b86574b0e54d31066.jpg: 640x640 (no detections), 12.4ms
Speed: 5.1ms preprocess, 12.4ms inference, 9.7ms postprocess per image at shape (1, 3, 640, 640)
Processing extra-6/data/train/output_00152_jpg.rf.ea46695e32c78d26e02b0ec0a3760369.jpg...

image 1/1 /home/admin/Documents/FEUP-CV/proj/task2/../datasets/extra-6/data/train/output_00152_jpg.rf.ea46695e32c78d26e02b0ec0a3760369.jpg: 640x640 1 pool_table, 8.8ms
Speed: 5.1ms preprocess, 8.8ms inference, 16.0ms postprocess per image at shape (1, 3, 640, 640)
Processing extra-6/data/train/output_00053_jpg.rf.aef84dcdc4933c33a6642b2bc67afcaf.jpg...

image 1/1 /home/admin/Documents/FEUP-CV/proj/task2/../datasets/extra-6/data/train/output_00053_jpg.rf.aef84dcdc4933c33a6642b2bc67afcaf.jpg: 640x640 1 pool_table, 12.5ms
Speed: 3.4ms preprocess, 12.5ms inference, 17.1ms postprocess per image at shape (1, 3, 640, 640)
Processing extra-6/data/train/output_00023_jpg.rf.240341f01822944e21666abe01ad39b9.jpg...

image 1/1 /home/admin/Documents/FEUP-CV/proj/task2/../datasets/extra-6/data/train/output_00023_jpg.rf.240341f01822944e21666abe01ad39b9.jpg: 640x640 (no detections), 16.9ms
Speed: 7.5ms preprocess, 16.9ms inference, 14.0ms postprocess per image at shape (1, 3, 640, 640)
Processing extra-6/data/train/output_00149_jpg.rf.33612b632ff3b7c06feaad38d19a6ebc.jpg...

image 1/1 /home/admin/Documents/FEUP-CV/proj/task2/../datasets/extra-6/data/train/output_00149_jpg.rf.33612b632ff3b7c06feaad38d19a6ebc.jpg: 640x640 (no detections), 16.8ms
Speed: 1.7ms preprocess, 16.8ms inference, 14.0ms postprocess per image at shape (1, 3, 640, 640)
Processing extra-6/data/train/08_00723_jpg.rf.ad9b997df5c99ed56a94926a97b7c04b.jpg...

image 1/1 /home/admin/Documents/FEUP-CV/proj/task2/../datasets/extra-6/data/train/08_00723_jpg.rf.ad9b997df5c99ed56a94926a97b7c04b.jpg: 640x640 (no detections), 16.7ms
Speed: 2.0ms preprocess, 16.7ms inference, 14.0ms postprocess per image at shape (1, 3, 640, 640)
Processing extra-6/data/train/output_00101_jpg.rf.ceeb1e64023c02f746b6499ac5868d92.jpg...

image 1/1 /home/admin/Documents/FEUP-CV/proj/task2/../datasets/extra-6/data/train/output_00101_jpg.rf.ceeb1e64023c02f746b6499ac5868d92.jpg: 640x640 1 pool_table, 14.0ms
Speed: 2.1ms preprocess, 14.0ms inference, 24.4ms postprocess per image at shape (1, 3, 640, 640)
Processing extra-6/data/train/output_00035_jpg.rf.6fd81b8ee85681cd9794052fa2664bab.jpg...

image 1/1 /home/admin/Documents/FEUP-CV/proj/task2/../datasets/extra-6/data/train/output_00035_jpg.rf.6fd81b8ee85681cd9794052fa2664bab.jpg: 640x640 (no detections), 12.4ms
Speed: 2.8ms preprocess, 12.4ms inference, 9.7ms postprocess per image at shape (1, 3, 640, 640)
Processing extra-6/data/train/09_05243_jpg.rf.cc43a38e79774c30a61f2353de8498f1.jpg...

image 1/1 /home/admin/Documents/FEUP-CV/proj/task2/../datasets/extra-6/data/train/09_05243_jpg.rf.cc43a38e79774c30a61f2353de8498f1.jpg: 640x640 (no detections), 12.4ms
Speed: 4.8ms preprocess, 12.4ms inference, 9.7ms postprocess per image at shape (1, 3, 640, 640)
Processing extra-6/data/train/08_00723_jpg.rf.2e074c61807857a88d35e63d2737e981.jpg...

image 1/1 /home/admin/Documents/FEUP-CV/proj/task2/../datasets/extra-6/data/train/08_00723_jpg.rf.2e074c61807857a88d35e63d2737e981.jpg: 640x640 (no detections), 12.3ms
Speed: 4.9ms preprocess, 12.3ms inference, 9.8ms postprocess per image at shape (1, 3, 640, 640)
Processing extra-6/data/train/output_00113_jpg.rf.278f39a3c9c97454052d49c7ecea646f.jpg...

image 1/1 /home/admin/Documents/FEUP-CV/proj/task2/../datasets/extra-6/data/train/output_00113_jpg.rf.278f39a3c9c97454052d49c7ecea646f.jpg: 640x640 (no detections), 12.4ms
Speed: 4.7ms preprocess, 12.4ms inference, 9.8ms postprocess per image at shape (1, 3, 640, 640)
Processing extra-6/data/train/output_00012_jpg.rf.26a5208c44e47987aacc7d53d79da948.jpg...

image 1/1 /home/admin/Documents/FEUP-CV/proj/task2/../datasets/extra-6/data/train/output_00012_jpg.rf.26a5208c44e47987aacc7d53d79da948.jpg: 640x640 (no detections), 16.9ms
Speed: 7.0ms preprocess, 16.9ms inference, 14.0ms postprocess per image at shape (1, 3, 640, 640)
Processing extra-6/data/train/output_00058_jpg.rf.737db1e583651d59df37368118a2a77d.jpg...

image 1/1 /home/admin/Documents/FEUP-CV/proj/task2/../datasets/extra-6/data/train/output_00058_jpg.rf.737db1e583651d59df37368118a2a77d.jpg: 640x640 (no detections), 16.8ms
Speed: 2.4ms preprocess, 16.8ms inference, 14.1ms postprocess per image at shape (1, 3, 640, 640)
Processing extra-6/data/train/output_00088_jpg.rf.0e840bb8b8da714309bd1ad028d4955b.jpg...

image 1/1 /home/admin/Documents/FEUP-CV/proj/task2/../datasets/extra-6/data/train/output_00088_jpg.rf.0e840bb8b8da714309bd1ad028d4955b.jpg: 640x640 (no detections), 16.8ms
Speed: 2.4ms preprocess, 16.8ms inference, 13.9ms postprocess per image at shape (1, 3, 640, 640)
Processing extra-6/data/train/output_00033_jpg.rf.b329d74b7f27a89d3e93daad3005bec6.jpg...

image 1/1 /home/admin/Documents/FEUP-CV/proj/task2/../datasets/extra-6/data/train/output_00033_jpg.rf.b329d74b7f27a89d3e93daad3005bec6.jpg: 640x640 1 pool_table, 16.7ms
Speed: 2.3ms preprocess, 16.7ms inference, 26.1ms postprocess per image at shape (1, 3, 640, 640)
Processing extra-6/data/train/08_01003_jpg.rf.411f1f8dffa59a1757fd217083e11bdc.jpg...

image 1/1 /home/admin/Documents/FEUP-CV/proj/task2/../datasets/extra-6/data/train/08_01003_jpg.rf.411f1f8dffa59a1757fd217083e11bdc.jpg: 640x640 (no detections), 12.5ms
Speed: 3.6ms preprocess, 12.5ms inference, 9.8ms postprocess per image at shape (1, 3, 640, 640)
Processing extra-6/data/train/output_00053_jpg.rf.be2bdfdefe19c585f5920f6250ca8e4e.jpg...

image 1/1 /home/admin/Documents/FEUP-CV/proj/task2/../datasets/extra-6/data/train/output_00053_jpg.rf.be2bdfdefe19c585f5920f6250ca8e4e.jpg: 640x640 1 pool_table, 12.4ms
Speed: 4.9ms preprocess, 12.4ms inference, 24.4ms postprocess per image at shape (1, 3, 640, 640)
Processing extra-6/data/train/09_00883_jpg.rf.faa6fa249b8e392024eb37285e998ab7.jpg...

image 1/1 /home/admin/Documents/FEUP-CV/proj/task2/../datasets/extra-6/data/train/09_00883_jpg.rf.faa6fa249b8e392024eb37285e998ab7.jpg: 640x640 (no detections), 12.5ms
Speed: 3.6ms preprocess, 12.5ms inference, 9.7ms postprocess per image at shape (1, 3, 640, 640)
Processing extra-6/data/train/output_00005_jpg.rf.0929f66aeb4e1e6554bd562756096f31.jpg...

image 1/1 /home/admin/Documents/FEUP-CV/proj/task2/../datasets/extra-6/data/train/output_00005_jpg.rf.0929f66aeb4e1e6554bd562756096f31.jpg: 640x640 (no detections), 12.5ms
Speed: 5.1ms preprocess, 12.5ms inference, 11.9ms postprocess per image at shape (1, 3, 640, 640)
Processing extra-6/data/train/08_00043_jpg.rf.24260cfa4710d26cb945e961733de8ca.jpg...

image 1/1 /home/admin/Documents/FEUP-CV/proj/task2/../datasets/extra-6/data/train/08_00043_jpg.rf.24260cfa4710d26cb945e961733de8ca.jpg: 640x640 (no detections), 16.7ms
Speed: 2.3ms preprocess, 16.7ms inference, 14.0ms postprocess per image at shape (1, 3, 640, 640)
Processing extra-6/data/train/08_00803_jpg.rf.4127e58cffca8979c763d37b43ed728b.jpg...

image 1/1 /home/admin/Documents/FEUP-CV/proj/task2/../datasets/extra-6/data/train/08_00803_jpg.rf.4127e58cffca8979c763d37b43ed728b.jpg: 640x640 (no detections), 16.7ms
Speed: 2.4ms preprocess, 16.7ms inference, 14.0ms postprocess per image at shape (1, 3, 640, 640)
Processing extra-6/data/train/output_00025_jpg.rf.3d136c89c72ce16e336d99522b07f312.jpg...

image 1/1 /home/admin/Documents/FEUP-CV/proj/task2/../datasets/extra-6/data/train/output_00025_jpg.rf.3d136c89c72ce16e336d99522b07f312.jpg: 640x640 (no detections), 16.7ms
Speed: 2.5ms preprocess, 16.7ms inference, 13.9ms postprocess per image at shape (1, 3, 640, 640)
Processing extra-6/data/train/output_00011_jpg.rf.c5a0f3fc304867f1ab903a1072ef34a1.jpg...

image 1/1 /home/admin/Documents/FEUP-CV/proj/task2/../datasets/extra-6/data/train/output_00011_jpg.rf.c5a0f3fc304867f1ab903a1072ef34a1.jpg: 640x640 (no detections), 16.1ms
Speed: 2.4ms preprocess, 16.1ms inference, 9.7ms postprocess per image at shape (1, 3, 640, 640)
Processing extra-6/data/train/08_00243_jpg.rf.762ba1e23a29e9501afc6d2f08377d9e.jpg...

image 1/1 /home/admin/Documents/FEUP-CV/proj/task2/../datasets/extra-6/data/train/08_00243_jpg.rf.762ba1e23a29e9501afc6d2f08377d9e.jpg: 640x640 1 pool_table, 12.4ms
Speed: 5.1ms preprocess, 12.4ms inference, 24.3ms postprocess per image at shape (1, 3, 640, 640)
Processing extra-6/data/train/08_00603_jpg.rf.2d4a1da3a0c4ff62e485e794d6d95ff5.jpg...

image 1/1 /home/admin/Documents/FEUP-CV/proj/task2/../datasets/extra-6/data/train/08_00603_jpg.rf.2d4a1da3a0c4ff62e485e794d6d95ff5.jpg: 640x640 (no detections), 12.4ms
Speed: 3.6ms preprocess, 12.4ms inference, 9.8ms postprocess per image at shape (1, 3, 640, 640)
Processing extra-6/data/train/output_00060_jpg.rf.a01f40336677cc6d30dd4575f0b9daae.jpg...

image 1/1 /home/admin/Documents/FEUP-CV/proj/task2/../datasets/extra-6/data/train/output_00060_jpg.rf.a01f40336677cc6d30dd4575f0b9daae.jpg: 640x640 (no detections), 12.5ms
Speed: 4.6ms preprocess, 12.5ms inference, 5.6ms postprocess per image at shape (1, 3, 640, 640)
Processing extra-6/data/train/output_00023_jpg.rf.b0d8d735c308a07b59dc968bf83c5a77.jpg...

image 1/1 /home/admin/Documents/FEUP-CV/proj/task2/../datasets/extra-6/data/train/output_00023_jpg.rf.b0d8d735c308a07b59dc968bf83c5a77.jpg: 640x640 (no detections), 8.2ms
Speed: 2.8ms preprocess, 8.2ms inference, 9.8ms postprocess per image at shape (1, 3, 640, 640)
Processing extra-6/data/train/output_00002_jpg.rf.d74cfa070bbd0ee9b2d5b54e319112d1.jpg...

image 1/1 /home/admin/Documents/FEUP-CV/proj/task2/../datasets/extra-6/data/train/output_00002_jpg.rf.d74cfa070bbd0ee9b2d5b54e319112d1.jpg: 640x640 (no detections), 16.7ms
Speed: 2.2ms preprocess, 16.7ms inference, 14.0ms postprocess per image at shape (1, 3, 640, 640)
Processing extra-6/data/train/09_02763_jpg.rf.edd9f3fe13b752ec433bd6f65c387779.jpg...

image 1/1 /home/admin/Documents/FEUP-CV/proj/task2/../datasets/extra-6/data/train/09_02763_jpg.rf.edd9f3fe13b752ec433bd6f65c387779.jpg: 640x640 1 pool_table, 16.6ms
Speed: 2.2ms preprocess, 16.6ms inference, 34.8ms postprocess per image at shape (1, 3, 640, 640)
Processing extra-6/data/train/output_00096_jpg.rf.4364831c9e30a73c3e3a67fa54fa6f05.jpg...

image 1/1 /home/admin/Documents/FEUP-CV/proj/task2/../datasets/extra-6/data/train/output_00096_jpg.rf.4364831c9e30a73c3e3a67fa54fa6f05.jpg: 640x640 (no detections), 12.4ms
Speed: 6.2ms preprocess, 12.4ms inference, 9.7ms postprocess per image at shape (1, 3, 640, 640)
Processing extra-6/data/train/output_00026_jpg.rf.18d0973d825314dec2acf027132ef40d.jpg...

image 1/1 /home/admin/Documents/FEUP-CV/proj/task2/../datasets/extra-6/data/train/output_00026_jpg.rf.18d0973d825314dec2acf027132ef40d.jpg: 640x640 1 pool_table, 12.6ms
Speed: 4.5ms preprocess, 12.6ms inference, 24.5ms postprocess per image at shape (1, 3, 640, 640)
Processing extra-6/data/train/output_00036_jpg.rf.4204a1e20c55547355bca7aa0bf3fb9e.jpg...

image 1/1 /home/admin/Documents/FEUP-CV/proj/task2/../datasets/extra-6/data/train/output_00036_jpg.rf.4204a1e20c55547355bca7aa0bf3fb9e.jpg: 640x640 1 pool_table, 12.6ms
Speed: 2.8ms preprocess, 12.6ms inference, 24.5ms postprocess per image at shape (1, 3, 640, 640)
Processing extra-6/data/train/09_01083_jpg.rf.18b4b4793027ea26c56600e77bd61150.jpg...

image 1/1 /home/admin/Documents/FEUP-CV/proj/task2/../datasets/extra-6/data/train/09_01083_jpg.rf.18b4b4793027ea26c56600e77bd61150.jpg: 640x640 (no detections), 12.6ms
Speed: 2.7ms preprocess, 12.6ms inference, 9.8ms postprocess per image at shape (1, 3, 640, 640)
Processing extra-6/data/train/output_00007_jpg.rf.4195bfbe8dddc2f5d1e7bfa236842a52.jpg...

image 1/1 /home/admin/Documents/FEUP-CV/proj/task2/../datasets/extra-6/data/train/output_00007_jpg.rf.4195bfbe8dddc2f5d1e7bfa236842a52.jpg: 640x640 (no detections), 16.8ms
Speed: 6.9ms preprocess, 16.8ms inference, 14.1ms postprocess per image at shape (1, 3, 640, 640)
Processing extra-6/data/train/output_00004_jpg.rf.bd32d916c5bb1339e6614c4936336ad6.jpg...

image 1/1 /home/admin/Documents/FEUP-CV/proj/task2/../datasets/extra-6/data/train/output_00004_jpg.rf.bd32d916c5bb1339e6614c4936336ad6.jpg: 640x640 (no detections), 16.7ms
Speed: 2.0ms preprocess, 16.7ms inference, 14.0ms postprocess per image at shape (1, 3, 640, 640)
Processing extra-6/data/train/08_01163_jpg.rf.8d9f36961120425b2d90c069a8525452.jpg...

image 1/1 /home/admin/Documents/FEUP-CV/proj/task2/../datasets/extra-6/data/train/08_01163_jpg.rf.8d9f36961120425b2d90c069a8525452.jpg: 640x640 (no detections), 16.7ms
Speed: 2.2ms preprocess, 16.7ms inference, 13.9ms postprocess per image at shape (1, 3, 640, 640)
Processing extra-6/data/train/09_04803_jpg.rf.aacf440b950143a1a01d951490560129.jpg...

image 1/1 /home/admin/Documents/FEUP-CV/proj/task2/../datasets/extra-6/data/train/09_04803_jpg.rf.aacf440b950143a1a01d951490560129.jpg: 640x640 (no detections), 16.7ms
Speed: 2.4ms preprocess, 16.7ms inference, 11.0ms postprocess per image at shape (1, 3, 640, 640)
Processing extra-6/data/train/09_04043_jpg.rf.9863222964703a23d039a7b358215295.jpg...

image 1/1 /home/admin/Documents/FEUP-CV/proj/task2/../datasets/extra-6/data/train/09_04043_jpg.rf.9863222964703a23d039a7b358215295.jpg: 640x640 (no detections), 12.3ms
Speed: 5.1ms preprocess, 12.3ms inference, 9.7ms postprocess per image at shape (1, 3, 640, 640)
Processing extra-6/data/train/output_00018_jpg.rf.d6254b75cf6d493109789cb2a097a06f.jpg...

image 1/1 /home/admin/Documents/FEUP-CV/proj/task2/../datasets/extra-6/data/train/output_00018_jpg.rf.d6254b75cf6d493109789cb2a097a06f.jpg: 640x640 (no detections), 12.5ms
Speed: 5.3ms preprocess, 12.5ms inference, 9.7ms postprocess per image at shape (1, 3, 640, 640)
Processing extra-6/data/train/09_01243_jpg.rf.08d02c125c0223aab6320b760ae9104b.jpg...

image 1/1 /home/admin/Documents/FEUP-CV/proj/task2/../datasets/extra-6/data/train/09_01243_jpg.rf.08d02c125c0223aab6320b760ae9104b.jpg: 640x640 (no detections), 12.5ms
Speed: 5.1ms preprocess, 12.5ms inference, 9.7ms postprocess per image at shape (1, 3, 640, 640)
Processing extra-6/data/train/output_00152_jpg.rf.18a17ebcc7c85dfae9602ef8c6f73593.jpg...

image 1/1 /home/admin/Documents/FEUP-CV/proj/task2/../datasets/extra-6/data/train/output_00152_jpg.rf.18a17ebcc7c85dfae9602ef8c6f73593.jpg: 640x640 (no detections), 12.4ms
Speed: 5.1ms preprocess, 12.4ms inference, 9.7ms postprocess per image at shape (1, 3, 640, 640)
Processing extra-6/data/train/output_00036_jpg.rf.367ca10f2e688930e5fde4531c7f84b4.jpg...

image 1/1 /home/admin/Documents/FEUP-CV/proj/task2/../datasets/extra-6/data/train/output_00036_jpg.rf.367ca10f2e688930e5fde4531c7f84b4.jpg: 640x640 1 pool_table, 12.5ms
Speed: 5.2ms preprocess, 12.5ms inference, 24.5ms postprocess per image at shape (1, 3, 640, 640)
Processing extra-6/data/train/09_03323_jpg.rf.69dee00274a38c08c88399d6660bf597.jpg...

image 1/1 /home/admin/Documents/FEUP-CV/proj/task2/../datasets/extra-6/data/train/09_03323_jpg.rf.69dee00274a38c08c88399d6660bf597.jpg: 640x640 (no detections), 16.8ms
Speed: 5.7ms preprocess, 16.8ms inference, 14.0ms postprocess per image at shape (1, 3, 640, 640)
Processing extra-6/data/train/08_00363_jpg.rf.9e5ecc65e8d50f28998bf9ab2a565d2a.jpg...

image 1/1 /home/admin/Documents/FEUP-CV/proj/task2/../datasets/extra-6/data/train/08_00363_jpg.rf.9e5ecc65e8d50f28998bf9ab2a565d2a.jpg: 640x640 (no detections), 16.7ms
Speed: 2.5ms preprocess, 16.7ms inference, 13.9ms postprocess per image at shape (1, 3, 640, 640)
Processing extra-6/data/train/09_05283_jpg.rf.c536195cf6f5557824302f6eb57d7b26.jpg...

image 1/1 /home/admin/Documents/FEUP-CV/proj/task2/../datasets/extra-6/data/train/09_05283_jpg.rf.c536195cf6f5557824302f6eb57d7b26.jpg: 640x640 (no detections), 15.8ms
Speed: 2.4ms preprocess, 15.8ms inference, 9.7ms postprocess per image at shape (1, 3, 640, 640)
Processing extra-6/data/train/output_00023_jpg.rf.7501623ddf85f162af47053e1285de7c.jpg...

image 1/1 /home/admin/Documents/FEUP-CV/proj/task2/../datasets/extra-6/data/train/output_00023_jpg.rf.7501623ddf85f162af47053e1285de7c.jpg: 640x640 (no detections), 16.0ms
Speed: 7.0ms preprocess, 16.0ms inference, 9.7ms postprocess per image at shape (1, 3, 640, 640)
Processing extra-6/data/train/output_00003_jpg.rf.c4fc86affc9d7babf5a6f1d7e6789e34.jpg...

image 1/1 /home/admin/Documents/FEUP-CV/proj/task2/../datasets/extra-6/data/train/output_00003_jpg.rf.c4fc86affc9d7babf5a6f1d7e6789e34.jpg: 640x640 1 pool_table, 12.2ms
Speed: 4.7ms preprocess, 12.2ms inference, 24.3ms postprocess per image at shape (1, 3, 640, 640)
Processing extra-6/data/train/09_02483_jpg.rf.3724875899eee6caa26af115668a4296.jpg...

image 1/1 /home/admin/Documents/FEUP-CV/proj/task2/../datasets/extra-6/data/train/09_02483_jpg.rf.3724875899eee6caa26af115668a4296.jpg: 640x640 (no detections), 12.3ms
Speed: 2.7ms preprocess, 12.3ms inference, 9.7ms postprocess per image at shape (1, 3, 640, 640)
Processing extra-6/data/train/output_00087_jpg.rf.76e85e818c21ab5e1ae067bbdad9b18e.jpg...

image 1/1 /home/admin/Documents/FEUP-CV/proj/task2/../datasets/extra-6/data/train/output_00087_jpg.rf.76e85e818c21ab5e1ae067bbdad9b18e.jpg: 640x640 2 pool_tables, 12.4ms
Speed: 4.7ms preprocess, 12.4ms inference, 24.3ms postprocess per image at shape (1, 3, 640, 640)
Processing extra-6/data/train/09_00963_jpg.rf.dfea255a67978dc2fd19967a7eeeb04d.jpg...

image 1/1 /home/admin/Documents/FEUP-CV/proj/task2/../datasets/extra-6/data/train/09_00963_jpg.rf.dfea255a67978dc2fd19967a7eeeb04d.jpg: 640x640 (no detections), 14.6ms
Speed: 2.8ms preprocess, 14.6ms inference, 14.1ms postprocess per image at shape (1, 3, 640, 640)
Processing extra-6/data/train/output_00216_jpg.rf.b4ce520bc370739693e13a69c31af0e4.jpg...

image 1/1 /home/admin/Documents/FEUP-CV/proj/task2/../datasets/extra-6/data/train/output_00216_jpg.rf.b4ce520bc370739693e13a69c31af0e4.jpg: 640x640 1 pool_table, 16.7ms
Speed: 2.1ms preprocess, 16.7ms inference, 35.1ms postprocess per image at shape (1, 3, 640, 640)
Processing extra-6/data/train/08_01123_jpg.rf.6166d58d4deb9efd8dc2f5c6c8774b37.jpg...

image 1/1 /home/admin/Documents/FEUP-CV/proj/task2/../datasets/extra-6/data/train/08_01123_jpg.rf.6166d58d4deb9efd8dc2f5c6c8774b37.jpg: 640x640 (no detections), 16.1ms
Speed: 7.8ms preprocess, 16.1ms inference, 9.7ms postprocess per image at shape (1, 3, 640, 640)
Processing extra-6/data/train/output_00011_jpg.rf.8e1b6c775d3723ec70ca196ed26eaea5.jpg...

image 1/1 /home/admin/Documents/FEUP-CV/proj/task2/../datasets/extra-6/data/train/output_00011_jpg.rf.8e1b6c775d3723ec70ca196ed26eaea5.jpg: 640x640 (no detections), 12.4ms
Speed: 5.0ms preprocess, 12.4ms inference, 9.7ms postprocess per image at shape (1, 3, 640, 640)
Processing extra-6/data/train/output_00087_jpg.rf.b1ffca8e1d40c95cd12d96d251466fde.jpg...

image 1/1 /home/admin/Documents/FEUP-CV/proj/task2/../datasets/extra-6/data/train/output_00087_jpg.rf.b1ffca8e1d40c95cd12d96d251466fde.jpg: 640x640 (no detections), 12.6ms
Speed: 5.1ms preprocess, 12.6ms inference, 9.8ms postprocess per image at shape (1, 3, 640, 640)
Processing extra-6/data/train/08_00643_jpg.rf.f8a17516df5fff1222fedb8103da2cfa.jpg...

image 1/1 /home/admin/Documents/FEUP-CV/proj/task2/../datasets/extra-6/data/train/08_00643_jpg.rf.f8a17516df5fff1222fedb8103da2cfa.jpg: 640x640 (no detections), 12.5ms
Speed: 5.0ms preprocess, 12.5ms inference, 9.8ms postprocess per image at shape (1, 3, 640, 640)
Processing extra-6/data/train/09_03883_jpg.rf.f0f60c25f5afdec4c9eb1cf565ac07b7.jpg...

image 1/1 /home/admin/Documents/FEUP-CV/proj/task2/../datasets/extra-6/data/train/09_03883_jpg.rf.f0f60c25f5afdec4c9eb1cf565ac07b7.jpg: 640x640 (no detections), 12.6ms
Speed: 5.1ms preprocess, 12.6ms inference, 9.8ms postprocess per image at shape (1, 3, 640, 640)
Processing extra-6/data/train/09_01323_jpg.rf.049db994f405184d6dd991ad98eb8331.jpg...

image 1/1 /home/admin/Documents/FEUP-CV/proj/task2/../datasets/extra-6/data/train/09_01323_jpg.rf.049db994f405184d6dd991ad98eb8331.jpg: 640x640 (no detections), 12.5ms
Speed: 5.2ms preprocess, 12.5ms inference, 9.7ms postprocess per image at shape (1, 3, 640, 640)
Processing extra-6/data/train/output_00002_jpg.rf.e1e77abf1909d2a3b204d538bc8faaf8.jpg...

image 1/1 /home/admin/Documents/FEUP-CV/proj/task2/../datasets/extra-6/data/train/output_00002_jpg.rf.e1e77abf1909d2a3b204d538bc8faaf8.jpg: 640x640 (no detections), 12.6ms
Speed: 5.1ms preprocess, 12.6ms inference, 11.9ms postprocess per image at shape (1, 3, 640, 640)
Processing extra-6/data/train/08_01323_jpg.rf.78df30032927c71c9c8284d1ca9a5f54.jpg...

image 1/1 /home/admin/Documents/FEUP-CV/proj/task2/../datasets/extra-6/data/train/08_01323_jpg.rf.78df30032927c71c9c8284d1ca9a5f54.jpg: 640x640 (no detections), 16.7ms
Speed: 2.5ms preprocess, 16.7ms inference, 14.1ms postprocess per image at shape (1, 3, 640, 640)
Processing extra-6/data/train/output_00104_jpg.rf.4d1f3ae88935d97df1e23b1028f90f9d.jpg...

image 1/1 /home/admin/Documents/FEUP-CV/proj/task2/../datasets/extra-6/data/train/output_00104_jpg.rf.4d1f3ae88935d97df1e23b1028f90f9d.jpg: 640x640 1 pool_table, 16.7ms
Speed: 2.5ms preprocess, 16.7ms inference, 34.9ms postprocess per image at shape (1, 3, 640, 640)
Processing extra-6/data/train/09_04003_jpg.rf.7d1f5b86874bc0b9f9986c39cb5297fc.jpg...

image 1/1 /home/admin/Documents/FEUP-CV/proj/task2/../datasets/extra-6/data/train/09_04003_jpg.rf.7d1f5b86874bc0b9f9986c39cb5297fc.jpg: 640x640 (no detections), 12.3ms
Speed: 4.9ms preprocess, 12.3ms inference, 5.4ms postprocess per image at shape (1, 3, 640, 640)
Processing extra-6/data/train/output_00145_jpg.rf.1e48491b31158a101604092ff2fef497.jpg...

image 1/1 /home/admin/Documents/FEUP-CV/proj/task2/../datasets/extra-6/data/train/output_00145_jpg.rf.1e48491b31158a101604092ff2fef497.jpg: 640x640 (no detections), 8.0ms
Speed: 3.2ms preprocess, 8.0ms inference, 9.7ms postprocess per image at shape (1, 3, 640, 640)
Processing extra-6/data/train/09_00683_jpg.rf.bad198c72546d952f7508b3d8d9b1d82.jpg...

image 1/1 /home/admin/Documents/FEUP-CV/proj/task2/../datasets/extra-6/data/train/09_00683_jpg.rf.bad198c72546d952f7508b3d8d9b1d82.jpg: 640x640 (no detections), 12.3ms
Speed: 5.0ms preprocess, 12.3ms inference, 9.7ms postprocess per image at shape (1, 3, 640, 640)
Processing extra-6/data/train/09_05363_jpg.rf.c87cae9a64caba0fd5705a7070249b27.jpg...

image 1/1 /home/admin/Documents/FEUP-CV/proj/task2/../datasets/extra-6/data/train/09_05363_jpg.rf.c87cae9a64caba0fd5705a7070249b27.jpg: 640x640 (no detections), 12.3ms
Speed: 5.1ms preprocess, 12.3ms inference, 9.7ms postprocess per image at shape (1, 3, 640, 640)
Processing extra-6/data/train/output_00101_jpg.rf.cca7b3e0a0c86e37427b1a1ccaa6b3b0.jpg...

image 1/1 /home/admin/Documents/FEUP-CV/proj/task2/../datasets/extra-6/data/train/output_00101_jpg.rf.cca7b3e0a0c86e37427b1a1ccaa6b3b0.jpg: 640x640 (no detections), 12.5ms
Speed: 5.1ms preprocess, 12.5ms inference, 8.0ms postprocess per image at shape (1, 3, 640, 640)
Processing extra-6/data/train/output_00023_jpg.rf.35b9e03b34a8b3f3ab9eae56acadeacf.jpg...

image 1/1 /home/admin/Documents/FEUP-CV/proj/task2/../datasets/extra-6/data/train/output_00023_jpg.rf.35b9e03b34a8b3f3ab9eae56acadeacf.jpg: 640x640 1 pool_table, 12.5ms
Speed: 3.3ms preprocess, 12.5ms inference, 30.9ms postprocess per image at shape (1, 3, 640, 640)
Processing extra-6/data/train/output_00111_jpg.rf.e3fc4177f4d632e3a06d9b5aaa06a4b6.jpg...

image 1/1 /home/admin/Documents/FEUP-CV/proj/task2/../datasets/extra-6/data/train/output_00111_jpg.rf.e3fc4177f4d632e3a06d9b5aaa06a4b6.jpg: 640x640 (no detections), 16.8ms
Speed: 7.3ms preprocess, 16.8ms inference, 14.0ms postprocess per image at shape (1, 3, 640, 640)
Processing extra-6/data/train/08_00763_jpg.rf.8734173457961a49a45b92679a266e0b.jpg...

image 1/1 /home/admin/Documents/FEUP-CV/proj/task2/../datasets/extra-6/data/train/08_00763_jpg.rf.8734173457961a49a45b92679a266e0b.jpg: 640x640 (no detections), 16.7ms
Speed: 1.9ms preprocess, 16.7ms inference, 14.0ms postprocess per image at shape (1, 3, 640, 640)
Processing extra-6/data/train/09_01483_jpg.rf.fb9a98e480c9ee422ab9656725bb1a77.jpg...

image 1/1 /home/admin/Documents/FEUP-CV/proj/task2/../datasets/extra-6/data/train/09_01483_jpg.rf.fb9a98e480c9ee422ab9656725bb1a77.jpg: 640x640 (no detections), 12.6ms
Speed: 1.8ms preprocess, 12.6ms inference, 9.7ms postprocess per image at shape (1, 3, 640, 640)
Processing extra-6/data/train/09_04203_jpg.rf.7f3f912bf94ab03ef0904836e4b9b21c.jpg...

image 1/1 /home/admin/Documents/FEUP-CV/proj/task2/../datasets/extra-6/data/train/09_04203_jpg.rf.7f3f912bf94ab03ef0904836e4b9b21c.jpg: 640x640 (no detections), 12.3ms
Speed: 4.7ms preprocess, 12.3ms inference, 9.8ms postprocess per image at shape (1, 3, 640, 640)
Processing extra-6/data/train/output_00029_jpg.rf.69dc3b82c31e4da05df5071316a4bcf2.jpg...

image 1/1 /home/admin/Documents/FEUP-CV/proj/task2/../datasets/extra-6/data/train/output_00029_jpg.rf.69dc3b82c31e4da05df5071316a4bcf2.jpg: 640x640 (no detections), 12.4ms
Speed: 4.8ms preprocess, 12.4ms inference, 9.7ms postprocess per image at shape (1, 3, 640, 640)
Processing extra-6/data/train/09_02683_jpg.rf.21191ff57c3311918b24ecada1293c81.jpg...

image 1/1 /home/admin/Documents/FEUP-CV/proj/task2/../datasets/extra-6/data/train/09_02683_jpg.rf.21191ff57c3311918b24ecada1293c81.jpg: 640x640 1 pool_table, 12.5ms
Speed: 4.6ms preprocess, 12.5ms inference, 24.5ms postprocess per image at shape (1, 3, 640, 640)
Processing extra-6/data/train/output_00026_jpg.rf.cdafd178e0d43f2425782dbbd0aac4f9.jpg...

image 1/1 /home/admin/Documents/FEUP-CV/proj/task2/../datasets/extra-6/data/train/output_00026_jpg.rf.cdafd178e0d43f2425782dbbd0aac4f9.jpg: 640x640 (no detections), 12.4ms
Speed: 2.9ms preprocess, 12.4ms inference, 9.7ms postprocess per image at shape (1, 3, 640, 640)
Processing extra-6/data/train/09_04323_jpg.rf.a35f14d6af0c2ed06d81d2712ea41c06.jpg...

image 1/1 /home/admin/Documents/FEUP-CV/proj/task2/../datasets/extra-6/data/train/09_04323_jpg.rf.a35f14d6af0c2ed06d81d2712ea41c06.jpg: 640x640 (no detections), 16.6ms
Speed: 2.0ms preprocess, 16.6ms inference, 13.9ms postprocess per image at shape (1, 3, 640, 640)
Processing extra-6/data/train/08_01003_jpg.rf.f0bd227e01a351debb103937f45d4560.jpg...

image 1/1 /home/admin/Documents/FEUP-CV/proj/task2/../datasets/extra-6/data/train/08_01003_jpg.rf.f0bd227e01a351debb103937f45d4560.jpg: 640x640 (no detections), 16.9ms
Speed: 2.0ms preprocess, 16.9ms inference, 14.0ms postprocess per image at shape (1, 3, 640, 640)
Processing extra-6/data/train/09_04043_jpg.rf.ac8167fa91009fc19c119eda09a3fe2f.jpg...

image 1/1 /home/admin/Documents/FEUP-CV/proj/task2/../datasets/extra-6/data/train/09_04043_jpg.rf.ac8167fa91009fc19c119eda09a3fe2f.jpg: 640x640 (no detections), 16.8ms
Speed: 2.2ms preprocess, 16.8ms inference, 13.9ms postprocess per image at shape (1, 3, 640, 640)
Processing extra-6/data/train/08_00243_jpg.rf.2bea6fe9e34f073326b6960caa15ca48.jpg...

image 1/1 /home/admin/Documents/FEUP-CV/proj/task2/../datasets/extra-6/data/train/08_00243_jpg.rf.2bea6fe9e34f073326b6960caa15ca48.jpg: 640x640 (no detections), 16.9ms
Speed: 2.5ms preprocess, 16.9ms inference, 11.3ms postprocess per image at shape (1, 3, 640, 640)
Processing extra-6/data/train/09_01083_jpg.rf.36eb9600d26fa8d4de7dc6f5a19eee27.jpg...

image 1/1 /home/admin/Documents/FEUP-CV/proj/task2/../datasets/extra-6/data/train/09_01083_jpg.rf.36eb9600d26fa8d4de7dc6f5a19eee27.jpg: 640x640 1 pool_table, 12.6ms
Speed: 5.1ms preprocess, 12.6ms inference, 24.5ms postprocess per image at shape (1, 3, 640, 640)
Processing extra-6/data/train/08_00603_jpg.rf.abb4419a49c3792941129b1273c2e181.jpg...

image 1/1 /home/admin/Documents/FEUP-CV/proj/task2/../datasets/extra-6/data/train/08_00603_jpg.rf.abb4419a49c3792941129b1273c2e181.jpg: 640x640 (no detections), 12.7ms
Speed: 3.5ms preprocess, 12.7ms inference, 9.8ms postprocess per image at shape (1, 3, 640, 640)
Processing extra-6/data/train/08_01163_jpg.rf.71e9b9641ac65984b92e2d67cd439020.jpg...

image 1/1 /home/admin/Documents/FEUP-CV/proj/task2/../datasets/extra-6/data/train/08_01163_jpg.rf.71e9b9641ac65984b92e2d67cd439020.jpg: 640x640 (no detections), 12.3ms
Speed: 5.1ms preprocess, 12.3ms inference, 9.8ms postprocess per image at shape (1, 3, 640, 640)
Processing extra-6/data/train/09_00963_jpg.rf.27688ddac741bd23c7089b74252403ea.jpg...

image 1/1 /home/admin/Documents/FEUP-CV/proj/task2/../datasets/extra-6/data/train/09_00963_jpg.rf.27688ddac741bd23c7089b74252403ea.jpg: 640x640 (no detections), 12.3ms
Speed: 5.0ms preprocess, 12.3ms inference, 9.7ms postprocess per image at shape (1, 3, 640, 640)
Processing extra-6/data/train/09_01243_jpg.rf.13ac9dee7d8f2f5ddd86d435920703be.jpg...

image 1/1 /home/admin/Documents/FEUP-CV/proj/task2/../datasets/extra-6/data/train/09_01243_jpg.rf.13ac9dee7d8f2f5ddd86d435920703be.jpg: 640x640 1 pool_table, 14.4ms
Speed: 4.9ms preprocess, 14.4ms inference, 34.9ms postprocess per image at shape (1, 3, 640, 640)
Processing extra-6/data/train/output_00012_jpg.rf.1099afb71cad75016b8becb0eb94f792.jpg...

image 1/1 /home/admin/Documents/FEUP-CV/proj/task2/../datasets/extra-6/data/train/output_00012_jpg.rf.1099afb71cad75016b8becb0eb94f792.jpg: 640x640 1 pool_table, 16.5ms
Speed: 7.8ms preprocess, 16.5ms inference, 33.3ms postprocess per image at shape (1, 3, 640, 640)
Processing extra-6/data/train/output_00088_jpg.rf.5fe9460ceef589310dc230894e8708b1.jpg...

image 1/1 /home/admin/Documents/FEUP-CV/proj/task2/../datasets/extra-6/data/train/output_00088_jpg.rf.5fe9460ceef589310dc230894e8708b1.jpg: 640x640 1 pool_table, 12.5ms
Speed: 3.6ms preprocess, 12.5ms inference, 24.6ms postprocess per image at shape (1, 3, 640, 640)
Processing extra-6/data/train/output_00035_jpg.rf.fd9309286ef7ffea1b5481957dd54892.jpg...

image 1/1 /home/admin/Documents/FEUP-CV/proj/task2/../datasets/extra-6/data/train/output_00035_jpg.rf.fd9309286ef7ffea1b5481957dd54892.jpg: 640x640 1 pool_table, 12.6ms
Speed: 1.5ms preprocess, 12.6ms inference, 24.6ms postprocess per image at shape (1, 3, 640, 640)
Processing extra-6/data/train/09_00883_jpg.rf.5b205b92510c03a13555c7870ae9702c.jpg...

image 1/1 /home/admin/Documents/FEUP-CV/proj/task2/../datasets/extra-6/data/train/09_00883_jpg.rf.5b205b92510c03a13555c7870ae9702c.jpg: 640x640 1 pool_table, 12.6ms
Speed: 2.8ms preprocess, 12.6ms inference, 28.8ms postprocess per image at shape (1, 3, 640, 640)
Processing extra-6/data/train/08_00363_jpg.rf.2b8099a26fb1fe2415fbd9791a8fd01b.jpg...

image 1/1 /home/admin/Documents/FEUP-CV/proj/task2/../datasets/extra-6/data/train/08_00363_jpg.rf.2b8099a26fb1fe2415fbd9791a8fd01b.jpg: 640x640 1 pool_table, 16.6ms
Speed: 7.1ms preprocess, 16.6ms inference, 34.9ms postprocess per image at shape (1, 3, 640, 640)
Processing extra-6/data/train/output_00149_jpg.rf.c29224fb5b1fbb53b21b1ca04e4d8447.jpg...

image 1/1 /home/admin/Documents/FEUP-CV/proj/task2/../datasets/extra-6/data/train/output_00149_jpg.rf.c29224fb5b1fbb53b21b1ca04e4d8447.jpg: 640x640 (no detections), 12.4ms
Speed: 2.6ms preprocess, 12.4ms inference, 9.7ms postprocess per image at shape (1, 3, 640, 640)
Processing extra-6/data/train/output_00029_jpg.rf.b9bb076f6c0ac1c8e1bb3ff9ab9357ee.jpg...

image 1/1 /home/admin/Documents/FEUP-CV/proj/task2/../datasets/extra-6/data/train/output_00029_jpg.rf.b9bb076f6c0ac1c8e1bb3ff9ab9357ee.jpg: 640x640 (no detections), 12.4ms
Speed: 4.7ms preprocess, 12.4ms inference, 9.7ms postprocess per image at shape (1, 3, 640, 640)
Processing extra-6/data/train/09_02643_jpg.rf.22c731985d202981f260c3846580493d.jpg...

image 1/1 /home/admin/Documents/FEUP-CV/proj/task2/../datasets/extra-6/data/train/09_02643_jpg.rf.22c731985d202981f260c3846580493d.jpg: 640x640 (no detections), 12.5ms
Speed: 4.9ms preprocess, 12.5ms inference, 9.8ms postprocess per image at shape (1, 3, 640, 640)
Processing extra-6/data/train/09_02643_jpg.rf.75798766ffe6ae7942f584a6a52998fb.jpg...

image 1/1 /home/admin/Documents/FEUP-CV/proj/task2/../datasets/extra-6/data/train/09_02643_jpg.rf.75798766ffe6ae7942f584a6a52998fb.jpg: 640x640 (no detections), 12.5ms
Speed: 4.7ms preprocess, 12.5ms inference, 9.8ms postprocess per image at shape (1, 3, 640, 640)
Processing extra-6/data/train/output_00101_jpg.rf.3df0b83ff93fa60d3482e97041ec81df.jpg...

image 1/1 /home/admin/Documents/FEUP-CV/proj/task2/../datasets/extra-6/data/train/output_00101_jpg.rf.3df0b83ff93fa60d3482e97041ec81df.jpg: 640x640 1 pool_table, 12.6ms
Speed: 4.6ms preprocess, 12.6ms inference, 24.5ms postprocess per image at shape (1, 3, 640, 640)
Processing extra-6/data/train/09_05363_jpg.rf.58b63ed6f407a7fc9d5da55e75ea53c8.jpg...

image 1/1 /home/admin/Documents/FEUP-CV/proj/task2/../datasets/extra-6/data/train/09_05363_jpg.rf.58b63ed6f407a7fc9d5da55e75ea53c8.jpg: 640x640 (no detections), 16.9ms
Speed: 5.2ms preprocess, 16.9ms inference, 14.0ms postprocess per image at shape (1, 3, 640, 640)
Processing extra-6/data/train/09_04203_jpg.rf.4e5369ce83d8fedf06027a57f1cdbd63.jpg...

image 1/1 /home/admin/Documents/FEUP-CV/proj/task2/../datasets/extra-6/data/train/09_04203_jpg.rf.4e5369ce83d8fedf06027a57f1cdbd63.jpg: 640x640 1 pool_table, 16.8ms
Speed: 2.3ms preprocess, 16.8ms inference, 35.3ms postprocess per image at shape (1, 3, 640, 640)
Processing extra-6/data/train/08_00643_jpg.rf.89309968dca1704f6f229ea8cd9d1f5e.jpg...

image 1/1 /home/admin/Documents/FEUP-CV/proj/task2/../datasets/extra-6/data/train/08_00643_jpg.rf.89309968dca1704f6f229ea8cd9d1f5e.jpg: 640x640 (no detections), 12.3ms
Speed: 6.9ms preprocess, 12.3ms inference, 9.7ms postprocess per image at shape (1, 3, 640, 640)
Processing extra-6/data/train/output_00002_jpg.rf.9c47feebee3e84baa5f21d50e528f2a7.jpg...

image 1/1 /home/admin/Documents/FEUP-CV/proj/task2/../datasets/extra-6/data/train/output_00002_jpg.rf.9c47feebee3e84baa5f21d50e528f2a7.jpg: 640x640 1 pool_table, 12.3ms
Speed: 4.7ms preprocess, 12.3ms inference, 24.2ms postprocess per image at shape (1, 3, 640, 640)
Processing extra-6/data/train/output_00003_jpg.rf.0a4873068fb163cb953de6a87af38d9d.jpg...

image 1/1 /home/admin/Documents/FEUP-CV/proj/task2/../datasets/extra-6/data/train/output_00003_jpg.rf.0a4873068fb163cb953de6a87af38d9d.jpg: 640x640 (no detections), 12.3ms
Speed: 3.7ms preprocess, 12.3ms inference, 9.8ms postprocess per image at shape (1, 3, 640, 640)
Processing extra-6/data/train/output_00018_jpg.rf.b3c18e711a240d7d136014beca5d39a9.jpg...

image 1/1 /home/admin/Documents/FEUP-CV/proj/task2/../datasets/extra-6/data/train/output_00018_jpg.rf.b3c18e711a240d7d136014beca5d39a9.jpg: 640x640 (no detections), 12.3ms
Speed: 5.0ms preprocess, 12.3ms inference, 9.7ms postprocess per image at shape (1, 3, 640, 640)
Processing extra-6/data/train/output_00149_jpg.rf.5e27276ab598fd645fa07cd9c7622329.jpg...

image 1/1 /home/admin/Documents/FEUP-CV/proj/task2/../datasets/extra-6/data/train/output_00149_jpg.rf.5e27276ab598fd645fa07cd9c7622329.jpg: 640x640 (no detections), 12.4ms
Speed: 5.0ms preprocess, 12.4ms inference, 9.7ms postprocess per image at shape (1, 3, 640, 640)
Processing extra-6/data/train/09_03883_jpg.rf.633bf0f33eabf0a7044322b590e54274.jpg...

image 1/1 /home/admin/Documents/FEUP-CV/proj/task2/../datasets/extra-6/data/train/09_03883_jpg.rf.633bf0f33eabf0a7044322b590e54274.jpg: 640x640 1 pool_table, 16.9ms
Speed: 7.1ms preprocess, 16.9ms inference, 35.1ms postprocess per image at shape (1, 3, 640, 640)
Processing extra-6/data/train/output_00096_jpg.rf.696b75b70c6c431acd82ed7e3ff7b34d.jpg...

image 1/1 /home/admin/Documents/FEUP-CV/proj/task2/../datasets/extra-6/data/train/output_00096_jpg.rf.696b75b70c6c431acd82ed7e3ff7b34d.jpg: 640x640 1 pool_table, 12.4ms
Speed: 5.1ms preprocess, 12.4ms inference, 30.8ms postprocess per image at shape (1, 3, 640, 640)
Processing extra-6/data/train/output_00077_jpg.rf.8aa1a89b4e9a9fb5e38f2dccd7b2e5ad.jpg...

image 1/1 /home/admin/Documents/FEUP-CV/proj/task2/../datasets/extra-6/data/train/output_00077_jpg.rf.8aa1a89b4e9a9fb5e38f2dccd7b2e5ad.jpg: 640x640 1 pool_table, 12.5ms
Speed: 2.8ms preprocess, 12.5ms inference, 24.4ms postprocess per image at shape (1, 3, 640, 640)
Processing extra-6/data/train/output_00087_jpg.rf.539bb8a74dfd7c881b50abfd3a9bfda2.jpg...

image 1/1 /home/admin/Documents/FEUP-CV/proj/task2/../datasets/extra-6/data/train/output_00087_jpg.rf.539bb8a74dfd7c881b50abfd3a9bfda2.jpg: 640x640 1 pool_table, 12.4ms
Speed: 2.6ms preprocess, 12.4ms inference, 24.5ms postprocess per image at shape (1, 3, 640, 640)
Processing extra-6/data/train/output_00165_jpg.rf.09fdc37a57cee9d9975010df0352b448.jpg...

image 1/1 /home/admin/Documents/FEUP-CV/proj/task2/../datasets/extra-6/data/train/output_00165_jpg.rf.09fdc37a57cee9d9975010df0352b448.jpg: 640x640 1 pool_table, 12.4ms
Speed: 2.7ms preprocess, 12.4ms inference, 30.8ms postprocess per image at shape (1, 3, 640, 640)
Processing extra-6/data/train/output_00045_jpg.rf.400446f3ac6b0435feba872436dee3ff.jpg...

image 1/1 /home/admin/Documents/FEUP-CV/proj/task2/../datasets/extra-6/data/train/output_00045_jpg.rf.400446f3ac6b0435feba872436dee3ff.jpg: 640x640 (no detections), 16.8ms
Speed: 7.1ms preprocess, 16.8ms inference, 14.0ms postprocess per image at shape (1, 3, 640, 640)
Processing extra-6/data/train/09_03323_jpg.rf.e3118e55c231b53d918ae12ec134e742.jpg...

image 1/1 /home/admin/Documents/FEUP-CV/proj/task2/../datasets/extra-6/data/train/09_03323_jpg.rf.e3118e55c231b53d918ae12ec134e742.jpg: 640x640 1 pool_table, 16.7ms
Speed: 2.1ms preprocess, 16.7ms inference, 30.2ms postprocess per image at shape (1, 3, 640, 640)
Processing extra-6/data/train/output_00087_jpg.rf.b01ee9f59c381c5f66ff8b1960fe234c.jpg...

image 1/1 /home/admin/Documents/FEUP-CV/proj/task2/../datasets/extra-6/data/train/output_00087_jpg.rf.b01ee9f59c381c5f66ff8b1960fe234c.jpg: 640x640 1 pool_table, 12.5ms
Speed: 2.8ms preprocess, 12.5ms inference, 24.5ms postprocess per image at shape (1, 3, 640, 640)
Processing extra-6/data/train/output_00023_jpg.rf.b0d3cab13617228a6442447693109577.jpg...

image 1/1 /home/admin/Documents/FEUP-CV/proj/task2/../datasets/extra-6/data/train/output_00023_jpg.rf.b0d3cab13617228a6442447693109577.jpg: 640x640 (no detections), 12.5ms
Speed: 3.4ms preprocess, 12.5ms inference, 9.8ms postprocess per image at shape (1, 3, 640, 640)
Processing extra-6/data/train/08_00803_jpg.rf.b7c9de066c89a2550128e73dafec0a2a.jpg...

image 1/1 /home/admin/Documents/FEUP-CV/proj/task2/../datasets/extra-6/data/train/08_00803_jpg.rf.b7c9de066c89a2550128e73dafec0a2a.jpg: 640x640 (no detections), 12.5ms
Speed: 5.0ms preprocess, 12.5ms inference, 9.7ms postprocess per image at shape (1, 3, 640, 640)
Processing extra-6/data/train/08_01123_jpg.rf.debeb36130bde89390b5f66cdd580ed0.jpg...

image 1/1 /home/admin/Documents/FEUP-CV/proj/task2/../datasets/extra-6/data/train/08_01123_jpg.rf.debeb36130bde89390b5f66cdd580ed0.jpg: 640x640 1 pool_table, 12.5ms
Speed: 5.1ms preprocess, 12.5ms inference, 28.6ms postprocess per image at shape (1, 3, 640, 640)
Processing extra-6/data/train/08_00763_jpg.rf.ab5f5f679f451fced60d2a876bfce423.jpg...

image 1/1 /home/admin/Documents/FEUP-CV/proj/task2/../datasets/extra-6/data/train/08_00763_jpg.rf.ab5f5f679f451fced60d2a876bfce423.jpg: 640x640 (no detections), 16.7ms
Speed: 1.2ms preprocess, 16.7ms inference, 13.9ms postprocess per image at shape (1, 3, 640, 640)
Processing extra-6/data/train/output_00152_jpg.rf.2c56cc9fd07ce1c1d1504ce5941b2953.jpg...

image 1/1 /home/admin/Documents/FEUP-CV/proj/task2/../datasets/extra-6/data/train/output_00152_jpg.rf.2c56cc9fd07ce1c1d1504ce5941b2953.jpg: 640x640 1 pool_table, 16.6ms
Speed: 2.4ms preprocess, 16.6ms inference, 33.9ms postprocess per image at shape (1, 3, 640, 640)
Processing extra-6/data/train/09_02483_jpg.rf.c22eb0d2c4d460ed02ec8912a7816549.jpg...

image 1/1 /home/admin/Documents/FEUP-CV/proj/task2/../datasets/extra-6/data/train/09_02483_jpg.rf.c22eb0d2c4d460ed02ec8912a7816549.jpg: 640x640 (no detections), 12.4ms
Speed: 3.6ms preprocess, 12.4ms inference, 9.7ms postprocess per image at shape (1, 3, 640, 640)
Processing extra-6/data/test/output_00052_jpg.rf.c0aec8677b28594f9e885dab4f528799.jpg...

image 1/1 /home/admin/Documents/FEUP-CV/proj/task2/../datasets/extra-6/data/test/output_00052_jpg.rf.c0aec8677b28594f9e885dab4f528799.jpg: 640x640 1 pool_table, 12.5ms
Speed: 5.0ms preprocess, 12.5ms inference, 24.4ms postprocess per image at shape (1, 3, 640, 640)
Processing extra-6/data/test/08_00843_jpg.rf.f173f16096e08696c1d8736af8b8784c.jpg...

image 1/1 /home/admin/Documents/FEUP-CV/proj/task2/../datasets/extra-6/data/test/08_00843_jpg.rf.f173f16096e08696c1d8736af8b8784c.jpg: 640x640 (no detections), 12.4ms
Speed: 3.6ms preprocess, 12.4ms inference, 8.9ms postprocess per image at shape (1, 3, 640, 640)
Processing extra-6/data/test/output_00016_jpg.rf.f3969074a1334fc8dc693ddc3e3f0121.jpg...

image 1/1 /home/admin/Documents/FEUP-CV/proj/task2/../datasets/extra-6/data/test/output_00016_jpg.rf.f3969074a1334fc8dc693ddc3e3f0121.jpg: 640x640 (no detections), 12.5ms
Speed: 3.3ms preprocess, 12.5ms inference, 9.7ms postprocess per image at shape (1, 3, 640, 640)
Processing extra-6/data/test/output_00048_jpg.rf.deb7e5081f7b04dd4da35f3eb31da632.jpg...

image 1/1 /home/admin/Documents/FEUP-CV/proj/task2/../datasets/extra-6/data/test/output_00048_jpg.rf.deb7e5081f7b04dd4da35f3eb31da632.jpg: 640x640 1 pool_table, 16.8ms
Speed: 2.2ms preprocess, 16.8ms inference, 35.1ms postprocess per image at shape (1, 3, 640, 640)
Processing extra-6/data/test/09_03723_jpg.rf.4464911f474d5dc16977e1d7e9eec9ee.jpg...

image 1/1 /home/admin/Documents/FEUP-CV/proj/task2/../datasets/extra-6/data/test/09_03723_jpg.rf.4464911f474d5dc16977e1d7e9eec9ee.jpg: 640x640 (no detections), 16.7ms
Speed: 7.3ms preprocess, 16.7ms inference, 14.0ms postprocess per image at shape (1, 3, 640, 640)
Processing extra-6/data/test/09_03803_jpg.rf.e6011226f65ad59b7a2c593509f71eea.jpg...

image 1/1 /home/admin/Documents/FEUP-CV/proj/task2/../datasets/extra-6/data/test/09_03803_jpg.rf.e6011226f65ad59b7a2c593509f71eea.jpg: 640x640 1 pool_table, 12.5ms
Speed: 1.7ms preprocess, 12.5ms inference, 24.4ms postprocess per image at shape (1, 3, 640, 640)
Processing extra-6/data/test/output_00084_jpg.rf.c7ae92e79295da4acc0bc2c9fc1363e0.jpg...

image 1/1 /home/admin/Documents/FEUP-CV/proj/task2/../datasets/extra-6/data/test/output_00084_jpg.rf.c7ae92e79295da4acc0bc2c9fc1363e0.jpg: 640x640 1 pool_table, 12.5ms
Speed: 3.0ms preprocess, 12.5ms inference, 24.5ms postprocess per image at shape (1, 3, 640, 640)
Processing extra-6/data/test/09_00723_jpg.rf.22c93a10859fa4d351f92f916a0fb02b.jpg...

image 1/1 /home/admin/Documents/FEUP-CV/proj/task2/../datasets/extra-6/data/test/09_00723_jpg.rf.22c93a10859fa4d351f92f916a0fb02b.jpg: 640x640 (no detections), 12.5ms
Speed: 2.9ms preprocess, 12.5ms inference, 9.8ms postprocess per image at shape (1, 3, 640, 640)
Processing extra-6/data/test/08_01083_jpg.rf.0398d3a9d06948908131575c0710fe04.jpg...

image 1/1 /home/admin/Documents/FEUP-CV/proj/task2/../datasets/extra-6/data/test/08_01083_jpg.rf.0398d3a9d06948908131575c0710fe04.jpg: 640x640 (no detections), 12.6ms
Speed: 4.9ms preprocess, 12.6ms inference, 9.7ms postprocess per image at shape (1, 3, 640, 640)
Processing extra-6/data/test/output_00149_jpg.rf.f1d7c75d57993b2aeb7fd6275bf637ec.jpg...

image 1/1 /home/admin/Documents/FEUP-CV/proj/task2/../datasets/extra-6/data/test/output_00149_jpg.rf.f1d7c75d57993b2aeb7fd6275bf637ec.jpg: 640x640 1 pool_table, 16.8ms
Speed: 5.0ms preprocess, 16.8ms inference, 35.0ms postprocess per image at shape (1, 3, 640, 640)
Processing extra-6/data/test/output_00031_jpg.rf.6f537734e1b5bd73c1101988f4f633c0.jpg...

image 1/1 /home/admin/Documents/FEUP-CV/proj/task2/../datasets/extra-6/data/test/output_00031_jpg.rf.6f537734e1b5bd73c1101988f4f633c0.jpg: 640x640 1 pool_table, 16.7ms
Speed: 3.5ms preprocess, 16.7ms inference, 31.9ms postprocess per image at shape (1, 3, 640, 640)
Processing extra-6/data/test/output_00066_jpg.rf.a18a1c766cb282a6280655ec804df975.jpg...

image 1/1 /home/admin/Documents/FEUP-CV/proj/task2/../datasets/extra-6/data/test/output_00066_jpg.rf.a18a1c766cb282a6280655ec804df975.jpg: 640x640 1 pool_table, 12.5ms
Speed: 3.4ms preprocess, 12.5ms inference, 24.4ms postprocess per image at shape (1, 3, 640, 640)
Processing extra-6/data/test/09_03443_jpg.rf.98d7d5a3f05a7ce3fb95b2fe7c3ef9b8.jpg...

image 1/1 /home/admin/Documents/FEUP-CV/proj/task2/../datasets/extra-6/data/test/09_03443_jpg.rf.98d7d5a3f05a7ce3fb95b2fe7c3ef9b8.jpg: 640x640 (no detections), 12.4ms
Speed: 3.3ms preprocess, 12.4ms inference, 9.8ms postprocess per image at shape (1, 3, 640, 640)
Processing extra-6/data/test/08_00683_jpg.rf.c52a98de8b2aa043da30880ef910a95a.jpg...

image 1/1 /home/admin/Documents/FEUP-CV/proj/task2/../datasets/extra-6/data/test/08_00683_jpg.rf.c52a98de8b2aa043da30880ef910a95a.jpg: 640x640 (no detections), 12.4ms
Speed: 5.1ms preprocess, 12.4ms inference, 9.8ms postprocess per image at shape (1, 3, 640, 640)
Processing extra-6/data/test/output_00186_jpg.rf.25935ae412f0e5468ec505fa529ca52c.jpg...

image 1/1 /home/admin/Documents/FEUP-CV/proj/task2/../datasets/extra-6/data/test/output_00186_jpg.rf.25935ae412f0e5468ec505fa529ca52c.jpg: 640x640 (no detections), 12.4ms
Speed: 5.1ms preprocess, 12.4ms inference, 9.7ms postprocess per image at shape (1, 3, 640, 640)
Processing extra-6/data/valid/09_00603_jpg.rf.e62cee24c339ea5348a1f95cdf1d835e.jpg...

image 1/1 /home/admin/Documents/FEUP-CV/proj/task2/../datasets/extra-6/data/valid/09_00603_jpg.rf.e62cee24c339ea5348a1f95cdf1d835e.jpg: 640x640 (no detections), 16.7ms
Speed: 7.3ms preprocess, 16.7ms inference, 14.0ms postprocess per image at shape (1, 3, 640, 640)
Processing extra-6/data/valid/09_05003_jpg.rf.05732a8f21ce3a3f103c977c4329d395.jpg...

image 1/1 /home/admin/Documents/FEUP-CV/proj/task2/../datasets/extra-6/data/valid/09_05003_jpg.rf.05732a8f21ce3a3f103c977c4329d395.jpg: 640x640 (no detections), 16.7ms
Speed: 2.5ms preprocess, 16.7ms inference, 14.1ms postprocess per image at shape (1, 3, 640, 640)
Processing extra-6/data/valid/output_00015_jpg.rf.d5b9ea5fd96a10ff2b29c1c11892834f.jpg...

image 1/1 /home/admin/Documents/FEUP-CV/proj/task2/../datasets/extra-6/data/valid/output_00015_jpg.rf.d5b9ea5fd96a10ff2b29c1c11892834f.jpg: 640x640 1 pool_table, 16.6ms
Speed: 2.9ms preprocess, 16.6ms inference, 32.2ms postprocess per image at shape (1, 3, 640, 640)
Processing extra-6/data/valid/08_00003_jpg.rf.2593048a6c7039198740a93eec7190b6.jpg...

image 1/1 /home/admin/Documents/FEUP-CV/proj/task2/../datasets/extra-6/data/valid/08_00003_jpg.rf.2593048a6c7039198740a93eec7190b6.jpg: 640x640 1 pool_table, 12.4ms
Speed: 3.3ms preprocess, 12.4ms inference, 16.7ms postprocess per image at shape (1, 3, 640, 640)
Processing extra-6/data/valid/09_02563_jpg.rf.4efca7682494de6a4a5c87505ab3bfc7.jpg...

image 1/1 /home/admin/Documents/FEUP-CV/proj/task2/../datasets/extra-6/data/valid/09_02563_jpg.rf.4efca7682494de6a4a5c87505ab3bfc7.jpg: 640x640 (no detections), 12.4ms
Speed: 2.9ms preprocess, 12.4ms inference, 9.7ms postprocess per image at shape (1, 3, 640, 640)
Processing extra-6/data/valid/08_00123_jpg.rf.b8306d57897b5e566f6ff1855f319b2b.jpg...

image 1/1 /home/admin/Documents/FEUP-CV/proj/task2/../datasets/extra-6/data/valid/08_00123_jpg.rf.b8306d57897b5e566f6ff1855f319b2b.jpg: 640x640 1 pool_table, 12.4ms
Speed: 3.2ms preprocess, 12.4ms inference, 24.4ms postprocess per image at shape (1, 3, 640, 640)
Processing extra-6/data/valid/output_00098_jpg.rf.a750fd4e85d56af6de37d1cf390d5e5a.jpg...

image 1/1 /home/admin/Documents/FEUP-CV/proj/task2/../datasets/extra-6/data/valid/output_00098_jpg.rf.a750fd4e85d56af6de37d1cf390d5e5a.jpg: 640x640 1 pool_table, 16.5ms
Speed: 7.1ms preprocess, 16.5ms inference, 34.9ms postprocess per image at shape (1, 3, 640, 640)
Processing extra-6/data/valid/09_03363_jpg.rf.7a7a48b8b202c1f95a098c4601b0bc05.jpg...

image 1/1 /home/admin/Documents/FEUP-CV/proj/task2/../datasets/extra-6/data/valid/09_03363_jpg.rf.7a7a48b8b202c1f95a098c4601b0bc05.jpg: 640x640 (no detections), 15.9ms
Speed: 7.2ms preprocess, 15.9ms inference, 9.8ms postprocess per image at shape (1, 3, 640, 640)
Processing extra-6/data/valid/09_00043_jpg.rf.f1ef06045dcf3a8f5655235c0d9fa4f2.jpg...

image 1/1 /home/admin/Documents/FEUP-CV/proj/task2/../datasets/extra-6/data/valid/09_00043_jpg.rf.f1ef06045dcf3a8f5655235c0d9fa4f2.jpg: 640x640 (no detections), 12.5ms
Speed: 4.3ms preprocess, 12.5ms inference, 9.7ms postprocess per image at shape (1, 3, 640, 640)
Processing extra-6/data/valid/output_00054_jpg.rf.8bada9da7a81a9b60970a3283df8e060.jpg...

image 1/1 /home/admin/Documents/FEUP-CV/proj/task2/../datasets/extra-6/data/valid/output_00054_jpg.rf.8bada9da7a81a9b60970a3283df8e060.jpg: 640x640 1 pool_table, 12.7ms
Speed: 4.6ms preprocess, 12.7ms inference, 24.6ms postprocess per image at shape (1, 3, 640, 640)
Processing extra-6/data/valid/output_00222_jpg.rf.fffe892e8ba00c3e97febf468d4680a7.jpg...

image 1/1 /home/admin/Documents/FEUP-CV/proj/task2/../datasets/extra-6/data/valid/output_00222_jpg.rf.fffe892e8ba00c3e97febf468d4680a7.jpg: 640x640 1 pool_table, 12.6ms
Speed: 2.7ms preprocess, 12.6ms inference, 24.6ms postprocess per image at shape (1, 3, 640, 640)
Processing extra-6/data/valid/08_00963_jpg.rf.1766c072591d97e19001ba80247ed21b.jpg...

image 1/1 /home/admin/Documents/FEUP-CV/proj/task2/../datasets/extra-6/data/valid/08_00963_jpg.rf.1766c072591d97e19001ba80247ed21b.jpg: 640x640 1 pool_table, 16.8ms
Speed: 2.9ms preprocess, 16.8ms inference, 35.0ms postprocess per image at shape (1, 3, 640, 640)
Processing extra-6/data/valid/output_00157_jpg.rf.c2048b1db6279295c887bd47a9ee35e3.jpg...

image 1/1 /home/admin/Documents/FEUP-CV/proj/task2/../datasets/extra-6/data/valid/output_00157_jpg.rf.c2048b1db6279295c887bd47a9ee35e3.jpg: 640x640 1 pool_table, 16.6ms
Speed: 7.1ms preprocess, 16.6ms inference, 31.8ms postprocess per image at shape (1, 3, 640, 640)
Processing extra-6/data/valid/output_00083_jpg.rf.53d0b55725d5f26be494138efc53a40b.jpg...

image 1/1 /home/admin/Documents/FEUP-CV/proj/task2/../datasets/extra-6/data/valid/output_00083_jpg.rf.53d0b55725d5f26be494138efc53a40b.jpg: 640x640 1 pool_table, 12.6ms
Speed: 3.3ms preprocess, 12.6ms inference, 24.5ms postprocess per image at shape (1, 3, 640, 640)
Processing extra-6/data/valid/output_00164_jpg.rf.e36c16aea07929eaf1b901d483d16ffa.jpg...

image 1/1 /home/admin/Documents/FEUP-CV/proj/task2/../datasets/extra-6/data/valid/output_00164_jpg.rf.e36c16aea07929eaf1b901d483d16ffa.jpg: 640x640 (no detections), 12.4ms
Speed: 3.5ms preprocess, 12.4ms inference, 9.8ms postprocess per image at shape (1, 3, 640, 640)
Processing extra-6/data/valid/output_00062_jpg.rf.6497aba89a029215566f415b10ecc853.jpg...

image 1/1 /home/admin/Documents/FEUP-CV/proj/task2/../datasets/extra-6/data/valid/output_00062_jpg.rf.6497aba89a029215566f415b10ecc853.jpg: 640x640 1 pool_table, 12.6ms
Speed: 5.0ms preprocess, 12.6ms inference, 24.4ms postprocess per image at shape (1, 3, 640, 640)
Processing extra-6/data/valid/output_00132_jpg.rf.04475965e432231745672fca5c3936ec.jpg...

image 1/1 /home/admin/Documents/FEUP-CV/proj/task2/../datasets/extra-6/data/valid/output_00132_jpg.rf.04475965e432231745672fca5c3936ec.jpg: 640x640 1 pool_table, 16.7ms
Speed: 7.8ms preprocess, 16.7ms inference, 35.1ms postprocess per image at shape (1, 3, 640, 640)
Processing extra-6/data/valid/output_00055_jpg.rf.dfb1d98badcc1c2569b87971bc250b23.jpg...

image 1/1 /home/admin/Documents/FEUP-CV/proj/task2/../datasets/extra-6/data/valid/output_00055_jpg.rf.dfb1d98badcc1c2569b87971bc250b23.jpg: 640x640 (no detections), 11.8ms
Speed: 3.6ms preprocess, 11.8ms inference, 9.7ms postprocess per image at shape (1, 3, 640, 640)
Processing extra-6/data/valid/output_00054_jpg.rf.0f2eb895af2f3e0a06cdb719550af773.jpg...

image 1/1 /home/admin/Documents/FEUP-CV/proj/task2/../datasets/extra-6/data/valid/output_00054_jpg.rf.0f2eb895af2f3e0a06cdb719550af773.jpg: 640x640 1 pool_table, 12.3ms
Speed: 4.8ms preprocess, 12.3ms inference, 24.3ms postprocess per image at shape (1, 3, 640, 640)
Processing extra-6/data/valid/08_00323_jpg.rf.4a0c8b56b3c11b9d541b515dcec33dcd.jpg...

image 1/1 /home/admin/Documents/FEUP-CV/proj/task2/../datasets/extra-6/data/valid/08_00323_jpg.rf.4a0c8b56b3c11b9d541b515dcec33dcd.jpg: 640x640 1 pool_table, 12.3ms
Speed: 3.1ms preprocess, 12.3ms inference, 24.2ms postprocess per image at shape (1, 3, 640, 640)
Processing extra-6/data/valid/09_04843_jpg.rf.3b42e4d4179a8502403f30b41f577095.jpg...

image 1/1 /home/admin/Documents/FEUP-CV/proj/task2/../datasets/extra-6/data/valid/09_04843_jpg.rf.3b42e4d4179a8502403f30b41f577095.jpg: 640x640 (no detections), 12.4ms
Speed: 2.9ms preprocess, 12.4ms inference, 9.8ms postprocess per image at shape (1, 3, 640, 640)
Processing extra-6/data/valid/08_00203_jpg.rf.23955be3725ed6c1141e2e87245c53be.jpg...

image 1/1 /home/admin/Documents/FEUP-CV/proj/task2/../datasets/extra-6/data/valid/08_00203_jpg.rf.23955be3725ed6c1141e2e87245c53be.jpg: 640x640 1 pool_table, 16.5ms
Speed: 7.0ms preprocess, 16.5ms inference, 34.9ms postprocess per image at shape (1, 3, 640, 640)
Processing extra-6/data/valid/09_03483_jpg.rf.cf6ed661be6d1379cf3c5a4d858baa51.jpg...

image 1/1 /home/admin/Documents/FEUP-CV/proj/task2/../datasets/extra-6/data/valid/09_03483_jpg.rf.cf6ed661be6d1379cf3c5a4d858baa51.jpg: 640x640 (no detections), 16.5ms
Speed: 7.0ms preprocess, 16.5ms inference, 13.9ms postprocess per image at shape (1, 3, 640, 640)
Processing extra-6/data/valid/output_00194_jpg.rf.dfad78eb29790fb3b38de074a88bd1c4.jpg...

image 1/1 /home/admin/Documents/FEUP-CV/proj/task2/../datasets/extra-6/data/valid/output_00194_jpg.rf.dfad78eb29790fb3b38de074a88bd1c4.jpg: 640x640 1 pool_table, 12.2ms
Speed: 5.1ms preprocess, 12.2ms inference, 24.3ms postprocess per image at shape (1, 3, 640, 640)
Processing extra-6/data/valid/output_00014_jpg.rf.69bc571fd38b61d4a257f051838314ea.jpg...

image 1/1 /home/admin/Documents/FEUP-CV/proj/task2/../datasets/extra-6/data/valid/output_00014_jpg.rf.69bc571fd38b61d4a257f051838314ea.jpg: 640x640 1 pool_table, 12.3ms
Speed: 2.9ms preprocess, 12.3ms inference, 24.3ms postprocess per image at shape (1, 3, 640, 640)
Processing extra-6/data/valid/output_00017_jpg.rf.8629e1951f4ca2158989330f54e702eb.jpg...

image 1/1 /home/admin/Documents/FEUP-CV/proj/task2/../datasets/extra-6/data/valid/output_00017_jpg.rf.8629e1951f4ca2158989330f54e702eb.jpg: 640x640 (no detections), 12.4ms
Speed: 3.3ms preprocess, 12.4ms inference, 9.8ms postprocess per image at shape (1, 3, 640, 640)
Processing extra-6/data/valid/08_01043_jpg.rf.6c0ba26da87d183ad3d2f746e15fe256.jpg...

image 1/1 /home/admin/Documents/FEUP-CV/proj/task2/../datasets/extra-6/data/valid/08_01043_jpg.rf.6c0ba26da87d183ad3d2f746e15fe256.jpg: 640x640 (no detections), 12.0ms
Speed: 5.0ms preprocess, 12.0ms inference, 5.3ms postprocess per image at shape (1, 3, 640, 640)
Processing extra-6/data/valid/08_00443_jpg.rf.73986b57615c06b2f97ec998b1fe6d1a.jpg...

image 1/1 /home/admin/Documents/FEUP-CV/proj/task2/../datasets/extra-6/data/valid/08_00443_jpg.rf.73986b57615c06b2f97ec998b1fe6d1a.jpg: 640x640 1 pool_table, 14.5ms
Speed: 5.2ms preprocess, 14.5ms inference, 34.9ms postprocess per image at shape (1, 3, 640, 640)
Processing extra-6/data/valid/output_00046_jpg.rf.82eea655ade9c09e2ae3114948b284c3.jpg...

image 1/1 /home/admin/Documents/FEUP-CV/proj/task2/../datasets/extra-6/data/valid/output_00046_jpg.rf.82eea655ade9c09e2ae3114948b284c3.jpg: 640x640 1 pool_table, 16.9ms
Speed  [  5/50]  train=2.7280  val=2.7291 ← ✓
  [  6/50]  train=2.7219  val=2.7325
ERROR: Unexpected bus error encountered in worker. This might be caused by insufficient shared memory (shm).
 Traceback (most recent call last):
  File "/home/admin/Documents/FEUP-CV/proj/task2/task2.py", line 573, in <module>
    t_loss            = train_one_epoch(model, train_loader, criterion, optimizer)
                        ^^^^^^^^^^^^^^^^^^^^^^^^^^^^^^^^^^^^^^^^^^^^^^^^^^^^^^^^^^
  File "/home/admin/Documents/FEUP-CV/proj/task2/task2.py", line 483, in train_one_epoch
    loss.backward()
  File "/home/admin/Documents/FEUP-CV/venv/lib/python3.12/site-packages/torch/_tensor.py", line 626, in backward
    torch.autograd.backward(
  File "/home/admin/Documents/FEUP-CV/venv/lib/python3.12/site-packages/torch/autograd/__init__.py", line 347, in backward
    _engine_run_backward(
  File "/home/admin/Documents/FEUP-CV/venv/lib/python3.12/site-packages/torch/autograd/graph.py", line 823, in _engine_run_backward
    return Variable._execution_engine.run_backward(  # Calls into the C++ engine to run the backward pass
           ^^^^^^^^^^^^^^^^^^^^^^^^^^^^^^^^^^^^^^^^^^^^^^^^^^^^^^^^^^^^^^^^^^^^^^^^^^^^^^^^^^^^^^^^^^^^^^
  File "/home/admin/Documents/FEUP-CV/venv/lib/python3.12/site-packages/torch/utils/data/_utils/signal_handling.py", line 73, in handler
    _error_if_any_worker_fails()
RuntimeError: DataLoader worker (pid 1673323) is killed by signal: Bus error. It is possible that dataloader's workers are out of shared memory. Please try to raise your shared memory limit.
🚀 Starting final pipeline run with datasets: ['main_dataset', 'extra-3', 'custom', 'extra-6']

▶️  Running parser.py...
▶️  Running pre_processor.py...
▶️  Running task2.py...

❌ ERROR: Pipeline crashed!
Error details: Command '['python', 'task2.py']' returned non-zero exit status 1.
train=1.6672  val=1.8159
  [ 10/50]  train=1.5962  val=1.7614 ← ✓
  [ 11/50]  train=1.5672  val=1.7184 ← ✓
  [ 12/50]  train=1.5423  val=1.7173 ← ✓
  [ 13/50]  train=1.5164  val=1.6979 ← ✓
  [ 14/50]  train=1.4916  val=1.6887 ← ✓
  [ 15/50]  train=1.4609  val=1.6771 ← ✓
  [ 16/50]  train=1.4370  val=1.6487 ← ✓
ERROR: Unexpected bus error encountered in worker. This might be caused by insufficient shared memory (shm).
 Traceback (most recent call last):
  File "/home/admin/Documents/FEUP-CV/proj/task2/task2.py", line 573, in <module>
    t_loss            = train_one_epoch(model, train_loader, criterion, optimizer)
                        ^^^^^^^^^^^^^^^^^^^^^^^^^^^^^^^^^^^^^^^^^^^^^^^^^^^^^^^^^^
  File "/home/admin/Documents/FEUP-CV/proj/task2/task2.py", line 473, in train_one_epoch
    for imgs, labels in loader:
                        ^^^^^^
  File "/home/admin/Documents/FEUP-CV/venv/lib/python3.12/site-packages/torch/utils/data/dataloader.py", line 708, in __next__
    data = self._next_data()
           ^^^^^^^^^^^^^^^^^
  File "/home/admin/Documents/FEUP-CV/venv/lib/python3.12/site-packages/torch/utils/data/dataloader.py", line 1480, in _next_data
    return self._process_data(data)
           ^^^^^^^^^^^^^^^^^^^^^^^^
  File "/home/admin/Documents/FEUP-CV/venv/lib/python3.12/site-packages/torch/utils/data/dataloader.py", line 1505, in _process_data
    data.reraise()
  File "/home/admin/Documents/FEUP-CV/venv/lib/python3.12/site-packages/torch/_utils.py", line 733, in reraise
    raise exception
RuntimeError: Caught RuntimeError in DataLoader worker process 0.
Original Traceback (most recent call last):
  File "/home/admin/Documents/FEUP-CV/venv/lib/python3.12/site-packages/torch/utils/data/_utils/worker.py", line 349, in _worker_loop
    data = fetcher.fetch(index)  # type: ignore[possibly-undefined]
           ^^^^^^^^^^^^^^^^^^^^
  File "/home/admin/Documents/FEUP-CV/venv/lib/python3.12/site-packages/torch/utils/data/_utils/fetch.py", line 55, in fetch
    return self.collate_fn(data)
           ^^^^^^^^^^^^^^^^^^^^^
  File "/home/admin/Documents/FEUP-CV/venv/lib/python3.12/site-packages/torch/utils/data/_utils/collate.py", line 398, in default_collate
    return collate(batch, collate_fn_map=default_collate_fn_map)
           ^^^^^^^^^^^^^^^^^^^^^^^^^^^^^^^^^^^^^^^^^^^^^^^^^^^^^
  File "/home/admin/Documents/FEUP-CV/venv/lib/python3.12/site-packages/torch/utils/data/_utils/collate.py", line 212, in collate
    collate(samples, collate_fn_map=collate_fn_map)
  File "/home/admin/Documents/FEUP-CV/venv/lib/python3.12/site-packages/torch/utils/data/_utils/collate.py", line 155, in collate
    return collate_fn_map[elem_type](batch, collate_fn_map=collate_fn_map)
           ^^^^^^^^^^^^^^^^^^^^^^^^^^^^^^^^^^^^^^^^^^^^^^^^^^^^^^^^^^^^^^^
  File "/home/admin/Documents/FEUP-CV/venv/lib/python3.12/site-packages/torch/utils/data/_utils/collate.py", line 270, in collate_tensor_fn
    storage = elem._typed_storage()._new_shared(numel, device=elem.device)
              ^^^^^^^^^^^^^^^^^^^^^^^^^^^^^^^^^^^^^^^^^^^^^^^^^^^^^^^^^^^^
  File "/home/admin/Documents/FEUP-CV/venv/lib/python3.12/site-packages/torch/storage.py", line 1198, in _new_shared
    untyped_storage = torch.UntypedStorage._new_shared(
                      ^^^^^^^^^^^^^^^^^^^^^^^^^^^^^^^^^
  File "/home/admin/Documents/FEUP-CV/venv/lib/python3.12/site-packages/torch/storage.py", line 415, in _new_shared
    return cls._new_using_fd_cpu(size)
           ^^^^^^^^^^^^^^^^^^^^^^^^^^^
RuntimeError: unable to write to file </torch_1673481_1849008765_0>: No space left on device (28)

🚀 Starting final pipeline run with datasets: ['main_dataset', 'extra-3', 'custom', 'extra-6']

▶️  Running parser.py...
▶️  Running pre_processor.py...
▶️  Running task2.py...

❌ ERROR: Pipeline crashed!
Error details: Command '['python', 'task2.py']' returned non-zero exit status 1.
