nohup: ignoring input
🔧 Parser running with datasets: ['main_dataset']
Loaded 247 partition rules from partition.csv

Success! Extracted 247 images into parsed_dataset_catalog.json
Using device: cuda
GPU: Quadro RTX 8000
VRAM available: 47.3 GB
📁 Initialized new experiment folder: results_task2/run_33
   ├─ 🧠 Models:  results_task2/run_33/models
   ├─ 📊 Graphs:  results_task2/run_33/graphs
   └─ 📝 Results: results_task2/run_33/results.csv
Config loaded ✓
Loaded 247 entries
Train: 207  |  Val: 20  |  Test: 20
Dataset classes ready ✓
Model                  Parameters
----------------------------------
ResNet18               11,312,209
ResNet50               24,036,945
ConvNeXt_Tiny          28,021,361
Helpers ready ✓
Initializing Datasets and DataLoaders...

============================================================
  Training: ResNet18
============================================================
  [  1/30]  train=2.7724  val=2.7411 ← ✓
  [  2/30]  train=2.5386  val=2.7463
  [  3/30]  train=2.4867  val=2.7409 ← ✓
  [  4/30]  train=2.3283  val=2.6855 ← ✓
  [  5/30]  train=2.2607  val=2.6133 ← ✓
  [  6/30]  train=2.1490  val=2.6244
  [  7/30]  train=2.0650  val=2.5155 ← ✓
  [  8/30]  train=2.0347  val=2.4704 ← ✓
  [  9/30]  train=1.9611  val=2.5966
  [ 10/30]  train=1.8655  val=2.4651 ← ✓
  [ 11/30]  train=1.8488  val=2.4124 ← ✓
  [ 12/30]  train=1.7767  val=2.3720 ← ✓
  [ 13/30]  train=1.7295  val=2.4305
  [ 14/30]  train=1.6215  val=2.4410
  [ 15/30]  train=1.5980  val=2.4737
  [ 16/30]  train=1.5636  val=2.4673
  [ 17/30]  train=1.5358  val=2.3162 ← ✓
  [ 18/30]  train=1.4450  val=2.3074 ← ✓
  [ 19/30]  train=1.4674  val=2.3390
  [ 20/30]  train=1.3450  val=2.3495
  [ 21/30]  train=1.3206  val=2.3263
  [ 22/30]  train=1.3107  val=2.3260
  [ 23/30]  train=1.3016  val=2.3229
  [ 24/30]  train=1.2108  val=2.3315
  [ 25/30]  train=1.2705  val=2.3818
  [ 26/30]  train=1.2390  val=2.3535
  [ 27/30]  train=1.2080  val=2.3225
  [ 28/30]  train=1.2717  val=2.3232
  [ 29/30]  train=1.2459  val=2.3138
  [ 30/30]  train=1.2664  val=2.3185

  Test →  MAE=3.000  RMSE=3.808  Acc@1=0.400  ExactAcc=0.100

============================================================
  Training: ResNet50
============================================================
  [  1/30]  train=2.7640  val=2.7939 ← ✓
  [  2/30]  train=2.5798  val=2.7982
  [  3/30]  train=2.4618  val=2.8651
  [  4/30]  train=2.4114  val=2.8231
  [  5/30]  train=2.3218  val=2.7166 ← ✓
  [  6/30]  train=2.3173  val=2.7683
  [  7/30]  train=2.2516  val=2.7407
  [  8/30]  train=2.2047  val=2.7249
  [  9/30]  train=2.1624  val=2.7704
  [ 10/30]  train=2.1477  val=2.7924
  [ 11/30]  train=2.1179  val=2.6090 ← ✓
  [ 12/30]  train=2.0881  val=2.5657 ← ✓
  [ 13/30]  train=2.0037  val=2.6047
  [ 14/30]  train=1.9593  val=2.6084
  [ 15/30]  train=1.9341  val=2.4207 ← ✓
  [ 16/30]  train=1.8119  val=2.4682
  [ 17/30]  train=1.8092  val=2.4473
  [ 18/30]  train=1.7040  val=2.4568
  [ 19/30]  train=1.6877  val=2.4065 ← ✓
  [ 20/30]  train=1.6484  val=2.3443 ← ✓
  [ 21/30]  train=1.5970  val=2.2721 ← ✓
  [ 22/30]  train=1.5415  val=2.3027
  [ 23/30]  train=1.5943  val=2.3402
  [ 24/30]  train=1.5067  val=2.3477
  [ 25/30]  train=1.4857  val=2.2989
  [ 26/30]  train=1.4339  val=2.2996
  [ 27/30]  train=1.4258  val=2.3322
  [ 28/30]  train=1.5159  val=2.3329
  [ 29/30]  train=1.4621  val=2.3442
  [ 30/30]  train=1.5300  val=2.3360

  Test →  MAE=2.450  RMSE=3.122  Acc@1=0.400  ExactAcc=0.100

============================================================
  Training: ConvNeXt_Tiny
============================================================
  [  1/30]  train=2.7434  val=2.7614 ← ✓
  [  2/30]  train=2.5476  val=2.7519 ← ✓
  [  3/30]  train=2.4838  val=2.7019 ← ✓
  [  4/30]  train=2.3870  val=2.6549 ← ✓
  [  5/30]  train=2.3248  val=2.6596
  [  6/30]  train=2.2343  val=2.5405 ← ✓
  [  7/30]  train=2.1436  val=2.5023 ← ✓
  [  8/30]  train=2.0561  val=2.3586 ← ✓
  [  9/30]  train=2.0215  val=2.3710
  [ 10/30]  train=1.9254  val=2.3550 ← ✓
  [ 11/30]  train=1.7750  val=2.3208 ← ✓
  [ 12/30]  train=1.6281  val=2.3433
  [ 13/30]  train=1.5851  val=2.2148 ← ✓
  [ 14/30]  train=1.4778  val=2.0483 ← ✓
  [ 15/30]  train=1.4360  val=2.0743
  [ 16/30]  train=1.3201  val=2.0685
  [ 17/30]  train=1.3498  val=2.2934
  [ 18/30]  train=1.2133  val=2.0870
  [ 19/30]  train=1.2125  val=2.0969
  [ 20/30]  train=1.1170  val=2.1163
  [ 21/30]  train=1.0627  val=2.0644
  [ 22/30]  train=1.0145  val=2.0399 ← ✓
  [ 23/30]  train=0.9719  val=2.0371 ← ✓
  [ 24/30]  train=0.9692  val=2.0311 ← ✓
  [ 25/30]  train=0.9769  val=2.0050 ← ✓
  [ 26/30]  train=0.9289  val=2.0034 ← ✓
  [ 27/30]  train=0.9113  val=2.0235
  [ 28/30]  train=0.9338  val=2.0271
  [ 29/30]  train=0.9331  val=2.0119
  [ 30/30]  train=0.8638  val=2.0132

  Test →  MAE=2.150  RMSE=2.872  Acc@1=0.500  ExactAcc=0.200


All models done! Results saved to results_task2/run_33/results.csv
Saved: loss_curves.png
Saved: scatter_plots.png
Saved: error_distributions.png
           Model  MAE ↓  RMSE ↓  Acc@1 ↑  Exact ↑
1  ConvNeXt_Tiny   2.15   2.872      0.5      0.2
2       ResNet50   2.45   3.122      0.4      0.1
3       ResNet18   3.00   3.808      0.4      0.1
Saved: model_comparison.png
📊 Final Model Rankings saved to CSV:
 Rank         model datasets_used  MAE   MSE    RMSE  Acc@1  ExactAcc
    1 ConvNeXt_Tiny  main_dataset 2.15  8.25 2.87228    0.5       0.2
    2      ResNet50  main_dataset 2.45  9.75 3.12250    0.4       0.1
    3      ResNet18  main_dataset 3.00 14.50 3.80789    0.4       0.1
------------------------------------------------------------
🏆 Best model: ConvNeXt_Tiny  (ExactAcc=0.200)
Running full evaluation on 20 test images using ConvNeXt_Tiny...
Evaluating:   0%|          | 0/20 [00:00<?, ?it/s]

========================================
  FINAL TEST SET EVALUATION REPORT
========================================
Model Evaluated        : ConvNeXt_Tiny
Total Images Evaluated : 20
MAE  (avg error)       : 2.150 balls
RMSE (penalty error)   : 2.872
Acc@1 (within ±1)      : 50.00%
Exact Accuracy         : 20.00%
========================================

🔍 Detailed error analysis saved to: results_task2/run_33/ConvNeXt_Tiny_error_breakdown.csv

Top 5 Worst Predictions:
                                     Image_Name  Actual_Balls  Predicted_Balls  Error
181_png.rf.23ccd3b4b31a6fef484f7f0d25cf89d7.jpg            16                9     -7
 94_png.rf.914de818a4ff0d086b7cb41abc8b95fd.jpg             9               14      5
 26_png.rf.58fd63888dc80d24e902a96995a31656.jpg            10                5     -5
185_png.rf.d2a971d3a33d7f290e313be493525277.jpg             4                8      4
  1_png.rf.8199e7f82efa196a0732a582c5d2472e.jpg             2                5      3
🔧 Parser running with datasets: ['main_dataset', 'extra-1']
Loaded 247 partition rules from partition.csv

Success! Extracted 735 images into parsed_dataset_catalog.json
Using device: cuda
GPU: Quadro RTX 8000
VRAM available: 47.3 GB
📁 Initialized new experiment folder: results_task2/run_34
   ├─ 🧠 Models:  results_task2/run_34/models
   ├─ 📊 Graphs:  results_task2/run_34/graphs
   └─ 📝 Results: results_task2/run_34/results.csv
Config loaded ✓
Loaded 735 entries
Train: 615  |  Val: 100  |  Test: 20
Dataset classes ready ✓
Model                  Parameters
----------------------------------
ResNet18               11,312,209
ResNet50               24,036,945
ConvNeXt_Tiny          28,021,361
Helpers ready ✓
Initializing Datasets and DataLoaders...

============================================================
  Training: ResNet18
============================================================
  [  1/30]  train=2.4715  val=2.0983 ← ✓
  [  2/30]  train=1.9243  val=1.6105 ← ✓
  [  3/30]  train=1.6573  val=1.2701 ← ✓
  [  4/30]  train=1.4685  val=1.2075 ← ✓
  [  5/30]  train=1.3484  val=1.0645 ← ✓
  [  6/30]  train=1.2113  val=1.0020 ← ✓
  [  7/30]  train=1.1347  val=0.8058 ← ✓
  [  8/30]  train=1.0374  val=0.7873 ← ✓
  [  9/30]  train=0.9899  val=0.7097 ← ✓
  [ 10/30]  train=0.8712  val=0.7017 ← ✓
  [ 11/30]  train=0.9022  val=0.6943 ← ✓
  [ 12/30]  train=0.7936  val=0.6997
  [ 13/30]  train=0.7476  val=0.7139
  [ 14/30]  train=0.7486  val=0.6522 ← ✓
  [ 15/30]  train=0.6823  val=0.6240 ← ✓
  [ 16/30]  train=0.6045  val=0.6388
  [ 17/30]  train=0.5903  val=0.6818
  [ 18/30]  train=0.5678  val=0.6284
  [ 19/30]  train=0.5095  val=0.6523
  [ 20/30]  train=0.4809  val=0.6468
  [ 21/30]  train=0.4940  val=0.6413
  [ 22/30]  train=0.4798  val=0.6283
  [ 23/30]  train=0.4379  val=0.6258
  [ 24/30]  train=0.4427  val=0.6422
  [ 25/30]  train=0.4136  val=0.6239 ← ✓
  [ 26/30]  train=0.3886  val=0.6345
  [ 27/30]  train=0.4026  val=0.6426
  [ 28/30]  train=0.3745  val=0.6353
  [ 29/30]  train=0.3781  val=0.6369
  [ 30/30]  train=0.3962  val=0.6353

  Test →  MAE=1.700  RMSE=2.387  Acc@1=0.600  ExactAcc=0.200

============================================================
  Training: ResNet50
============================================================
  [  1/30]  train=2.5408  val=2.1058 ← ✓
  [  2/30]  train=2.0953  val=1.7390 ← ✓
  [  3/30]  train=1.8046  val=1.4180 ← ✓
  [  4/30]  train=1.5508  val=1.1892 ← ✓
  [  5/30]  train=1.4403  val=1.1137 ← ✓
  [  6/30]  train=1.2553  val=1.0018 ← ✓
  [  7/30]  train=1.1452  val=0.9736 ← ✓
  [  8/30]  train=1.1240  val=0.9167 ← ✓
  [  9/30]  train=1.0109  val=0.8927 ← ✓
  [ 10/30]  train=0.9375  val=0.7570 ← ✓
  [ 11/30]  train=0.8774  val=0.7175 ← ✓
  [ 12/30]  train=0.8449  val=0.7555
  [ 13/30]  train=0.7376  val=0.7902
  [ 14/30]  train=0.7155  val=0.8269
  [ 15/30]  train=0.7032  val=0.7513
  [ 16/30]  train=0.6598  val=0.7354
  [ 17/30]  train=0.5953  val=0.7284
  [ 18/30]  train=0.5289  val=0.7548
  [ 19/30]  train=0.5214  val=0.7412
  [ 20/30]  train=0.5289  val=0.7997
  [ 21/30]  train=0.4734  val=0.7881
  [ 22/30]  train=0.4520  val=0.7707
  [ 23/30]  train=0.4375  val=0.7898
  [ 24/30]  train=0.4409  val=0.7956
  [ 25/30]  train=0.4371  val=0.8083
  [ 26/30]  train=0.4323  val=0.8165
  [ 27/30]  train=0.4142  val=0.8209
  [ 28/30]  train=0.4242  val=0.7953
  [ 29/30]  train=0.3668  val=0.7816
  [ 30/30]  train=0.3770  val=0.7806

  Test →  MAE=2.950  RMSE=4.153  Acc@1=0.350  ExactAcc=0.150

============================================================
  Training: ConvNeXt_Tiny
============================================================
  [  1/30]  train=2.4966  val=2.2664 ← ✓
  [  2/30]  train=2.0517  val=1.8580 ← ✓
  [  3/30]  train=1.6899  val=1.4304 ← ✓
  [  4/30]  train=1.3943  val=1.1865 ← ✓
  [  5/30]  train=1.2129  val=0.9849 ← ✓
  [  6/30]  train=1.0773  val=0.8294 ← ✓
  [  7/30]  train=0.9525  val=0.8656
  [  8/30]  train=0.8698  val=0.7245 ← ✓
  [  9/30]  train=0.8180  val=0.7089 ← ✓
  [ 10/30]  train=0.7371  val=0.6754 ← ✓
  [ 11/30]  train=0.7238  val=0.6616 ← ✓
  [ 12/30]  train=0.5928  val=0.6126 ← ✓
  [ 13/30]  train=0.5445  val=0.6204
  [ 14/30]  train=0.4688  val=0.6531
  [ 15/30]  train=0.4380  val=0.6077 ← ✓
  [ 16/30]  train=0.3841  val=0.6477
  [ 17/30]  train=0.3649  val=0.6281
  [ 18/30]  train=0.3459  val=0.6405
  [ 19/30]  train=0.3197  val=0.6097
  [ 20/30]  train=0.2833  val=0.6730
  [ 21/30]  train=0.2858  val=0.6171
  [ 22/30]  train=0.2350  val=0.6801
  [ 23/30]  train=0.2227  val=0.6533
  [ 24/30]  train=0.2109  val=0.6678
  [ 25/30]  train=0.2045  val=0.6578
  [ 26/30]  train=0.2170  val=0.6522
  [ 27/30]  train=0.1911  val=0.6646
  [ 28/30]  train=0.1872  val=0.6574
  [ 29/30]  train=0.1864  val=0.6619
  [ 30/30]  train=0.2040  val=0.6608

  Test →  MAE=2.100  RMSE=2.933  Acc@1=0.500  ExactAcc=0.200


All models done! Results saved to results_task2/run_34/results.csv
Saved: loss_curves.png
Saved: scatter_plots.png
Saved: error_distributions.png
           Model  MAE ↓  RMSE ↓  Acc@1 ↑  Exact ↑
1       ResNet18   1.70   2.387     0.60     0.20
2  ConvNeXt_Tiny   2.10   2.933     0.50     0.20
3       ResNet50   2.95   4.153     0.35     0.15
Saved: model_comparison.png
📊 Final Model Rankings saved to CSV:
 Rank         model        datasets_used  MAE   MSE    RMSE  Acc@1  ExactAcc
    1      ResNet18 main_dataset,extra-1 1.70  5.70 2.38747   0.60      0.20
    2 ConvNeXt_Tiny main_dataset,extra-1 2.10  8.60 2.93258   0.50      0.20
    3      ResNet50 main_dataset,extra-1 2.95 17.25 4.15331   0.35      0.15
------------------------------------------------------------
🏆 Best model: ResNet18  (ExactAcc=0.200)
Running full evaluation on 20 test images using ResNet18...
Evaluating:   0%|          | 0/20 [00:00<?, ?it/s]

========================================
  FINAL TEST SET EVALUATION REPORT
========================================
Model Evaluated        : ResNet18
Total Images Evaluated : 20
MAE  (avg error)       : 1.700 balls
RMSE (penalty error)   : 2.387
Acc@1 (within ±1)      : 60.00%
Exact Accuracy         : 20.00%
========================================

🔍 Detailed error analysis saved to: results_task2/run_34/ResNet18_error_breakdown.csv

Top 5 Worst Predictions:
                                     Image_Name  Actual_Balls  Predicted_Balls  Error
181_png.rf.23ccd3b4b31a6fef484f7f0d25cf89d7.jpg            16                9     -7
  1_png.rf.8199e7f82efa196a0732a582c5d2472e.jpg             2                6      4
185_png.rf.d2a971d3a33d7f290e313be493525277.jpg             4                8      4
 38_png.rf.5f7178d32f8c80830acba72ceaa53c52.jpg             8               11      3
 58_png.rf.b94027c8488125d21180dde164fc71f6.jpg             8                6     -2
🔧 Parser running with datasets: ['main_dataset', 'extra-2']
Loaded 247 partition rules from partition.csv

Success! Extracted 378 images into parsed_dataset_catalog.json
Using device: cuda
GPU: Quadro RTX 8000
VRAM available: 47.3 GB
📁 Initialized new experiment folder: results_task2/run_35
   ├─ 🧠 Models:  results_task2/run_35/models
   ├─ 📊 Graphs:  results_task2/run_35/graphs
   └─ 📝 Results: results_task2/run_35/results.csv
Config loaded ✓
Loaded 378 entries
Train: 316  |  Val: 42  |  Test: 20
Dataset classes ready ✓
Model                  Parameters
----------------------------------
ResNet18               11,312,209
ResNet50               24,036,945
ConvNeXt_Tiny          28,021,361
Helpers ready ✓
Initializing Datasets and DataLoaders...

============================================================
  Training: ResNet18
============================================================
  [  1/30]  train=2.1681  val=1.3470 ← ✓
  [  2/30]  train=1.7695  val=1.3476
  [  3/30]  train=1.6557  val=1.3524
  [  4/30]  train=1.5780  val=1.3138 ← ✓
  [  5/30]  train=1.5244  val=1.2347 ← ✓
  [  6/30]  train=1.5042  val=1.2386
  [  7/30]  train=1.3996  val=1.1704 ← ✓
  [  8/30]  train=1.3898  val=1.2297
  [  9/30]  train=1.3038  val=1.1714
  [ 10/30]  train=1.2856  val=1.1945
  [ 11/30]  train=1.1989  val=1.1364 ← ✓
  [ 12/30]  train=1.1792  val=1.2049
  [ 13/30]  train=1.1174  val=1.1587
  [ 14/30]  train=1.1020  val=1.1117 ← ✓
  [ 15/30]  train=1.0802  val=1.0891 ← ✓
  [ 16/30]  train=0.9526  val=1.1056
  [ 17/30]  train=0.9420  val=1.0739 ← ✓
  [ 18/30]  train=0.9118  val=1.1709
  [ 19/30]  train=0.9036  val=1.1370
  [ 20/30]  train=0.8916  val=1.0709 ← ✓
  [ 21/30]  train=0.8539  val=1.1129
  [ 22/30]  train=0.8575  val=1.0952
  [ 23/30]  train=0.7505  val=1.1739
  [ 24/30]  train=0.7518  val=1.1573
  [ 25/30]  train=0.7668  val=1.1423
  [ 26/30]  train=0.7663  val=1.1105
  [ 27/30]  train=0.7866  val=1.1275
  [ 28/30]  train=0.7455  val=1.1445
  [ 29/30]  train=0.7431  val=1.1272
  [ 30/30]  train=0.7156  val=1.1199

  Test →  MAE=2.250  RMSE=2.872  Acc@1=0.500  ExactAcc=0.050

============================================================
  Training: ResNet50
============================================================
  [  1/30]  train=2.3397  val=1.3748 ← ✓
  [  2/30]  train=1.8573  val=1.3804
  [  3/30]  train=1.7478  val=1.3663 ← ✓
  [  4/30]  train=1.7027  val=1.3568 ← ✓
  [  5/30]  train=1.6494  val=1.3479 ← ✓
  [  6/30]  train=1.6169  val=1.3439 ← ✓
  [  7/30]  train=1.5729  val=1.2836 ← ✓
  [  8/30]  train=1.5351  val=1.2781 ← ✓
  [  9/30]  train=1.4973  val=1.2756 ← ✓
  [ 10/30]  train=1.4682  val=1.2437 ← ✓
  [ 11/30]  train=1.4120  val=1.2484
  [ 12/30]  train=1.3512  val=1.1905 ← ✓
  [ 13/30]  train=1.3205  val=1.1775 ← ✓
  [ 14/30]  train=1.2508  val=1.2221
  [ 15/30]  train=1.2006  val=1.1183 ← ✓
  [ 16/30]  train=1.1678  val=1.0942 ← ✓
  [ 17/30]  train=1.1303  val=1.0967
  [ 18/30]  train=1.1114  val=1.1038
  [ 19/30]  train=1.0740  val=1.0959
  [ 20/30]  train=1.0171  val=1.0896 ← ✓
  [ 21/30]  train=0.9998  val=1.0853 ← ✓
  [ 22/30]  train=0.9605  val=1.0802 ← ✓
  [ 23/30]  train=0.9334  val=1.0969
  [ 24/30]  train=0.9184  val=1.0957
  [ 25/30]  train=0.9004  val=1.0475 ← ✓
  [ 26/30]  train=0.9072  val=1.0661
  [ 27/30]  train=0.9061  val=1.0743
  [ 28/30]  train=0.8682  val=1.0571
  [ 29/30]  train=0.8761  val=1.0540
  [ 30/30]  train=0.9008  val=1.0790

  Test →  MAE=2.300  RMSE=3.050  Acc@1=0.450  ExactAcc=0.150

============================================================
  Training: ConvNeXt_Tiny
============================================================
  [  1/30]  train=2.1366  val=1.3735 ← ✓
  [  2/30]  train=1.7237  val=1.3051 ← ✓
  [  3/30]  train=1.6234  val=1.2613 ← ✓
  [  4/30]  train=1.5500  val=1.2160 ← ✓
  [  5/30]  train=1.4373  val=1.2287
  [  6/30]  train=1.3622  val=1.1464 ← ✓
  [  7/30]  train=1.2480  val=1.1748
  [  8/30]  train=1.1568  val=1.0736 ← ✓
  [  9/30]  train=1.1375  val=1.1406
  [ 10/30]  train=1.0922  val=0.9777 ← ✓
  [ 11/30]  train=1.0058  val=1.2245
  [ 12/30]  train=0.9308  val=1.0045
  [ 13/30]  train=0.8477  val=0.9234 ← ✓
  [ 14/30]  train=0.8185  val=0.8795 ← ✓
  [ 15/30]  train=0.7414  val=1.1147
  [ 16/30]  train=0.7507  val=1.0395
  [ 17/30]  train=0.6827  val=0.9253
  [ 18/30]  train=0.6322  val=0.9397
  [ 19/30]  train=0.6143  val=1.0499
  [ 20/30]  train=0.5451  val=0.9890
  [ 21/30]  train=0.5342  val=0.9664
  [ 22/30]  train=0.5227  val=0.9088
  [ 23/30]  train=0.4823  val=0.9429
  [ 24/30]  train=0.4518  val=0.9914
  [ 25/30]  train=0.4569  val=0.9134
  [ 26/30]  train=0.4570  val=0.9343
  [ 27/30]  train=0.4399  val=0.9316
  [ 28/30]  train=0.4212  val=0.9506
  [ 29/30]  train=0.4327  val=0.9508
  [ 30/30]  train=0.4247  val=0.9490

  Test →  MAE=1.950  RMSE=2.617  Acc@1=0.600  ExactAcc=0.100


All models done! Results saved to results_task2/run_35/results.csv
Saved: loss_curves.png
Saved: scatter_plots.png
Saved: error_distributions.png
           Model  MAE ↓  RMSE ↓  Acc@1 ↑  Exact ↑
1  ConvNeXt_Tiny   1.95   2.617     0.60     0.10
2       ResNet18   2.25   2.872     0.50     0.05
3       ResNet50   2.30   3.050     0.45     0.15
Saved: model_comparison.png
📊 Final Model Rankings saved to CSV:
 Rank         model        datasets_used  MAE  MSE    RMSE  Acc@1  ExactAcc
    1      ResNet50 main_dataset,extra-2 2.30 9.30 3.04959   0.45      0.15
    2 ConvNeXt_Tiny main_dataset,extra-2 1.95 6.85 2.61725   0.60      0.10
    3      ResNet18 main_dataset,extra-2 2.25 8.25 2.87228   0.50      0.05
------------------------------------------------------------
🏆 Best model: ResNet50  (ExactAcc=0.150)
Running full evaluation on 20 test images using ResNet50...
Evaluating:   0%|          | 0/20 [00:00<?, ?it/s]

========================================
  FINAL TEST SET EVALUATION REPORT
========================================
Model Evaluated        : ResNet50
Total Images Evaluated : 20
MAE  (avg error)       : 2.300 balls
RMSE (penalty error)   : 3.050
Acc@1 (within ±1)      : 45.00%
Exact Accuracy         : 15.00%
========================================

🔍 Detailed error analysis saved to: results_task2/run_35/ResNet50_error_breakdown.csv

Top 5 Worst Predictions:
                                     Image_Name  Actual_Balls  Predicted_Balls  Error
 94_png.rf.914de818a4ff0d086b7cb41abc8b95fd.jpg             9               16      7
181_png.rf.23ccd3b4b31a6fef484f7f0d25cf89d7.jpg            16                9     -7
185_png.rf.d2a971d3a33d7f290e313be493525277.jpg             4                9      5
  1_png.rf.8199e7f82efa196a0732a582c5d2472e.jpg             2                5      3
 38_png.rf.5f7178d32f8c80830acba72ceaa53c52.jpg             8               11      3
🔧 Parser running with datasets: ['main_dataset', 'extra-3']
Loaded 247 partition rules from partition.csv

Success! Extracted 1332 images into parsed_dataset_catalog.json
Using device: cuda
GPU: Quadro RTX 8000
VRAM available: 47.3 GB
📁 Initialized new experiment folder: results_task2/run_36
   ├─ 🧠 Models:  results_task2/run_36/models
   ├─ 📊 Graphs:  results_task2/run_36/graphs
   └─ 📝 Results: results_task2/run_36/results.csv
Config loaded ✓
Loaded 1,332 entries
Train: 1,120  |  Val: 192  |  Test: 20
Dataset classes ready ✓
Model                  Parameters
----------------------------------
ResNet18               11,312,209
ResNet50               24,036,945
ConvNeXt_Tiny          28,021,361
Helpers ready ✓
Initializing Datasets and DataLoaders...

============================================================
  Training: ResNet18
============================================================
  [  1/30]  train=2.4440  val=1.9859 ← ✓
  [  2/30]  train=1.9684  val=1.6659 ← ✓
  [  3/30]  train=1.7278  val=1.5535 ← ✓
  [  4/30]  train=1.5073  val=1.3173 ← ✓
  [  5/30]  train=1.3968  val=1.2364 ← ✓
  [  6/30]  train=1.2702  val=1.1873 ← ✓
  [  7/30]  train=1.1842  val=1.1775 ← ✓
  [  8/30]  train=1.0944  val=1.1642 ← ✓
  [  9/30]  train=1.0132  val=0.9773 ← ✓
  [ 10/30]  train=0.9149  val=0.9515 ← ✓
  [ 11/30]  train=0.8137  val=0.8558 ← ✓
  [ 12/30]  train=0.7678  val=0.7913 ← ✓
  [ 13/30]  train=0.6914  val=0.8004
  [ 14/30]  train=0.7000  val=0.7540 ← ✓
  [ 15/30]  train=0.6368  val=0.7490 ← ✓
  [ 16/30]  train=0.5642  val=0.6977 ← ✓
  [ 17/30]  train=0.5226  val=0.7151
  [ 18/30]  train=0.4823  val=0.7012
  [ 19/30]  train=0.4287  val=0.6587 ← ✓
  [ 20/30]  train=0.3765  val=0.6648
  [ 21/30]  train=0.3674  val=0.6419 ← ✓
  [ 22/30]  train=0.3292  val=0.6378 ← ✓
  [ 23/30]  train=0.3362  val=0.6383
  [ 24/30]  train=0.3185  val=0.6201 ← ✓
  [ 25/30]  train=0.2929  val=0.6194 ← ✓
  [ 26/30]  train=0.2652  val=0.6236
  [ 27/30]  train=0.2735  val=0.5981 ← ✓
  [ 28/30]  train=0.2672  val=0.5946 ← ✓
  [ 29/30]  train=0.2534  val=0.5989
  [ 30/30]  train=0.2580  val=0.6025

  Test →  MAE=2.100  RMSE=2.933  Acc@1=0.450  ExactAcc=0.250

============================================================
  Training: ResNet50
============================================================
  [  1/30]  train=2.6222  val=2.2561 ← ✓
  [  2/30]  train=2.0934  val=1.7846 ← ✓
  [  3/30]  train=1.8387  val=1.6010 ← ✓
  [  4/30]  train=1.6379  val=1.4405 ← ✓
  [  5/30]  train=1.4272  val=1.2089 ← ✓
  [  6/30]  train=1.3330  val=1.1649 ← ✓
  [  7/30]  train=1.1279  val=1.0711 ← ✓
  [  8/30]  train=1.0326  val=1.1624
  [  9/30]  train=0.9903  val=0.9733 ← ✓
  [ 10/30]  train=0.8512  val=0.9449 ← ✓
  [ 11/30]  train=0.8116  val=0.7987 ← ✓
  [ 12/30]  train=0.7264  val=0.8670
  [ 13/30]  train=0.5924  val=0.7245 ← ✓
  [ 14/30]  train=0.5591  val=0.7739
  [ 15/30]  train=0.4840  val=0.6892 ← ✓
  [ 16/30]  train=0.4499  val=0.7083
  [ 17/30]  train=0.3746  val=0.6582 ← ✓
  [ 18/30]  train=0.3551  val=0.6350 ← ✓
  [ 19/30]  train=0.2888  val=0.6928
  [ 20/30]  train=0.3031  val=0.6533
  [ 21/30]  train=0.2691  val=0.6902
  [ 22/30]  train=0.2496  val=0.6557
  [ 23/30]  train=0.2240  val=0.6886
  [ 24/30]  train=0.2101  val=0.6487
  [ 25/30]  train=0.1950  val=0.6732
  [ 26/30]  train=0.1913  val=0.6588
  [ 27/30]  train=0.1821  val=0.6568
  [ 28/30]  train=0.1738  val=0.6471
  [ 29/30]  train=0.1502  val=0.6305 ← ✓
  [ 30/30]  train=0.1461  val=0.6448

  Test →  MAE=1.750  RMSE=2.540  Acc@1=0.550  ExactAcc=0.300

============================================================
  Training: ConvNeXt_Tiny
============================================================
  [  1/30]  train=2.4070  val=1.9558 ← ✓
  [  2/30]  train=1.8201  val=1.5312 ← ✓
  [  3/30]  train=1.5182  val=1.3178 ← ✓
  [  4/30]  train=1.3483  val=1.1777 ← ✓
  [  5/30]  train=1.1531  val=1.0128 ← ✓
  [  6/30]  train=1.0373  val=0.9625 ← ✓
  [  7/30]  train=0.9098  val=0.9591 ← ✓
  [  8/30]  train=0.8170  val=0.8498 ← ✓
  [  9/30]  train=0.7346  val=0.7248 ← ✓
  [ 10/30]  train=0.6135  val=0.6617 ← ✓
  [ 11/30]  train=0.5497  val=0.6755
  [ 12/30]  train=0.4668  val=0.7310
  [ 13/30]  train=0.3810  val=0.6397 ← ✓
  [ 14/30]  train=0.3115  val=0.6232 ← ✓
  [ 15/30]  train=0.3039  val=0.6311
  [ 16/30]  train=0.2658  val=0.5980 ← ✓
  [ 17/30]  train=0.2181  val=0.5988
  [ 18/30]  train=0.1888  val=0.6160
  [ 19/30]  train=0.1636  val=0.5854 ← ✓
  [ 20/30]  train=0.1417  val=0.5893
  [ 21/30]  train=0.1271  val=0.6159
  [ 22/30]  train=0.1196  val=0.6328
  [ 23/30]  train=0.1173  val=0.6252
  [ 24/30]  train=0.0877  val=0.6137
  [ 25/30]  train=0.0931  val=0.6228
  [ 26/30]  train=0.0883  val=0.6104
  [ 27/30]  train=0.0876  val=0.6204
  [ 28/30]  train=0.0711  val=0.6190
  [ 29/30]  train=0.0811  val=0.6195
  [ 30/30]  train=0.0760  val=0.6183

  Test →  MAE=0.700  RMSE=1.095  Acc@1=0.850  ExactAcc=0.500


All models done! Results saved to results_task2/run_36/results.csv
Saved: loss_curves.png
Saved: scatter_plots.png
Saved: error_distributions.png
           Model  MAE ↓  RMSE ↓  Acc@1 ↑  Exact ↑
1  ConvNeXt_Tiny   0.70   1.095     0.85     0.50
2       ResNet50   1.75   2.540     0.55     0.30
3       ResNet18   2.10   2.933     0.45     0.25
Saved: model_comparison.png
📊 Final Model Rankings saved to CSV:
 Rank         model        datasets_used  MAE  MSE    RMSE  Acc@1  ExactAcc
    1 ConvNeXt_Tiny main_dataset,extra-3 0.70 1.20 1.09545   0.85      0.50
    2      ResNet50 main_dataset,extra-3 1.75 6.45 2.53968   0.55      0.30
    3      ResNet18 main_dataset,extra-3 2.10 8.60 2.93258   0.45      0.25
------------------------------------------------------------
🏆 Best model: ConvNeXt_Tiny  (ExactAcc=0.500)
Running full evaluation on 20 test images using ConvNeXt_Tiny...
Evaluating:   0%|          | 0/20 [00:00<?, ?it/s]

========================================
  FINAL TEST SET EVALUATION REPORT
========================================
Model Evaluated        : ConvNeXt_Tiny
Total Images Evaluated : 20
MAE  (avg error)       : 0.700 balls
RMSE (penalty error)   : 1.095
Acc@1 (within ±1)      : 85.00%
Exact Accuracy         : 50.00%
========================================

🔍 Detailed error analysis saved to: results_task2/run_36/ConvNeXt_Tiny_error_breakdown.csv

Top 5 Worst Predictions:
                                     Image_Name  Actual_Balls  Predicted_Balls  Error
185_png.rf.d2a971d3a33d7f290e313be493525277.jpg             4                7      3
115_png.rf.ed51d53dd5c384b1f26a2b6ece52ad69.jpg            11                9     -2
134_png.rf.eafc70891a991c969df70bd817a63375.jpg            13               11     -2
  1_png.rf.8199e7f82efa196a0732a582c5d2472e.jpg             2                3      1
  9_png.rf.3a4164e5647feea77eb3062be7e65aea.jpg             7                8      1
🔧 Parser running with datasets: ['main_dataset', 'extra-4']
Loaded 247 partition rules from partition.csv

Success! Extracted 782 images into parsed_dataset_catalog.json
Using device: cuda
GPU: Quadro RTX 8000
VRAM available: 47.3 GB
📁 Initialized new experiment folder: results_task2/run_37
   ├─ 🧠 Models:  results_task2/run_37/models
   ├─ 📊 Graphs:  results_task2/run_37/graphs
   └─ 📝 Results: results_task2/run_37/results.csv
Config loaded ✓
Loaded 782 entries
Train: 647  |  Val: 115  |  Test: 20
Dataset classes ready ✓
Model                  Parameters
----------------------------------
ResNet18               11,312,209
ResNet50               24,036,945
ConvNeXt_Tiny          28,021,361
Helpers ready ✓
Initializing Datasets and DataLoaders...

============================================================
  Training: ResNet18
============================================================
  [  1/30]  train=1.4589  val=0.5812 ← ✓
  [  2/30]  train=0.9517  val=0.5749 ← ✓
  [  3/30]  train=0.8754  val=0.5246 ← ✓
  [  4/30]  train=0.8179  val=0.5465
  [  5/30]  train=0.7812  val=0.5238 ← ✓
  [  6/30]  train=0.7600  val=0.4586 ← ✓
  [  7/30]  train=0.7543  val=0.4484 ← ✓
  [  8/30]  train=0.7126  val=0.4483 ← ✓
  [  9/30]  train=0.7232  val=0.3747 ← ✓
  [ 10/30]  train=0.6755  val=0.4073
  [ 11/30]  train=0.6163  val=0.3896
  [ 12/30]  train=0.6126  val=0.3659 ← ✓
  [ 13/30]  train=0.5870  val=0.3421 ← ✓
  [ 14/30]  train=0.5728  val=0.3753
  [ 15/30]  train=0.5246  val=0.3581
  [ 16/30]  train=0.4872  val=0.3491
  [ 17/30]  train=0.4427  val=0.3711
  [ 18/30]  train=0.4405  val=0.3785
  [ 19/30]  train=0.4087  val=0.3346 ← ✓
  [ 20/30]  train=0.3768  val=0.3416
  [ 21/30]  train=0.3452  val=0.3565
  [ 22/30]  train=0.3556  val=0.3300 ← ✓
  [ 23/30]  train=0.3289  val=0.3316
  [ 24/30]  train=0.2941  val=0.3348
  [ 25/30]  train=0.3055  val=0.3510
  [ 26/30]  train=0.2761  val=0.3558
  [ 27/30]  train=0.2719  val=0.3430
  [ 28/30]  train=0.2783  val=0.3480
  [ 29/30]  train=0.2634  val=0.3343
  [ 30/30]  train=0.2793  val=0.3442

  Test →  MAE=1.900  RMSE=2.627  Acc@1=0.550  ExactAcc=0.200

============================================================
  Training: ResNet50
============================================================
  [  1/30]  train=1.4879  val=0.6657 ← ✓
  [  2/30]  train=1.0437  val=0.5967 ← ✓
  [  3/30]  train=0.9598  val=0.5795 ← ✓
  [  4/30]  train=0.9036  val=0.5400 ← ✓
  [  5/30]  train=0.8590  val=0.5200 ← ✓
  [  6/30]  train=0.8350  val=0.5033 ← ✓
  [  7/30]  train=0.8120  val=0.5105
  [  8/30]  train=0.7623  val=0.5019 ← ✓
  [  9/30]  train=0.7556  val=0.4655 ← ✓
  [ 10/30]  train=0.7113  val=0.4342 ← ✓
  [ 11/30]  train=0.6971  val=0.4370
  [ 12/30]  train=0.6679  val=0.4290 ← ✓
  [ 13/30]  train=0.6717  val=0.4108 ← ✓
  [ 14/30]  train=0.6257  val=0.4106 ← ✓
  [ 15/30]  train=0.5974  val=0.3838 ← ✓
  [ 16/30]  train=0.5379  val=0.4064
  [ 17/30]  train=0.5396  val=0.3500 ← ✓
  [ 18/30]  train=0.5357  val=0.3448 ← ✓
  [ 19/30]  train=0.5143  val=0.3400 ← ✓
  [ 20/30]  train=0.4941  val=0.3176 ← ✓
  [ 21/30]  train=0.4401  val=0.3658
  [ 22/30]  train=0.4417  val=0.3503
  [ 23/30]  train=0.4094  val=0.3523
  [ 24/30]  train=0.4037  val=0.3435
  [ 25/30]  train=0.4053  val=0.3535
  [ 26/30]  train=0.3844  val=0.3689
  [ 27/30]  train=0.3912  val=0.3468
  [ 28/30]  train=0.3667  val=0.3533
  [ 29/30]  train=0.3828  val=0.3390
  [ 30/30]  train=0.3683  val=0.3430

  Test →  MAE=2.150  RMSE=3.025  Acc@1=0.650  ExactAcc=0.150

============================================================
  Training: ConvNeXt_Tiny
============================================================
  [  1/30]  train=1.2944  val=0.6108 ← ✓
  [  2/30]  train=0.9356  val=0.5406 ← ✓
  [  3/30]  train=0.8689  val=0.5226 ← ✓
  [  4/30]  train=0.8200  val=0.5088 ← ✓
  [  5/30]  train=0.7648  val=0.4359 ← ✓
  [  6/30]  train=0.7363  val=0.4314 ← ✓
  [  7/30]  train=0.6647  val=0.4493
  [  8/30]  train=0.6595  val=0.4086 ← ✓
  [  9/30]  train=0.6033  val=0.4921
  [ 10/30]  train=0.5700  val=0.4124
  [ 11/30]  train=0.4934  val=0.3441 ← ✓
  [ 12/30]  train=0.4784  val=0.4201
  [ 13/30]  train=0.4196  val=0.3790
  [ 14/30]  train=0.3752  val=0.3628
  [ 15/30]  train=0.3454  val=0.3453
  [ 16/30]  train=0.3094  val=0.3389 ← ✓
  [ 17/30]  train=0.2917  val=0.3600
  [ 18/30]  train=0.2431  val=0.3947
  [ 19/30]  train=0.2370  val=0.3602
  [ 20/30]  train=0.1915  val=0.3390
  [ 21/30]  train=0.2037  val=0.3995
  [ 22/30]  train=0.1781  val=0.3237 ← ✓
  [ 23/30]  train=0.1651  val=0.3541
  [ 24/30]  train=0.1472  val=0.3405
  [ 25/30]  train=0.1422  val=0.3577
  [ 26/30]  train=0.1446  val=0.3455
  [ 27/30]  train=0.1559  val=0.3574
  [ 28/30]  train=0.1493  val=0.3605
  [ 29/30]  train=0.1488  val=0.3577
  [ 30/30]  train=0.1371  val=0.3586

  Test →  MAE=1.300  RMSE=1.817  Acc@1=0.650  ExactAcc=0.350


All models done! Results saved to results_task2/run_37/results.csv
Saved: loss_curves.png
Saved: scatter_plots.png
Saved: error_distributions.png
           Model  MAE ↓  RMSE ↓  Acc@1 ↑  Exact ↑
1  ConvNeXt_Tiny   1.30   1.817     0.65     0.35
2       ResNet18   1.90   2.627     0.55     0.20
3       ResNet50   2.15   3.025     0.65     0.15
Saved: model_comparison.png
📊 Final Model Rankings saved to CSV:
 Rank         model        datasets_used  MAE  MSE    RMSE  Acc@1  ExactAcc
    1 ConvNeXt_Tiny main_dataset,extra-4 1.30 3.30 1.81659   0.65      0.35
    2      ResNet18 main_dataset,extra-4 1.90 6.90 2.62679   0.55      0.20
    3      ResNet50 main_dataset,extra-4 2.15 9.15 3.02490   0.65      0.15
------------------------------------------------------------
🏆 Best model: ConvNeXt_Tiny  (ExactAcc=0.350)
Running full evaluation on 20 test images using ConvNeXt_Tiny...
Evaluating:   0%|          | 0/20 [00:00<?, ?it/s]

========================================
  FINAL TEST SET EVALUATION REPORT
========================================
Model Evaluated        : ConvNeXt_Tiny
Total Images Evaluated : 20
MAE  (avg error)       : 1.300 balls
RMSE (penalty error)   : 1.817
Acc@1 (within ±1)      : 65.00%
Exact Accuracy         : 35.00%
========================================

🔍 Detailed error analysis saved to: results_task2/run_37/ConvNeXt_Tiny_error_breakdown.csv

Top 5 Worst Predictions:
                                     Image_Name  Actual_Balls  Predicted_Balls  Error
185_png.rf.d2a971d3a33d7f290e313be493525277.jpg             4                8      4
  1_png.rf.8199e7f82efa196a0732a582c5d2472e.jpg             2                5      3
140_png.rf.6645e10bad5cf3f197b71ddb6b34e6b4.jpg             8               11      3
 58_png.rf.b94027c8488125d21180dde164fc71f6.jpg             8               11      3
136_png.rf.e99c3dfd6e84ce294cdabc3bb5ee8a75.jpg            12               15      3
🔧 Parser running with datasets: ['main_dataset', 'extra-5']
Loaded 247 partition rules from partition.csv

Success! Extracted 2767 images into parsed_dataset_catalog.json
Using device: cuda
GPU: Quadro RTX 8000
VRAM available: 47.3 GB
📁 Initialized new experiment folder: results_task2/run_38
   ├─ 🧠 Models:  results_task2/run_38/models
   ├─ 📊 Graphs:  results_task2/run_38/graphs
   └─ 📝 Results: results_task2/run_38/results.csv
Config loaded ✓
Loaded 2,767 entries
Train: 2,372  |  Val: 375  |  Test: 20
Dataset classes ready ✓
Model                  Parameters
----------------------------------
ResNet18               11,312,209
ResNet50               24,036,945
ConvNeXt_Tiny          28,021,361
Helpers ready ✓
Initializing Datasets and DataLoaders...

============================================================
  Training: ResNet18
============================================================
  [  1/30]  train=2.1662  val=1.5047 ← ✓
  [  2/30]  train=1.4917  val=1.1880 ← ✓
  [  3/30]  train=1.2286  val=1.0662 ← ✓
  [  4/30]  train=1.0452  val=0.9218 ← ✓
  [  5/30]  train=0.9182  val=0.7672 ← ✓
  [  6/30]  train=0.7836  val=0.7136 ← ✓
  [  7/30]  train=0.7069  val=0.6754 ← ✓
  [  8/30]  train=0.6492  val=0.6078 ← ✓
  [  9/30]  train=0.5835  val=0.6115
  [ 10/30]  train=0.5044  val=0.4826 ← ✓
  [ 11/30]  train=0.4682  val=0.4581 ← ✓
  [ 12/30]  train=0.4281  val=0.4726
  [ 13/30]  train=0.3827  val=0.4271 ← ✓
  [ 14/30]  train=0.3389  val=0.3882 ← ✓
  [ 15/30]  train=0.3159  val=0.3778 ← ✓
  [ 16/30]  train=0.3094  val=0.3461 ← ✓
  [ 17/30]  train=0.2738  val=0.3451 ← ✓
  [ 18/30]  train=0.2507  val=0.3180 ← ✓
  [ 19/30]  train=0.2352  val=0.2929 ← ✓
  [ 20/30]  train=0.1979  val=0.2760 ← ✓
  [ 21/30]  train=0.1884  val=0.2712 ← ✓
  [ 22/30]  train=0.1798  val=0.2714
  [ 23/30]  train=0.1728  val=0.2355 ← ✓
  [ 24/30]  train=0.1525  val=0.2466
  [ 25/30]  train=0.1378  val=0.2506
  [ 26/30]  train=0.1361  val=0.2599
  [ 27/30]  train=0.1291  val=0.2551
  [ 28/30]  train=0.1297  val=0.2626
  [ 29/30]  train=0.1281  val=0.2527
  [ 30/30]  train=0.1215  val=0.2540

  Test →  MAE=2.300  RMSE=3.421  Acc@1=0.550  ExactAcc=0.200

============================================================
  Training: ResNet50
============================================================
  [  1/30]  train=2.3304  val=1.7055 ← ✓
  [  2/30]  train=1.5584  val=1.3164 ← ✓
  [  3/30]  train=1.2435  val=1.0573 ← ✓
  [  4/30]  train=1.0603  val=0.8981 ← ✓
  [  5/30]  train=0.8678  val=0.7953 ← ✓
  [  6/30]  train=0.7814  val=0.6377 ← ✓
  [  7/30]  train=0.6589  val=0.6177 ← ✓
  [  8/30]  train=0.5554  val=0.5584 ← ✓
  [  9/30]  train=0.5077  val=0.5243 ← ✓
  [ 10/30]  train=0.4594  val=0.4735 ← ✓
  [ 11/30]  train=0.3954  val=0.4693 ← ✓
  [ 12/30]  train=0.3773  val=0.3812 ← ✓
  [ 13/30]  train=0.3410  val=0.3778 ← ✓
  [ 14/30]  train=0.3156  val=0.3347 ← ✓
  [ 15/30]  train=0.2739  val=0.3033 ← ✓
  [ 16/30]  train=0.2592  val=0.2917 ← ✓
  [ 17/30]  train=0.2071  val=0.3022
  [ 18/30]  train=0.2017  val=0.3067
  [ 19/30]  train=0.1948  val=0.2659 ← ✓
  [ 20/30]  train=0.1615  val=0.2854
  [ 21/30]  train=0.1456  val=0.2711
  [ 22/30]  train=0.1351  val=0.3002
  [ 23/30]  train=0.1299  val=0.2958
  [ 24/30]  train=0.1164  val=0.2631 ← ✓
  [ 25/30]  train=0.1071  val=0.2866
  [ 26/30]  train=0.1055  val=0.2706
  [ 27/30]  train=0.1032  val=0.2890
  [ 28/30]  train=0.0969  val=0.2976
  [ 29/30]  train=0.0848  val=0.3051
  [ 30/30]  train=0.0899  val=0.2795

  Test →  MAE=1.600  RMSE=2.490  Acc@1=0.550  ExactAcc=0.450

============================================================
  Training: ConvNeXt_Tiny
============================================================
  [  1/30]  train=2.1455  val=1.5097 ← ✓
  [  2/30]  train=1.4425  val=1.1792 ← ✓
  [  3/30]  train=1.1370  val=0.8892 ← ✓
  [  4/30]  train=0.9097  val=0.7243 ← ✓
  [  5/30]  train=0.7154  val=0.6974 ← ✓
  [  6/30]  train=0.6283  val=0.6534 ← ✓
  [  7/30]  train=0.5151  val=0.5213 ← ✓
  [  8/30]  train=0.4391  val=0.4598 ← ✓
  [  9/30]  train=0.3649  val=0.4123 ← ✓
  [ 10/30]  train=0.3295  val=0.3985 ← ✓
  [ 11/30]  train=0.2902  val=0.3010 ← ✓
  [ 12/30]  train=0.2323  val=0.2776 ← ✓
  [ 13/30]  train=0.1859  val=0.2816
  [ 14/30]  train=0.1683  val=0.2991
  [ 15/30]  train=0.1425  val=0.2712 ← ✓
  [ 16/30]  train=0.1254  val=0.2873
  [ 17/30]  train=0.1239  val=0.2726
  [ 18/30]  train=0.1050  val=0.2285 ← ✓
  [ 19/30]  train=0.0865  val=0.2632
  [ 20/30]  train=0.0761  val=0.2405
  [ 21/30]  train=0.0578  val=0.2728
  [ 22/30]  train=0.0617  val=0.2195 ← ✓
  [ 23/30]  train=0.0626  val=0.2258
  [ 24/30]  train=0.0548  val=0.2325
  [ 25/30]  train=0.0480  val=0.2361
  [ 26/30]  train=0.0418  val=0.2389
  [ 27/30]  train=0.0447  val=0.2337
  [ 28/30]  train=0.0355  val=0.2425
  [ 29/30]  train=0.0472  val=0.2415
  [ 30/30]  train=0.0437  val=0.2428

  Test →  MAE=2.100  RMSE=3.240  Acc@1=0.500  ExactAcc=0.250


All models done! Results saved to results_task2/run_38/results.csv
Saved: loss_curves.png
Saved: scatter_plots.png
Saved: error_distributions.png
           Model  MAE ↓  RMSE ↓  Acc@1 ↑  Exact ↑
1       ResNet50    1.6   2.490     0.55     0.45
2  ConvNeXt_Tiny    2.1   3.240     0.50     0.25
3       ResNet18    2.3   3.421     0.55     0.20
Saved: model_comparison.png
📊 Final Model Rankings saved to CSV:
 Rank         model        datasets_used  MAE  MSE    RMSE  Acc@1  ExactAcc
    1      ResNet50 main_dataset,extra-5  1.6  6.2 2.48998   0.55      0.45
    2 ConvNeXt_Tiny main_dataset,extra-5  2.1 10.5 3.24037   0.50      0.25
    3      ResNet18 main_dataset,extra-5  2.3 11.7 3.42053   0.55      0.20
------------------------------------------------------------
🏆 Best model: ResNet50  (ExactAcc=0.450)
Running full evaluation on 20 test images using ResNet50...
Evaluating:   0%|          | 0/20 [00:00<?, ?it/s]

========================================
  FINAL TEST SET EVALUATION REPORT
========================================
Model Evaluated        : ResNet50
Total Images Evaluated : 20
MAE  (avg error)       : 1.600 balls
RMSE (penalty error)   : 2.490
Acc@1 (within ±1)      : 55.00%
Exact Accuracy         : 45.00%
========================================

🔍 Detailed error analysis saved to: results_task2/run_38/ResNet50_error_breakdown.csv

Top 5 Worst Predictions:
                                     Image_Name  Actual_Balls  Predicted_Balls  Error
 94_png.rf.914de818a4ff0d086b7cb41abc8b95fd.jpg             9               16      7
  1_png.rf.8199e7f82efa196a0732a582c5d2472e.jpg             2                6      4
118_png.rf.3e82e1f3d657302b61a62c113271b753.jpg            10               14      4
107_png.rf.f31cf99275d8de0c817398bad1fbb98c.jpg            14               10     -4
134_png.rf.eafc70891a991c969df70bd817a63375.jpg            13               16      3
🔧 Parser running with datasets: ['main_dataset', 'extra-1', 'extra-2']
Loaded 247 partition rules from partition.csv

Success! Extracted 866 images into parsed_dataset_catalog.json
Using device: cuda
GPU: Quadro RTX 8000
VRAM available: 47.3 GB
📁 Initialized new experiment folder: results_task2/run_39
   ├─ 🧠 Models:  results_task2/run_39/models
   ├─ 📊 Graphs:  results_task2/run_39/graphs
   └─ 📝 Results: results_task2/run_39/results.csv
Config loaded ✓
Loaded 866 entries
Train: 745  |  Val: 101  |  Test: 20
Dataset classes ready ✓
Model                  Parameters
----------------------------------
ResNet18               11,312,209
ResNet50               24,036,945
ConvNeXt_Tiny          28,021,361
Helpers ready ✓
Initializing Datasets and DataLoaders...

============================================================
  Training: ResNet18
============================================================
  [  1/30]  train=2.1845  val=1.5708 ← ✓
  [  2/30]  train=1.6325  val=1.1659 ← ✓
  [  3/30]  train=1.3879  val=1.0767 ← ✓
  [  4/30]  train=1.2545  val=0.9332 ← ✓
  [  5/30]  train=1.1517  val=0.8041 ← ✓
  [  6/30]  train=1.0168  val=0.7490 ← ✓
  [  7/30]  train=0.9177  val=0.7259 ← ✓
  [  8/30]  train=0.8824  val=0.7766
  [  9/30]  train=0.8378  val=0.6578 ← ✓
  [ 10/30]  train=0.7579  val=0.6654
  [ 11/30]  train=0.7208  val=0.6608
  [ 12/30]  train=0.6714  val=0.6683
  [ 13/30]  train=0.6327  val=0.6150 ← ✓
  [ 14/30]  train=0.6036  val=0.6316
  [ 15/30]  train=0.5700  val=0.6423
  [ 16/30]  train=0.5063  val=0.5694 ← ✓
  [ 17/30]  train=0.4803  val=0.6456
  [ 18/30]  train=0.4516  val=0.6650
  [ 19/30]  train=0.4315  val=0.6217
  [ 20/30]  train=0.4029  val=0.6469
  [ 21/30]  train=0.4034  val=0.7014
  [ 22/30]  train=0.3762  val=0.6715
  [ 23/30]  train=0.3619  val=0.6621
  [ 24/30]  train=0.3529  val=0.6302
  [ 25/30]  train=0.3062  val=0.6625
  [ 26/30]  train=0.3176  val=0.6432
  [ 27/30]  train=0.3105  val=0.6648
  [ 28/30]  train=0.3018  val=0.6580
  [ 29/30]  train=0.2921  val=0.6308
  [ 30/30]  train=0.2698  val=0.6358

  Test →  MAE=2.050  RMSE=2.617  Acc@1=0.450  ExactAcc=0.150

============================================================
  Training: ResNet50
============================================================
  [  1/30]  train=2.3772  val=1.8954 ← ✓
  [  2/30]  train=1.8128  val=1.3840 ← ✓
  [  3/30]  train=1.5013  val=1.0972 ← ✓
  [  4/30]  train=1.3122  val=0.9368 ← ✓
  [  5/30]  train=1.1471  val=0.8508 ← ✓
  [  6/30]  train=1.0066  val=0.7139 ← ✓
  [  7/30]  train=0.9923  val=0.7886
  [  8/30]  train=0.9187  val=0.6367 ← ✓
  [  9/30]  train=0.8323  val=0.5860 ← ✓
  [ 10/30]  train=0.7810  val=0.6836
  [ 11/30]  train=0.6855  val=0.5695 ← ✓
  [ 12/30]  train=0.6654  val=0.5609 ← ✓
  [ 13/30]  train=0.6291  val=0.5808
  [ 14/30]  train=0.5892  val=0.5669
  [ 15/30]  train=0.5090  val=0.6097
  [ 16/30]  train=0.5219  val=0.5949
  [ 17/30]  train=0.4711  val=0.6290
  [ 18/30]  train=0.4474  val=0.6197
  [ 19/30]  train=0.3981  val=0.6423
  [ 20/30]  train=0.3727  val=0.6895
  [ 21/30]  train=0.3652  val=0.7069
  [ 22/30]  train=0.3156  val=0.6425
  [ 23/30]  train=0.3036  val=0.6760
  [ 24/30]  train=0.3112  val=0.6886
  [ 25/30]  train=0.3062  val=0.6796
  [ 26/30]  train=0.2630  val=0.7165
  [ 27/30]  train=0.2605  val=0.7236
  [ 28/30]  train=0.2654  val=0.7109
  [ 29/30]  train=0.2353  val=0.7151
  [ 30/30]  train=0.2743  val=0.7228

  Test →  MAE=2.100  RMSE=3.050  Acc@1=0.550  ExactAcc=0.250

============================================================
  Training: ConvNeXt_Tiny
============================================================
  [  1/30]  train=2.1796  val=1.7199 ← ✓
  [  2/30]  train=1.6295  val=1.3260 ← ✓
  [  3/30]  train=1.3368  val=1.0157 ← ✓
  [  4/30]  train=1.1104  val=0.7900 ← ✓
  [  5/30]  train=0.9638  val=0.8010
  [  6/30]  train=0.8491  val=0.7294 ← ✓
  [  7/30]  train=0.7578  val=0.7233 ← ✓
  [  8/30]  train=0.6704  val=0.5571 ← ✓
  [  9/30]  train=0.5812  val=0.6570
  [ 10/30]  train=0.5810  val=0.5887
  [ 11/30]  train=0.5003  val=0.6224
  [ 12/30]  train=0.4741  val=0.7297
  [ 13/30]  train=0.4467  val=0.6342
  [ 14/30]  train=0.3838  val=0.5726
  [ 15/30]  train=0.3569  val=0.5407 ← ✓
  [ 16/30]  train=0.3027  val=0.5729
  [ 17/30]  train=0.2564  val=0.5610
  [ 18/30]  train=0.2535  val=0.5202 ← ✓
  [ 19/30]  train=0.2220  val=0.5623
  [ 20/30]  train=0.2190  val=0.5048 ← ✓
  [ 21/30]  train=0.1696  val=0.5109
  [ 22/30]  train=0.1852  val=0.5361
  [ 23/30]  train=0.1736  val=0.5936
  [ 24/30]  train=0.1569  val=0.5540
  [ 25/30]  train=0.1466  val=0.5549
  [ 26/30]  train=0.1488  val=0.5459
  [ 27/30]  train=0.1302  val=0.5707
  [ 28/30]  train=0.1317  val=0.5583
  [ 29/30]  train=0.1240  val=0.5623
  [ 30/30]  train=0.1160  val=0.5625

  Test →  MAE=1.400  RMSE=2.000  Acc@1=0.700  ExactAcc=0.250


All models done! Results saved to results_task2/run_39/results.csv
Saved: loss_curves.png
Saved: scatter_plots.png
Saved: error_distributions.png
           Model  MAE ↓  RMSE ↓  Acc@1 ↑  Exact ↑
1  ConvNeXt_Tiny   1.40   2.000     0.70     0.25
2       ResNet18   2.05   2.617     0.45     0.15
3       ResNet50   2.10   3.050     0.55     0.25
Saved: model_comparison.png
📊 Final Model Rankings saved to CSV:
 Rank         model                datasets_used  MAE  MSE    RMSE  Acc@1  ExactAcc
    1 ConvNeXt_Tiny main_dataset,extra-1,extra-2 1.40 4.00 2.00000   0.70      0.25
    2      ResNet50 main_dataset,extra-1,extra-2 2.10 9.30 3.04959   0.55      0.25
    3      ResNet18 main_dataset,extra-1,extra-2 2.05 6.85 2.61725   0.45      0.15
------------------------------------------------------------
🏆 Best model: ConvNeXt_Tiny  (ExactAcc=0.250)
Running full evaluation on 20 test images using ConvNeXt_Tiny...
Evaluating:   0%|          | 0/20 [00:00<?, ?it/s]

========================================
  FINAL TEST SET EVALUATION REPORT
========================================
Model Evaluated        : ConvNeXt_Tiny
Total Images Evaluated : 20
MAE  (avg error)       : 1.400 balls
RMSE (penalty error)   : 2.000
Acc@1 (within ±1)      : 70.00%
Exact Accuracy         : 25.00%
========================================

🔍 Detailed error analysis saved to: results_task2/run_39/ConvNeXt_Tiny_error_breakdown.csv

Top 5 Worst Predictions:
                                     Image_Name  Actual_Balls  Predicted_Balls  Error
118_png.rf.3e82e1f3d657302b61a62c113271b753.jpg            10               16      6
  1_png.rf.8199e7f82efa196a0732a582c5d2472e.jpg             2                5      3
185_png.rf.d2a971d3a33d7f290e313be493525277.jpg             4                7      3
136_png.rf.e99c3dfd6e84ce294cdabc3bb5ee8a75.jpg            12               15      3
 38_png.rf.5f7178d32f8c80830acba72ceaa53c52.jpg             8               10      2
🔧 Parser running with datasets: ['main_dataset', 'extra-1', 'extra-3']
Loaded 247 partition rules from partition.csv

Success! Extracted 1820 images into parsed_dataset_catalog.json
Using device: cuda
GPU: Quadro RTX 8000
VRAM available: 47.3 GB
📁 Initialized new experiment folder: results_task2/run_40
   ├─ 🧠 Models:  results_task2/run_40/models
   ├─ 📊 Graphs:  results_task2/run_40/graphs
   └─ 📝 Results: results_task2/run_40/results.csv
Config loaded ✓
Loaded 1,820 entries
Train: 1,537  |  Val: 263  |  Test: 20
Dataset classes ready ✓
Model                  Parameters
----------------------------------
ResNet18               11,312,209
ResNet50               24,036,945
ConvNeXt_Tiny          28,021,361
Helpers ready ✓
Initializing Datasets and DataLoaders...

============================================================
  Training: ResNet18
============================================================
  [  1/30]  train=2.3721  val=1.8757 ← ✓
  [  2/30]  train=1.7893  val=1.4667 ← ✓
  [  3/30]  train=1.5058  val=1.5038
  [  4/30]  train=1.3469  val=1.1188 ← ✓
  [  5/30]  train=1.1794  val=1.0893 ← ✓
  [  6/30]  train=1.0930  val=0.9590 ← ✓
  [  7/30]  train=0.9867  val=0.8677 ← ✓
  [  8/30]  train=0.8872  val=0.9310
  [  9/30]  train=0.8192  val=0.8743
  [ 10/30]  train=0.7184  val=0.8283 ← ✓
  [ 11/30]  train=0.6719  val=0.8640
  [ 12/30]  train=0.6274  val=0.7668 ← ✓
  [ 13/30]  train=0.5846  val=0.8378
  [ 14/30]  train=0.5351  val=0.7492 ← ✓
  [ 15/30]  train=0.5122  val=0.6967 ← ✓
  [ 16/30]  train=0.4343  val=0.6637 ← ✓
  [ 17/30]  train=0.4057  val=0.6342 ← ✓
  [ 18/30]  train=0.3663  val=0.6484
  [ 19/30]  train=0.3385  val=0.6095 ← ✓
  [ 20/30]  train=0.3331  val=0.5860 ← ✓
  [ 21/30]  train=0.2850  val=0.6646
  [ 22/30]  train=0.2882  val=0.6159
  [ 23/30]  train=0.2528  val=0.6196
  [ 24/30]  train=0.2388  val=0.5850 ← ✓
  [ 25/30]  train=0.2364  val=0.5714 ← ✓
  [ 26/30]  train=0.2087  val=0.5888
  [ 27/30]  train=0.2022  val=0.5945
  [ 28/30]  train=0.2088  val=0.6025
  [ 29/30]  train=0.1947  val=0.5860
  [ 30/30]  train=0.2093  val=0.5861

  Test →  MAE=2.200  RMSE=2.915  Acc@1=0.500  ExactAcc=0.200

============================================================
  Training: ResNet50
============================================================
  [  1/30]  train=2.5571  val=2.1399 ← ✓
  [  2/30]  train=1.9157  val=1.6769 ← ✓
  [  3/30]  train=1.5209  val=1.2933 ← ✓
  [  4/30]  train=1.3042  val=1.1728 ← ✓
  [  5/30]  train=1.1401  val=1.0688 ← ✓
  [  6/30]  train=1.0521  val=1.0543 ← ✓
  [  7/30]  train=0.9287  val=0.9029 ← ✓
  [  8/30]  train=0.8083  val=0.9017 ← ✓
  [  9/30]  train=0.7202  val=0.8566 ← ✓
  [ 10/30]  train=0.6220  val=0.7595 ← ✓
  [ 11/30]  train=0.5336  val=0.7677
  [ 12/30]  train=0.5541  val=0.7574 ← ✓
  [ 13/30]  train=0.4865  val=0.6777 ← ✓
  [ 14/30]  train=0.3881  val=0.7610
  [ 15/30]  train=0.3704  val=0.7372
  [ 16/30]  train=0.3267  val=0.6896
  [ 17/30]  train=0.2784  val=0.7010
  [ 18/30]  train=0.2425  val=0.6902
  [ 19/30]  train=0.2214  val=0.6969
  [ 20/30]  train=0.2188  val=0.7294
  [ 21/30]  train=0.2000  val=0.7168
  [ 22/30]  train=0.1825  val=0.7169
  [ 23/30]  train=0.1501  val=0.7402
  [ 24/30]  train=0.1481  val=0.7597
  [ 25/30]  train=0.1250  val=0.7830
  [ 26/30]  train=0.1296  val=0.7535
  [ 27/30]  train=0.1242  val=0.7360
  [ 28/30]  train=0.1193  val=0.7504
  [ 29/30]  train=0.1026  val=0.7448
  [ 30/30]  train=0.1127  val=0.7215

  Test →  MAE=2.000  RMSE=2.739  Acc@1=0.500  ExactAcc=0.150

============================================================
  Training: ConvNeXt_Tiny
============================================================
  [  1/30]  train=2.3577  val=1.8763 ← ✓
  [  2/30]  train=1.6779  val=1.3161 ← ✓
  [  3/30]  train=1.3652  val=1.2519 ← ✓
  [  4/30]  train=1.1722  val=1.0033 ← ✓
  [  5/30]  train=0.9563  val=0.8622 ← ✓
  [  6/30]  train=0.8264  val=0.8536 ← ✓
  [  7/30]  train=0.7475  val=0.7382 ← ✓
  [  8/30]  train=0.6058  val=0.7104 ← ✓
  [  9/30]  train=0.5597  val=0.6346 ← ✓
  [ 10/30]  train=0.4690  val=0.6190 ← ✓
  [ 11/30]  train=0.4440  val=0.6181 ← ✓
  [ 12/30]  train=0.3733  val=0.6032 ← ✓
  [ 13/30]  train=0.3261  val=0.5350 ← ✓
  [ 14/30]  train=0.2876  val=0.5757
  [ 15/30]  train=0.2507  val=0.5467
  [ 16/30]  train=0.2357  val=0.5322 ← ✓
  [ 17/30]  train=0.2001  val=0.5990
  [ 18/30]  train=0.1531  val=0.5975
  [ 19/30]  train=0.1557  val=0.5616
  [ 20/30]  train=0.1331  val=0.5628
  [ 21/30]  train=0.1072  val=0.6147
  [ 22/30]  train=0.1018  val=0.5718
  [ 23/30]  train=0.0864  val=0.6010
  [ 24/30]  train=0.0884  val=0.5771
  [ 25/30]  train=0.0696  val=0.5771
  [ 26/30]  train=0.0726  val=0.5939
  [ 27/30]  train=0.0637  val=0.5955
  [ 28/30]  train=0.0654  val=0.5948
  [ 29/30]  train=0.0696  val=0.5903
  [ 30/30]  train=0.0590  val=0.5901

  Test →  MAE=1.000  RMSE=1.342  Acc@1=0.800  ExactAcc=0.300


All models done! Results saved to results_task2/run_40/results.csv
Saved: loss_curves.png
Saved: scatter_plots.png
Saved: error_distributions.png
           Model  MAE ↓  RMSE ↓  Acc@1 ↑  Exact ↑
1  ConvNeXt_Tiny    1.0   1.342      0.8     0.30
2       ResNet50    2.0   2.739      0.5     0.15
3       ResNet18    2.2   2.915      0.5     0.20
Saved: model_comparison.png
📊 Final Model Rankings saved to CSV:
 Rank         model                datasets_used  MAE  MSE    RMSE  Acc@1  ExactAcc
    1 ConvNeXt_Tiny main_dataset,extra-1,extra-3  1.0  1.8 1.34164    0.8      0.30
    2      ResNet18 main_dataset,extra-1,extra-3  2.2  8.5 2.91548    0.5      0.20
    3      ResNet50 main_dataset,extra-1,extra-3  2.0  7.5 2.73861    0.5      0.15
------------------------------------------------------------
🏆 Best model: ConvNeXt_Tiny  (ExactAcc=0.300)
Running full evaluation on 20 test images using ConvNeXt_Tiny...
Evaluating:   0%|          | 0/20 [00:00<?, ?it/s]

========================================
  FINAL TEST SET EVALUATION REPORT
========================================
Model Evaluated        : ConvNeXt_Tiny
Total Images Evaluated : 20
MAE  (avg error)       : 1.000 balls
RMSE (penalty error)   : 1.342
Acc@1 (within ±1)      : 80.00%
Exact Accuracy         : 30.00%
========================================

🔍 Detailed error analysis saved to: results_task2/run_40/ConvNeXt_Tiny_error_breakdown.csv

Top 5 Worst Predictions:
                                     Image_Name  Actual_Balls  Predicted_Balls  Error
185_png.rf.d2a971d3a33d7f290e313be493525277.jpg             4                7      3
136_png.rf.e99c3dfd6e84ce294cdabc3bb5ee8a75.jpg            12               15      3
 38_png.rf.5f7178d32f8c80830acba72ceaa53c52.jpg             8               10      2
 58_png.rf.b94027c8488125d21180dde164fc71f6.jpg             8                6     -2
  1_png.rf.8199e7f82efa196a0732a582c5d2472e.jpg             2                3      1
🔧 Parser running with datasets: ['main_dataset', 'extra-1', 'extra-4']
Loaded 247 partition rules from partition.csv

Success! Extracted 1270 images into parsed_dataset_catalog.json
Using device: cuda
GPU: Quadro RTX 8000
VRAM available: 47.3 GB
📁 Initialized new experiment folder: results_task2/run_41
   ├─ 🧠 Models:  results_task2/run_41/models
   ├─ 📊 Graphs:  results_task2/run_41/graphs
   └─ 📝 Results: results_task2/run_41/results.csv
Config loaded ✓
Loaded 1,270 entries
Train: 1,064  |  Val: 186  |  Test: 20
Dataset classes ready ✓
Model                  Parameters
----------------------------------
ResNet18               11,312,209
ResNet50               24,036,945
ConvNeXt_Tiny          28,021,361
Helpers ready ✓
Initializing Datasets and DataLoaders...

============================================================
  Training: ResNet18
============================================================
  [  1/30]  train=1.6568  val=0.9636 ← ✓
  [  2/30]  train=1.1629  val=1.0073
  [  3/30]  train=1.0042  val=0.7517 ← ✓
  [  4/30]  train=0.8538  val=0.6810 ← ✓
  [  5/30]  train=0.7914  val=0.5997 ← ✓
  [  6/30]  train=0.7012  val=0.5640 ← ✓
  [  7/30]  train=0.6797  val=0.5184 ← ✓
  [  8/30]  train=0.6150  val=0.4676 ← ✓
  [  9/30]  train=0.5798  val=0.4647 ← ✓
  [ 10/30]  train=0.5174  val=0.4889
  [ 11/30]  train=0.4906  val=0.4526 ← ✓
  [ 12/30]  train=0.4545  val=0.4393 ← ✓
  [ 13/30]  train=0.4282  val=0.3987 ← ✓
  [ 14/30]  train=0.4165  val=0.4350
  [ 15/30]  train=0.3706  val=0.4103
  [ 16/30]  train=0.3520  val=0.4789
  [ 17/30]  train=0.3429  val=0.4275
  [ 18/30]  train=0.2908  val=0.4437
  [ 19/30]  train=0.2646  val=0.4600
  [ 20/30]  train=0.2612  val=0.4421
  [ 21/30]  train=0.2735  val=0.4611
  [ 22/30]  train=0.2554  val=0.4579
  [ 23/30]  train=0.2319  val=0.4563
  [ 24/30]  train=0.2190  val=0.4584
  [ 25/30]  train=0.2203  val=0.4673
  [ 26/30]  train=0.1903  val=0.4620
  [ 27/30]  train=0.1876  val=0.4718
  [ 28/30]  train=0.2070  val=0.4746
  [ 29/30]  train=0.1913  val=0.4607
  [ 30/30]  train=0.2023  val=0.4676

  Test →  MAE=2.300  RMSE=3.098  Acc@1=0.500  ExactAcc=0.100

============================================================
  Training: ResNet50
============================================================
  [  1/30]  train=1.8967  val=1.2929 ← ✓
  [  2/30]  train=1.3389  val=1.0708 ← ✓
  [  3/30]  train=1.1171  val=0.8019 ← ✓
  [  4/30]  train=0.9029  val=0.7108 ← ✓
  [  5/30]  train=0.8317  val=0.7505
  [  6/30]  train=0.7270  val=0.5480 ← ✓
  [  7/30]  train=0.6817  val=0.5678
  [  8/30]  train=0.5928  val=0.5472 ← ✓
  [  9/30]  train=0.5260  val=0.5159 ← ✓
  [ 10/30]  train=0.5436  val=0.4979 ← ✓
  [ 11/30]  train=0.5013  val=0.4784 ← ✓
  [ 12/30]  train=0.4251  val=0.4929
  [ 13/30]  train=0.4168  val=0.4740 ← ✓
  [ 14/30]  train=0.3962  val=0.4527 ← ✓
  [ 15/30]  train=0.3756  val=0.5385
  [ 16/30]  train=0.3566  val=0.5094
  [ 17/30]  train=0.2992  val=0.5119
  [ 18/30]  train=0.2955  val=0.5586
  [ 19/30]  train=0.2665  val=0.5018
  [ 20/30]  train=0.2524  val=0.5766
  [ 21/30]  train=0.2376  val=0.5287
  [ 22/30]  train=0.2159  val=0.5424
  [ 23/30]  train=0.2004  val=0.5814
  [ 24/30]  train=0.1945  val=0.6098
  [ 25/30]  train=0.1845  val=0.5481
  [ 26/30]  train=0.1760  val=0.5627
  [ 27/30]  train=0.1640  val=0.5713
  [ 28/30]  train=0.1762  val=0.5428
  [ 29/30]  train=0.1570  val=0.5760
  [ 30/30]  train=0.1756  val=0.5564

  Test →  MAE=2.400  RMSE=3.146  Acc@1=0.450  ExactAcc=0.100

============================================================
  Training: ConvNeXt_Tiny
============================================================
  [  1/30]  train=1.6473  val=1.0708 ← ✓
  [  2/30]  train=1.1476  val=0.8458 ← ✓
  [  3/30]  train=0.9112  val=0.7637 ← ✓
  [  4/30]  train=0.7757  val=0.5656 ← ✓
  [  5/30]  train=0.6399  val=0.5404 ← ✓
  [  6/30]  train=0.5748  val=0.4977 ← ✓
  [  7/30]  train=0.5171  val=0.4992
  [  8/30]  train=0.4472  val=0.4666 ← ✓
  [  9/30]  train=0.4107  val=0.5556
  [ 10/30]  train=0.3697  val=0.4744
  [ 11/30]  train=0.3115  val=0.5153
  [ 12/30]  train=0.2870  val=0.5281
  [ 13/30]  train=0.2592  val=0.5497
  [ 14/30]  train=0.2336  val=0.4837
  [ 15/30]  train=0.2109  val=0.5195
  [ 16/30]  train=0.1846  val=0.5408
  [ 17/30]  train=0.1808  val=0.5251
  [ 18/30]  train=0.1391  val=0.4939
  [ 19/30]  train=0.1479  val=0.5194
  [ 20/30]  train=0.1334  val=0.5123
  [ 21/30]  train=0.1098  val=0.5428
  [ 22/30]  train=0.0991  val=0.5334
  [ 23/30]  train=0.0964  val=0.5169
  [ 24/30]  train=0.0868  val=0.5190
  [ 25/30]  train=0.0843  val=0.5294
  [ 26/30]  train=0.0826  val=0.5444
  [ 27/30]  train=0.0691  val=0.5339
  [ 28/30]  train=0.0670  val=0.5338
  [ 29/30]  train=0.0664  val=0.5337
  [ 30/30]  train=0.0737  val=0.5347

  Test →  MAE=1.850  RMSE=2.520  Acc@1=0.600  ExactAcc=0.150


All models done! Results saved to results_task2/run_41/results.csv
Saved: loss_curves.png
Saved: scatter_plots.png
Saved: error_distributions.png
           Model  MAE ↓  RMSE ↓  Acc@1 ↑  Exact ↑
1  ConvNeXt_Tiny   1.85   2.520     0.60     0.15
2       ResNet18   2.30   3.098     0.50     0.10
3       ResNet50   2.40   3.146     0.45     0.10
Saved: model_comparison.png
📊 Final Model Rankings saved to CSV:
 Rank         model                datasets_used  MAE  MSE    RMSE  Acc@1  ExactAcc
    1 ConvNeXt_Tiny main_dataset,extra-1,extra-4 1.85 6.35 2.51992   0.60      0.15
    2      ResNet18 main_dataset,extra-1,extra-4 2.30 9.60 3.09839   0.50      0.10
    3      ResNet50 main_dataset,extra-1,extra-4 2.40 9.90 3.14643   0.45      0.10
------------------------------------------------------------
🏆 Best model: ConvNeXt_Tiny  (ExactAcc=0.150)
Running full evaluation on 20 test images using ConvNeXt_Tiny...
Evaluating:   0%|          | 0/20 [00:00<?, ?it/s]

========================================
  FINAL TEST SET EVALUATION REPORT
========================================
Model Evaluated        : ConvNeXt_Tiny
Total Images Evaluated : 20
MAE  (avg error)       : 1.850 balls
RMSE (penalty error)   : 2.520
Acc@1 (within ±1)      : 60.00%
Exact Accuracy         : 15.00%
========================================

🔍 Detailed error analysis saved to: results_task2/run_41/ConvNeXt_Tiny_error_breakdown.csv

Top 5 Worst Predictions:
                                     Image_Name  Actual_Balls  Predicted_Balls  Error
  9_png.rf.3a4164e5647feea77eb3062be7e65aea.jpg             7               14      7
  1_png.rf.8199e7f82efa196a0732a582c5d2472e.jpg             2                6      4
185_png.rf.d2a971d3a33d7f290e313be493525277.jpg             4                8      4
118_png.rf.3e82e1f3d657302b61a62c113271b753.jpg            10               14      4
115_png.rf.ed51d53dd5c384b1f26a2b6ece52ad69.jpg            11               14      3
🔧 Parser running with datasets: ['main_dataset', 'extra-1', 'extra-5']
Loaded 247 partition rules from partition.csv

Success! Extracted 3255 images into parsed_dataset_catalog.json
Using device: cuda
GPU: Quadro RTX 8000
VRAM available: 47.3 GB
📁 Initialized new experiment folder: results_task2/run_42
   ├─ 🧠 Models:  results_task2/run_42/models
   ├─ 📊 Graphs:  results_task2/run_42/graphs
   └─ 📝 Results: results_task2/run_42/results.csv
Config loaded ✓
Loaded 3,255 entries
Train: 2,761  |  Val: 474  |  Test: 20
Dataset classes ready ✓
Model                  Parameters
----------------------------------
ResNet18               11,312,209
ResNet50               24,036,945
ConvNeXt_Tiny          28,021,361
Helpers ready ✓
Initializing Datasets and DataLoaders...

============================================================
  Training: ResNet18
============================================================
  [  1/30]  train=2.1512  val=1.5567 ← ✓
  [  2/30]  train=1.5170  val=1.2139 ← ✓
  [  3/30]  train=1.2544  val=0.9917 ← ✓
  [  4/30]  train=1.0881  val=0.8535 ← ✓
  [  5/30]  train=0.9270  val=0.7938 ← ✓
  [  6/30]  train=0.8318  val=0.7052 ← ✓
  [  7/30]  train=0.7515  val=0.6498 ← ✓
  [  8/30]  train=0.6344  val=0.5904 ← ✓
  [  9/30]  train=0.5783  val=0.5464 ← ✓
  [ 10/30]  train=0.5095  val=0.4646 ← ✓
  [ 11/30]  train=0.4815  val=0.4175 ← ✓
  [ 12/30]  train=0.4354  val=0.4658
  [ 13/30]  train=0.3833  val=0.4062 ← ✓
  [ 14/30]  train=0.3574  val=0.4028 ← ✓
  [ 15/30]  train=0.3225  val=0.3662 ← ✓
  [ 16/30]  train=0.2953  val=0.3943
  [ 17/30]  train=0.2723  val=0.3425 ← ✓
  [ 18/30]  train=0.2309  val=0.2913 ← ✓
  [ 19/30]  train=0.2266  val=0.2993
  [ 20/30]  train=0.1933  val=0.2950
  [ 21/30]  train=0.1907  val=0.3013
  [ 22/30]  train=0.1658  val=0.2995
  [ 23/30]  train=0.1573  val=0.2990
  [ 24/30]  train=0.1348  val=0.2888 ← ✓
  [ 25/30]  train=0.1324  val=0.2874 ← ✓
  [ 26/30]  train=0.1261  val=0.3005
  [ 27/30]  train=0.1165  val=0.2975
  [ 28/30]  train=0.1222  val=0.2799 ← ✓
  [ 29/30]  train=0.1114  val=0.2788 ← ✓
  [ 30/30]  train=0.1152  val=0.2796

  Test →  MAE=2.200  RMSE=3.362  Acc@1=0.600  ExactAcc=0.200

============================================================
  Training: ResNet50
============================================================
  [  1/30]  train=2.3152  val=1.6713 ← ✓
  [  2/30]  train=1.5038  val=1.3293 ← ✓
  [  3/30]  train=1.2052  val=0.9777 ← ✓
  [  4/30]  train=0.9886  val=0.8240 ← ✓
  [  5/30]  train=0.8198  val=0.6918 ← ✓
  [  6/30]  train=0.7276  val=0.6752 ← ✓
  [  7/30]  train=0.6352  val=0.6849
  [  8/30]  train=0.5635  val=0.5844 ← ✓
  [  9/30]  train=0.5006  val=0.4338 ← ✓
  [ 10/30]  train=0.4264  val=0.4613
  [ 11/30]  train=0.3950  val=0.4173 ← ✓
  [ 12/30]  train=0.3482  val=0.4045 ← ✓
  [ 13/30]  train=0.3216  val=0.3545 ← ✓
  [ 14/30]  train=0.2654  val=0.3292 ← ✓
  [ 15/30]  train=0.2429  val=0.3035 ← ✓
  [ 16/30]  train=0.2208  val=0.3403
  [ 17/30]  train=0.2002  val=0.2872 ← ✓
  [ 18/30]  train=0.1865  val=0.3162
  [ 19/30]  train=0.1690  val=0.3017
  [ 20/30]  train=0.1442  val=0.2966
  [ 21/30]  train=0.1269  val=0.3066
  [ 22/30]  train=0.1247  val=0.3356
  [ 23/30]  train=0.1063  val=0.3165
  [ 24/30]  train=0.1046  val=0.3273
  [ 25/30]  train=0.1006  val=0.3147
  [ 26/30]  train=0.0902  val=0.3244
  [ 27/30]  train=0.0934  val=0.3234
  [ 28/30]  train=0.0767  val=0.3318
  [ 29/30]  train=0.0882  val=0.3338
  [ 30/30]  train=0.0712  val=0.3250

  Test →  MAE=1.450  RMSE=1.962  Acc@1=0.600  ExactAcc=0.300

============================================================
  Training: ConvNeXt_Tiny
============================================================
  [  1/30]  train=2.0915  val=1.5316 ← ✓
  [  2/30]  train=1.3385  val=1.0810 ← ✓
  [  3/30]  train=1.0476  val=0.7839 ← ✓
  [  4/30]  train=0.8268  val=0.7135 ← ✓
  [  5/30]  train=0.7178  val=0.5428 ← ✓
  [  6/30]  train=0.5741  val=0.4552 ← ✓
  [  7/30]  train=0.4743  val=0.4199 ← ✓
  [  8/30]  train=0.4312  val=0.4650
  [  9/30]  train=0.3644  val=0.4151 ← ✓
  [ 10/30]  train=0.2861  val=0.3480 ← ✓
  [ 11/30]  train=0.2622  val=0.2940 ← ✓
  [ 12/30]  train=0.2122  val=0.2562 ← ✓
  [ 13/30]  train=0.1774  val=0.2847
  [ 14/30]  train=0.1637  val=0.2958
  [ 15/30]  train=0.1325  val=0.2523 ← ✓
  [ 16/30]  train=0.1317  val=0.2885
  [ 17/30]  train=0.1132  val=0.2150 ← ✓
  [ 18/30]  train=0.0981  val=0.2343
  [ 19/30]  train=0.0783  val=0.2497
  [ 20/30]  train=0.0860  val=0.2254
  [ 21/30]  train=0.0664  val=0.2316
  [ 22/30]  train=0.0517  val=0.2474
  [ 23/30]  train=0.0554  val=0.2491
  [ 24/30]  train=0.0580  val=0.2292
  [ 25/30]  train=0.0511  val=0.2320
  [ 26/30]  train=0.0508  val=0.2364
  [ 27/30]  train=0.0448  val=0.2379
  [ 28/30]  train=0.0431  val=0.2336
  [ 29/30]  train=0.0390  val=0.2371
  [ 30/30]  train=0.0403  val=0.2378

  Test →  MAE=1.650  RMSE=2.598  Acc@1=0.700  ExactAcc=0.200


All models done! Results saved to results_task2/run_42/results.csv
Saved: loss_curves.png
Saved: scatter_plots.png
Saved: error_distributions.png
           Model  MAE ↓  RMSE ↓  Acc@1 ↑  Exact ↑
1       ResNet50   1.45   1.962      0.6      0.3
2  ConvNeXt_Tiny   1.65   2.598      0.7      0.2
3       ResNet18   2.20   3.362      0.6      0.2
Saved: model_comparison.png
📊 Final Model Rankings saved to CSV:
 Rank         model                datasets_used  MAE   MSE    RMSE  Acc@1  ExactAcc
    1      ResNet50 main_dataset,extra-1,extra-5 1.45  3.85 1.96214    0.6       0.3
    2 ConvNeXt_Tiny main_dataset,extra-1,extra-5 1.65  6.75 2.59808    0.7       0.2
    3      ResNet18 main_dataset,extra-1,extra-5 2.20 11.30 3.36155    0.6       0.2
------------------------------------------------------------
🏆 Best model: ResNet50  (ExactAcc=0.300)
Running full evaluation on 20 test images using ResNet50...
Evaluating:   0%|          | 0/20 [00:00<?, ?it/s]

========================================
  FINAL TEST SET EVALUATION REPORT
========================================
Model Evaluated        : ResNet50
Total Images Evaluated : 20
MAE  (avg error)       : 1.450 balls
RMSE (penalty error)   : 1.962
Acc@1 (within ±1)      : 60.00%
Exact Accuracy         : 30.00%
========================================

🔍 Detailed error analysis saved to: results_task2/run_42/ResNet50_error_breakdown.csv

Top 5 Worst Predictions:
                                     Image_Name  Actual_Balls  Predicted_Balls  Error
185_png.rf.d2a971d3a33d7f290e313be493525277.jpg             4                8      4
118_png.rf.3e82e1f3d657302b61a62c113271b753.jpg            10               14      4
  1_png.rf.8199e7f82efa196a0732a582c5d2472e.jpg             2                5      3
134_png.rf.eafc70891a991c969df70bd817a63375.jpg            13               16      3
107_png.rf.f31cf99275d8de0c817398bad1fbb98c.jpg            14               11     -3
🔧 Parser running with datasets: ['main_dataset', 'extra-2', 'extra-3']
Loaded 247 partition rules from partition.csv

Success! Extracted 1463 images into parsed_dataset_catalog.json
Using device: cuda
GPU: Quadro RTX 8000
VRAM available: 47.3 GB
📁 Initialized new experiment folder: results_task2/run_43
   ├─ 🧠 Models:  results_task2/run_43/models
   ├─ 📊 Graphs:  results_task2/run_43/graphs
   └─ 📝 Results: results_task2/run_43/results.csv
Config loaded ✓
Loaded 1,463 entries
Train: 1,244  |  Val: 199  |  Test: 20
Dataset classes ready ✓
Model                  Parameters
----------------------------------
ResNet18               11,312,209
ResNet50               24,036,945
ConvNeXt_Tiny          28,021,361
Helpers ready ✓
Initializing Datasets and DataLoaders...

============================================================
  Training: ResNet18
============================================================
  [  1/30]  train=2.2316  val=1.9451 ← ✓
  [  2/30]  train=1.7661  val=1.5770 ← ✓
  [  3/30]  train=1.5231  val=1.4297 ← ✓
  [  4/30]  train=1.3795  val=1.3497 ← ✓
  [  5/30]  train=1.2552  val=1.2898 ← ✓
  [  6/30]  train=1.1622  val=1.1767 ← ✓
  [  7/30]  train=1.0367  val=1.0336 ← ✓
  [  8/30]  train=0.9303  val=0.9889 ← ✓
  [  9/30]  train=0.9198  val=0.9931
  [ 10/30]  train=0.8087  val=0.8906 ← ✓
  [ 11/30]  train=0.7652  val=0.9527
  [ 12/30]  train=0.6902  val=0.8468 ← ✓
  [ 13/30]  train=0.6026  val=0.7002 ← ✓
  [ 14/30]  train=0.5689  val=0.6830 ← ✓
  [ 15/30]  train=0.5354  val=0.7179
  [ 16/30]  train=0.4932  val=0.6396 ← ✓
  [ 17/30]  train=0.4226  val=0.5321 ← ✓
  [ 18/30]  train=0.4279  val=0.6221
  [ 19/30]  train=0.3826  val=0.5796
  [ 20/30]  train=0.3510  val=0.5553
  [ 21/30]  train=0.3283  val=0.5471
  [ 22/30]  train=0.2995  val=0.5308 ← ✓
  [ 23/30]  train=0.2795  val=0.5171 ← ✓
  [ 24/30]  train=0.2613  val=0.5047 ← ✓
  [ 25/30]  train=0.2533  val=0.4868 ← ✓
  [ 26/30]  train=0.2551  val=0.4895
  [ 27/30]  train=0.2363  val=0.5010
  [ 28/30]  train=0.2292  val=0.5034
  [ 29/30]  train=0.2239  val=0.5061
  [ 30/30]  train=0.2234  val=0.5061

  Test →  MAE=2.000  RMSE=2.846  Acc@1=0.500  ExactAcc=0.250

============================================================
  Training: ResNet50
============================================================
  [  1/30]  train=2.4507  val=2.1163 ← ✓
  [  2/30]  train=1.8753  val=1.7357 ← ✓
  [  3/30]  train=1.6492  val=1.5308 ← ✓
  [  4/30]  train=1.4621  val=1.3285 ← ✓
  [  5/30]  train=1.2968  val=1.3585
  [  6/30]  train=1.2066  val=1.2039 ← ✓
  [  7/30]  train=1.1060  val=1.0566 ← ✓
  [  8/30]  train=1.0109  val=1.0337 ← ✓
  [  9/30]  train=0.8922  val=0.8665 ← ✓
  [ 10/30]  train=0.8010  val=0.8489 ← ✓
  [ 11/30]  train=0.7107  val=0.7895 ← ✓
  [ 12/30]  train=0.6312  val=0.6480 ← ✓
  [ 13/30]  train=0.5764  val=0.5484 ← ✓
  [ 14/30]  train=0.4815  val=0.6302
  [ 15/30]  train=0.4634  val=0.5648
  [ 16/30]  train=0.4179  val=0.4911 ← ✓
  [ 17/30]  train=0.3383  val=0.5036
  [ 18/30]  train=0.3301  val=0.5254
  [ 19/30]  train=0.3119  val=0.5132
  [ 20/30]  train=0.2512  val=0.4780 ← ✓
  [ 21/30]  train=0.2235  val=0.4946
  [ 22/30]  train=0.1987  val=0.5322
  [ 23/30]  train=0.1830  val=0.5108
  [ 24/30]  train=0.1894  val=0.5043
  [ 25/30]  train=0.1492  val=0.4787
  [ 26/30]  train=0.1488  val=0.4838
  [ 27/30]  train=0.1502  val=0.4832
  [ 28/30]  train=0.1733  val=0.4983
  [ 29/30]  train=0.1378  val=0.4763 ← ✓
  [ 30/30]  train=0.1323  val=0.5039

  Test →  MAE=1.600  RMSE=2.345  Acc@1=0.600  ExactAcc=0.300

============================================================
  Training: ConvNeXt_Tiny
============================================================
  [  1/30]  train=2.1958  val=1.7324 ← ✓
  [  2/30]  train=1.5834  val=1.3764 ← ✓
  [  3/30]  train=1.3724  val=1.3069 ← ✓
  [  4/30]  train=1.1650  val=1.0610 ← ✓
  [  5/30]  train=1.0446  val=1.0853
  [  6/30]  train=0.9260  val=0.8976 ← ✓
  [  7/30]  train=0.7847  val=0.9496
  [  8/30]  train=0.7216  val=0.7828 ← ✓
  [  9/30]  train=0.6008  val=0.7178 ← ✓
  [ 10/30]  train=0.5424  val=0.6522 ← ✓
  [ 11/30]  train=0.4573  val=0.5399 ← ✓
  [ 12/30]  train=0.3830  val=0.6495
  [ 13/30]  train=0.3284  val=0.5486
  [ 14/30]  train=0.2884  val=0.5342 ← ✓
  [ 15/30]  train=0.2457  val=0.5207 ← ✓
  [ 16/30]  train=0.2002  val=0.5230
  [ 17/30]  train=0.1697  val=0.5366
  [ 18/30]  train=0.1672  val=0.5417
  [ 19/30]  train=0.1337  val=0.4600 ← ✓
  [ 20/30]  train=0.1316  val=0.5121
  [ 21/30]  train=0.1070  val=0.4988
  [ 22/30]  train=0.0873  val=0.5209
  [ 23/30]  train=0.0760  val=0.4719
  [ 24/30]  train=0.0776  val=0.5034
  [ 25/30]  train=0.0634  val=0.4921
  [ 26/30]  train=0.0676  val=0.5136
  [ 27/30]  train=0.0699  val=0.4968
  [ 28/30]  train=0.0680  val=0.4808
  [ 29/30]  train=0.0582  val=0.4885
  [ 30/30]  train=0.0653  val=0.4902

  Test →  MAE=1.000  RMSE=1.414  Acc@1=0.800  ExactAcc=0.350


All models done! Results saved to results_task2/run_43/results.csv
Saved: loss_curves.png
Saved: scatter_plots.png
Saved: error_distributions.png
           Model  MAE ↓  RMSE ↓  Acc@1 ↑  Exact ↑
1  ConvNeXt_Tiny    1.0   1.414      0.8     0.35
2       ResNet50    1.6   2.345      0.6     0.30
3       ResNet18    2.0   2.846      0.5     0.25
Saved: model_comparison.png
📊 Final Model Rankings saved to CSV:
 Rank         model                datasets_used  MAE  MSE    RMSE  Acc@1  ExactAcc
    1 ConvNeXt_Tiny main_dataset,extra-2,extra-3  1.0  2.0 1.41421    0.8      0.35
    2      ResNet50 main_dataset,extra-2,extra-3  1.6  5.5 2.34521    0.6      0.30
    3      ResNet18 main_dataset,extra-2,extra-3  2.0  8.1 2.84605    0.5      0.25
------------------------------------------------------------
🏆 Best model: ConvNeXt_Tiny  (ExactAcc=0.350)
Running full evaluation on 20 test images using ConvNeXt_Tiny...
Evaluating:   0%|          | 0/20 [00:00<?, ?it/s]

========================================
  FINAL TEST SET EVALUATION REPORT
========================================
Model Evaluated        : ConvNeXt_Tiny
Total Images Evaluated : 20
MAE  (avg error)       : 1.000 balls
RMSE (penalty error)   : 1.414
Acc@1 (within ±1)      : 80.00%
Exact Accuracy         : 35.00%
========================================

🔍 Detailed error analysis saved to: results_task2/run_43/ConvNeXt_Tiny_error_breakdown.csv

Top 5 Worst Predictions:
                                     Image_Name  Actual_Balls  Predicted_Balls  Error
185_png.rf.d2a971d3a33d7f290e313be493525277.jpg             4                7      3
 26_png.rf.58fd63888dc80d24e902a96995a31656.jpg            10                7     -3
144_png.rf.5c3890791bfecba0869eafb73fa3a4f5.jpg            15               12     -3
134_png.rf.eafc70891a991c969df70bd817a63375.jpg            13               11     -2
  1_png.rf.8199e7f82efa196a0732a582c5d2472e.jpg             2                3      1
🔧 Parser running with datasets: ['main_dataset', 'extra-2', 'extra-4']
Loaded 247 partition rules from partition.csv

Success! Extracted 913 images into parsed_dataset_catalog.json
Using device: cuda
GPU: Quadro RTX 8000
VRAM available: 47.3 GB
📁 Initialized new experiment folder: results_task2/run_44
   ├─ 🧠 Models:  results_task2/run_44/models
   ├─ 📊 Graphs:  results_task2/run_44/graphs
   └─ 📝 Results: results_task2/run_44/results.csv
Config loaded ✓
Loaded 913 entries
Train: 779  |  Val: 114  |  Test: 20
Dataset classes ready ✓
Model                  Parameters
----------------------------------
ResNet18               11,312,209
ResNet50               24,036,945
ConvNeXt_Tiny          28,021,361
Helpers ready ✓
Initializing Datasets and DataLoaders...

============================================================
  Training: ResNet18
============================================================
  [  1/30]  train=1.3076  val=0.7790 ← ✓
  [  2/30]  train=0.8304  val=0.6881 ← ✓
  [  3/30]  train=0.7422  val=0.6398 ← ✓
  [  4/30]  train=0.6965  val=0.6224 ← ✓
  [  5/30]  train=0.6738  val=0.5173 ← ✓
  [  6/30]  train=0.6558  val=0.5340
  [  7/30]  train=0.6255  val=0.4891 ← ✓
  [  8/30]  train=0.5849  val=0.4788 ← ✓
  [  9/30]  train=0.5849  val=0.4928
  [ 10/30]  train=0.5439  val=0.4317 ← ✓
  [ 11/30]  train=0.5180  val=0.4334
  [ 12/30]  train=0.4838  val=0.4285 ← ✓
  [ 13/30]  train=0.4590  val=0.4703
  [ 14/30]  train=0.4885  val=0.4239 ← ✓
  [ 15/30]  train=0.4227  val=0.3860 ← ✓
  [ 16/30]  train=0.3907  val=0.3607 ← ✓
  [ 17/30]  train=0.3950  val=0.4012
  [ 18/30]  train=0.3584  val=0.3853
  [ 19/30]  train=0.3516  val=0.3758
  [ 20/30]  train=0.3178  val=0.4254
  [ 21/30]  train=0.3048  val=0.4018
  [ 22/30]  train=0.2940  val=0.3735
  [ 23/30]  train=0.2715  val=0.4123
  [ 24/30]  train=0.2571  val=0.4147
  [ 25/30]  train=0.2479  val=0.4062
  [ 26/30]  train=0.2423  val=0.3940
  [ 27/30]  train=0.2282  val=0.3806
  [ 28/30]  train=0.2337  val=0.3845
  [ 29/30]  train=0.2273  val=0.3965
  [ 30/30]  train=0.2311  val=0.3960

  Test →  MAE=2.050  RMSE=2.890  Acc@1=0.500  ExactAcc=0.200

============================================================
  Training: ResNet50
============================================================
  [  1/30]  train=1.5777  val=0.9688 ← ✓
  [  2/30]  train=0.8947  val=0.7840 ← ✓
  [  3/30]  train=0.8152  val=0.7011 ← ✓
  [  4/30]  train=0.7428  val=0.6839 ← ✓
  [  5/30]  train=0.7168  val=0.6222 ← ✓
  [  6/30]  train=0.6676  val=0.5849 ← ✓
  [  7/30]  train=0.6257  val=0.6012
  [  8/30]  train=0.6209  val=0.5417 ← ✓
  [  9/30]  train=0.5785  val=0.5448
  [ 10/30]  train=0.5718  val=0.5187 ← ✓
  [ 11/30]  train=0.5459  val=0.4897 ← ✓
  [ 12/30]  train=0.5068  val=0.4449 ← ✓
  [ 13/30]  train=0.4725  val=0.4730
  [ 14/30]  train=0.4632  val=0.4246 ← ✓
  [ 15/30]  train=0.4482  val=0.3992 ← ✓
  [ 16/30]  train=0.4007  val=0.3912 ← ✓
  [ 17/30]  train=0.3988  val=0.3991
  [ 18/30]  train=0.3811  val=0.3804 ← ✓
  [ 19/30]  train=0.3586  val=0.3935
  [ 20/30]  train=0.3451  val=0.3945
  [ 21/30]  train=0.3211  val=0.4295
  [ 22/30]  train=0.2775  val=0.4208
  [ 23/30]  train=0.2782  val=0.4036
  [ 24/30]  train=0.2690  val=0.4207
  [ 25/30]  train=0.2626  val=0.4681
  [ 26/30]  train=0.2616  val=0.4506
  [ 27/30]  train=0.2237  val=0.4946
  [ 28/30]  train=0.2350  val=0.4495
  [ 29/30]  train=0.2383  val=0.4489
  [ 30/30]  train=0.2409  val=0.4626

  Test →  MAE=2.150  RMSE=2.907  Acc@1=0.550  ExactAcc=0.200

============================================================
  Training: ConvNeXt_Tiny
============================================================
  [  1/30]  train=1.1469  val=0.7710 ← ✓
  [  2/30]  train=0.7940  val=0.6470 ← ✓
  [  3/30]  train=0.7215  val=0.6119 ← ✓
  [  4/30]  train=0.6855  val=0.5560 ← ✓
  [  5/30]  train=0.6247  val=0.5382 ← ✓
  [  6/30]  train=0.5774  val=0.4979 ← ✓
  [  7/30]  train=0.5634  val=0.5129
  [  8/30]  train=0.5276  val=0.4349 ← ✓
  [  9/30]  train=0.5025  val=0.4502
  [ 10/30]  train=0.4346  val=0.4382
  [ 11/30]  train=0.4047  val=0.4422
  [ 12/30]  train=0.3694  val=0.4139 ← ✓
  [ 13/30]  train=0.3305  val=0.4065 ← ✓
  [ 14/30]  train=0.3216  val=0.3944 ← ✓
  [ 15/30]  train=0.2872  val=0.4294
  [ 16/30]  train=0.2486  val=0.4459
  [ 17/30]  train=0.2275  val=0.4176
  [ 18/30]  train=0.2052  val=0.4988
  [ 19/30]  train=0.1933  val=0.4046
  [ 20/30]  train=0.1565  val=0.4162
  [ 21/30]  train=0.1562  val=0.4028
  [ 22/30]  train=0.1284  val=0.4192
  [ 23/30]  train=0.1290  val=0.4143
  [ 24/30]  train=0.1311  val=0.4600
  [ 25/30]  train=0.1207  val=0.4382
  [ 26/30]  train=0.1032  val=0.4545
  [ 27/30]  train=0.1079  val=0.4411
  [ 28/30]  train=0.1040  val=0.4395
  [ 29/30]  train=0.1081  val=0.4411
  [ 30/30]  train=0.1056  val=0.4413

  Test →  MAE=1.550  RMSE=1.884  Acc@1=0.600  ExactAcc=0.100


All models done! Results saved to results_task2/run_44/results.csv
Saved: loss_curves.png
Saved: scatter_plots.png
Saved: error_distributions.png
           Model  MAE ↓  RMSE ↓  Acc@1 ↑  Exact ↑
1  ConvNeXt_Tiny   1.55   1.884     0.60      0.1
2       ResNet18   2.05   2.890     0.50      0.2
3       ResNet50   2.15   2.907     0.55      0.2
Saved: model_comparison.png
📊 Final Model Rankings saved to CSV:
 Rank         model                datasets_used  MAE  MSE    RMSE  Acc@1  ExactAcc
    1      ResNet18 main_dataset,extra-2,extra-4 2.05 8.35 2.88964   0.50       0.2
    2      ResNet50 main_dataset,extra-2,extra-4 2.15 8.45 2.90689   0.55       0.2
    3 ConvNeXt_Tiny main_dataset,extra-2,extra-4 1.55 3.55 1.88414   0.60       0.1
------------------------------------------------------------
🏆 Best model: ResNet18  (ExactAcc=0.200)
Running full evaluation on 20 test images using ResNet18...
Evaluating:   0%|          | 0/20 [00:00<?, ?it/s]

========================================
  FINAL TEST SET EVALUATION REPORT
========================================
Model Evaluated        : ResNet18
Total Images Evaluated : 20
MAE  (avg error)       : 2.050 balls
RMSE (penalty error)   : 2.890
Acc@1 (within ±1)      : 50.00%
Exact Accuracy         : 20.00%
========================================

🔍 Detailed error analysis saved to: results_task2/run_44/ResNet18_error_breakdown.csv

Top 5 Worst Predictions:
                                     Image_Name  Actual_Balls  Predicted_Balls  Error
  9_png.rf.3a4164e5647feea77eb3062be7e65aea.jpg             7               14      7
181_png.rf.23ccd3b4b31a6fef484f7f0d25cf89d7.jpg            16                9     -7
 26_png.rf.58fd63888dc80d24e902a96995a31656.jpg            10                5     -5
  1_png.rf.8199e7f82efa196a0732a582c5d2472e.jpg             2                5      3
136_png.rf.e99c3dfd6e84ce294cdabc3bb5ee8a75.jpg            12               15      3
🔧 Parser running with datasets: ['main_dataset', 'extra-2', 'extra-5']
Loaded 247 partition rules from partition.csv

Success! Extracted 2898 images into parsed_dataset_catalog.json
Using device: cuda
GPU: Quadro RTX 8000
VRAM available: 47.3 GB
📁 Initialized new experiment folder: results_task2/run_45
   ├─ 🧠 Models:  results_task2/run_45/models
   ├─ 📊 Graphs:  results_task2/run_45/graphs
   └─ 📝 Results: results_task2/run_45/results.csv
Config loaded ✓
Loaded 2,898 entries
Train: 2,507  |  Val: 371  |  Test: 20
Dataset classes ready ✓
Model                  Parameters
----------------------------------
ResNet18               11,312,209
ResNet50               24,036,945
ConvNeXt_Tiny          28,021,361
Helpers ready ✓
Initializing Datasets and DataLoaders...

============================================================
  Training: ResNet18
============================================================
  [  1/30]  train=2.0984  val=1.4703 ← ✓
  [  2/30]  train=1.4501  val=1.0657 ← ✓
  [  3/30]  train=1.1881  val=0.8549 ← ✓
  [  4/30]  train=1.0108  val=0.8077 ← ✓
  [  5/30]  train=0.8664  val=0.7281 ← ✓
  [  6/30]  train=0.7617  val=0.5875 ← ✓
  [  7/30]  train=0.7035  val=0.5205 ← ✓
  [  8/30]  train=0.6194  val=0.5428
  [  9/30]  train=0.5789  val=0.5097 ← ✓
  [ 10/30]  train=0.5216  val=0.4769 ← ✓
  [ 11/30]  train=0.4455  val=0.3800 ← ✓
  [ 12/30]  train=0.4339  val=0.3820
  [ 13/30]  train=0.3785  val=0.3202 ← ✓
  [ 14/30]  train=0.3448  val=0.3353
  [ 15/30]  train=0.3075  val=0.3069 ← ✓
  [ 16/30]  train=0.2903  val=0.3225
  [ 17/30]  train=0.2575  val=0.2712 ← ✓
  [ 18/30]  train=0.2287  val=0.2504 ← ✓
  [ 19/30]  train=0.2132  val=0.2360 ← ✓
  [ 20/30]  train=0.1999  val=0.2200 ← ✓
  [ 21/30]  train=0.1730  val=0.2118 ← ✓
  [ 22/30]  train=0.1665  val=0.2115 ← ✓
  [ 23/30]  train=0.1560  val=0.2015 ← ✓
  [ 24/30]  train=0.1479  val=0.1924 ← ✓
  [ 25/30]  train=0.1390  val=0.1846 ← ✓
  [ 26/30]  train=0.1262  val=0.1861
  [ 27/30]  train=0.1283  val=0.1824 ← ✓
  [ 28/30]  train=0.1244  val=0.1854
  [ 29/30]  train=0.1182  val=0.1846
  [ 30/30]  train=0.1140  val=0.1770 ← ✓

  Test →  MAE=1.850  RMSE=3.074  Acc@1=0.600  ExactAcc=0.300

============================================================
  Training: ResNet50
============================================================
  [  1/30]  train=2.2598  val=1.5958 ← ✓
  [  2/30]  train=1.5091  val=1.1498 ← ✓
  [  3/30]  train=1.2134  val=0.9783 ← ✓
  [  4/30]  train=0.9873  val=0.8366 ← ✓
  [  5/30]  train=0.8526  val=0.7830 ← ✓
  [  6/30]  train=0.7301  val=0.6199 ← ✓
  [  7/30]  train=0.6144  val=0.5656 ← ✓
  [  8/30]  train=0.5443  val=0.5436 ← ✓
  [  9/30]  train=0.5098  val=0.4665 ← ✓
  [ 10/30]  train=0.4338  val=0.4399 ← ✓
  [ 11/30]  train=0.3996  val=0.4279 ← ✓
  [ 12/30]  train=0.3425  val=0.3236 ← ✓
  [ 13/30]  train=0.3070  val=0.3243
  [ 14/30]  train=0.2861  val=0.3169 ← ✓
  [ 15/30]  train=0.2543  val=0.3020 ← ✓
  [ 16/30]  train=0.2263  val=0.2613 ← ✓
  [ 17/30]  train=0.1966  val=0.2682
  [ 18/30]  train=0.1717  val=0.2769
  [ 19/30]  train=0.1612  val=0.2511 ← ✓
  [ 20/30]  train=0.1368  val=0.2790
  [ 21/30]  train=0.1321  val=0.2472 ← ✓
  [ 22/30]  train=0.1174  val=0.2737
  [ 23/30]  train=0.1122  val=0.2672
  [ 24/30]  train=0.0968  val=0.2800
  [ 25/30]  train=0.0939  val=0.2765
  [ 26/30]  train=0.0925  val=0.2704
  [ 27/30]  train=0.0827  val=0.2641
  [ 28/30]  train=0.0867  val=0.2778
  [ 29/30]  train=0.0868  val=0.2691
  [ 30/30]  train=0.0785  val=0.2688

  Test →  MAE=1.800  RMSE=2.588  Acc@1=0.600  ExactAcc=0.250

============================================================
  Training: ConvNeXt_Tiny
============================================================
  [  1/30]  train=2.0566  val=1.4336 ← ✓
  [  2/30]  train=1.3727  val=1.0936 ← ✓
  [  3/30]  train=1.0354  val=0.7572 ← ✓
  [  4/30]  train=0.8020  val=0.6462 ← ✓
  [  5/30]  train=0.6753  val=0.5525 ← ✓
  [  6/30]  train=0.5719  val=0.4335 ← ✓
  [  7/30]  train=0.4682  val=0.4435
  [  8/30]  train=0.4153  val=0.3831 ← ✓
  [  9/30]  train=0.3412  val=0.4013
  [ 10/30]  train=0.3133  val=0.3134 ← ✓
  [ 11/30]  train=0.2367  val=0.2938 ← ✓
  [ 12/30]  train=0.2084  val=0.2561 ← ✓
  [ 13/30]  train=0.1791  val=0.2705
  [ 14/30]  train=0.1706  val=0.2760
  [ 15/30]  train=0.1415  val=0.2693
  [ 16/30]  train=0.1351  val=0.2665
  [ 17/30]  train=0.1051  val=0.2074 ← ✓
  [ 18/30]  train=0.1073  val=0.1995 ← ✓
  [ 19/30]  train=0.0842  val=0.1998
  [ 20/30]  train=0.0784  val=0.2369
  [ 21/30]  train=0.0709  val=0.1969 ← ✓
  [ 22/30]  train=0.0612  val=0.2096
  [ 23/30]  train=0.0564  val=0.1981
  [ 24/30]  train=0.0479  val=0.2094
  [ 25/30]  train=0.0492  val=0.2072
  [ 26/30]  train=0.0436  val=0.2187
  [ 27/30]  train=0.0480  val=0.2159
  [ 28/30]  train=0.0442  val=0.2196
  [ 29/30]  train=0.0456  val=0.2205
  [ 30/30]  train=0.0450  val=0.2204

  Test →  MAE=1.550  RMSE=2.480  Acc@1=0.700  ExactAcc=0.200


All models done! Results saved to results_task2/run_45/results.csv
Saved: loss_curves.png
Saved: scatter_plots.png
Saved: error_distributions.png
           Model  MAE ↓  RMSE ↓  Acc@1 ↑  Exact ↑
1  ConvNeXt_Tiny   1.55   2.480      0.7     0.20
2       ResNet50   1.80   2.588      0.6     0.25
3       ResNet18   1.85   3.074      0.6     0.30
Saved: model_comparison.png
📊 Final Model Rankings saved to CSV:
 Rank         model                datasets_used  MAE  MSE    RMSE  Acc@1  ExactAcc
    1      ResNet18 main_dataset,extra-2,extra-5 1.85 9.45 3.07409    0.6      0.30
    2      ResNet50 main_dataset,extra-2,extra-5 1.80 6.70 2.58844    0.6      0.25
    3 ConvNeXt_Tiny main_dataset,extra-2,extra-5 1.55 6.15 2.47992    0.7      0.20
------------------------------------------------------------
🏆 Best model: ResNet18  (ExactAcc=0.300)
Running full evaluation on 20 test images using ResNet18...
Evaluating:   0%|          | 0/20 [00:00<?, ?it/s]

========================================
  FINAL TEST SET EVALUATION REPORT
========================================
Model Evaluated        : ResNet18
Total Images Evaluated : 20
MAE  (avg error)       : 1.850 balls
RMSE (penalty error)   : 3.074
Acc@1 (within ±1)      : 60.00%
Exact Accuracy         : 30.00%
========================================

🔍 Detailed error analysis saved to: results_task2/run_45/ResNet18_error_breakdown.csv

Top 5 Worst Predictions:
                                     Image_Name  Actual_Balls  Predicted_Balls  Error
181_png.rf.23ccd3b4b31a6fef484f7f0d25cf89d7.jpg            16                6    -10
  9_png.rf.3a4164e5647feea77eb3062be7e65aea.jpg             7               14      7
  1_png.rf.8199e7f82efa196a0732a582c5d2472e.jpg             2                5      3
107_png.rf.f31cf99275d8de0c817398bad1fbb98c.jpg            14               11     -3
185_png.rf.d2a971d3a33d7f290e313be493525277.jpg             4                6      2
🔧 Parser running with datasets: ['main_dataset', 'extra-3', 'extra-4']
Loaded 247 partition rules from partition.csv

Success! Extracted 1867 images into parsed_dataset_catalog.json
Using device: cuda
GPU: Quadro RTX 8000
VRAM available: 47.3 GB
📁 Initialized new experiment folder: results_task2/run_46
   ├─ 🧠 Models:  results_task2/run_46/models
   ├─ 📊 Graphs:  results_task2/run_46/graphs
   └─ 📝 Results: results_task2/run_46/results.csv
Config loaded ✓
Loaded 1,867 entries
Train: 1,608  |  Val: 239  |  Test: 20
Dataset classes ready ✓
Model                  Parameters
----------------------------------
ResNet18               11,312,209
ResNet50               24,036,945
ConvNeXt_Tiny          28,021,361
Helpers ready ✓
Initializing Datasets and DataLoaders...

============================================================
  Training: ResNet18
============================================================
  [  1/30]  train=1.8517  val=1.5677 ← ✓
  [  2/30]  train=1.4101  val=1.1885 ← ✓
  [  3/30]  train=1.2382  val=1.1735 ← ✓
  [  4/30]  train=1.1003  val=1.0624 ← ✓
  [  5/30]  train=0.9904  val=0.9148 ← ✓
  [  6/30]  train=0.9208  val=0.9242
  [  7/30]  train=0.8366  val=0.8893 ← ✓
  [  8/30]  train=0.7752  val=0.8016 ← ✓
  [  9/30]  train=0.6750  val=0.7091 ← ✓
  [ 10/30]  train=0.6354  val=0.7236
  [ 11/30]  train=0.5798  val=0.6743 ← ✓
  [ 12/30]  train=0.5619  val=0.5920 ← ✓
  [ 13/30]  train=0.4961  val=0.5695 ← ✓
  [ 14/30]  train=0.4540  val=0.5747
  [ 15/30]  train=0.4180  val=0.5758
  [ 16/30]  train=0.3883  val=0.5745
  [ 17/30]  train=0.3607  val=0.5024 ← ✓
  [ 18/30]  train=0.3034  val=0.5176
  [ 19/30]  train=0.2894  val=0.4994 ← ✓
  [ 20/30]  train=0.2607  val=0.5231
  [ 21/30]  train=0.2278  val=0.4832 ← ✓
  [ 22/30]  train=0.2339  val=0.4702 ← ✓
  [ 23/30]  train=0.2115  val=0.4902
  [ 24/30]  train=0.1872  val=0.4949
  [ 25/30]  train=0.1823  val=0.4910
  [ 26/30]  train=0.1654  val=0.4736
  [ 27/30]  train=0.1754  val=0.4777
  [ 28/30]  train=0.1567  val=0.4846
  [ 29/30]  train=0.1611  val=0.4793
  [ 30/30]  train=0.1631  val=0.4898

  Test →  MAE=1.650  RMSE=2.202  Acc@1=0.700  ExactAcc=0.100

============================================================
  Training: ResNet50
============================================================
  [  1/30]  train=2.0628  val=1.7557 ← ✓
  [  2/30]  train=1.5112  val=1.3079 ← ✓
  [  3/30]  train=1.2549  val=1.0857 ← ✓
  [  4/30]  train=1.1076  val=1.1374
  [  5/30]  train=0.9722  val=0.9060 ← ✓
  [  6/30]  train=0.8635  val=0.8614 ← ✓
  [  7/30]  train=0.8222  val=0.7677 ← ✓
  [  8/30]  train=0.7109  val=0.7850
  [  9/30]  train=0.6256  val=0.6300 ← ✓
  [ 10/30]  train=0.5480  val=0.6381
  [ 11/30]  train=0.4895  val=0.5476 ← ✓
  [ 12/30]  train=0.4496  val=0.5184 ← ✓
  [ 13/30]  train=0.3767  val=0.5857
  [ 14/30]  train=0.3443  val=0.5829
  [ 15/30]  train=0.2973  val=0.4972 ← ✓
  [ 16/30]  train=0.2693  val=0.5499
  [ 17/30]  train=0.2190  val=0.5145
  [ 18/30]  train=0.2137  val=0.5538
  [ 19/30]  train=0.1846  val=0.4843 ← ✓
  [ 20/30]  train=0.1575  val=0.5416
  [ 21/30]  train=0.1527  val=0.4816 ← ✓
  [ 22/30]  train=0.1229  val=0.4914
  [ 23/30]  train=0.1021  val=0.5073
  [ 24/30]  train=0.1098  val=0.4942
  [ 25/30]  train=0.0800  val=0.4910
  [ 26/30]  train=0.0922  val=0.4816 ← ✓
  [ 27/30]  train=0.0881  val=0.4651 ← ✓
  [ 28/30]  train=0.0764  val=0.5032
  [ 29/30]  train=0.0796  val=0.4831
  [ 30/30]  train=0.0791  val=0.4822

  Test →  MAE=1.050  RMSE=1.936  Acc@1=0.750  ExactAcc=0.500

============================================================
  Training: ConvNeXt_Tiny
============================================================
  [  1/30]  train=1.8164  val=1.4555 ← ✓
  [  2/30]  train=1.2743  val=1.1542 ← ✓
  [  3/30]  train=1.0909  val=0.9992 ← ✓
  [  4/30]  train=0.9441  val=0.9131 ← ✓
  [  5/30]  train=0.8131  val=0.7712 ← ✓
  [  6/30]  train=0.6689  val=0.6546 ← ✓
  [  7/30]  train=0.5835  val=0.6398 ← ✓
  [  8/30]  train=0.4947  val=0.6127 ← ✓
  [  9/30]  train=0.4405  val=0.5032 ← ✓
  [ 10/30]  train=0.3908  val=0.5663
  [ 11/30]  train=0.3497  val=0.6228
  [ 12/30]  train=0.2622  val=0.4774 ← ✓
  [ 13/30]  train=0.2532  val=0.5265
  [ 14/30]  train=0.1819  val=0.4387 ← ✓
  [ 15/30]  train=0.1749  val=0.5705
  [ 16/30]  train=0.1432  val=0.5027
  [ 17/30]  train=0.1192  val=0.4585
  [ 18/30]  train=0.1064  val=0.4533
  [ 19/30]  train=0.0806  val=0.4265 ← ✓
  [ 20/30]  train=0.0880  val=0.4883
  [ 21/30]  train=0.0679  val=0.4762
  [ 22/30]  train=0.0648  val=0.5168
  [ 23/30]  train=0.0485  val=0.5040
  [ 24/30]  train=0.0475  val=0.5078
  [ 25/30]  train=0.0461  val=0.5030
  [ 26/30]  train=0.0302  val=0.5086
  [ 27/30]  train=0.0400  val=0.5115
  [ 28/30]  train=0.0336  val=0.5102
  [ 29/30]  train=0.0313  val=0.5073
  [ 30/30]  train=0.0340  val=0.5070

  Test →  MAE=1.050  RMSE=1.396  Acc@1=0.750  ExactAcc=0.300


All models done! Results saved to results_task2/run_46/results.csv
Saved: loss_curves.png
Saved: scatter_plots.png
Saved: error_distributions.png
           Model  MAE ↓  RMSE ↓  Acc@1 ↑  Exact ↑
1  ConvNeXt_Tiny   1.05   1.396     0.75      0.3
2       ResNet50   1.05   1.936     0.75      0.5
3       ResNet18   1.65   2.202     0.70      0.1
Saved: model_comparison.png
📊 Final Model Rankings saved to CSV:
 Rank         model                datasets_used  MAE  MSE    RMSE  Acc@1  ExactAcc
    1      ResNet50 main_dataset,extra-3,extra-4 1.05 3.75 1.93649   0.75       0.5
    2 ConvNeXt_Tiny main_dataset,extra-3,extra-4 1.05 1.95 1.39642   0.75       0.3
    3      ResNet18 main_dataset,extra-3,extra-4 1.65 4.85 2.20227   0.70       0.1
------------------------------------------------------------
🏆 Best model: ResNet50  (ExactAcc=0.500)
Running full evaluation on 20 test images using ResNet50...
Evaluating:   0%|          | 0/20 [00:00<?, ?it/s]

========================================
  FINAL TEST SET EVALUATION REPORT
========================================
Model Evaluated        : ResNet50
Total Images Evaluated : 20
MAE  (avg error)       : 1.050 balls
RMSE (penalty error)   : 1.936
Acc@1 (within ±1)      : 75.00%
Exact Accuracy         : 50.00%
========================================

🔍 Detailed error analysis saved to: results_task2/run_46/ResNet50_error_breakdown.csv

Top 5 Worst Predictions:
                                     Image_Name  Actual_Balls  Predicted_Balls  Error
 94_png.rf.914de818a4ff0d086b7cb41abc8b95fd.jpg             9               16      7
185_png.rf.d2a971d3a33d7f290e313be493525277.jpg             4                7      3
118_png.rf.3e82e1f3d657302b61a62c113271b753.jpg            10               12      2
 49_png.rf.34dd21e67336cfaacfc62268433a9c2d.jpg            13               11     -2
134_png.rf.eafc70891a991c969df70bd817a63375.jpg            13               11     -2
🔧 Parser running with datasets: ['main_dataset', 'extra-3', 'extra-5']
Loaded 247 partition rules from partition.csv

Success! Extracted 3852 images into parsed_dataset_catalog.json
Using device: cuda
GPU: Quadro RTX 8000
VRAM available: 47.3 GB
📁 Initialized new experiment folder: results_task2/run_47
   ├─ 🧠 Models:  results_task2/run_47/models
   ├─ 📊 Graphs:  results_task2/run_47/graphs
   └─ 📝 Results: results_task2/run_47/results.csv
Config loaded ✓
Loaded 3,852 entries
Train: 3,268  |  Val: 564  |  Test: 20
Dataset classes ready ✓
Model                  Parameters
----------------------------------
ResNet18               11,312,209
ResNet50               24,036,945
ConvNeXt_Tiny          28,021,361
Helpers ready ✓
Initializing Datasets and DataLoaders...

============================================================
  Training: ResNet18
============================================================
  [  1/30]  train=2.1753  val=1.5523 ← ✓
  [  2/30]  train=1.5617  val=1.1952 ← ✓
  [  3/30]  train=1.3120  val=0.9964 ← ✓
  [  4/30]  train=1.1622  val=0.9227 ← ✓
  [  5/30]  train=0.9914  val=0.7777 ← ✓
  [  6/30]  train=0.8618  val=0.7051 ← ✓
  [  7/30]  train=0.7956  val=0.6228 ← ✓
  [  8/30]  train=0.6914  val=0.6220 ← ✓
  [  9/30]  train=0.6361  val=0.6322
  [ 10/30]  train=0.5738  val=0.5187 ← ✓
  [ 11/30]  train=0.5092  val=0.4507 ← ✓
  [ 12/30]  train=0.4568  val=0.4173 ← ✓
  [ 13/30]  train=0.4365  val=0.4326
  [ 14/30]  train=0.3959  val=0.4147 ← ✓
  [ 15/30]  train=0.3568  val=0.3447 ← ✓
  [ 16/30]  train=0.3136  val=0.3163 ← ✓
  [ 17/30]  train=0.2844  val=0.3099 ← ✓
  [ 18/30]  train=0.2498  val=0.2835 ← ✓
  [ 19/30]  train=0.2391  val=0.2999
  [ 20/30]  train=0.2144  val=0.2630 ← ✓
  [ 21/30]  train=0.1978  val=0.2532 ← ✓
  [ 22/30]  train=0.1757  val=0.2404 ← ✓
  [ 23/30]  train=0.1586  val=0.2371 ← ✓
  [ 24/30]  train=0.1499  val=0.2453
  [ 25/30]  train=0.1399  val=0.2506
  [ 26/30]  train=0.1350  val=0.2323 ← ✓
  [ 27/30]  train=0.1339  val=0.2287 ← ✓
  [ 28/30]  train=0.1223  val=0.2371
  [ 29/30]  train=0.1227  val=0.2336
  [ 30/30]  train=0.1231  val=0.2353

  Test →  MAE=1.700  RMSE=2.429  Acc@1=0.600  ExactAcc=0.250

============================================================
  Training: ResNet50
============================================================
  [  1/30]  train=2.3091  val=1.6252 ← ✓
  [  2/30]  train=1.5782  val=1.2081 ← ✓
  [  3/30]  train=1.2706  val=1.0659 ← ✓
  [  4/30]  train=1.1055  val=0.8874 ← ✓
  [  5/30]  train=0.9464  val=0.8190 ← ✓
  [  6/30]  train=0.8030  val=0.6361 ← ✓
  [  7/30]  train=0.6804  val=0.6051 ← ✓
  [  8/30]  train=0.5934  val=0.5095 ← ✓
  [  9/30]  train=0.5117  val=0.4425 ← ✓
  [ 10/30]  train=0.4615  val=0.4134 ← ✓
  [ 11/30]  train=0.4189  val=0.3625 ← ✓
  [ 12/30]  train=0.3712  val=0.3457 ← ✓
  [ 13/30]  train=0.3254  val=0.3732
  [ 14/30]  train=0.2749  val=0.3130 ← ✓
  [ 15/30]  train=0.2506  val=0.2790 ← ✓
  [ 16/30]  train=0.2163  val=0.3216
  [ 17/30]  train=0.1919  val=0.2906
  [ 18/30]  train=0.1611  val=0.2676 ← ✓
  [ 19/30]  train=0.1487  val=0.2540 ← ✓
  [ 20/30]  train=0.1113  val=0.2949
  [ 21/30]  train=0.1057  val=0.2516 ← ✓
  [ 22/30]  train=0.0953  val=0.2533
  [ 23/30]  train=0.0824  val=0.2664
  [ 24/30]  train=0.0795  val=0.2716
  [ 25/30]  train=0.0727  val=0.2664
  [ 26/30]  train=0.0635  val=0.2637
  [ 27/30]  train=0.0652  val=0.2625
  [ 28/30]  train=0.0645  val=0.2691
  [ 29/30]  train=0.0589  val=0.2761
  [ 30/30]  train=0.0557  val=0.2687

  Test →  MAE=1.750  RMSE=2.439  Acc@1=0.600  ExactAcc=0.200

============================================================
  Training: ConvNeXt_Tiny
============================================================
  [  1/30]  train=2.0374  val=1.4374 ← ✓
  [  2/30]  train=1.4111  val=1.2589 ← ✓
  [  3/30]  train=1.1437  val=0.9435 ← ✓
  [  4/30]  train=0.9295  val=0.8078 ← ✓
  [  5/30]  train=0.7723  val=0.6461 ← ✓
  [  6/30]  train=0.6415  val=0.6056 ← ✓
  [  7/30]  train=0.5584  val=0.4579 ← ✓
  [  8/30]  train=0.4738  val=0.4978
  [  9/30]  train=0.3728  val=0.3329 ← ✓
  [ 10/30]  train=0.3283  val=0.3101 ← ✓
  [ 11/30]  train=0.3029  val=0.2898 ← ✓
  [ 12/30]  train=0.2287  val=0.2656 ← ✓
  [ 13/30]  train=0.1928  val=0.2910
  [ 14/30]  train=0.1664  val=0.2566 ← ✓
  [ 15/30]  train=0.1529  val=0.2296 ← ✓
  [ 16/30]  train=0.1421  val=0.2400
  [ 17/30]  train=0.1236  val=0.2024 ← ✓
  [ 18/30]  train=0.0934  val=0.2088
  [ 19/30]  train=0.0825  val=0.2211
  [ 20/30]  train=0.0750  val=0.2091
  [ 21/30]  train=0.0659  val=0.2221
  [ 22/30]  train=0.0518  val=0.2078
  [ 23/30]  train=0.0516  val=0.2282
  [ 24/30]  train=0.0478  val=0.2179
  [ 25/30]  train=0.0418  val=0.2251
  [ 26/30]  train=0.0384  val=0.2298
  [ 27/30]  train=0.0490  val=0.2233
  [ 28/30]  train=0.0388  val=0.2226
  [ 29/30]  train=0.0401  val=0.2194
  [ 30/30]  train=0.0341  val=0.2200

  Test →  MAE=1.100  RMSE=1.517  Acc@1=0.750  ExactAcc=0.300


All models done! Results saved to results_task2/run_47/results.csv
Saved: loss_curves.png
Saved: scatter_plots.png
Saved: error_distributions.png
           Model  MAE ↓  RMSE ↓  Acc@1 ↑  Exact ↑
1  ConvNeXt_Tiny   1.10   1.517     0.75     0.30
2       ResNet18   1.70   2.429     0.60     0.25
3       ResNet50   1.75   2.439     0.60     0.20
Saved: model_comparison.png
📊 Final Model Rankings saved to CSV:
 Rank         model                datasets_used  MAE  MSE    RMSE  Acc@1  ExactAcc
    1 ConvNeXt_Tiny main_dataset,extra-3,extra-5 1.10 2.30 1.51658   0.75      0.30
    2      ResNet18 main_dataset,extra-3,extra-5 1.70 5.90 2.42899   0.60      0.25
    3      ResNet50 main_dataset,extra-3,extra-5 1.75 5.95 2.43926   0.60      0.20
------------------------------------------------------------
🏆 Best model: ConvNeXt_Tiny  (ExactAcc=0.300)
Running full evaluation on 20 test images using ConvNeXt_Tiny...
Evaluating:   0%|          | 0/20 [00:00<?, ?it/s]

========================================
  FINAL TEST SET EVALUATION REPORT
========================================
Model Evaluated        : ConvNeXt_Tiny
Total Images Evaluated : 20
MAE  (avg error)       : 1.100 balls
RMSE (penalty error)   : 1.517
Acc@1 (within ±1)      : 75.00%
Exact Accuracy         : 30.00%
========================================

🔍 Detailed error analysis saved to: results_task2/run_47/ConvNeXt_Tiny_error_breakdown.csv

Top 5 Worst Predictions:
                                     Image_Name  Actual_Balls  Predicted_Balls  Error
136_png.rf.e99c3dfd6e84ce294cdabc3bb5ee8a75.jpg            12               16      4
115_png.rf.ed51d53dd5c384b1f26a2b6ece52ad69.jpg            11               14      3
185_png.rf.d2a971d3a33d7f290e313be493525277.jpg             4                6      2
134_png.rf.eafc70891a991c969df70bd817a63375.jpg            13               11     -2
 27_png.rf.b66e7ecbfb20811de556a247f42c24ec.jpg            16               14     -2
🔧 Parser running with datasets: ['main_dataset', 'extra-4', 'extra-5']
Loaded 247 partition rules from partition.csv

Success! Extracted 3302 images into parsed_dataset_catalog.json
Using device: cuda
GPU: Quadro RTX 8000
VRAM available: 47.3 GB
📁 Initialized new experiment folder: results_task2/run_48
   ├─ 🧠 Models:  results_task2/run_48/models
   ├─ 📊 Graphs:  results_task2/run_48/graphs
   └─ 📝 Results: results_task2/run_48/results.csv
Config loaded ✓
Loaded 3,302 entries
Train: 2,784  |  Val: 498  |  Test: 20
Dataset classes ready ✓
Model                  Parameters
----------------------------------
ResNet18               11,312,209
ResNet50               24,036,945
ConvNeXt_Tiny          28,021,361
Helpers ready ✓
Initializing Datasets and DataLoaders...

============================================================
  Training: ResNet18
============================================================
  [  1/30]  train=1.8996  val=1.3299 ← ✓
  [  2/30]  train=1.2996  val=1.0721 ← ✓
  [  3/30]  train=1.0554  val=0.8293 ← ✓
  [  4/30]  train=0.8813  val=0.8051 ← ✓
  [  5/30]  train=0.7802  val=0.6718 ← ✓
  [  6/30]  train=0.6709  val=0.5939 ← ✓
  [  7/30]  train=0.5667  val=0.5673 ← ✓
  [  8/30]  train=0.5494  val=0.4673 ← ✓
  [  9/30]  train=0.4969  val=0.4856
  [ 10/30]  train=0.4157  val=0.4610 ← ✓
  [ 11/30]  train=0.3986  val=0.4451 ← ✓
  [ 12/30]  train=0.3611  val=0.3736 ← ✓
  [ 13/30]  train=0.3186  val=0.3852
  [ 14/30]  train=0.2955  val=0.3335 ← ✓
  [ 15/30]  train=0.2574  val=0.3164 ← ✓
  [ 16/30]  train=0.2436  val=0.2832 ← ✓
  [ 17/30]  train=0.2166  val=0.3151
  [ 18/30]  train=0.1856  val=0.2856
  [ 19/30]  train=0.1788  val=0.2769 ← ✓
  [ 20/30]  train=0.1562  val=0.2731 ← ✓
  [ 21/30]  train=0.1480  val=0.2633 ← ✓
  [ 22/30]  train=0.1445  val=0.2424 ← ✓
  [ 23/30]  train=0.1264  val=0.2507
  [ 24/30]  train=0.1243  val=0.2406 ← ✓
  [ 25/30]  train=0.1169  val=0.2514
  [ 26/30]  train=0.1033  val=0.2491
  [ 27/30]  train=0.0936  val=0.2472
  [ 28/30]  train=0.0991  val=0.2459
  [ 29/30]  train=0.0927  val=0.2410
  [ 30/30]  train=0.0963  val=0.2411

  Test →  MAE=2.000  RMSE=3.098  Acc@1=0.650  ExactAcc=0.250

============================================================
  Training: ResNet50
============================================================
  [  1/30]  train=2.0687  val=1.5168 ← ✓
  [  2/30]  train=1.3459  val=1.0362 ← ✓
  [  3/30]  train=1.0487  val=0.8797 ← ✓
  [  4/30]  train=0.8390  val=0.7456 ← ✓
  [  5/30]  train=0.7067  val=0.7411 ← ✓
  [  6/30]  train=0.6261  val=0.6203 ← ✓
  [  7/30]  train=0.5454  val=0.5603 ← ✓
  [  8/30]  train=0.4587  val=0.5545 ← ✓
  [  9/30]  train=0.4314  val=0.4389 ← ✓
  [ 10/30]  train=0.3762  val=0.3858 ← ✓
  [ 11/30]  train=0.3413  val=0.3313 ← ✓
  [ 12/30]  train=0.2951  val=0.3026 ← ✓
  [ 13/30]  train=0.2636  val=0.3457
  [ 14/30]  train=0.2360  val=0.3087
  [ 15/30]  train=0.2146  val=0.2954 ← ✓
  [ 16/30]  train=0.1780  val=0.3236
  [ 17/30]  train=0.1558  val=0.2990
  [ 18/30]  train=0.1404  val=0.2669 ← ✓
  [ 19/30]  train=0.1364  val=0.3142
  [ 20/30]  train=0.1243  val=0.2948
  [ 21/30]  train=0.1048  val=0.2947
  [ 22/30]  train=0.0892  val=0.2962
  [ 23/30]  train=0.0840  val=0.2746
  [ 24/30]  train=0.0745  val=0.2850
  [ 25/30]  train=0.0702  val=0.2931
  [ 26/30]  train=0.0664  val=0.2969
  [ 27/30]  train=0.0606  val=0.2950
  [ 28/30]  train=0.0557  val=0.2881
  [ 29/30]  train=0.0583  val=0.2841
  [ 30/30]  train=0.0526  val=0.2880

  Test →  MAE=1.500  RMSE=2.236  Acc@1=0.700  ExactAcc=0.250

============================================================
  Training: ConvNeXt_Tiny
============================================================
  [  1/30]  train=1.8267  val=1.2932 ← ✓
  [  2/30]  train=1.1956  val=0.9826 ← ✓
  [  3/30]  train=0.9314  val=0.7681 ← ✓
  [  4/30]  train=0.7525  val=0.6679 ← ✓
  [  5/30]  train=0.6150  val=0.5787 ← ✓
  [  6/30]  train=0.4995  val=0.4079 ← ✓
  [  7/30]  train=0.4076  val=0.4922
  [  8/30]  train=0.3255  val=0.3741 ← ✓
  [  9/30]  train=0.2907  val=0.3069 ← ✓
  [ 10/30]  train=0.2538  val=0.3287
  [ 11/30]  train=0.1964  val=0.2725 ← ✓
  [ 12/30]  train=0.1609  val=0.2464 ← ✓
  [ 13/30]  train=0.1439  val=0.2572
  [ 14/30]  train=0.1289  val=0.2256 ← ✓
  [ 15/30]  train=0.0959  val=0.2248 ← ✓
  [ 16/30]  train=0.0918  val=0.2718
  [ 17/30]  train=0.0769  val=0.2824
  [ 18/30]  train=0.0812  val=0.2401
  [ 19/30]  train=0.0659  val=0.2597
  [ 20/30]  train=0.0472  val=0.2713
  [ 21/30]  train=0.0458  val=0.2704
  [ 22/30]  train=0.0425  val=0.2530
  [ 23/30]  train=0.0396  val=0.2365
  [ 24/30]  train=0.0323  val=0.2612
  [ 25/30]  train=0.0321  val=0.2552
  [ 26/30]  train=0.0304  val=0.2655
  [ 27/30]  train=0.0235  val=0.2671
  [ 28/30]  train=0.0258  val=0.2600
  [ 29/30]  train=0.0242  val=0.2622
  [ 30/30]  train=0.0269  val=0.2626

  Test →  MAE=1.950  RMSE=3.170  Acc@1=0.600  ExactAcc=0.300


All models done! Results saved to results_task2/run_48/results.csv
Saved: loss_curves.png
Saved: scatter_plots.png
Saved: error_distributions.png
           Model  MAE ↓  RMSE ↓  Acc@1 ↑  Exact ↑
1       ResNet50   1.50   2.236     0.70     0.25
2       ResNet18   2.00   3.098     0.65     0.25
3  ConvNeXt_Tiny   1.95   3.170     0.60     0.30
Saved: model_comparison.png
📊 Final Model Rankings saved to CSV:
 Rank         model                datasets_used  MAE   MSE    RMSE  Acc@1  ExactAcc
    1 ConvNeXt_Tiny main_dataset,extra-4,extra-5 1.95 10.05 3.17017   0.60      0.30
    2      ResNet50 main_dataset,extra-4,extra-5 1.50  5.00 2.23607   0.70      0.25
    3      ResNet18 main_dataset,extra-4,extra-5 2.00  9.60 3.09839   0.65      0.25
------------------------------------------------------------
🏆 Best model: ConvNeXt_Tiny  (ExactAcc=0.300)
Running full evaluation on 20 test images using ConvNeXt_Tiny...
Evaluating:   0%|          | 0/20 [00:00<?, ?it/s]

========================================
  FINAL TEST SET EVALUATION REPORT
========================================
Model Evaluated        : ConvNeXt_Tiny
Total Images Evaluated : 20
MAE  (avg error)       : 1.950 balls
RMSE (penalty error)   : 3.170
Acc@1 (within ±1)      : 60.00%
Exact Accuracy         : 30.00%
========================================

🔍 Detailed error analysis saved to: results_task2/run_48/ConvNeXt_Tiny_error_breakdown.csv

Top 5 Worst Predictions:
                                     Image_Name  Actual_Balls  Predicted_Balls  Error
181_png.rf.23ccd3b4b31a6fef484f7f0d25cf89d7.jpg            16                6    -10
 94_png.rf.914de818a4ff0d086b7cb41abc8b95fd.jpg             9               16      7
118_png.rf.3e82e1f3d657302b61a62c113271b753.jpg            10               14      4
  1_png.rf.8199e7f82efa196a0732a582c5d2472e.jpg             2                5      3
136_png.rf.e99c3dfd6e84ce294cdabc3bb5ee8a75.jpg            12               15      3
🔧 Parser running with datasets: ['main_dataset', 'extra-1', 'extra-2', 'extra-3']
Loaded 247 partition rules from partition.csv

Success! Extracted 1951 images into parsed_dataset_catalog.json
Using device: cuda
GPU: Quadro RTX 8000
VRAM available: 47.3 GB
📁 Initialized new experiment folder: results_task2/run_49
   ├─ 🧠 Models:  results_task2/run_49/models
   ├─ 📊 Graphs:  results_task2/run_49/graphs
   └─ 📝 Results: results_task2/run_49/results.csv
Config loaded ✓
Loaded 1,951 entries
Train: 1,668  |  Val: 263  |  Test: 20
Dataset classes ready ✓
Model                  Parameters
----------------------------------
ResNet18               11,312,209
ResNet50               24,036,945
ConvNeXt_Tiny          28,021,361
Helpers ready ✓
Initializing Datasets and DataLoaders...

============================================================
  Training: ResNet18
============================================================
  [  1/30]  train=2.2347  val=1.7969 ← ✓
  [  2/30]  train=1.6668  val=1.4186 ← ✓
  [  3/30]  train=1.4044  val=1.2371 ← ✓
  [  4/30]  train=1.2234  val=1.1229 ← ✓
  [  5/30]  train=1.1199  val=0.9867 ← ✓
  [  6/30]  train=0.9934  val=0.9507 ← ✓
  [  7/30]  train=0.9173  val=0.9031 ← ✓
  [  8/30]  train=0.7977  val=0.8139 ← ✓
  [  9/30]  train=0.7557  val=0.6971 ← ✓
  [ 10/30]  train=0.6821  val=0.7191
  [ 11/30]  train=0.6443  val=0.7062
  [ 12/30]  train=0.5553  val=0.7447
  [ 13/30]  train=0.5039  val=0.6984
  [ 14/30]  train=0.4533  val=0.6448 ← ✓
  [ 15/30]  train=0.4233  val=0.6307 ← ✓
  [ 16/30]  train=0.3894  val=0.6289 ← ✓
  [ 17/30]  train=0.3646  val=0.5856 ← ✓
  [ 18/30]  train=0.3501  val=0.5508 ← ✓
  [ 19/30]  train=0.3155  val=0.5898
  [ 20/30]  train=0.2732  val=0.5388 ← ✓
  [ 21/30]  train=0.2362  val=0.5450
  [ 22/30]  train=0.2205  val=0.5505
  [ 23/30]  train=0.2257  val=0.5318 ← ✓
  [ 24/30]  train=0.2004  val=0.5037 ← ✓
  [ 25/30]  train=0.1909  val=0.5133
  [ 26/30]  train=0.1898  val=0.5239
  [ 27/30]  train=0.1813  val=0.5137
  [ 28/30]  train=0.1805  val=0.5279
  [ 29/30]  train=0.1738  val=0.5173
  [ 30/30]  train=0.1741  val=0.5101

  Test →  MAE=1.800  RMSE=2.236  Acc@1=0.550  ExactAcc=0.100

============================================================
  Training: ResNet50
============================================================
  [  1/30]  train=2.4252  val=1.8339 ← ✓
  [  2/30]  train=1.6857  val=1.4258 ← ✓
  [  3/30]  train=1.3980  val=1.2372 ← ✓
  [  4/30]  train=1.1918  val=1.1227 ← ✓
  [  5/30]  train=1.0545  val=0.9358 ← ✓
  [  6/30]  train=0.9264  val=0.9033 ← ✓
  [  7/30]  train=0.8116  val=0.7976 ← ✓
  [  8/30]  train=0.7247  val=0.7272 ← ✓
  [  9/30]  train=0.6205  val=0.7266 ← ✓
  [ 10/30]  train=0.5861  val=0.7426
  [ 11/30]  train=0.5017  val=0.7066 ← ✓
  [ 12/30]  train=0.4734  val=0.6919 ← ✓
  [ 13/30]  train=0.3990  val=0.6981
  [ 14/30]  train=0.3696  val=0.6765 ← ✓
  [ 15/30]  train=0.3302  val=0.6462 ← ✓
  [ 16/30]  train=0.2825  val=0.6245 ← ✓
  [ 17/30]  train=0.2664  val=0.6591
  [ 18/30]  train=0.2330  val=0.6017 ← ✓
  [ 19/30]  train=0.2021  val=0.6153
  [ 20/30]  train=0.1905  val=0.6324
  [ 21/30]  train=0.1534  val=0.6366
  [ 22/30]  train=0.1353  val=0.6419
  [ 23/30]  train=0.1238  val=0.6314
  [ 24/30]  train=0.1231  val=0.6211
  [ 25/30]  train=0.1149  val=0.6265
  [ 26/30]  train=0.1048  val=0.6178
  [ 27/30]  train=0.1093  val=0.6397
  [ 28/30]  train=0.1019  val=0.6439
  [ 29/30]  train=0.1065  val=0.6315
  [ 30/30]  train=0.1062  val=0.6302

  Test →  MAE=1.550  RMSE=2.356  Acc@1=0.700  ExactAcc=0.300

============================================================
  Training: ConvNeXt_Tiny
============================================================
  [  1/30]  train=2.2226  val=1.7400 ← ✓
  [  2/30]  train=1.5096  val=1.2404 ← ✓
  [  3/30]  train=1.1957  val=1.0025 ← ✓
  [  4/30]  train=1.0490  val=0.9170 ← ✓
  [  5/30]  train=0.8923  val=0.7800 ← ✓
  [  6/30]  train=0.7359  val=0.7657 ← ✓
  [  7/30]  train=0.6815  val=0.6692 ← ✓
  [  8/30]  train=0.5575  val=0.6146 ← ✓
  [  9/30]  train=0.4969  val=0.5827 ← ✓
  [ 10/30]  train=0.4207  val=0.5754 ← ✓
  [ 11/30]  train=0.3853  val=0.6040
  [ 12/30]  train=0.2877  val=0.5281 ← ✓
  [ 13/30]  train=0.2735  val=0.5241 ← ✓
  [ 14/30]  train=0.2379  val=0.5453
  [ 15/30]  train=0.1858  val=0.5003 ← ✓
  [ 16/30]  train=0.1679  val=0.5229
  [ 17/30]  train=0.1546  val=0.5201
  [ 18/30]  train=0.1405  val=0.5273
  [ 19/30]  train=0.1155  val=0.5038
  [ 20/30]  train=0.0964  val=0.4915 ← ✓
  [ 21/30]  train=0.0809  val=0.5400
  [ 22/30]  train=0.0800  val=0.5239
  [ 23/30]  train=0.0587  val=0.4994
  [ 24/30]  train=0.0615  val=0.5099
  [ 25/30]  train=0.0505  val=0.5000
  [ 26/30]  train=0.0534  val=0.5255
  [ 27/30]  train=0.0539  val=0.5148
  [ 28/30]  train=0.0486  val=0.5150
  [ 29/30]  train=0.0474  val=0.5132
  [ 30/30]  train=0.0616  val=0.5129

  Test →  MAE=1.150  RMSE=1.533  Acc@1=0.700  ExactAcc=0.300


All models done! Results saved to results_task2/run_49/results.csv
Saved: loss_curves.png
Saved: scatter_plots.png
Saved: error_distributions.png
           Model  MAE ↓  RMSE ↓  Acc@1 ↑  Exact ↑
1  ConvNeXt_Tiny   1.15   1.533     0.70      0.3
2       ResNet18   1.80   2.236     0.55      0.1
3       ResNet50   1.55   2.356     0.70      0.3
Saved: model_comparison.png
📊 Final Model Rankings saved to CSV:
 Rank         model                        datasets_used  MAE  MSE    RMSE  Acc@1  ExactAcc
    1 ConvNeXt_Tiny main_dataset,extra-1,extra-2,extra-3 1.15 2.35 1.53297   0.70       0.3
    2      ResNet50 main_dataset,extra-1,extra-2,extra-3 1.55 5.55 2.35584   0.70       0.3
    3      ResNet18 main_dataset,extra-1,extra-2,extra-3 1.80 5.00 2.23607   0.55       0.1
------------------------------------------------------------
🏆 Best model: ConvNeXt_Tiny  (ExactAcc=0.300)
Running full evaluation on 20 test images using ConvNeXt_Tiny...
Evaluating:   0%|          | 0/20 [00:00<?, ?it/s]

========================================
  FINAL TEST SET EVALUATION REPORT
========================================
Model Evaluated        : ConvNeXt_Tiny
Total Images Evaluated : 20
MAE  (avg error)       : 1.150 balls
RMSE (penalty error)   : 1.533
Acc@1 (within ±1)      : 70.00%
Exact Accuracy         : 30.00%
========================================

🔍 Detailed error analysis saved to: results_task2/run_49/ConvNeXt_Tiny_error_breakdown.csv

Top 5 Worst Predictions:
                                     Image_Name  Actual_Balls  Predicted_Balls  Error
185_png.rf.d2a971d3a33d7f290e313be493525277.jpg             4                7      3
 38_png.rf.5f7178d32f8c80830acba72ceaa53c52.jpg             8               11      3
 58_png.rf.b94027c8488125d21180dde164fc71f6.jpg             8               11      3
115_png.rf.ed51d53dd5c384b1f26a2b6ece52ad69.jpg            11               13      2
134_png.rf.eafc70891a991c969df70bd817a63375.jpg            13               11     -2
🔧 Parser running with datasets: ['main_dataset', 'extra-1', 'extra-2', 'extra-4']
Loaded 247 partition rules from partition.csv

Success! Extracted 1401 images into parsed_dataset_catalog.json
Using device: cuda
GPU: Quadro RTX 8000
VRAM available: 47.3 GB
📁 Initialized new experiment folder: results_task2/run_50
   ├─ 🧠 Models:  results_task2/run_50/models
   ├─ 📊 Graphs:  results_task2/run_50/graphs
   └─ 📝 Results: results_task2/run_50/results.csv
Config loaded ✓
Loaded 1,401 entries
Train: 1,190  |  Val: 191  |  Test: 20
Dataset classes ready ✓
Model                  Parameters
----------------------------------
ResNet18               11,312,209
ResNet50               24,036,945
ConvNeXt_Tiny          28,021,361
Helpers ready ✓
Initializing Datasets and DataLoaders...

============================================================
  Training: ResNet18
============================================================
  [  1/30]  train=1.5614  val=1.1244 ← ✓
  [  2/30]  train=1.0417  val=0.9391 ← ✓
  [  3/30]  train=0.8983  val=0.7844 ← ✓
  [  4/30]  train=0.7986  val=0.7338 ← ✓
  [  5/30]  train=0.6967  val=0.7039 ← ✓
  [  6/30]  train=0.6163  val=0.7124
  [  7/30]  train=0.5815  val=0.6056 ← ✓
  [  8/30]  train=0.5627  val=0.6536
  [  9/30]  train=0.5091  val=0.6702
  [ 10/30]  train=0.4833  val=0.6017 ← ✓
  [ 11/30]  train=0.4279  val=0.6389
  [ 12/30]  train=0.4110  val=0.6289
  [ 13/30]  train=0.3982  val=0.6345
  [ 14/30]  train=0.3669  val=0.5894 ← ✓
  [ 15/30]  train=0.3293  val=0.6340
  [ 16/30]  train=0.3174  val=0.6788
  [ 17/30]  train=0.2890  val=0.6502
  [ 18/30]  train=0.2753  val=0.6813
  [ 19/30]  train=0.2488  val=0.6029
  [ 20/30]  train=0.2266  val=0.6596
  [ 21/30]  train=0.2287  val=0.6456
  [ 22/30]  train=0.2134  val=0.6301
  [ 23/30]  train=0.2066  val=0.6410
  [ 24/30]  train=0.1960  val=0.6182
  [ 25/30]  train=0.1941  val=0.6238
  [ 26/30]  train=0.1646  val=0.6339
  [ 27/30]  train=0.1864  val=0.6439
  [ 28/30]  train=0.1733  val=0.6428
  [ 29/30]  train=0.1632  val=0.6395
  [ 30/30]  train=0.1644  val=0.6438

  Test →  MAE=2.700  RMSE=3.421  Acc@1=0.350  ExactAcc=0.100

============================================================
  Training: ResNet50
============================================================
  [  1/30]  train=1.7668  val=1.2240 ← ✓
  [  2/30]  train=1.1733  val=1.0458 ← ✓
  [  3/30]  train=0.9353  val=0.8502 ← ✓
  [  4/30]  train=0.8020  val=0.7494 ← ✓
  [  5/30]  train=0.7266  val=0.7617
  [  6/30]  train=0.6186  val=0.7552
  [  7/30]  train=0.5773  val=0.6389 ← ✓
  [  8/30]  train=0.5252  val=0.6314 ← ✓
  [  9/30]  train=0.4892  val=0.5494 ← ✓
  [ 10/30]  train=0.4412  val=0.6231
  [ 11/30]  train=0.4183  val=0.4839 ← ✓
  [ 12/30]  train=0.3780  val=0.4631 ← ✓
  [ 13/30]  train=0.3664  val=0.5377
  [ 14/30]  train=0.3491  val=0.5658
  [ 15/30]  train=0.2988  val=0.5386
  [ 16/30]  train=0.2951  val=0.5595
  [ 17/30]  train=0.2830  val=0.4982
  [ 18/30]  train=0.2528  val=0.5109
  [ 19/30]  train=0.2305  val=0.5610
  [ 20/30]  train=0.2007  val=0.5695
  [ 21/30]  train=0.1953  val=0.5247
  [ 22/30]  train=0.1750  val=0.5484
  [ 23/30]  train=0.1698  val=0.5712
  [ 24/30]  train=0.1564  val=0.5590
  [ 25/30]  train=0.1404  val=0.5428
  [ 26/30]  train=0.1488  val=0.5582
  [ 27/30]  train=0.1342  val=0.5693
  [ 28/30]  train=0.1464  val=0.5845
  [ 29/30]  train=0.1287  val=0.5693
  [ 30/30]  train=0.1198  val=0.5825

  Test →  MAE=1.800  RMSE=2.608  Acc@1=0.650  ExactAcc=0.200

============================================================
  Training: ConvNeXt_Tiny
============================================================
  [  1/30]  train=1.5154  val=1.1749 ← ✓
  [  2/30]  train=1.0006  val=0.8953 ← ✓
  [  3/30]  train=0.8122  val=0.7460 ← ✓
  [  4/30]  train=0.6788  val=0.6300 ← ✓
  [  5/30]  train=0.5802  val=0.7089
  [  6/30]  train=0.4989  val=0.5756 ← ✓
  [  7/30]  train=0.4617  val=0.5792
  [  8/30]  train=0.4013  val=0.5508 ← ✓
  [  9/30]  train=0.3547  val=0.5540
  [ 10/30]  train=0.3159  val=0.5968
  [ 11/30]  train=0.2774  val=0.5846
  [ 12/30]  train=0.2638  val=0.6077
  [ 13/30]  train=0.2272  val=0.5433 ← ✓
  [ 14/30]  train=0.2323  val=0.5567
  [ 15/30]  train=0.1731  val=0.5423 ← ✓
  [ 16/30]  train=0.1548  val=0.6535
  [ 17/30]  train=0.1445  val=0.6132
  [ 18/30]  train=0.1327  val=0.6363
  [ 19/30]  train=0.1061  val=0.6239
  [ 20/30]  train=0.0927  val=0.6228
  [ 21/30]  train=0.0987  val=0.6678
  [ 22/30]  train=0.0932  val=0.6327
  [ 23/30]  train=0.0775  val=0.6315
  [ 24/30]  train=0.0758  val=0.6337
  [ 25/30]  train=0.0736  val=0.6531
  [ 26/30]  train=0.0725  val=0.6532
  [ 27/30]  train=0.0635  val=0.6466
  [ 28/30]  train=0.0554  val=0.6527
  [ 29/30]  train=0.0627  val=0.6517
  [ 30/30]  train=0.0673  val=0.6524

  Test →  MAE=1.550  RMSE=2.313  Acc@1=0.550  ExactAcc=0.350


All models done! Results saved to results_task2/run_50/results.csv
Saved: loss_curves.png
Saved: scatter_plots.png
Saved: error_distributions.png
           Model  MAE ↓  RMSE ↓  Acc@1 ↑  Exact ↑
1  ConvNeXt_Tiny   1.55   2.313     0.55     0.35
2       ResNet50   1.80   2.608     0.65     0.20
3       ResNet18   2.70   3.421     0.35     0.10
Saved: model_comparison.png
📊 Final Model Rankings saved to CSV:
 Rank         model                        datasets_used  MAE   MSE    RMSE  Acc@1  ExactAcc
    1 ConvNeXt_Tiny main_dataset,extra-1,extra-2,extra-4 1.55  5.35 2.31301   0.55      0.35
    2      ResNet50 main_dataset,extra-1,extra-2,extra-4 1.80  6.80 2.60768   0.65      0.20
    3      ResNet18 main_dataset,extra-1,extra-2,extra-4 2.70 11.70 3.42053   0.35      0.10
------------------------------------------------------------
🏆 Best model: ConvNeXt_Tiny  (ExactAcc=0.350)
Running full evaluation on 20 test images using ConvNeXt_Tiny...
Evaluating:   0%|          | 0/20 [00:00<?, ?it/s]

========================================
  FINAL TEST SET EVALUATION REPORT
========================================
Model Evaluated        : ConvNeXt_Tiny
Total Images Evaluated : 20
MAE  (avg error)       : 1.550 balls
RMSE (penalty error)   : 2.313
Acc@1 (within ±1)      : 55.00%
Exact Accuracy         : 35.00%
========================================

🔍 Detailed error analysis saved to: results_task2/run_50/ConvNeXt_Tiny_error_breakdown.csv

Top 5 Worst Predictions:
                                     Image_Name  Actual_Balls  Predicted_Balls  Error
 94_png.rf.914de818a4ff0d086b7cb41abc8b95fd.jpg             9               16      7
118_png.rf.3e82e1f3d657302b61a62c113271b753.jpg            10               14      4
  1_png.rf.8199e7f82efa196a0732a582c5d2472e.jpg             2                5      3
185_png.rf.d2a971d3a33d7f290e313be493525277.jpg             4                7      3
 38_png.rf.5f7178d32f8c80830acba72ceaa53c52.jpg             8               10      2
🔧 Parser running with datasets: ['main_dataset', 'extra-1', 'extra-2', 'extra-5']
Loaded 247 partition rules from partition.csv

Success! Extracted 3386 images into parsed_dataset_catalog.json
Using device: cuda
GPU: Quadro RTX 8000
VRAM available: 47.3 GB
📁 Initialized new experiment folder: results_task2/run_51
   ├─ 🧠 Models:  results_task2/run_51/models
   ├─ 📊 Graphs:  results_task2/run_51/graphs
   └─ 📝 Results: results_task2/run_51/results.csv
Config loaded ✓
Loaded 3,386 entries
Train: 2,886  |  Val: 480  |  Test: 20
Dataset classes ready ✓
Model                  Parameters
----------------------------------
ResNet18               11,312,209
ResNet50               24,036,945
ConvNeXt_Tiny          28,021,361
Helpers ready ✓
Initializing Datasets and DataLoaders...

============================================================
  Training: ResNet18
============================================================
  [  1/30]  train=2.0880  val=1.4431 ← ✓
  [  2/30]  train=1.4216  val=1.1853 ← ✓
  [  3/30]  train=1.1897  val=0.9637 ← ✓
  [  4/30]  train=1.0003  val=0.8904 ← ✓
  [  5/30]  train=0.8707  val=0.7725 ← ✓
  [  6/30]  train=0.7642  val=0.6931 ← ✓
  [  7/30]  train=0.6859  val=0.5547 ← ✓
  [  8/30]  train=0.5876  val=0.5472 ← ✓
  [  9/30]  train=0.5430  val=0.5072 ← ✓
  [ 10/30]  train=0.5029  val=0.5107
  [ 11/30]  train=0.4289  val=0.4192 ← ✓
  [ 12/30]  train=0.4179  val=0.4453
  [ 13/30]  train=0.3616  val=0.4249
  [ 14/30]  train=0.3319  val=0.3732 ← ✓
  [ 15/30]  train=0.2912  val=0.3878
  [ 16/30]  train=0.2839  val=0.3579 ← ✓
  [ 17/30]  train=0.2291  val=0.3767
  [ 18/30]  train=0.2276  val=0.3131 ← ✓
  [ 19/30]  train=0.2071  val=0.3035 ← ✓
  [ 20/30]  train=0.1833  val=0.3341
  [ 21/30]  train=0.1681  val=0.3060
  [ 22/30]  train=0.1568  val=0.3059
  [ 23/30]  train=0.1370  val=0.3168
  [ 24/30]  train=0.1282  val=0.3061
  [ 25/30]  train=0.1209  val=0.3119
  [ 26/30]  train=0.1155  val=0.2909 ← ✓
  [ 27/30]  train=0.1194  val=0.3020
  [ 28/30]  train=0.1065  val=0.2909
  [ 29/30]  train=0.1059  val=0.2861 ← ✓
  [ 30/30]  train=0.1069  val=0.2929

  Test →  MAE=2.100  RMSE=3.225  Acc@1=0.600  ExactAcc=0.250

============================================================
  Training: ResNet50
============================================================
  [  1/30]  train=2.2278  val=1.6150 ← ✓
  [  2/30]  train=1.4472  val=1.1895 ← ✓
  [  3/30]  train=1.1274  val=0.9911 ← ✓
  [  4/30]  train=0.9142  val=0.8675 ← ✓
  [  5/30]  train=0.7778  val=0.7565 ← ✓
  [  6/30]  train=0.6526  val=0.8181
  [  7/30]  train=0.5735  val=0.5738 ← ✓
  [  8/30]  train=0.5142  val=0.5355 ← ✓
  [  9/30]  train=0.4193  val=0.4970 ← ✓
  [ 10/30]  train=0.3919  val=0.4474 ← ✓
  [ 11/30]  train=0.3538  val=0.4575
  [ 12/30]  train=0.3085  val=0.4019 ← ✓
  [ 13/30]  train=0.2825  val=0.3845 ← ✓
  [ 14/30]  train=0.2425  val=0.3973
  [ 15/30]  train=0.2206  val=0.3839 ← ✓
  [ 16/30]  train=0.1977  val=0.3803 ← ✓
  [ 17/30]  train=0.1621  val=0.3413 ← ✓
  [ 18/30]  train=0.1504  val=0.3511
  [ 19/30]  train=0.1284  val=0.3555
  [ 20/30]  train=0.1146  val=0.3993
  [ 21/30]  train=0.1050  val=0.3646
  [ 22/30]  train=0.1012  val=0.3533
  [ 23/30]  train=0.0879  val=0.3772
  [ 24/30]  train=0.0764  val=0.3623
  [ 25/30]  train=0.0781  val=0.3620
  [ 26/30]  train=0.0721  val=0.3749
  [ 27/30]  train=0.0647  val=0.3622
  [ 28/30]  train=0.0661  val=0.3682
  [ 29/30]  train=0.0609  val=0.3745
  [ 30/30]  train=0.0669  val=0.3689

  Test →  MAE=1.850  RMSE=2.802  Acc@1=0.600  ExactAcc=0.300

============================================================
  Training: ConvNeXt_Tiny
============================================================
  [  1/30]  train=2.0750  val=1.4726 ← ✓
  [  2/30]  train=1.3335  val=1.0699 ← ✓
  [  3/30]  train=1.0215  val=0.8625 ← ✓
  [  4/30]  train=0.8115  val=0.7827 ← ✓
  [  5/30]  train=0.7109  val=0.6011 ← ✓
  [  6/30]  train=0.5652  val=0.5500 ← ✓
  [  7/30]  train=0.4877  val=0.3867 ← ✓
  [  8/30]  train=0.4327  val=0.4153
  [  9/30]  train=0.3503  val=0.4300
  [ 10/30]  train=0.2930  val=0.4212
  [ 11/30]  train=0.2712  val=0.3455 ← ✓
  [ 12/30]  train=0.2267  val=0.3440 ← ✓
  [ 13/30]  train=0.2061  val=0.3073 ← ✓
  [ 14/30]  train=0.1785  val=0.3122
  [ 15/30]  train=0.1512  val=0.3839
  [ 16/30]  train=0.1437  val=0.2945 ← ✓
  [ 17/30]  train=0.1173  val=0.3138
  [ 18/30]  train=0.1019  val=0.2621 ← ✓
  [ 19/30]  train=0.0872  val=0.2847
  [ 20/30]  train=0.0731  val=0.2810
  [ 21/30]  train=0.0781  val=0.2789
  [ 22/30]  train=0.0691  val=0.2939
  [ 23/30]  train=0.0667  val=0.3181
  [ 24/30]  train=0.0516  val=0.2957
  [ 25/30]  train=0.0541  val=0.2852
  [ 26/30]  train=0.0501  val=0.2872
  [ 27/30]  train=0.0510  val=0.2845
  [ 28/30]  train=0.0386  val=0.2834
  [ 29/30]  train=0.0483  val=0.2864
  [ 30/30]  train=0.0437  val=0.2863

  Test →  MAE=1.500  RMSE=2.074  Acc@1=0.650  ExactAcc=0.250


All models done! Results saved to results_task2/run_51/results.csv
Saved: loss_curves.png
Saved: scatter_plots.png
Saved: error_distributions.png
           Model  MAE ↓  RMSE ↓  Acc@1 ↑  Exact ↑
1  ConvNeXt_Tiny   1.50   2.074     0.65     0.25
2       ResNet50   1.85   2.802     0.60     0.30
3       ResNet18   2.10   3.225     0.60     0.25
Saved: model_comparison.png
📊 Final Model Rankings saved to CSV:
 Rank         model                        datasets_used  MAE   MSE    RMSE  Acc@1  ExactAcc
    1      ResNet50 main_dataset,extra-1,extra-2,extra-5 1.85  7.85 2.80179   0.60      0.30
    2 ConvNeXt_Tiny main_dataset,extra-1,extra-2,extra-5 1.50  4.30 2.07364   0.65      0.25
    3      ResNet18 main_dataset,extra-1,extra-2,extra-5 2.10 10.40 3.22490   0.60      0.25
------------------------------------------------------------
🏆 Best model: ResNet50  (ExactAcc=0.300)
Running full evaluation on 20 test images using ResNet50...
Evaluating:   0%|          | 0/20 [00:00<?, ?it/s]

========================================
  FINAL TEST SET EVALUATION REPORT
========================================
Model Evaluated        : ResNet50
Total Images Evaluated : 20
MAE  (avg error)       : 1.850 balls
RMSE (penalty error)   : 2.802
Acc@1 (within ±1)      : 60.00%
Exact Accuracy         : 30.00%
========================================

🔍 Detailed error analysis saved to: results_task2/run_51/ResNet50_error_breakdown.csv

Top 5 Worst Predictions:
                                     Image_Name  Actual_Balls  Predicted_Balls  Error
  9_png.rf.3a4164e5647feea77eb3062be7e65aea.jpg             7               14      7
 94_png.rf.914de818a4ff0d086b7cb41abc8b95fd.jpg             9               16      7
140_png.rf.6645e10bad5cf3f197b71ddb6b34e6b4.jpg             8               12      4
118_png.rf.3e82e1f3d657302b61a62c113271b753.jpg            10               14      4
 58_png.rf.b94027c8488125d21180dde164fc71f6.jpg             8               11      3
🔧 Parser running with datasets: ['main_dataset', 'extra-1', 'extra-3', 'extra-4']
Loaded 247 partition rules from partition.csv

Success! Extracted 2355 images into parsed_dataset_catalog.json
Using device: cuda
GPU: Quadro RTX 8000
VRAM available: 47.3 GB
📁 Initialized new experiment folder: results_task2/run_52
   ├─ 🧠 Models:  results_task2/run_52/models
   ├─ 📊 Graphs:  results_task2/run_52/graphs
   └─ 📝 Results: results_task2/run_52/results.csv
Config loaded ✓
Loaded 2,355 entries
Train: 1,991  |  Val: 344  |  Test: 20
Dataset classes ready ✓
Model                  Parameters
----------------------------------
ResNet18               11,312,209
ResNet50               24,036,945
ConvNeXt_Tiny          28,021,361
Helpers ready ✓
Initializing Datasets and DataLoaders...

============================================================
  Training: ResNet18
============================================================
  [  1/30]  train=1.9261  val=1.5070 ← ✓
  [  2/30]  train=1.4011  val=1.1715 ← ✓
  [  3/30]  train=1.1932  val=1.0171 ← ✓
  [  4/30]  train=1.0760  val=0.9778 ← ✓
  [  5/30]  train=0.9667  val=0.9397 ← ✓
  [  6/30]  train=0.8566  val=0.8250 ← ✓
  [  7/30]  train=0.7834  val=0.8639
  [  8/30]  train=0.7342  val=0.6602 ← ✓
  [  9/30]  train=0.6559  val=0.6558 ← ✓
  [ 10/30]  train=0.5834  val=0.5783 ← ✓
  [ 11/30]  train=0.5094  val=0.5789
  [ 12/30]  train=0.4916  val=0.5431 ← ✓
  [ 13/30]  train=0.4464  val=0.5454
  [ 14/30]  train=0.4140  val=0.5140 ← ✓
  [ 15/30]  train=0.3885  val=0.4857 ← ✓
  [ 16/30]  train=0.3402  val=0.4508 ← ✓
  [ 17/30]  train=0.3126  val=0.4598
  [ 18/30]  train=0.3002  val=0.4368 ← ✓
  [ 19/30]  train=0.2702  val=0.4583
  [ 20/30]  train=0.2412  val=0.4240 ← ✓
  [ 21/30]  train=0.2149  val=0.4174 ← ✓
  [ 22/30]  train=0.2065  val=0.4127 ← ✓
  [ 23/30]  train=0.1886  val=0.4061 ← ✓
  [ 24/30]  train=0.1723  val=0.4043 ← ✓
  [ 25/30]  train=0.1482  val=0.3987 ← ✓
  [ 26/30]  train=0.1527  val=0.3900 ← ✓
  [ 27/30]  train=0.1515  val=0.4111
  [ 28/30]  train=0.1506  val=0.4147
  [ 29/30]  train=0.1465  val=0.4021
  [ 30/30]  train=0.1555  val=0.4322

  Test →  MAE=2.000  RMSE=2.470  Acc@1=0.500  ExactAcc=0.100

============================================================
  Training: ResNet50
============================================================
  [  1/30]  train=2.1397  val=1.7358 ← ✓
  [  2/30]  train=1.5007  val=1.2188 ← ✓
  [  3/30]  train=1.1935  val=0.9472 ← ✓
  [  4/30]  train=1.0159  val=0.9578
  [  5/30]  train=0.8930  val=0.8511 ← ✓
  [  6/30]  train=0.8280  val=0.7199 ← ✓
  [  7/30]  train=0.7486  val=0.7223
  [  8/30]  train=0.6319  val=0.6649 ← ✓
  [  9/30]  train=0.5698  val=0.6868
  [ 10/30]  train=0.5228  val=0.5563 ← ✓
  [ 11/30]  train=0.4666  val=0.5813
  [ 12/30]  train=0.3794  val=0.5077 ← ✓
  [ 13/30]  train=0.3661  val=0.5012 ← ✓
  [ 14/30]  train=0.3196  val=0.4978 ← ✓
  [ 15/30]  train=0.2803  val=0.4931 ← ✓
  [ 16/30]  train=0.2591  val=0.4189 ← ✓
  [ 17/30]  train=0.2120  val=0.4060 ← ✓
  [ 18/30]  train=0.1943  val=0.4725
  [ 19/30]  train=0.1597  val=0.4396
  [ 20/30]  train=0.1385  val=0.4370
  [ 21/30]  train=0.1157  val=0.3981 ← ✓
  [ 22/30]  train=0.1232  val=0.4249
  [ 23/30]  train=0.0968  val=0.4411
  [ 24/30]  train=0.1036  val=0.4471
  [ 25/30]  train=0.0936  val=0.4635
  [ 26/30]  train=0.0797  val=0.4694
  [ 27/30]  train=0.0709  val=0.4761
  [ 28/30]  train=0.0666  val=0.4859
  [ 29/30]  train=0.0739  val=0.4745
  [ 30/30]  train=0.0627  val=0.4806

  Test →  MAE=1.550  RMSE=2.291  Acc@1=0.650  ExactAcc=0.250

============================================================
  Training: ConvNeXt_Tiny
============================================================
  [  1/30]  train=1.8633  val=1.4177 ← ✓
  [  2/30]  train=1.2541  val=1.0534 ← ✓
  [  3/30]  train=0.9984  val=0.8672 ← ✓
  [  4/30]  train=0.8714  val=0.6896 ← ✓
  [  5/30]  train=0.7236  val=0.6385 ← ✓
  [  6/30]  train=0.6081  val=0.6576
  [  7/30]  train=0.5418  val=0.5072 ← ✓
  [  8/30]  train=0.4781  val=0.4581 ← ✓
  [  9/30]  train=0.4185  val=0.5571
  [ 10/30]  train=0.3746  val=0.4477 ← ✓
  [ 11/30]  train=0.2787  val=0.4284 ← ✓
  [ 12/30]  train=0.2485  val=0.4238 ← ✓
  [ 13/30]  train=0.1970  val=0.4093 ← ✓
  [ 14/30]  train=0.1660  val=0.3603 ← ✓
  [ 15/30]  train=0.1441  val=0.3734
  [ 16/30]  train=0.1412  val=0.3891
  [ 17/30]  train=0.1088  val=0.3680
  [ 18/30]  train=0.0845  val=0.3479 ← ✓
  [ 19/30]  train=0.0957  val=0.3637
  [ 20/30]  train=0.0754  val=0.3667
  [ 21/30]  train=0.0656  val=0.3320 ← ✓
  [ 22/30]  train=0.0564  val=0.3876
  [ 23/30]  train=0.0544  val=0.4075
  [ 24/30]  train=0.0458  val=0.3748
  [ 25/30]  train=0.0444  val=0.3768
  [ 26/30]  train=0.0397  val=0.4031
  [ 27/30]  train=0.0371  val=0.4012
  [ 28/30]  train=0.0402  val=0.3984
  [ 29/30]  train=0.0361  val=0.3962
  [ 30/30]  train=0.0324  val=0.3959

  Test →  MAE=1.000  RMSE=1.265  Acc@1=0.800  ExactAcc=0.250


All models done! Results saved to results_task2/run_52/results.csv
Saved: loss_curves.png
Saved: scatter_plots.png
Saved: error_distributions.png
           Model  MAE ↓  RMSE ↓  Acc@1 ↑  Exact ↑
1  ConvNeXt_Tiny   1.00   1.265     0.80     0.25
2       ResNet50   1.55   2.291     0.65     0.25
3       ResNet18   2.00   2.470     0.50     0.10
Saved: model_comparison.png
📊 Final Model Rankings saved to CSV:
 Rank         model                        datasets_used  MAE  MSE    RMSE  Acc@1  ExactAcc
    1 ConvNeXt_Tiny main_dataset,extra-1,extra-3,extra-4 1.00 1.60 1.26491   0.80      0.25
    2      ResNet50 main_dataset,extra-1,extra-3,extra-4 1.55 5.25 2.29129   0.65      0.25
    3      ResNet18 main_dataset,extra-1,extra-3,extra-4 2.00 6.10 2.46982   0.50      0.10
------------------------------------------------------------
🏆 Best model: ConvNeXt_Tiny  (ExactAcc=0.250)
Running full evaluation on 20 test images using ConvNeXt_Tiny...
Evaluating:   0%|          | 0/20 [00:00<?, ?it/s]

========================================
  FINAL TEST SET EVALUATION REPORT
========================================
Model Evaluated        : ConvNeXt_Tiny
Total Images Evaluated : 20
MAE  (avg error)       : 1.000 balls
RMSE (penalty error)   : 1.265
Acc@1 (within ±1)      : 80.00%
Exact Accuracy         : 25.00%
========================================

🔍 Detailed error analysis saved to: results_task2/run_52/ConvNeXt_Tiny_error_breakdown.csv

Top 5 Worst Predictions:
                                     Image_Name  Actual_Balls  Predicted_Balls  Error
185_png.rf.d2a971d3a33d7f290e313be493525277.jpg             4                7      3
 58_png.rf.b94027c8488125d21180dde164fc71f6.jpg             8                6     -2
136_png.rf.e99c3dfd6e84ce294cdabc3bb5ee8a75.jpg            12               14      2
 27_png.rf.b66e7ecbfb20811de556a247f42c24ec.jpg            16               14     -2
  1_png.rf.8199e7f82efa196a0732a582c5d2472e.jpg             2                3      1
🔧 Parser running with datasets: ['main_dataset', 'extra-1', 'extra-3', 'extra-5']
Loaded 247 partition rules from partition.csv

Success! Extracted 4340 images into parsed_dataset_catalog.json
Using device: cuda
GPU: Quadro RTX 8000
VRAM available: 47.3 GB
📁 Initialized new experiment folder: results_task2/run_53
   ├─ 🧠 Models:  results_task2/run_53/models
   ├─ 📊 Graphs:  results_task2/run_53/graphs
   └─ 📝 Results: results_task2/run_53/results.csv
Config loaded ✓
Loaded 4,340 entries
Train: 3,687  |  Val: 633  |  Test: 20
Dataset classes ready ✓
Model                  Parameters
----------------------------------
ResNet18               11,312,209
ResNet50               24,036,945
ConvNeXt_Tiny          28,021,361
Helpers ready ✓
Initializing Datasets and DataLoaders...

============================================================
  Training: ResNet18
============================================================
  [  1/30]  train=2.1774  val=1.4920 ← ✓
  [  2/30]  train=1.5203  val=1.1952 ← ✓
  [  3/30]  train=1.2758  val=0.9991 ← ✓
  [  4/30]  train=1.1045  val=0.8620 ← ✓
  [  5/30]  train=0.9514  val=0.8299 ← ✓
  [  6/30]  train=0.8748  val=0.7648 ← ✓
  [  7/30]  train=0.7531  val=0.7129 ← ✓
  [  8/30]  train=0.6903  val=0.6657 ← ✓
  [  9/30]  train=0.6208  val=0.6085 ← ✓
  [ 10/30]  train=0.5600  val=0.5292 ← ✓
  [ 11/30]  train=0.5029  val=0.5062 ← ✓
  [ 12/30]  train=0.4521  val=0.5113
  [ 13/30]  train=0.3920  val=0.5177
  [ 14/30]  train=0.3879  val=0.4793 ← ✓
  [ 15/30]  train=0.3118  val=0.4642 ← ✓
  [ 16/30]  train=0.3018  val=0.4248 ← ✓
  [ 17/30]  train=0.2846  val=0.4473
  [ 18/30]  train=0.2497  val=0.4318
  [ 19/30]  train=0.2339  val=0.4041 ← ✓
  [ 20/30]  train=0.2011  val=0.4047
  [ 21/30]  train=0.1778  val=0.3923 ← ✓
  [ 22/30]  train=0.1653  val=0.3807 ← ✓
  [ 23/30]  train=0.1518  val=0.3801 ← ✓
  [ 24/30]  train=0.1391  val=0.3616 ← ✓
  [ 25/30]  train=0.1388  val=0.3651
  [ 26/30]  train=0.1285  val=0.3752
  [ 27/30]  train=0.1207  val=0.3570 ← ✓
  [ 28/30]  train=0.1152  val=0.3631
  [ 29/30]  train=0.1225  val=0.3568 ← ✓
  [ 30/30]  train=0.1159  val=0.3604

  Test →  MAE=1.750  RMSE=2.540  Acc@1=0.600  ExactAcc=0.200

============================================================
  Training: ResNet50
============================================================
  [  1/30]  train=2.2634  val=1.5872 ← ✓
  [  2/30]  train=1.5364  val=1.1925 ← ✓
  [  3/30]  train=1.2287  val=0.9453 ← ✓
  [  4/30]  train=1.0608  val=0.8637 ← ✓
  [  5/30]  train=0.8830  val=0.7685 ← ✓
  [  6/30]  train=0.7436  val=0.6398 ← ✓
  [  7/30]  train=0.6415  val=0.6166 ← ✓
  [  8/30]  train=0.5441  val=0.5781 ← ✓
  [  9/30]  train=0.4982  val=0.5433 ← ✓
  [ 10/30]  train=0.4354  val=0.5483
  [ 11/30]  train=0.3880  val=0.4845 ← ✓
  [ 12/30]  train=0.3482  val=0.4314 ← ✓
  [ 13/30]  train=0.2787  val=0.4766
  [ 14/30]  train=0.2504  val=0.4130 ← ✓
  [ 15/30]  train=0.2354  val=0.3984 ← ✓
  [ 16/30]  train=0.2168  val=0.4067
  [ 17/30]  train=0.1703  val=0.4064
  [ 18/30]  train=0.1607  val=0.4030
  [ 19/30]  train=0.1355  val=0.4064
  [ 20/30]  train=0.1173  val=0.4208
  [ 21/30]  train=0.1093  val=0.3993
  [ 22/30]  train=0.0914  val=0.4172
  [ 23/30]  train=0.0912  val=0.3955 ← ✓
  [ 24/30]  train=0.0773  val=0.4306
  [ 25/30]  train=0.0777  val=0.4223
  [ 26/30]  train=0.0688  val=0.4184
  [ 27/30]  train=0.0649  val=0.4206
  [ 28/30]  train=0.0659  val=0.4071
  [ 29/30]  train=0.0577  val=0.4032
  [ 30/30]  train=0.0576  val=0.4185

  Test →  MAE=1.400  RMSE=2.121  Acc@1=0.800  ExactAcc=0.200

============================================================
  Training: ConvNeXt_Tiny
============================================================
  [  1/30]  train=2.0447  val=1.3873 ← ✓
  [  2/30]  train=1.3159  val=1.0464 ← ✓
  [  3/30]  train=1.0582  val=0.8630 ← ✓
  [  4/30]  train=0.8675  val=0.6882 ← ✓
  [  5/30]  train=0.7454  val=0.6044 ← ✓
  [  6/30]  train=0.6039  val=0.5104 ← ✓
  [  7/30]  train=0.5084  val=0.4630 ← ✓
  [  8/30]  train=0.4193  val=0.4288 ← ✓
  [  9/30]  train=0.3435  val=0.4837
  [ 10/30]  train=0.2990  val=0.5257
  [ 11/30]  train=0.2697  val=0.4114 ← ✓
  [ 12/30]  train=0.2355  val=0.3424 ← ✓
  [ 13/30]  train=0.1867  val=0.3166 ← ✓
  [ 14/30]  train=0.1680  val=0.3065 ← ✓
  [ 15/30]  train=0.1450  val=0.3705
  [ 16/30]  train=0.1204  val=0.2785 ← ✓
  [ 17/30]  train=0.1016  val=0.2979
  [ 18/30]  train=0.0923  val=0.2764 ← ✓
  [ 19/30]  train=0.0822  val=0.3232
  [ 20/30]  train=0.0625  val=0.2891
  [ 21/30]  train=0.0575  val=0.2911
  [ 22/30]  train=0.0632  val=0.2856
  [ 23/30]  train=0.0497  val=0.2720 ← ✓
  [ 24/30]  train=0.0419  val=0.2803
  [ 25/30]  train=0.0367  val=0.3004
  [ 26/30]  train=0.0354  val=0.2905
  [ 27/30]  train=0.0340  val=0.2951
  [ 28/30]  train=0.0350  val=0.2891
  [ 29/30]  train=0.0377  val=0.2931
  [ 30/30]  train=0.0313  val=0.2944

  Test →  MAE=1.000  RMSE=1.414  Acc@1=0.750  ExactAcc=0.350


All models done! Results saved to results_task2/run_53/results.csv
Saved: loss_curves.png
Saved: scatter_plots.png
Saved: error_distributions.png
           Model  MAE ↓  RMSE ↓  Acc@1 ↑  Exact ↑
1  ConvNeXt_Tiny   1.00   1.414     0.75     0.35
2       ResNet50   1.40   2.121     0.80     0.20
3       ResNet18   1.75   2.540     0.60     0.20
Saved: model_comparison.png
📊 Final Model Rankings saved to CSV:
 Rank         model                        datasets_used  MAE  MSE    RMSE  Acc@1  ExactAcc
    1 ConvNeXt_Tiny main_dataset,extra-1,extra-3,extra-5 1.00 2.00 1.41421   0.75      0.35
    2      ResNet50 main_dataset,extra-1,extra-3,extra-5 1.40 4.50 2.12132   0.80      0.20
    3      ResNet18 main_dataset,extra-1,extra-3,extra-5 1.75 6.45 2.53968   0.60      0.20
------------------------------------------------------------
🏆 Best model: ConvNeXt_Tiny  (ExactAcc=0.350)
Running full evaluation on 20 test images using ConvNeXt_Tiny...
Evaluating:   0%|          | 0/20 [00:00<?, ?it/s]

========================================
  FINAL TEST SET EVALUATION REPORT
========================================
Model Evaluated        : ConvNeXt_Tiny
Total Images Evaluated : 20
MAE  (avg error)       : 1.000 balls
RMSE (penalty error)   : 1.414
Acc@1 (within ±1)      : 75.00%
Exact Accuracy         : 35.00%
========================================

🔍 Detailed error analysis saved to: results_task2/run_53/ConvNeXt_Tiny_error_breakdown.csv

Top 5 Worst Predictions:
                                     Image_Name  Actual_Balls  Predicted_Balls  Error
118_png.rf.3e82e1f3d657302b61a62c113271b753.jpg            10               14      4
185_png.rf.d2a971d3a33d7f290e313be493525277.jpg             4                6      2
 38_png.rf.5f7178d32f8c80830acba72ceaa53c52.jpg             8               10      2
134_png.rf.eafc70891a991c969df70bd817a63375.jpg            13               11     -2
 27_png.rf.b66e7ecbfb20811de556a247f42c24ec.jpg            16               14     -2
🔧 Parser running with datasets: ['main_dataset', 'extra-1', 'extra-4', 'extra-5']
Loaded 247 partition rules from partition.csv

Success! Extracted 3790 images into parsed_dataset_catalog.json
Using device: cuda
GPU: Quadro RTX 8000
VRAM available: 47.3 GB
📁 Initialized new experiment folder: results_task2/run_54
   ├─ 🧠 Models:  results_task2/run_54/models
   ├─ 📊 Graphs:  results_task2/run_54/graphs
   └─ 📝 Results: results_task2/run_54/results.csv
Config loaded ✓
Loaded 3,790 entries
Train: 3,191  |  Val: 579  |  Test: 20
Dataset classes ready ✓
Model                  Parameters
----------------------------------
ResNet18               11,312,209
ResNet50               24,036,945
ConvNeXt_Tiny          28,021,361
Helpers ready ✓
Initializing Datasets and DataLoaders...

============================================================
  Training: ResNet18
============================================================
  [  1/30]  train=1.9167  val=1.3975 ← ✓
  [  2/30]  train=1.3122  val=1.0990 ← ✓
  [  3/30]  train=1.0648  val=0.9322 ← ✓
  [  4/30]  train=0.9025  val=0.8533 ← ✓
  [  5/30]  train=0.7889  val=0.7179 ← ✓
  [  6/30]  train=0.7282  val=0.6617 ← ✓
  [  7/30]  train=0.6170  val=0.5753 ← ✓
  [  8/30]  train=0.5485  val=0.5462 ← ✓
  [  9/30]  train=0.5076  val=0.4850 ← ✓
  [ 10/30]  train=0.4462  val=0.4364 ← ✓
  [ 11/30]  train=0.3964  val=0.4442
  [ 12/30]  train=0.3678  val=0.4157 ← ✓
  [ 13/30]  train=0.3504  val=0.3795 ← ✓
  [ 14/30]  train=0.2917  val=0.3409 ← ✓
  [ 15/30]  train=0.2888  val=0.3022 ← ✓
  [ 16/30]  train=0.2288  val=0.3025
  [ 17/30]  train=0.2224  val=0.2651 ← ✓
  [ 18/30]  train=0.1932  val=0.2829
  [ 19/30]  train=0.1795  val=0.2816
  [ 20/30]  train=0.1578  val=0.2653
  [ 21/30]  train=0.1427  val=0.2503 ← ✓
  [ 22/30]  train=0.1380  val=0.2691
  [ 23/30]  train=0.1388  val=0.2714
  [ 24/30]  train=0.1249  val=0.2638
  [ 25/30]  train=0.1119  val=0.2568
  [ 26/30]  train=0.1118  val=0.2597
  [ 27/30]  train=0.1018  val=0.2436 ← ✓
  [ 28/30]  train=0.1010  val=0.2608
  [ 29/30]  train=0.0966  val=0.2554
  [ 30/30]  train=0.0952  val=0.2536

  Test →  MAE=2.350  RMSE=3.354  Acc@1=0.500  ExactAcc=0.250

============================================================
  Training: ResNet50
============================================================
  [  1/30]  train=2.0567  val=1.5717 ← ✓
  [  2/30]  train=1.3335  val=1.1943 ← ✓
  [  3/30]  train=1.0386  val=0.8635 ← ✓
  [  4/30]  train=0.8629  val=0.7796 ← ✓
  [  5/30]  train=0.7423  val=0.6506 ← ✓
  [  6/30]  train=0.6378  val=0.5901 ← ✓
  [  7/30]  train=0.5304  val=0.4815 ← ✓
  [  8/30]  train=0.4900  val=0.4375 ← ✓
  [  9/30]  train=0.4350  val=0.4242 ← ✓
  [ 10/30]  train=0.3748  val=0.4648
  [ 11/30]  train=0.3459  val=0.3197 ← ✓
  [ 12/30]  train=0.2884  val=0.3613
  [ 13/30]  train=0.2329  val=0.3337
  [ 14/30]  train=0.2250  val=0.2799 ← ✓
  [ 15/30]  train=0.2233  val=0.2694 ← ✓
  [ 16/30]  train=0.1876  val=0.2343 ← ✓
  [ 17/30]  train=0.1648  val=0.2657
  [ 18/30]  train=0.1470  val=0.2278 ← ✓
  [ 19/30]  train=0.1300  val=0.2756
  [ 20/30]  train=0.1170  val=0.2328
  [ 21/30]  train=0.1053  val=0.2425
  [ 22/30]  train=0.0918  val=0.2498
  [ 23/30]  train=0.0839  val=0.2450
  [ 24/30]  train=0.0816  val=0.2521
  [ 25/30]  train=0.0716  val=0.2365
  [ 26/30]  train=0.0619  val=0.2589
  [ 27/30]  train=0.0660  val=0.2365
  [ 28/30]  train=0.0504  val=0.2401
  [ 29/30]  train=0.0641  val=0.2391
  [ 30/30]  train=0.0599  val=0.2354

  Test →  MAE=1.550  RMSE=2.156  Acc@1=0.600  ExactAcc=0.300

============================================================
  Training: ConvNeXt_Tiny
============================================================
  [  1/30]  train=1.8527  val=1.3213 ← ✓
  [  2/30]  train=1.1909  val=0.9797 ← ✓
  [  3/30]  train=0.9086  val=0.8672 ← ✓
  [  4/30]  train=0.7393  val=0.7440 ← ✓
  [  5/30]  train=0.6003  val=0.6012 ← ✓
  [  6/30]  train=0.5086  val=0.5334 ← ✓
  [  7/30]  train=0.4243  val=0.4257 ← ✓
  [  8/30]  train=0.3518  val=0.4818
  [  9/30]  train=0.3072  val=0.3843 ← ✓
  [ 10/30]  train=0.2554  val=0.3185 ← ✓
  [ 11/30]  train=0.2262  val=0.3356
  [ 12/30]  train=0.1955  val=0.2788 ← ✓
  [ 13/30]  train=0.1653  val=0.2933
  [ 14/30]  train=0.1458  val=0.2610 ← ✓
  [ 15/30]  train=0.1218  val=0.2566 ← ✓
  [ 16/30]  train=0.1226  val=0.2466 ← ✓
  [ 17/30]  train=0.0997  val=0.2935
  [ 18/30]  train=0.0880  val=0.2223 ← ✓
  [ 19/30]  train=0.0770  val=0.2347
  [ 20/30]  train=0.0655  val=0.2557
  [ 21/30]  train=0.0638  val=0.2484
  [ 22/30]  train=0.0533  val=0.2295
  [ 23/30]  train=0.0471  val=0.2330
  [ 24/30]  train=0.0393  val=0.2394
  [ 25/30]  train=0.0418  val=0.2414
  [ 26/30]  train=0.0408  val=0.2315
  [ 27/30]  train=0.0385  val=0.2389
  [ 28/30]  train=0.0384  val=0.2343
  [ 29/30]  train=0.0356  val=0.2358
  [ 30/30]  train=0.0304  val=0.2365

  Test →  MAE=1.100  RMSE=1.549  Acc@1=0.800  ExactAcc=0.300


All models done! Results saved to results_task2/run_54/results.csv
Saved: loss_curves.png
Saved: scatter_plots.png
Saved: error_distributions.png
           Model  MAE ↓  RMSE ↓  Acc@1 ↑  Exact ↑
1  ConvNeXt_Tiny   1.10   1.549      0.8     0.30
2       ResNet50   1.55   2.156      0.6     0.30
3       ResNet18   2.35   3.354      0.5     0.25
Saved: model_comparison.png
📊 Final Model Rankings saved to CSV:
 Rank         model                        datasets_used  MAE   MSE    RMSE  Acc@1  ExactAcc
    1 ConvNeXt_Tiny main_dataset,extra-1,extra-4,extra-5 1.10  2.40 1.54919    0.8      0.30
    2      ResNet50 main_dataset,extra-1,extra-4,extra-5 1.55  4.65 2.15639    0.6      0.30
    3      ResNet18 main_dataset,extra-1,extra-4,extra-5 2.35 11.25 3.35410    0.5      0.25
------------------------------------------------------------
🏆 Best model: ConvNeXt_Tiny  (ExactAcc=0.300)
Running full evaluation on 20 test images using ConvNeXt_Tiny...
Evaluating:   0%|          | 0/20 [00:00<?, ?it/s]

========================================
  FINAL TEST SET EVALUATION REPORT
========================================
Model Evaluated        : ConvNeXt_Tiny
Total Images Evaluated : 20
MAE  (avg error)       : 1.100 balls
RMSE (penalty error)   : 1.549
Acc@1 (within ±1)      : 80.00%
Exact Accuracy         : 30.00%
========================================

🔍 Detailed error analysis saved to: results_task2/run_54/ConvNeXt_Tiny_error_breakdown.csv

Top 5 Worst Predictions:
                                     Image_Name  Actual_Balls  Predicted_Balls  Error
118_png.rf.3e82e1f3d657302b61a62c113271b753.jpg            10               14      4
185_png.rf.d2a971d3a33d7f290e313be493525277.jpg             4                7      3
136_png.rf.e99c3dfd6e84ce294cdabc3bb5ee8a75.jpg            12               15      3
 94_png.rf.914de818a4ff0d086b7cb41abc8b95fd.jpg             9                7     -2
  1_png.rf.8199e7f82efa196a0732a582c5d2472e.jpg             2                3      1
🔧 Parser running with datasets: ['main_dataset', 'extra-2', 'extra-3', 'extra-4']
Loaded 247 partition rules from partition.csv

Success! Extracted 1998 images into parsed_dataset_catalog.json
Using device: cuda
GPU: Quadro RTX 8000
VRAM available: 47.3 GB
📁 Initialized new experiment folder: results_task2/run_55
   ├─ 🧠 Models:  results_task2/run_55/models
   ├─ 📊 Graphs:  results_task2/run_55/graphs
   └─ 📝 Results: results_task2/run_55/results.csv
Config loaded ✓
Loaded 1,998 entries
Train: 1,688  |  Val: 290  |  Test: 20
Dataset classes ready ✓
Model                  Parameters
----------------------------------
ResNet18               11,312,209
ResNet50               24,036,945
ConvNeXt_Tiny          28,021,361
Helpers ready ✓
Initializing Datasets and DataLoaders...

============================================================
  Training: ResNet18
============================================================
  [  1/30]  train=1.8116  val=1.3036 ← ✓
  [  2/30]  train=1.3380  val=1.0269 ← ✓
  [  3/30]  train=1.1971  val=0.9838 ← ✓
  [  4/30]  train=1.0733  val=0.8186 ← ✓
  [  5/30]  train=0.9696  val=0.8038 ← ✓
  [  6/30]  train=0.8970  val=0.7006 ← ✓
  [  7/30]  train=0.8214  val=0.6176 ← ✓
  [  8/30]  train=0.7348  val=0.5880 ← ✓
  [  9/30]  train=0.6556  val=0.5436 ← ✓
  [ 10/30]  train=0.6127  val=0.5338 ← ✓
  [ 11/30]  train=0.5565  val=0.5036 ← ✓
  [ 12/30]  train=0.4805  val=0.4959 ← ✓
  [ 13/30]  train=0.4940  val=0.4547 ← ✓
  [ 14/30]  train=0.4295  val=0.4838
  [ 15/30]  train=0.3974  val=0.3768 ← ✓
  [ 16/30]  train=0.3508  val=0.4137
  [ 17/30]  train=0.3368  val=0.3805
  [ 18/30]  train=0.2812  val=0.3484 ← ✓
  [ 19/30]  train=0.2684  val=0.3647
  [ 20/30]  train=0.2435  val=0.3697
  [ 21/30]  train=0.2174  val=0.3756
  [ 22/30]  train=0.2169  val=0.3928
  [ 23/30]  train=0.1819  val=0.3494
  [ 24/30]  train=0.1807  val=0.3522
  [ 25/30]  train=0.1665  val=0.3564
  [ 26/30]  train=0.1534  val=0.3690
  [ 27/30]  train=0.1582  val=0.3546
  [ 28/30]  train=0.1512  val=0.3554
  [ 29/30]  train=0.1426  val=0.3548
  [ 30/30]  train=0.1525  val=0.3601

  Test →  MAE=2.000  RMSE=2.588  Acc@1=0.450  ExactAcc=0.150

============================================================
  Training: ResNet50
============================================================
  [  1/30]  train=2.0292  val=1.4355 ← ✓
  [  2/30]  train=1.4310  val=1.1691 ← ✓
  [  3/30]  train=1.2095  val=0.9289 ← ✓
  [  4/30]  train=1.0562  val=0.8203 ← ✓
  [  5/30]  train=0.9281  val=0.7672 ← ✓
  [  6/30]  train=0.8161  val=0.6810 ← ✓
  [  7/30]  train=0.7232  val=0.6704 ← ✓
  [  8/30]  train=0.6623  val=0.5918 ← ✓
  [  9/30]  train=0.6316  val=0.5691 ← ✓
  [ 10/30]  train=0.5403  val=0.4629 ← ✓
  [ 11/30]  train=0.4614  val=0.5012
  [ 12/30]  train=0.4290  val=0.4511 ← ✓
  [ 13/30]  train=0.3647  val=0.3984 ← ✓
  [ 14/30]  train=0.3583  val=0.3687 ← ✓
  [ 15/30]  train=0.2960  val=0.3331 ← ✓
  [ 16/30]  train=0.2642  val=0.3171 ← ✓
  [ 17/30]  train=0.2289  val=0.3335
  [ 18/30]  train=0.1979  val=0.3629
  [ 19/30]  train=0.1758  val=0.3315
  [ 20/30]  train=0.1509  val=0.3323
  [ 21/30]  train=0.1403  val=0.3089 ← ✓
  [ 22/30]  train=0.1240  val=0.3599
  [ 23/30]  train=0.1116  val=0.3482
  [ 24/30]  train=0.0840  val=0.3676
  [ 25/30]  train=0.0842  val=0.3848
  [ 26/30]  train=0.0812  val=0.3558
  [ 27/30]  train=0.0759  val=0.3689
  [ 28/30]  train=0.0734  val=0.3608
  [ 29/30]  train=0.0749  val=0.3599
  [ 30/30]  train=0.0832  val=0.3748

  Test →  MAE=1.300  RMSE=1.924  Acc@1=0.600  ExactAcc=0.400

============================================================
  Training: ConvNeXt_Tiny
============================================================
  [  1/30]  train=1.7525  val=1.2073 ← ✓
  [  2/30]  train=1.2095  val=1.0735 ← ✓
  [  3/30]  train=1.0334  val=0.8289 ← ✓
  [  4/30]  train=0.8979  val=0.7126 ← ✓
  [  5/30]  train=0.7518  val=0.6768 ← ✓
  [  6/30]  train=0.6617  val=0.5888 ← ✓
  [  7/30]  train=0.5765  val=0.4783 ← ✓
  [  8/30]  train=0.4940  val=0.4541 ← ✓
  [  9/30]  train=0.4174  val=0.3985 ← ✓
  [ 10/30]  train=0.3702  val=0.3946 ← ✓
  [ 11/30]  train=0.2892  val=0.3407 ← ✓
  [ 12/30]  train=0.2618  val=0.3086 ← ✓
  [ 13/30]  train=0.2229  val=0.3216
  [ 14/30]  train=0.2011  val=0.3355
  [ 15/30]  train=0.1641  val=0.2867 ← ✓
  [ 16/30]  train=0.1223  val=0.3063
  [ 17/30]  train=0.1272  val=0.3155
  [ 18/30]  train=0.1051  val=0.2960
  [ 19/30]  train=0.0747  val=0.2835 ← ✓
  [ 20/30]  train=0.0655  val=0.2768 ← ✓
  [ 21/30]  train=0.0704  val=0.2776
  [ 22/30]  train=0.0619  val=0.3035
  [ 23/30]  train=0.0534  val=0.3184
  [ 24/30]  train=0.0498  val=0.3172
  [ 25/30]  train=0.0373  val=0.2970
  [ 26/30]  train=0.0448  val=0.3080
  [ 27/30]  train=0.0352  val=0.3078
  [ 28/30]  train=0.0326  val=0.3033
  [ 29/30]  train=0.0339  val=0.3051
  [ 30/30]  train=0.0315  val=0.3053

  Test →  MAE=0.900  RMSE=1.342  Acc@1=0.850  ExactAcc=0.400


All models done! Results saved to results_task2/run_55/results.csv
Saved: loss_curves.png
Saved: scatter_plots.png
Saved: error_distributions.png
           Model  MAE ↓  RMSE ↓  Acc@1 ↑  Exact ↑
1  ConvNeXt_Tiny    0.9   1.342     0.85     0.40
2       ResNet50    1.3   1.924     0.60     0.40
3       ResNet18    2.0   2.588     0.45     0.15
Saved: model_comparison.png
📊 Final Model Rankings saved to CSV:
 Rank         model                        datasets_used  MAE  MSE    RMSE  Acc@1  ExactAcc
    1 ConvNeXt_Tiny main_dataset,extra-2,extra-3,extra-4  0.9  1.8 1.34164   0.85      0.40
    2      ResNet50 main_dataset,extra-2,extra-3,extra-4  1.3  3.7 1.92354   0.60      0.40
    3      ResNet18 main_dataset,extra-2,extra-3,extra-4  2.0  6.7 2.58844   0.45      0.15
------------------------------------------------------------
🏆 Best model: ConvNeXt_Tiny  (ExactAcc=0.400)
Running full evaluation on 20 test images using ConvNeXt_Tiny...
Evaluating:   0%|          | 0/20 [00:00<?, ?it/s]

========================================
  FINAL TEST SET EVALUATION REPORT
========================================
Model Evaluated        : ConvNeXt_Tiny
Total Images Evaluated : 20
MAE  (avg error)       : 0.900 balls
RMSE (penalty error)   : 1.342
Acc@1 (within ±1)      : 85.00%
Exact Accuracy         : 40.00%
========================================

🔍 Detailed error analysis saved to: results_task2/run_55/ConvNeXt_Tiny_error_breakdown.csv

Top 5 Worst Predictions:
                                     Image_Name  Actual_Balls  Predicted_Balls  Error
185_png.rf.d2a971d3a33d7f290e313be493525277.jpg             4                7      3
140_png.rf.6645e10bad5cf3f197b71ddb6b34e6b4.jpg             8               11      3
 58_png.rf.b94027c8488125d21180dde164fc71f6.jpg             8               11      3
  1_png.rf.8199e7f82efa196a0732a582c5d2472e.jpg             2                3      1
  9_png.rf.3a4164e5647feea77eb3062be7e65aea.jpg             7                8      1
🔧 Parser running with datasets: ['main_dataset', 'extra-2', 'extra-3', 'extra-5']
Loaded 247 partition rules from partition.csv

Success! Extracted 3983 images into parsed_dataset_catalog.json
Using device: cuda
GPU: Quadro RTX 8000
VRAM available: 47.3 GB
📁 Initialized new experiment folder: results_task2/run_56
   ├─ 🧠 Models:  results_task2/run_56/models
   ├─ 📊 Graphs:  results_task2/run_56/graphs
   └─ 📝 Results: results_task2/run_56/results.csv
Config loaded ✓
Loaded 3,983 entries
Train: 3,353  |  Val: 610  |  Test: 20
Dataset classes ready ✓
Model                  Parameters
----------------------------------
ResNet18               11,312,209
ResNet50               24,036,945
ConvNeXt_Tiny          28,021,361
Helpers ready ✓
Initializing Datasets and DataLoaders...

============================================================
  Training: ResNet18
============================================================
  [  1/30]  train=2.1338  val=1.6139 ← ✓
  [  2/30]  train=1.5322  val=1.1817 ← ✓
  [  3/30]  train=1.3000  val=1.0435 ← ✓
  [  4/30]  train=1.1014  val=0.9017 ← ✓
  [  5/30]  train=0.9702  val=0.8900 ← ✓
  [  6/30]  train=0.8527  val=0.7157 ← ✓
  [  7/30]  train=0.7564  val=0.6483 ← ✓
  [  8/30]  train=0.6782  val=0.6303 ← ✓
  [  9/30]  train=0.6222  val=0.5635 ← ✓
  [ 10/30]  train=0.5548  val=0.4974 ← ✓
  [ 11/30]  train=0.4968  val=0.4526 ← ✓
  [ 12/30]  train=0.4777  val=0.4178 ← ✓
  [ 13/30]  train=0.4149  val=0.4098 ← ✓
  [ 14/30]  train=0.3635  val=0.3745 ← ✓
  [ 15/30]  train=0.3290  val=0.3298 ← ✓
  [ 16/30]  train=0.3059  val=0.3177 ← ✓
  [ 17/30]  train=0.2672  val=0.3368
  [ 18/30]  train=0.2490  val=0.3150 ← ✓
  [ 19/30]  train=0.2175  val=0.2985 ← ✓
  [ 20/30]  train=0.1976  val=0.2896 ← ✓
  [ 21/30]  train=0.1834  val=0.2677 ← ✓
  [ 22/30]  train=0.1774  val=0.2652 ← ✓
  [ 23/30]  train=0.1675  val=0.2502 ← ✓
  [ 24/30]  train=0.1405  val=0.2526
  [ 25/30]  train=0.1280  val=0.2397 ← ✓
  [ 26/30]  train=0.1333  val=0.2476
  [ 27/30]  train=0.1161  val=0.2383 ← ✓
  [ 28/30]  train=0.1159  val=0.2410
  [ 29/30]  train=0.1166  val=0.2391
  [ 30/30]  train=0.1110  val=0.2406

  Test →  MAE=1.750  RMSE=2.992  Acc@1=0.700  ExactAcc=0.250

============================================================
  Training: ResNet50
============================================================
  [  1/30]  train=2.2455  val=1.6484 ← ✓
  [  2/30]  train=1.5327  val=1.2093 ← ✓
  [  3/30]  train=1.2227  val=1.1320 ← ✓
  [  4/30]  train=1.0466  val=0.8784 ← ✓
  [  5/30]  train=0.9038  val=0.7611 ← ✓
  [  6/30]  train=0.7875  val=0.7341 ← ✓
  [  7/30]  train=0.6880  val=0.6769 ← ✓
  [  8/30]  train=0.5657  val=0.5829 ← ✓
  [  9/30]  train=0.5300  val=0.5777 ← ✓
  [ 10/30]  train=0.4456  val=0.4388 ← ✓
  [ 11/30]  train=0.4098  val=0.4207 ← ✓
  [ 12/30]  train=0.3624  val=0.3402 ← ✓
  [ 13/30]  train=0.3187  val=0.3395 ← ✓
  [ 14/30]  train=0.2586  val=0.3084 ← ✓
  [ 15/30]  train=0.2411  val=0.2834 ← ✓
  [ 16/30]  train=0.1913  val=0.3150
  [ 17/30]  train=0.1784  val=0.2761 ← ✓
  [ 18/30]  train=0.1499  val=0.2700 ← ✓
  [ 19/30]  train=0.1311  val=0.2622 ← ✓
  [ 20/30]  train=0.1174  val=0.2614 ← ✓
  [ 21/30]  train=0.1003  val=0.2652
  [ 22/30]  train=0.0960  val=0.2779
  [ 23/30]  train=0.0972  val=0.2667
  [ 24/30]  train=0.0805  val=0.2755
  [ 25/30]  train=0.0660  val=0.2694
  [ 26/30]  train=0.0619  val=0.2525 ← ✓
  [ 27/30]  train=0.0540  val=0.2432 ← ✓
  [ 28/30]  train=0.0572  val=0.2516
  [ 29/30]  train=0.0516  val=0.2494
  [ 30/30]  train=0.0545  val=0.2439

  Test →  MAE=2.200  RMSE=3.178  Acc@1=0.550  ExactAcc=0.250

============================================================
  Training: ConvNeXt_Tiny
============================================================
  [  1/30]  train=2.0295  val=1.4673 ← ✓
  [  2/30]  train=1.3307  val=1.2438 ← ✓
  [  3/30]  train=1.0581  val=0.8462 ← ✓
  [  4/30]  train=0.9034  val=0.7689 ← ✓
  [  5/30]  train=0.7093  val=0.6305 ← ✓
  [  6/30]  train=0.6215  val=0.5403 ← ✓
  [  7/30]  train=0.5067  val=0.4807 ← ✓
  [  8/30]  train=0.4349  val=0.4552 ← ✓
  [  9/30]  train=0.3618  val=0.3741 ← ✓
  [ 10/30]  train=0.3038  val=0.2988 ← ✓
  [ 11/30]  train=0.2586  val=0.2874 ← ✓
  [ 12/30]  train=0.2175  val=0.2950
  [ 13/30]  train=0.1853  val=0.2530 ← ✓
  [ 14/30]  train=0.1677  val=0.2503 ← ✓
  [ 15/30]  train=0.1467  val=0.2313 ← ✓
  [ 16/30]  train=0.1224  val=0.2311 ← ✓
  [ 17/30]  train=0.1045  val=0.2037 ← ✓
  [ 18/30]  train=0.0970  val=0.2018 ← ✓
  [ 19/30]  train=0.0777  val=0.1902 ← ✓
  [ 20/30]  train=0.0646  val=0.1604 ← ✓
  [ 21/30]  train=0.0602  val=0.1872
  [ 22/30]  train=0.0508  val=0.1984
  [ 23/30]  train=0.0535  val=0.1682
  [ 24/30]  train=0.0410  val=0.1761
  [ 25/30]  train=0.0440  val=0.1758
  [ 26/30]  train=0.0366  val=0.1734
  [ 27/30]  train=0.0358  val=0.1769
  [ 28/30]  train=0.0355  val=0.1807
  [ 29/30]  train=0.0295  val=0.1771
  [ 30/30]  train=0.0324  val=0.1771

  Test →  MAE=0.850  RMSE=1.118  Acc@1=0.800  ExactAcc=0.350


All models done! Results saved to results_task2/run_56/results.csv
Saved: loss_curves.png
Saved: scatter_plots.png
Saved: error_distributions.png
           Model  MAE ↓  RMSE ↓  Acc@1 ↑  Exact ↑
1  ConvNeXt_Tiny   0.85   1.118     0.80     0.35
2       ResNet18   1.75   2.992     0.70     0.25
3       ResNet50   2.20   3.178     0.55     0.25
Saved: model_comparison.png
📊 Final Model Rankings saved to CSV:
 Rank         model                        datasets_used  MAE   MSE    RMSE  Acc@1  ExactAcc
    1 ConvNeXt_Tiny main_dataset,extra-2,extra-3,extra-5 0.85  1.25 1.11803   0.80      0.35
    2      ResNet18 main_dataset,extra-2,extra-3,extra-5 1.75  8.95 2.99166   0.70      0.25
    3      ResNet50 main_dataset,extra-2,extra-3,extra-5 2.20 10.10 3.17805   0.55      0.25
------------------------------------------------------------
🏆 Best model: ConvNeXt_Tiny  (ExactAcc=0.350)
Running full evaluation on 20 test images using ConvNeXt_Tiny...
Evaluating:   0%|          | 0/20 [00:00<?, ?it/s]

========================================
  FINAL TEST SET EVALUATION REPORT
========================================
Model Evaluated        : ConvNeXt_Tiny
Total Images Evaluated : 20
MAE  (avg error)       : 0.850 balls
RMSE (penalty error)   : 1.118
Acc@1 (within ±1)      : 80.00%
Exact Accuracy         : 35.00%
========================================

🔍 Detailed error analysis saved to: results_task2/run_56/ConvNeXt_Tiny_error_breakdown.csv

Top 5 Worst Predictions:
                                     Image_Name  Actual_Balls  Predicted_Balls  Error
185_png.rf.d2a971d3a33d7f290e313be493525277.jpg             4                6      2
118_png.rf.3e82e1f3d657302b61a62c113271b753.jpg            10               12      2
 26_png.rf.58fd63888dc80d24e902a96995a31656.jpg            10                8     -2
134_png.rf.eafc70891a991c969df70bd817a63375.jpg            13               11     -2
  1_png.rf.8199e7f82efa196a0732a582c5d2472e.jpg             2                3      1
🔧 Parser running with datasets: ['main_dataset', 'extra-2', 'extra-4', 'extra-5']
Loaded 247 partition rules from partition.csv

Success! Extracted 3433 images into parsed_dataset_catalog.json
Using device: cuda
GPU: Quadro RTX 8000
VRAM available: 47.3 GB
📁 Initialized new experiment folder: results_task2/run_57
   ├─ 🧠 Models:  results_task2/run_57/models
   ├─ 📊 Graphs:  results_task2/run_57/graphs
   └─ 📝 Results: results_task2/run_57/results.csv
Config loaded ✓
Loaded 3,433 entries
Train: 2,892  |  Val: 521  |  Test: 20
Dataset classes ready ✓
Model                  Parameters
----------------------------------
ResNet18               11,312,209
ResNet50               24,036,945
ConvNeXt_Tiny          28,021,361
Helpers ready ✓
Initializing Datasets and DataLoaders...

============================================================
  Training: ResNet18
============================================================
  [  1/30]  train=1.8433  val=1.2466 ← ✓
  [  2/30]  train=1.2554  val=0.9852 ← ✓
  [  3/30]  train=1.0575  val=0.7742 ← ✓
  [  4/30]  train=0.8986  val=0.6636 ← ✓
  [  5/30]  train=0.7735  val=0.6511 ← ✓
  [  6/30]  train=0.6815  val=0.4782 ← ✓
  [  7/30]  train=0.5815  val=0.4627 ← ✓
  [  8/30]  train=0.5237  val=0.3768 ← ✓
  [  9/30]  train=0.5115  val=0.3720 ← ✓
  [ 10/30]  train=0.4374  val=0.3007 ← ✓
  [ 11/30]  train=0.3886  val=0.2737 ← ✓
  [ 12/30]  train=0.3542  val=0.2562 ← ✓
  [ 13/30]  train=0.3182  val=0.2199 ← ✓
  [ 14/30]  train=0.2881  val=0.1782 ← ✓
  [ 15/30]  train=0.2558  val=0.2246
  [ 16/30]  train=0.2620  val=0.1839
  [ 17/30]  train=0.2100  val=0.2062
  [ 18/30]  train=0.1982  val=0.1610 ← ✓
  [ 19/30]  train=0.1946  val=0.1528 ← ✓
  [ 20/30]  train=0.1800  val=0.1484 ← ✓
  [ 21/30]  train=0.1437  val=0.1515
  [ 22/30]  train=0.1248  val=0.1555
  [ 23/30]  train=0.1190  val=0.1465 ← ✓
  [ 24/30]  train=0.1087  val=0.1444 ← ✓
  [ 25/30]  train=0.1089  val=0.1357 ← ✓
  [ 26/30]  train=0.1118  val=0.1373
  [ 27/30]  train=0.0951  val=0.1363
  [ 28/30]  train=0.0926  val=0.1342 ← ✓
  [ 29/30]  train=0.0911  val=0.1350
  [ 30/30]  train=0.0918  val=0.1299 ← ✓

  Test →  MAE=2.350  RMSE=3.369  Acc@1=0.550  ExactAcc=0.200

============================================================
  Training: ResNet50
============================================================
  [  1/30]  train=2.0278  val=1.4567 ← ✓
  [  2/30]  train=1.3247  val=1.0292 ← ✓
  [  3/30]  train=1.0273  val=0.7976 ← ✓
  [  4/30]  train=0.8896  val=0.6402 ← ✓
  [  5/30]  train=0.7395  val=0.5025 ← ✓
  [  6/30]  train=0.6457  val=0.4729 ← ✓
  [  7/30]  train=0.5490  val=0.4353 ← ✓
  [  8/30]  train=0.4524  val=0.3286 ← ✓
  [  9/30]  train=0.4328  val=0.3109 ← ✓
  [ 10/30]  train=0.3793  val=0.2992 ← ✓
  [ 11/30]  train=0.3223  val=0.2786 ← ✓
  [ 12/30]  train=0.2835  val=0.2552 ← ✓
  [ 13/30]  train=0.2690  val=0.2275 ← ✓
  [ 14/30]  train=0.2335  val=0.2109 ← ✓
  [ 15/30]  train=0.2039  val=0.1879 ← ✓
  [ 16/30]  train=0.1690  val=0.1962
  [ 17/30]  train=0.1520  val=0.2283
  [ 18/30]  train=0.1450  val=0.1692 ← ✓
  [ 19/30]  train=0.1234  val=0.1872
  [ 20/30]  train=0.1235  val=0.1861
  [ 21/30]  train=0.0951  val=0.1868
  [ 22/30]  train=0.0899  val=0.1827
  [ 23/30]  train=0.0784  val=0.1867
  [ 24/30]  train=0.0733  val=0.1670 ← ✓
  [ 25/30]  train=0.0812  val=0.1756
  [ 26/30]  train=0.0636  val=0.1884
  [ 27/30]  train=0.0604  val=0.1632 ← ✓
  [ 28/30]  train=0.0648  val=0.1707
  [ 29/30]  train=0.0630  val=0.1635
  [ 30/30]  train=0.0630  val=0.1649

  Test →  MAE=1.550  RMSE=2.419  Acc@1=0.650  ExactAcc=0.300

============================================================
  Training: ConvNeXt_Tiny
============================================================
  [  1/30]  train=1.7986  val=1.2621 ← ✓
  [  2/30]  train=1.1573  val=0.9166 ← ✓
  [  3/30]  train=0.9074  val=0.7193 ← ✓
  [  4/30]  train=0.7323  val=0.5717 ← ✓
  [  5/30]  train=0.5995  val=0.4198 ← ✓
  [  6/30]  train=0.4991  val=0.3604 ← ✓
  [  7/30]  train=0.4305  val=0.3429 ← ✓
  [  8/30]  train=0.3318  val=0.2659 ← ✓
  [  9/30]  train=0.3285  val=0.2718
  [ 10/30]  train=0.2668  val=0.2519 ← ✓
  [ 11/30]  train=0.2276  val=0.2111 ← ✓
  [ 12/30]  train=0.1861  val=0.2499
  [ 13/30]  train=0.1848  val=0.1931 ← ✓
  [ 14/30]  train=0.1548  val=0.1475 ← ✓
  [ 15/30]  train=0.1308  val=0.1769
  [ 16/30]  train=0.1074  val=0.1678
  [ 17/30]  train=0.0955  val=0.1735
  [ 18/30]  train=0.0882  val=0.1543
  [ 19/30]  train=0.0842  val=0.1487
  [ 20/30]  train=0.0654  val=0.1418 ← ✓
  [ 21/30]  train=0.0642  val=0.1250 ← ✓
  [ 22/30]  train=0.0542  val=0.1305
  [ 23/30]  train=0.0488  val=0.1389
  [ 24/30]  train=0.0454  val=0.1307
  [ 25/30]  train=0.0413  val=0.1293
  [ 26/30]  train=0.0355  val=0.1356
  [ 27/30]  train=0.0313  val=0.1350
  [ 28/30]  train=0.0351  val=0.1294
  [ 29/30]  train=0.0350  val=0.1287
  [ 30/30]  train=0.0317  val=0.1285

  Test →  MAE=1.300  RMSE=1.673  Acc@1=0.600  ExactAcc=0.250


All models done! Results saved to results_task2/run_57/results.csv
Saved: loss_curves.png
Saved: scatter_plots.png
Saved: error_distributions.png
           Model  MAE ↓  RMSE ↓  Acc@1 ↑  Exact ↑
1  ConvNeXt_Tiny   1.30   1.673     0.60     0.25
2       ResNet50   1.55   2.419     0.65     0.30
3       ResNet18   2.35   3.369     0.55     0.20
Saved: model_comparison.png
📊 Final Model Rankings saved to CSV:
 Rank         model                        datasets_used  MAE   MSE    RMSE  Acc@1  ExactAcc
    1      ResNet50 main_dataset,extra-2,extra-4,extra-5 1.55  5.85 2.41868   0.65      0.30
    2 ConvNeXt_Tiny main_dataset,extra-2,extra-4,extra-5 1.30  2.80 1.67332   0.60      0.25
    3      ResNet18 main_dataset,extra-2,extra-4,extra-5 2.35 11.35 3.36898   0.55      0.20
------------------------------------------------------------
🏆 Best model: ResNet50  (ExactAcc=0.300)
Running full evaluation on 20 test images using ResNet50...
Evaluating:   0%|          | 0/20 [00:00<?, ?it/s]

========================================
  FINAL TEST SET EVALUATION REPORT
========================================
Model Evaluated        : ResNet50
Total Images Evaluated : 20
MAE  (avg error)       : 1.550 balls
RMSE (penalty error)   : 2.419
Acc@1 (within ±1)      : 65.00%
Exact Accuracy         : 30.00%
========================================

🔍 Detailed error analysis saved to: results_task2/run_57/ResNet50_error_breakdown.csv

Top 5 Worst Predictions:
                                     Image_Name  Actual_Balls  Predicted_Balls  Error
181_png.rf.23ccd3b4b31a6fef484f7f0d25cf89d7.jpg            16                8     -8
118_png.rf.3e82e1f3d657302b61a62c113271b753.jpg            10               14      4
 58_png.rf.b94027c8488125d21180dde164fc71f6.jpg             8               11      3
115_png.rf.ed51d53dd5c384b1f26a2b6ece52ad69.jpg            11               14      3
 38_png.rf.5f7178d32f8c80830acba72ceaa53c52.jpg             8               10      2
🔧 Parser running with datasets: ['main_dataset', 'extra-3', 'extra-4', 'extra-5']
Loaded 247 partition rules from partition.csv

Success! Extracted 4387 images into parsed_dataset_catalog.json
Using device: cuda
GPU: Quadro RTX 8000
VRAM available: 47.3 GB
📁 Initialized new experiment folder: results_task2/run_58
   ├─ 🧠 Models:  results_task2/run_58/models
   ├─ 📊 Graphs:  results_task2/run_58/graphs
   └─ 📝 Results: results_task2/run_58/results.csv
Config loaded ✓
Loaded 4,387 entries
Train: 3,724  |  Val: 643  |  Test: 20
Dataset classes ready ✓
Model                  Parameters
----------------------------------
ResNet18               11,312,209
ResNet50               24,036,945
ConvNeXt_Tiny          28,021,361
Helpers ready ✓
Initializing Datasets and DataLoaders...

============================================================
  Training: ResNet18
============================================================
  [  1/30]  train=1.9548  val=1.4400 ← ✓
  [  2/30]  train=1.3636  val=1.0986 ← ✓
  [  3/30]  train=1.1522  val=1.0191 ← ✓
  [  4/30]  train=0.9901  val=0.8505 ← ✓
  [  5/30]  train=0.8647  val=0.7275 ← ✓
  [  6/30]  train=0.7930  val=0.7167 ← ✓
  [  7/30]  train=0.7010  val=0.6245 ← ✓
  [  8/30]  train=0.6245  val=0.5954 ← ✓
  [  9/30]  train=0.5214  val=0.5182 ← ✓
  [ 10/30]  train=0.5106  val=0.5221
  [ 11/30]  train=0.4550  val=0.5101 ← ✓
  [ 12/30]  train=0.3943  val=0.4764 ← ✓
  [ 13/30]  train=0.3583  val=0.5146
  [ 14/30]  train=0.3428  val=0.4184 ← ✓
  [ 15/30]  train=0.2871  val=0.4157 ← ✓
  [ 16/30]  train=0.2608  val=0.3892 ← ✓
  [ 17/30]  train=0.2346  val=0.3684 ← ✓
  [ 18/30]  train=0.2325  val=0.3547 ← ✓
  [ 19/30]  train=0.2026  val=0.3359 ← ✓
  [ 20/30]  train=0.1673  val=0.3545
  [ 21/30]  train=0.1586  val=0.3247 ← ✓
  [ 22/30]  train=0.1577  val=0.3376
  [ 23/30]  train=0.1294  val=0.3152 ← ✓
  [ 24/30]  train=0.1248  val=0.3291
  [ 25/30]  train=0.1188  val=0.3398
  [ 26/30]  train=0.1159  val=0.3203
  [ 27/30]  train=0.0982  val=0.3208
  [ 28/30]  train=0.1051  val=0.3278
  [ 29/30]  train=0.0943  val=0.3299
  [ 30/30]  train=0.1009  val=0.3176

  Test →  MAE=1.800  RMSE=2.387  Acc@1=0.500  ExactAcc=0.150

============================================================
  Training: ResNet50
============================================================
  [  1/30]  train=2.1315  val=1.6164 ← ✓
  [  2/30]  train=1.4075  val=1.1932 ← ✓
  [  3/30]  train=1.1156  val=0.9775 ← ✓
  [  4/30]  train=0.9385  val=0.9936
  [  5/30]  train=0.8070  val=0.6920 ← ✓
  [  6/30]  train=0.7041  val=0.6303 ← ✓
  [  7/30]  train=0.5960  val=0.6061 ← ✓
  [  8/30]  train=0.5398  val=0.5355 ← ✓
  [  9/30]  train=0.4457  val=0.4634 ← ✓
  [ 10/30]  train=0.3723  val=0.4259 ← ✓
  [ 11/30]  train=0.3532  val=0.4210 ← ✓
  [ 12/30]  train=0.3068  val=0.3967 ← ✓
  [ 13/30]  train=0.2608  val=0.3476 ← ✓
  [ 14/30]  train=0.2382  val=0.3615
  [ 15/30]  train=0.2219  val=0.3570
  [ 16/30]  train=0.1592  val=0.3439 ← ✓
  [ 17/30]  train=0.1563  val=0.3488
  [ 18/30]  train=0.1486  val=0.3349 ← ✓
  [ 19/30]  train=0.1210  val=0.3495
  [ 20/30]  train=0.1139  val=0.3412
  [ 21/30]  train=0.0985  val=0.3327 ← ✓
  [ 22/30]  train=0.0804  val=0.3315 ← ✓
  [ 23/30]  train=0.0671  val=0.3319
  [ 24/30]  train=0.0719  val=0.3538
  [ 25/30]  train=0.0549  val=0.3181 ← ✓
  [ 26/30]  train=0.0547  val=0.3325
  [ 27/30]  train=0.0501  val=0.3452
  [ 28/30]  train=0.0466  val=0.3286
  [ 29/30]  train=0.0494  val=0.3315
  [ 30/30]  train=0.0435  val=0.3288

  Test →  MAE=1.050  RMSE=1.746  Acc@1=0.800  ExactAcc=0.450

============================================================
  Training: ConvNeXt_Tiny
============================================================
  [  1/30]  train=1.9209  val=1.4368 ← ✓
  [  2/30]  train=1.2404  val=1.1002 ← ✓
  [  3/30]  train=0.9700  val=0.9777 ← ✓
  [  4/30]  train=0.7985  val=0.7075 ← ✓
  [  5/30]  train=0.6489  val=0.5947 ← ✓
  [  6/30]  train=0.5396  val=0.5096 ← ✓
  [  7/30]  train=0.4505  val=0.4306 ← ✓
  [  8/30]  train=0.3778  val=0.4021 ← ✓
  [  9/30]  train=0.3215  val=0.3918 ← ✓
  [ 10/30]  train=0.2764  val=0.3332 ← ✓
  [ 11/30]  train=0.2294  val=0.3188 ← ✓
  [ 12/30]  train=0.1931  val=0.3324
  [ 13/30]  train=0.1563  val=0.3378
  [ 14/30]  train=0.1438  val=0.3311
  [ 15/30]  train=0.1350  val=0.3215
  [ 16/30]  train=0.1031  val=0.2537 ← ✓
  [ 17/30]  train=0.0892  val=0.2507 ← ✓
  [ 18/30]  train=0.0807  val=0.2875
  [ 19/30]  train=0.0894  val=0.2701
  [ 20/30]  train=0.0635  val=0.2442 ← ✓
  [ 21/30]  train=0.0484  val=0.2595
  [ 22/30]  train=0.0468  val=0.2609
  [ 23/30]  train=0.0440  val=0.2672
  [ 24/30]  train=0.0360  val=0.2618
  [ 25/30]  train=0.0340  val=0.2794
  [ 26/30]  train=0.0282  val=0.2700
  [ 27/30]  train=0.0306  val=0.2741
  [ 28/30]  train=0.0310  val=0.2685
  [ 29/30]  train=0.0312  val=0.2654
  [ 30/30]  train=0.0295  val=0.2646

  Test →  MAE=1.050  RMSE=1.466  Acc@1=0.800  ExactAcc=0.300


All models done! Results saved to results_task2/run_58/results.csv
Saved: loss_curves.png
Saved: scatter_plots.png
Saved: error_distributions.png
           Model  MAE ↓  RMSE ↓  Acc@1 ↑  Exact ↑
1  ConvNeXt_Tiny   1.05   1.466      0.8     0.30
2       ResNet50   1.05   1.746      0.8     0.45
3       ResNet18   1.80   2.387      0.5     0.15
Saved: model_comparison.png
📊 Final Model Rankings saved to CSV:
 Rank         model                        datasets_used  MAE  MSE    RMSE  Acc@1  ExactAcc
    1      ResNet50 main_dataset,extra-3,extra-4,extra-5 1.05 3.05 1.74642    0.8      0.45
    2 ConvNeXt_Tiny main_dataset,extra-3,extra-4,extra-5 1.05 2.15 1.46629    0.8      0.30
    3      ResNet18 main_dataset,extra-3,extra-4,extra-5 1.80 5.70 2.38747    0.5      0.15
------------------------------------------------------------
🏆 Best model: ResNet50  (ExactAcc=0.450)
Running full evaluation on 20 test images using ResNet50...
Evaluating:   0%|          | 0/20 [00:00<?, ?it/s]

========================================
  FINAL TEST SET EVALUATION REPORT
========================================
Model Evaluated        : ResNet50
Total Images Evaluated : 20
MAE  (avg error)       : 1.050 balls
RMSE (penalty error)   : 1.746
Acc@1 (within ±1)      : 80.00%
Exact Accuracy         : 45.00%
========================================

🔍 Detailed error analysis saved to: results_task2/run_58/ResNet50_error_breakdown.csv

Top 5 Worst Predictions:
                                     Image_Name  Actual_Balls  Predicted_Balls  Error
 94_png.rf.914de818a4ff0d086b7cb41abc8b95fd.jpg             9               14      5
118_png.rf.3e82e1f3d657302b61a62c113271b753.jpg            10               14      4
 58_png.rf.b94027c8488125d21180dde164fc71f6.jpg             8               11      3
134_png.rf.eafc70891a991c969df70bd817a63375.jpg            13               11     -2
  1_png.rf.8199e7f82efa196a0732a582c5d2472e.jpg             2                3      1
🔧 Parser running with datasets: ['main_dataset', 'extra-1', 'extra-2', 'extra-3', 'extra-4']
Loaded 247 partition rules from partition.csv

Success! Extracted 2486 images into parsed_dataset_catalog.json
Using device: cuda
GPU: Quadro RTX 8000
VRAM available: 47.3 GB
📁 Initialized new experiment folder: results_task2/run_59
   ├─ 🧠 Models:  results_task2/run_59/models
   ├─ 📊 Graphs:  results_task2/run_59/graphs
   └─ 📝 Results: results_task2/run_59/results.csv
Config loaded ✓
Loaded 2,486 entries
Train: 2,136  |  Val: 330  |  Test: 20
Dataset classes ready ✓
Model                  Parameters
----------------------------------
ResNet18               11,312,209
ResNet50               24,036,945
ConvNeXt_Tiny          28,021,361
Helpers ready ✓
Initializing Datasets and DataLoaders...

============================================================
  Training: ResNet18
============================================================
  [  1/30]  train=1.8680  val=1.3986 ← ✓
  [  2/30]  train=1.3353  val=1.1801 ← ✓
  [  3/30]  train=1.1354  val=1.0602 ← ✓
  [  4/30]  train=0.9989  val=0.8290 ← ✓
  [  5/30]  train=0.8974  val=0.7539 ← ✓
  [  6/30]  train=0.8104  val=0.6510 ← ✓
  [  7/30]  train=0.7253  val=0.6437 ← ✓
  [  8/30]  train=0.6377  val=0.5985 ← ✓
  [  9/30]  train=0.6024  val=0.5966 ← ✓
  [ 10/30]  train=0.5480  val=0.6684
  [ 11/30]  train=0.5035  val=0.5095 ← ✓
  [ 12/30]  train=0.4812  val=0.4942 ← ✓
  [ 13/30]  train=0.4284  val=0.5037
  [ 14/30]  train=0.3694  val=0.5008
  [ 15/30]  train=0.3358  val=0.4382 ← ✓
  [ 16/30]  train=0.3253  val=0.4026 ← ✓
  [ 17/30]  train=0.2923  val=0.4200
  [ 18/30]  train=0.2906  val=0.4024 ← ✓
  [ 19/30]  train=0.2297  val=0.4018 ← ✓
  [ 20/30]  train=0.2133  val=0.4287
  [ 21/30]  train=0.2138  val=0.3985 ← ✓
  [ 22/30]  train=0.1856  val=0.4286
  [ 23/30]  train=0.1733  val=0.4096
  [ 24/30]  train=0.1548  val=0.3950 ← ✓
  [ 25/30]  train=0.1531  val=0.3865 ← ✓
  [ 26/30]  train=0.1389  val=0.3958
  [ 27/30]  train=0.1483  val=0.3830 ← ✓
  [ 28/30]  train=0.1384  val=0.3934
  [ 29/30]  train=0.1457  val=0.3936
  [ 30/30]  train=0.1400  val=0.3897

  Test →  MAE=2.100  RMSE=2.864  Acc@1=0.400  ExactAcc=0.200

============================================================
  Training: ResNet50
============================================================
  [  1/30]  train=2.1105  val=1.6285 ← ✓
  [  2/30]  train=1.3944  val=1.1291 ← ✓
  [  3/30]  train=1.1289  val=0.9328 ← ✓
  [  4/30]  train=0.9812  val=0.8956 ← ✓
  [  5/30]  train=0.8647  val=0.8579 ← ✓
  [  6/30]  train=0.7759  val=0.6882 ← ✓
  [  7/30]  train=0.6778  val=0.6605 ← ✓
  [  8/30]  train=0.6054  val=0.6070 ← ✓
  [  9/30]  train=0.5458  val=0.5444 ← ✓
  [ 10/30]  train=0.4855  val=0.5353 ← ✓
  [ 11/30]  train=0.4096  val=0.5525
  [ 12/30]  train=0.3770  val=0.4420 ← ✓
  [ 13/30]  train=0.3406  val=0.4453
  [ 14/30]  train=0.3023  val=0.5062
  [ 15/30]  train=0.2665  val=0.4632
  [ 16/30]  train=0.2279  val=0.4707
  [ 17/30]  train=0.2147  val=0.4520
  [ 18/30]  train=0.1799  val=0.4516
  [ 19/30]  train=0.1704  val=0.4550
  [ 20/30]  train=0.1317  val=0.4568
  [ 21/30]  train=0.1230  val=0.4507
  [ 22/30]  train=0.1095  val=0.4455
  [ 23/30]  train=0.1013  val=0.4646
  [ 24/30]  train=0.0900  val=0.4576
  [ 25/30]  train=0.0836  val=0.4588
  [ 26/30]  train=0.0792  val=0.4625
  [ 27/30]  train=0.0772  val=0.4708
  [ 28/30]  train=0.0724  val=0.4687
  [ 29/30]  train=0.0656  val=0.4570
  [ 30/30]  train=0.0658  val=0.4713

  Test →  MAE=1.300  RMSE=1.549  Acc@1=0.700  ExactAcc=0.100

============================================================
  Training: ConvNeXt_Tiny
============================================================
  [  1/30]  train=1.7999  val=1.3769 ← ✓
  [  2/30]  train=1.1978  val=1.0083 ← ✓
  [  3/30]  train=0.9700  val=0.9114 ← ✓
  [  4/30]  train=0.8191  val=0.6755 ← ✓
  [  5/30]  train=0.6752  val=0.6591 ← ✓
  [  6/30]  train=0.5899  val=0.6471 ← ✓
  [  7/30]  train=0.5578  val=0.5088 ← ✓
  [  8/30]  train=0.4640  val=0.4730 ← ✓
  [  9/30]  train=0.4060  val=0.4333 ← ✓
  [ 10/30]  train=0.3165  val=0.3448 ← ✓
  [ 11/30]  train=0.2853  val=0.3363 ← ✓
  [ 12/30]  train=0.2557  val=0.3357 ← ✓
  [ 13/30]  train=0.1951  val=0.3341 ← ✓
  [ 14/30]  train=0.1910  val=0.2920 ← ✓
  [ 15/30]  train=0.1378  val=0.2936
  [ 16/30]  train=0.1315  val=0.3287
  [ 17/30]  train=0.1052  val=0.3402
  [ 18/30]  train=0.0837  val=0.3402
  [ 19/30]  train=0.0708  val=0.3631
  [ 20/30]  train=0.0745  val=0.3177
  [ 21/30]  train=0.0620  val=0.3292
  [ 22/30]  train=0.0566  val=0.3228
  [ 23/30]  train=0.0494  val=0.3342
  [ 24/30]  train=0.0447  val=0.3288
  [ 25/30]  train=0.0401  val=0.3202
  [ 26/30]  train=0.0403  val=0.3362
  [ 27/30]  train=0.0358  val=0.3295
  [ 28/30]  train=0.0347  val=0.3358
  [ 29/30]  train=0.0337  val=0.3340
  [ 30/30]  train=0.0326  val=0.3336

  Test →  MAE=1.500  RMSE=2.236  Acc@1=0.650  ExactAcc=0.300


All models done! Results saved to results_task2/run_59/results.csv
Saved: loss_curves.png
Saved: scatter_plots.png
Saved: error_distributions.png
           Model  MAE ↓  RMSE ↓  Acc@1 ↑  Exact ↑
1       ResNet50    1.3   1.549     0.70      0.1
2  ConvNeXt_Tiny    1.5   2.236     0.65      0.3
3       ResNet18    2.1   2.864     0.40      0.2
Saved: model_comparison.png
📊 Final Model Rankings saved to CSV:
 Rank         model                                datasets_used  MAE  MSE    RMSE  Acc@1  ExactAcc
    1 ConvNeXt_Tiny main_dataset,extra-1,extra-2,extra-3,extra-4  1.5  5.0 2.23607   0.65       0.3
    2      ResNet18 main_dataset,extra-1,extra-2,extra-3,extra-4  2.1  8.2 2.86356   0.40       0.2
    3      ResNet50 main_dataset,extra-1,extra-2,extra-3,extra-4  1.3  2.4 1.54919   0.70       0.1
------------------------------------------------------------
🏆 Best model: ConvNeXt_Tiny  (ExactAcc=0.300)
Running full evaluation on 20 test images using ConvNeXt_Tiny...
Evaluating:   0%|          | 0/20 [00:00<?, ?it/s]

========================================
  FINAL TEST SET EVALUATION REPORT
========================================
Model Evaluated        : ConvNeXt_Tiny
Total Images Evaluated : 20
MAE  (avg error)       : 1.500 balls
RMSE (penalty error)   : 2.236
Acc@1 (within ±1)      : 65.00%
Exact Accuracy         : 30.00%
========================================

🔍 Detailed error analysis saved to: results_task2/run_59/ConvNeXt_Tiny_error_breakdown.csv

Top 5 Worst Predictions:
                                     Image_Name  Actual_Balls  Predicted_Balls  Error
 94_png.rf.914de818a4ff0d086b7cb41abc8b95fd.jpg             9               16      7
185_png.rf.d2a971d3a33d7f290e313be493525277.jpg             4                7      3
 38_png.rf.5f7178d32f8c80830acba72ceaa53c52.jpg             8               11      3
140_png.rf.6645e10bad5cf3f197b71ddb6b34e6b4.jpg             8                5     -3
 58_png.rf.b94027c8488125d21180dde164fc71f6.jpg             8               11      3
🔧 Parser running with datasets: ['main_dataset', 'extra-1', 'extra-2', 'extra-3', 'extra-5']
Loaded 247 partition rules from partition.csv

Success! Extracted 4471 images into parsed_dataset_catalog.json
Using device: cuda
GPU: Quadro RTX 8000
VRAM available: 47.3 GB
📁 Initialized new experiment folder: results_task2/run_60
   ├─ 🧠 Models:  results_task2/run_60/models
   ├─ 📊 Graphs:  results_task2/run_60/graphs
   └─ 📝 Results: results_task2/run_60/results.csv
Config loaded ✓
Loaded 4,471 entries
Train: 3,854  |  Val: 597  |  Test: 20
Dataset classes ready ✓
Model                  Parameters
----------------------------------
ResNet18               11,312,209
ResNet50               24,036,945
ConvNeXt_Tiny          28,021,361
Helpers ready ✓
Initializing Datasets and DataLoaders...

============================================================
  Training: ResNet18
============================================================
  [  1/30]  train=2.1022  val=1.4888 ← ✓
  [  2/30]  train=1.5076  val=1.1249 ← ✓
  [  3/30]  train=1.2468  val=0.9063 ← ✓
  [  4/30]  train=1.0683  val=0.8892 ← ✓
  [  5/30]  train=0.9625  val=0.7379 ← ✓
  [  6/30]  train=0.8438  val=0.7564
  [  7/30]  train=0.7369  val=0.6597 ← ✓
  [  8/30]  train=0.6727  val=0.6193 ← ✓
  [  9/30]  train=0.5938  val=0.5255 ← ✓
  [ 10/30]  train=0.5377  val=0.5327
  [ 11/30]  train=0.4774  val=0.4421 ← ✓
  [ 12/30]  train=0.4335  val=0.4803
  [ 13/30]  train=0.4073  val=0.4146 ← ✓
  [ 14/30]  train=0.3478  val=0.4131 ← ✓
  [ 15/30]  train=0.3263  val=0.3866 ← ✓
  [ 16/30]  train=0.2810  val=0.3608 ← ✓
  [ 17/30]  train=0.2631  val=0.3538 ← ✓
  [ 18/30]  train=0.2280  val=0.3384 ← ✓
  [ 19/30]  train=0.2125  val=0.3264 ← ✓
  [ 20/30]  train=0.2008  val=0.3356
  [ 21/30]  train=0.1898  val=0.3044 ← ✓
  [ 22/30]  train=0.1592  val=0.3145
  [ 23/30]  train=0.1422  val=0.2708 ← ✓
  [ 24/30]  train=0.1461  val=0.2699 ← ✓
  [ 25/30]  train=0.1335  val=0.2660 ← ✓
  [ 26/30]  train=0.1231  val=0.2646 ← ✓
  [ 27/30]  train=0.1169  val=0.2663
  [ 28/30]  train=0.1176  val=0.2641 ← ✓
  [ 29/30]  train=0.1074  val=0.2640 ← ✓
  [ 30/30]  train=0.1042  val=0.2610 ← ✓

  Test →  MAE=2.100  RMSE=3.098  Acc@1=0.450  ExactAcc=0.250

============================================================
  Training: ResNet50
============================================================
  [  1/30]  train=2.2348  val=1.5924 ← ✓
  [  2/30]  train=1.4754  val=1.0963 ← ✓
  [  3/30]  train=1.1739  val=0.9952 ← ✓
  [  4/30]  train=0.9881  val=0.8344 ← ✓
  [  5/30]  train=0.8360  val=0.7132 ← ✓
  [  6/30]  train=0.7017  val=0.6526 ← ✓
  [  7/30]  train=0.6155  val=0.5807 ← ✓
  [  8/30]  train=0.5240  val=0.5895
  [  9/30]  train=0.4819  val=0.4973 ← ✓
  [ 10/30]  train=0.4094  val=0.4869 ← ✓
  [ 11/30]  train=0.3508  val=0.4111 ← ✓
  [ 12/30]  train=0.3103  val=0.3774 ← ✓
  [ 13/30]  train=0.2843  val=0.3454 ← ✓
  [ 14/30]  train=0.2715  val=0.3376 ← ✓
  [ 15/30]  train=0.2037  val=0.3189 ← ✓
  [ 16/30]  train=0.2015  val=0.3265
  [ 17/30]  train=0.1602  val=0.3104 ← ✓
  [ 18/30]  train=0.1326  val=0.2882 ← ✓
  [ 19/30]  train=0.1198  val=0.3000
  [ 20/30]  train=0.1040  val=0.2842 ← ✓
  [ 21/30]  train=0.1011  val=0.3072
  [ 22/30]  train=0.0852  val=0.2661 ← ✓
  [ 23/30]  train=0.0750  val=0.2879
  [ 24/30]  train=0.0637  val=0.2823
  [ 25/30]  train=0.0639  val=0.2782
  [ 26/30]  train=0.0606  val=0.2901
  [ 27/30]  train=0.0539  val=0.2960
  [ 28/30]  train=0.0532  val=0.2830
  [ 29/30]  train=0.0502  val=0.2857
  [ 30/30]  train=0.0521  val=0.2826

  Test →  MAE=1.650  RMSE=2.520  Acc@1=0.600  ExactAcc=0.300

============================================================
  Training: ConvNeXt_Tiny
============================================================
  [  1/30]  train=1.9797  val=1.3036 ← ✓
  [  2/30]  train=1.3049  val=1.0326 ← ✓
  [  3/30]  train=1.0154  val=0.7541 ← ✓
  [  4/30]  train=0.8507  val=0.6975 ← ✓
  [  5/30]  train=0.7126  val=0.6045 ← ✓
  [  6/30]  train=0.5846  val=0.5284 ← ✓
  [  7/30]  train=0.4805  val=0.4647 ← ✓
  [  8/30]  train=0.4102  val=0.3640 ← ✓
  [  9/30]  train=0.3457  val=0.3310 ← ✓
  [ 10/30]  train=0.2876  val=0.2886 ← ✓
  [ 11/30]  train=0.2522  val=0.3463
  [ 12/30]  train=0.2042  val=0.3199
  [ 13/30]  train=0.1893  val=0.2622 ← ✓
  [ 14/30]  train=0.1689  val=0.2515 ← ✓
  [ 15/30]  train=0.1302  val=0.2515 ← ✓
  [ 16/30]  train=0.1208  val=0.2900
  [ 17/30]  train=0.1113  val=0.2550
  [ 18/30]  train=0.0905  val=0.2577
  [ 19/30]  train=0.0794  val=0.2390 ← ✓
  [ 20/30]  train=0.0670  val=0.2172 ← ✓
  [ 21/30]  train=0.0608  val=0.2487
  [ 22/30]  train=0.0589  val=0.2310
  [ 23/30]  train=0.0447  val=0.2267
  [ 24/30]  train=0.0472  val=0.2239
  [ 25/30]  train=0.0403  val=0.2199
  [ 26/30]  train=0.0436  val=0.2256
  [ 27/30]  train=0.0383  val=0.2204
  [ 28/30]  train=0.0324  val=0.2208
  [ 29/30]  train=0.0309  val=0.2198
  [ 30/30]  train=0.0361  val=0.2182

  Test →  MAE=1.050  RMSE=1.396  Acc@1=0.800  ExactAcc=0.250


All models done! Results saved to results_task2/run_60/results.csv
Saved: loss_curves.png
Saved: scatter_plots.png
Saved: error_distributions.png
           Model  MAE ↓  RMSE ↓  Acc@1 ↑  Exact ↑
1  ConvNeXt_Tiny   1.05   1.396     0.80     0.25
2       ResNet50   1.65   2.520     0.60     0.30
3       ResNet18   2.10   3.098     0.45     0.25
Saved: model_comparison.png
📊 Final Model Rankings saved to CSV:
 Rank         model                                datasets_used  MAE  MSE    RMSE  Acc@1  ExactAcc
    1      ResNet50 main_dataset,extra-1,extra-2,extra-3,extra-5 1.65 6.35 2.51992   0.60      0.30
    2 ConvNeXt_Tiny main_dataset,extra-1,extra-2,extra-3,extra-5 1.05 1.95 1.39642   0.80      0.25
    3      ResNet18 main_dataset,extra-1,extra-2,extra-3,extra-5 2.10 9.60 3.09839   0.45      0.25
------------------------------------------------------------
🏆 Best model: ResNet50  (ExactAcc=0.300)
Running full evaluation on 20 test images using ResNet50...
Evaluating:   0%|          | 0/20 [00:00<?, ?it/s]

========================================
  FINAL TEST SET EVALUATION REPORT
========================================
Model Evaluated        : ResNet50
Total Images Evaluated : 20
MAE  (avg error)       : 1.650 balls
RMSE (penalty error)   : 2.520
Acc@1 (within ±1)      : 60.00%
Exact Accuracy         : 30.00%
========================================

🔍 Detailed error analysis saved to: results_task2/run_60/ResNet50_error_breakdown.csv

Top 5 Worst Predictions:
                                     Image_Name  Actual_Balls  Predicted_Balls  Error
181_png.rf.23ccd3b4b31a6fef484f7f0d25cf89d7.jpg            16                8     -8
185_png.rf.d2a971d3a33d7f290e313be493525277.jpg             4                8      4
118_png.rf.3e82e1f3d657302b61a62c113271b753.jpg            10               14      4
 58_png.rf.b94027c8488125d21180dde164fc71f6.jpg             8               11      3
 38_png.rf.5f7178d32f8c80830acba72ceaa53c52.jpg             8                6     -2
🔧 Parser running with datasets: ['main_dataset', 'extra-1', 'extra-2', 'extra-4', 'extra-5']
Loaded 247 partition rules from partition.csv

Success! Extracted 3921 images into parsed_dataset_catalog.json
Using device: cuda
GPU: Quadro RTX 8000
VRAM available: 47.3 GB
📁 Initialized new experiment folder: results_task2/run_61
   ├─ 🧠 Models:  results_task2/run_61/models
   ├─ 📊 Graphs:  results_task2/run_61/graphs
   └─ 📝 Results: results_task2/run_61/results.csv
Config loaded ✓
Loaded 3,921 entries
Train: 3,327  |  Val: 574  |  Test: 20
Dataset classes ready ✓
Model                  Parameters
----------------------------------
ResNet18               11,312,209
ResNet50               24,036,945
ConvNeXt_Tiny          28,021,361
Helpers ready ✓
Initializing Datasets and DataLoaders...

============================================================
  Training: ResNet18
============================================================
  [  1/30]  train=1.8626  val=1.3110 ← ✓
  [  2/30]  train=1.2638  val=0.9853 ← ✓
  [  3/30]  train=1.0146  val=0.8481 ← ✓
  [  4/30]  train=0.8813  val=0.7516 ← ✓
  [  5/30]  train=0.7485  val=0.6484 ← ✓
  [  6/30]  train=0.6848  val=0.5666 ← ✓
  [  7/30]  train=0.5815  val=0.5125 ← ✓
  [  8/30]  train=0.5472  val=0.5179
  [  9/30]  train=0.4839  val=0.4357 ← ✓
  [ 10/30]  train=0.4207  val=0.4429
  [ 11/30]  train=0.3986  val=0.4198 ← ✓
  [ 12/30]  train=0.3627  val=0.4074 ← ✓
  [ 13/30]  train=0.3181  val=0.3961 ← ✓
  [ 14/30]  train=0.2838  val=0.3418 ← ✓
  [ 15/30]  train=0.2516  val=0.3260 ← ✓
  [ 16/30]  train=0.2308  val=0.3260 ← ✓
  [ 17/30]  train=0.2111  val=0.3410
  [ 18/30]  train=0.2070  val=0.3249 ← ✓
  [ 19/30]  train=0.1692  val=0.3103 ← ✓
  [ 20/30]  train=0.1556  val=0.3231
  [ 21/30]  train=0.1333  val=0.3067 ← ✓
  [ 22/30]  train=0.1278  val=0.3118
  [ 23/30]  train=0.1204  val=0.3168
  [ 24/30]  train=0.1091  val=0.3144
  [ 25/30]  train=0.1038  val=0.3081
  [ 26/30]  train=0.1142  val=0.3107
  [ 27/30]  train=0.0942  val=0.3179
  [ 28/30]  train=0.0918  val=0.3224
  [ 29/30]  train=0.1009  val=0.3126
  [ 30/30]  train=0.0877  val=0.3196

  Test →  MAE=2.050  RMSE=2.992  Acc@1=0.600  ExactAcc=0.200

============================================================
  Training: ResNet50
============================================================
  [  1/30]  train=2.0169  val=1.3834 ← ✓
  [  2/30]  train=1.3100  val=1.0464 ← ✓
  [  3/30]  train=1.0252  val=0.9164 ← ✓
  [  4/30]  train=0.8491  val=0.8365 ← ✓
  [  5/30]  train=0.7141  val=0.6509 ← ✓
  [  6/30]  train=0.6273  val=0.5095 ← ✓
  [  7/30]  train=0.5189  val=0.5013 ← ✓
  [  8/30]  train=0.4778  val=0.4535 ← ✓
  [  9/30]  train=0.4139  val=0.4399 ← ✓
  [ 10/30]  train=0.3649  val=0.3572 ← ✓
  [ 11/30]  train=0.3427  val=0.3791
  [ 12/30]  train=0.2774  val=0.3659
  [ 13/30]  train=0.2483  val=0.3095 ← ✓
  [ 14/30]  train=0.2300  val=0.3041 ← ✓
  [ 15/30]  train=0.1987  val=0.3158
  [ 16/30]  train=0.1798  val=0.2937 ← ✓
  [ 17/30]  train=0.1620  val=0.2990
  [ 18/30]  train=0.1484  val=0.2676 ← ✓
  [ 19/30]  train=0.1297  val=0.2544 ← ✓
  [ 20/30]  train=0.1154  val=0.2665
  [ 21/30]  train=0.1007  val=0.2572
  [ 22/30]  train=0.0883  val=0.2680
  [ 23/30]  train=0.0809  val=0.2526 ← ✓
  [ 24/30]  train=0.0740  val=0.2626
  [ 25/30]  train=0.0733  val=0.2713
  [ 26/30]  train=0.0619  val=0.2671
  [ 27/30]  train=0.0572  val=0.2693
  [ 28/30]  train=0.0543  val=0.2614
  [ 29/30]  train=0.0560  val=0.2733
  [ 30/30]  train=0.0527  val=0.2712

  Test →  MAE=1.850  RMSE=2.907  Acc@1=0.550  ExactAcc=0.250

============================================================
  Training: ConvNeXt_Tiny
============================================================
  [  1/30]  train=1.8284  val=1.2132 ← ✓
  [  2/30]  train=1.1419  val=0.8498 ← ✓
  [  3/30]  train=0.8901  val=0.6513 ← ✓
  [  4/30]  train=0.6991  val=0.5413 ← ✓
  [  5/30]  train=0.5733  val=0.4901 ← ✓
  [  6/30]  train=0.4909  val=0.4673 ← ✓
  [  7/30]  train=0.3977  val=0.4287 ← ✓
  [  8/30]  train=0.3498  val=0.4183 ← ✓
  [  9/30]  train=0.2837  val=0.4359
  [ 10/30]  train=0.2362  val=0.3547 ← ✓
  [ 11/30]  train=0.2078  val=0.3326 ← ✓
  [ 12/30]  train=0.1847  val=0.3035 ← ✓
  [ 13/30]  train=0.1602  val=0.3237
  [ 14/30]  train=0.1420  val=0.3048
  [ 15/30]  train=0.1205  val=0.3589
  [ 16/30]  train=0.1051  val=0.3473
  [ 17/30]  train=0.0987  val=0.2964 ← ✓
  [ 18/30]  train=0.0830  val=0.3195
  [ 19/30]  train=0.0687  val=0.2825 ← ✓
  [ 20/30]  train=0.0619  val=0.2980
  [ 21/30]  train=0.0584  val=0.2921
  [ 22/30]  train=0.0536  val=0.2792 ← ✓
  [ 23/30]  train=0.0484  val=0.2679 ← ✓
  [ 24/30]  train=0.0424  val=0.2896
  [ 25/30]  train=0.0413  val=0.2818
  [ 26/30]  train=0.0332  val=0.2860
  [ 27/30]  train=0.0358  val=0.2867
  [ 28/30]  train=0.0333  val=0.2820
  [ 29/30]  train=0.0336  val=0.2846
  [ 30/30]  train=0.0316  val=0.2847

  Test →  MAE=1.400  RMSE=2.429  Acc@1=0.750  ExactAcc=0.300


All models done! Results saved to results_task2/run_61/results.csv
Saved: loss_curves.png
Saved: scatter_plots.png
Saved: error_distributions.png
           Model  MAE ↓  RMSE ↓  Acc@1 ↑  Exact ↑
1  ConvNeXt_Tiny   1.40   2.429     0.75     0.30
2       ResNet50   1.85   2.907     0.55     0.25
3       ResNet18   2.05   2.992     0.60     0.20
Saved: model_comparison.png
📊 Final Model Rankings saved to CSV:
 Rank         model                                datasets_used  MAE  MSE    RMSE  Acc@1  ExactAcc
    1 ConvNeXt_Tiny main_dataset,extra-1,extra-2,extra-4,extra-5 1.40 5.90 2.42899   0.75      0.30
    2      ResNet50 main_dataset,extra-1,extra-2,extra-4,extra-5 1.85 8.45 2.90689   0.55      0.25
    3      ResNet18 main_dataset,extra-1,extra-2,extra-4,extra-5 2.05 8.95 2.99166   0.60      0.20
------------------------------------------------------------
🏆 Best model: ConvNeXt_Tiny  (ExactAcc=0.300)
Running full evaluation on 20 test images using ConvNeXt_Tiny...
Evaluating:   0%|          | 0/20 [00:00<?, ?it/s]

========================================
  FINAL TEST SET EVALUATION REPORT
========================================
Model Evaluated        : ConvNeXt_Tiny
Total Images Evaluated : 20
MAE  (avg error)       : 1.400 balls
RMSE (penalty error)   : 2.429
Acc@1 (within ±1)      : 75.00%
Exact Accuracy         : 30.00%
========================================

🔍 Detailed error analysis saved to: results_task2/run_61/ConvNeXt_Tiny_error_breakdown.csv

Top 5 Worst Predictions:
                                     Image_Name  Actual_Balls  Predicted_Balls  Error
181_png.rf.23ccd3b4b31a6fef484f7f0d25cf89d7.jpg            16                7     -9
136_png.rf.e99c3dfd6e84ce294cdabc3bb5ee8a75.jpg            12               16      4
185_png.rf.d2a971d3a33d7f290e313be493525277.jpg             4                6      2
 26_png.rf.58fd63888dc80d24e902a96995a31656.jpg            10               12      2
134_png.rf.eafc70891a991c969df70bd817a63375.jpg            13               11     -2
🚀 Starting automated overnight run for ALL 32 combinations...


======================================================================
🧪 RUNNING EXPERIMENT [1/32]
📁 DATASETS: main_dataset
======================================================================
▶️  Running parser.py...
▶️  Running task2.py...

======================================================================
🧪 RUNNING EXPERIMENT [2/32]
📁 DATASETS: main_dataset,extra-1
======================================================================
▶️  Running parser.py...
▶️  Running task2.py...

======================================================================
🧪 RUNNING EXPERIMENT [3/32]
📁 DATASETS: main_dataset,extra-2
======================================================================
▶️  Running parser.py...
▶️  Running task2.py...

======================================================================
🧪 RUNNING EXPERIMENT [4/32]
📁 DATASETS: main_dataset,extra-3
======================================================================
▶️  Running parser.py...
▶️  Running task2.py...

======================================================================
🧪 RUNNING EXPERIMENT [5/32]
📁 DATASETS: main_dataset,extra-4
======================================================================
▶️  Running parser.py...
▶️  Running task2.py...

======================================================================
🧪 RUNNING EXPERIMENT [6/32]
📁 DATASETS: main_dataset,extra-5
======================================================================
▶️  Running parser.py...
▶️  Running task2.py...

======================================================================
🧪 RUNNING EXPERIMENT [7/32]
📁 DATASETS: main_dataset,extra-1,extra-2
======================================================================
▶️  Running parser.py...
▶️  Running task2.py...

======================================================================
🧪 RUNNING EXPERIMENT [8/32]
📁 DATASETS: main_dataset,extra-1,extra-3
======================================================================
▶️  Running parser.py...
▶️  Running task2.py...

======================================================================
🧪 RUNNING EXPERIMENT [9/32]
📁 DATASETS: main_dataset,extra-1,extra-4
======================================================================
▶️  Running parser.py...
▶️  Running task2.py...

======================================================================
🧪 RUNNING EXPERIMENT [10/32]
📁 DATASETS: main_dataset,extra-1,extra-5
======================================================================
▶️  Running parser.py...
▶️  Running task2.py...

======================================================================
🧪 RUNNING EXPERIMENT [11/32]
📁 DATASETS: main_dataset,extra-2,extra-3
======================================================================
▶️  Running parser.py...
▶️  Running task2.py...

======================================================================
🧪 RUNNING EXPERIMENT [12/32]
📁 DATASETS: main_dataset,extra-2,extra-4
======================================================================
▶️  Running parser.py...
▶️  Running task2.py...

======================================================================
🧪 RUNNING EXPERIMENT [13/32]
📁 DATASETS: main_dataset,extra-2,extra-5
======================================================================
▶️  Running parser.py...
▶️  Running task2.py...

======================================================================
🧪 RUNNING EXPERIMENT [14/32]
📁 DATASETS: main_dataset,extra-3,extra-4
======================================================================
▶️  Running parser.py...
▶️  Running task2.py...

======================================================================
🧪 RUNNING EXPERIMENT [15/32]
📁 DATASETS: main_dataset,extra-3,extra-5
======================================================================
▶️  Running parser.py...
▶️  Running task2.py...

======================================================================
🧪 RUNNING EXPERIMENT [16/32]
📁 DATASETS: main_dataset,extra-4,extra-5
======================================================================
▶️  Running parser.py...
▶️  Running task2.py...

======================================================================
🧪 RUNNING EXPERIMENT [17/32]
📁 DATASETS: main_dataset,extra-1,extra-2,extra-3
======================================================================
▶️  Running parser.py...
▶️  Running task2.py...

======================================================================
🧪 RUNNING EXPERIMENT [18/32]
📁 DATASETS: main_dataset,extra-1,extra-2,extra-4
======================================================================
▶️  Running parser.py...
▶️  Running task2.py...

======================================================================
🧪 RUNNING EXPERIMENT [19/32]
📁 DATASETS: main_dataset,extra-1,extra-2,extra-5
======================================================================
▶️  Running parser.py...
▶️  Running task2.py...

======================================================================
🧪 RUNNING EXPERIMENT [20/32]
📁 DATASETS: main_dataset,extra-1,extra-3,extra-4
======================================================================
▶️  Running parser.py...
▶️  Running task2.py...

======================================================================
🧪 RUNNING EXPERIMENT [21/32]
📁 DATASETS: main_dataset,extra-1,extra-3,extra-5
======================================================================
▶️  Running parser.py...
▶️  Running task2.py...

======================================================================
🧪 RUNNING EXPERIMENT [22/32]
📁 DATASETS: main_dataset,extra-1,extra-4,extra-5
======================================================================
▶️  Running parser.py...
▶️  Running task2.py...

======================================================================
🧪 RUNNING EXPERIMENT [23/32]
📁 DATASETS: main_dataset,extra-2,extra-3,extra-4
======================================================================
▶️  Running parser.py...
▶️  Running task2.py...

======================================================================
🧪 RUNNING EXPERIMENT [24/32]
📁 DATASETS: main_dataset,extra-2,extra-3,extra-5
======================================================================
▶️  Running parser.py...
▶️  Running task2.py...

======================================================================
🧪 RUNNING EXPERIMENT [25/32]
📁 DATASETS: main_dataset,extra-2,extra-4,extra-5
======================================================================
▶️  Running parser.py...
▶️  Running task2.py...

======================================================================
🧪 RUNNING EXPERIMENT [26/32]
📁 DATASETS: main_dataset,extra-3,extra-4,extra-5
======================================================================
▶️  Running parser.py...
▶️  Running task2.py...

======================================================================
🧪 RUNNING EXPERIMENT [27/32]
📁 DATASETS: main_dataset,extra-1,extra-2,extra-3,extra-4
======================================================================
▶️  Running parser.py...
▶️  Running task2.py...

======================================================================
🧪 RUNNING EXPERIMENT [28/32]
📁 DATASETS: main_dataset,extra-1,extra-2,extra-3,extra-5
======================================================================
▶️  Running parser.py...
▶️  Running task2.py...

======================================================================
🧪 RUNNING EXPERIMENT [29/32]
📁 DATASETS: main_dataset,extra-1,extra-2,extra-4,extra-5
======================================================================
▶️  Running parser.py...
▶️  Running task2.py...

======================================================================🔧 Parser running with datasets: ['main_dataset', 'extra-1', 'extra-3', 'extra-4', 'extra-5']
Loaded 247 partition rules from partition.csv

Success! Extracted 4875 images into parsed_dataset_catalog.json
Using device: cuda
GPU: Quadro RTX 8000
VRAM available: 47.3 GB
📁 Initialized new experiment folder: results_task2/run_62
   ├─ 🧠 Models:  results_task2/run_62/models
   ├─ 📊 Graphs:  results_task2/run_62/graphs
   └─ 📝 Results: results_task2/run_62/results.csv
Config loaded ✓
Loaded 4,875 entries
Train: 4,121  |  Val: 734  |  Test: 20
Dataset classes ready ✓
Model                  Parameters
----------------------------------
ResNet18               11,312,209
ResNet50               24,036,945
ConvNeXt_Tiny          28,021,361
Helpers ready ✓
Initializing Datasets and DataLoaders...

============================================================
  Training: ResNet18
============================================================
  [  1/30]  train=1.9733  val=1.4161 ← ✓
  [  2/30]  train=1.3703  val=1.1204 ← ✓
  [  3/30]  train=1.1376  val=1.0041 ← ✓
  [  4/30]  train=0.9986  val=0.8628 ← ✓
  [  5/30]  train=0.8820  val=0.7865 ← ✓
  [  6/30]  train=0.7740  val=0.6305 ← ✓
  [  7/30]  train=0.6893  val=0.5881 ← ✓
  [  8/30]  train=0.6234  val=0.5631 ← ✓
  [  9/30]  train=0.5403  val=0.4961 ← ✓
  [ 10/30]  train=0.5012  val=0.4511 ← ✓
  [ 11/30]  train=0.4320  val=0.4290 ← ✓
  [ 12/30]  train=0.4160  val=0.4314
  [ 13/30]  train=0.3527  val=0.3937 ← ✓
  [ 14/30]  train=0.3346  val=0.3602 ← ✓
  [ 15/30]  train=0.2983  val=0.3520 ← ✓
  [ 16/30]  train=0.2733  val=0.3193 ← ✓
  [ 17/30]  train=0.2396  val=0.3190 ← ✓
  [ 18/30]  train=0.2106  val=0.2953 ← ✓
  [ 19/30]  train=0.1960  val=0.3057
  [ 20/30]  train=0.1727  val=0.2998
  [ 21/30]  train=0.1435  val=0.2915 ← ✓
  [ 22/30]  train=0.1410  val=0.2930
  [ 23/30]  train=0.1387  val=0.2911 ← ✓
  [ 24/30]  train=0.1228  val=0.2793 ← ✓
  [ 25/30]  train=0.1193  val=0.2651 ← ✓
  [ 26/30]  train=0.1071  val=0.2589 ← ✓
  [ 27/30]  train=0.1012  val=0.2602
  [ 28/30]  train=0.0989  val=0.2618
  [ 29/30]  train=0.0947  val=0.2623
  [ 30/30]  train=0.0892  val=0.2606

  Test →  MAE=1.500  RMSE=2.345  Acc@1=0.700  ExactAcc=0.350

============================================================
  Training: ResNet50
============================================================
  [  1/30]  train=2.1232  val=1.5258 ← ✓
  [  2/30]  train=1.3695  val=1.0989 ← ✓
  [  3/30]  train=1.0993  val=0.8824 ← ✓
  [  4/30]  train=0.9205  val=0.7750 ← ✓
  [  5/30]  train=0.7844  val=0.6467 ← ✓
  [  6/30]  train=0.6801  val=0.5570 ← ✓
  [  7/30]  train=0.5780  val=0.5254 ← ✓
  [  8/30]  train=0.4864  val=0.4725 ← ✓
  [  9/30]  train=0.4436  val=0.4055 ← ✓
  [ 10/30]  train=0.3935  val=0.4162
  [ 11/30]  train=0.3365  val=0.3596 ← ✓
  [ 12/30]  train=0.3018  val=0.3388 ← ✓
  [ 13/30]  train=0.2671  val=0.3395
  [ 14/30]  train=0.2205  val=0.3040 ← ✓
  [ 15/30]  train=0.1998  val=0.2971 ← ✓
  [ 16/30]  train=0.1792  val=0.3037
  [ 17/30]  train=0.1483  val=0.2809 ← ✓
  [ 18/30]  train=0.1215  val=0.3017
  [ 19/30]  train=0.1197  val=0.2794 ← ✓
  [ 20/30]  train=0.0896  val=0.2895
  [ 21/30]  train=0.0782  val=0.2715 ← ✓
  [ 22/30]  train=0.0722  val=0.2906
  [ 23/30]  train=0.0661  val=0.2830
  [ 24/30]  train=0.0543  val=0.2690 ← ✓
  [ 25/30]  train=0.0587  val=0.2755
  [ 26/30]  train=0.0524  val=0.2685 ← ✓
  [ 27/30]  train=0.0489  val=0.2634 ← ✓
  [ 28/30]  train=0.0441  val=0.2731
  [ 29/30]  train=0.0387  val=0.2742
  [ 30/30]  train=0.0460  val=0.2772

  Test →  MAE=1.450  RMSE=1.936  Acc@1=0.650  ExactAcc=0.250

============================================================
  Training: ConvNeXt_Tiny
============================================================
  [  1/30]  train=1.8545  val=1.3635 ← ✓
  [  2/30]  train=1.2222  val=0.9489 ← ✓
  [  3/30]  train=0.9304  val=0.6826 ← ✓
  [  4/30]  train=0.7682  val=0.6416 ← ✓
  [  5/30]  train=0.6255  val=0.5702 ← ✓
  [  6/30]  train=0.5422  val=0.4542 ← ✓
  [  7/30]  train=0.4483  val=0.4138 ← ✓
  [  8/30]  train=0.3858  val=0.3834 ← ✓
  [  9/30]  train=0.3027  val=0.3651 ← ✓
  [ 10/30]  train=0.2645  val=0.3286 ← ✓
  [ 11/30]  train=0.2202  val=0.3201 ← ✓
  [ 12/30]  train=0.2110  val=0.3129 ← ✓
  [ 13/30]  train=0.1663  val=0.3406
  [ 14/30]  train=0.1451  val=0.2917 ← ✓
  [ 15/30]  train=0.1196  val=0.2899 ← ✓
  [ 16/30]  train=0.0992  val=0.3209
  [ 17/30]  train=0.0806  val=0.2807 ← ✓
  [ 18/30]  train=0.0862  val=0.2864
  [ 19/30]  train=0.0730  val=0.2963
  [ 20/30]  train=0.0661  val=0.2775 ← ✓
  [ 21/30]  train=0.0538  val=0.2852
  [ 22/30]  train=0.0508  val=0.2742 ← ✓
  [ 23/30]  train=0.0412  val=0.2763
  [ 24/30]  train=0.0360  val=0.2731 ← ✓
  [ 25/30]  train=0.0427  val=0.2704 ← ✓
  [ 26/30]  train=0.0296  val=0.2725
  [ 27/30]  train=0.0320  val=0.2734
  [ 28/30]  train=0.0278  val=0.2742
  [ 29/30]  train=0.0246  val=0.2756
  [ 30/30]  train=0.0251  val=0.2763

  Test →  MAE=0.900  RMSE=1.225  Acc@1=0.800  ExactAcc=0.350


All models done! Results saved to results_task2/run_62/results.csv
Saved: loss_curves.png
Saved: scatter_plots.png
Saved: error_distributions.png
           Model  MAE ↓  RMSE ↓  Acc@1 ↑  Exact ↑
1  ConvNeXt_Tiny   0.90   1.225     0.80     0.35
2       ResNet50   1.45   1.936     0.65     0.25
3       ResNet18   1.50   2.345     0.70     0.35
Saved: model_comparison.png
📊 Final Model Rankings saved to CSV:
 Rank         model                                datasets_used  MAE  MSE    RMSE  Acc@1  ExactAcc
    1 ConvNeXt_Tiny main_dataset,extra-1,extra-3,extra-4,extra-5 0.90 1.50 1.22474   0.80      0.35
    2      ResNet18 main_dataset,extra-1,extra-3,extra-4,extra-5 1.50 5.50 2.34521   0.70      0.35
    3      ResNet50 main_dataset,extra-1,extra-3,extra-4,extra-5 1.45 3.75 1.93649   0.65      0.25
------------------------------------------------------------
🏆 Best model: ConvNeXt_Tiny  (ExactAcc=0.350)
Running full evaluation on 20 test images using ConvNeXt_Tiny...
Evaluating:   0%|          | 0/20 [00:00<?, ?it/s]

========================================
  FINAL TEST SET EVALUATION REPORT
========================================
Model Evaluated        : ConvNeXt_Tiny
Total Images Evaluated : 20
MAE  (avg error)       : 0.900 balls
RMSE (penalty error)   : 1.225
Acc@1 (within ±1)      : 80.00%
Exact Accuracy         : 35.00%
========================================

🔍 Detailed error analysis saved to: results_task2/run_62/ConvNeXt_Tiny_error_breakdown.csv

Top 5 Worst Predictions:
                                     Image_Name  Actual_Balls  Predicted_Balls  Error
136_png.rf.e99c3dfd6e84ce294cdabc3bb5ee8a75.jpg            12               15      3
 38_png.rf.5f7178d32f8c80830acba72ceaa53c52.jpg             8               10      2
134_png.rf.eafc70891a991c969df70bd817a63375.jpg            13               11     -2
 27_png.rf.b66e7ecbfb20811de556a247f42c24ec.jpg            16               14     -2
  1_png.rf.8199e7f82efa196a0732a582c5d2472e.jpg             2                3      1
🔧 Parser running with datasets: ['main_dataset', 'extra-2', 'extra-3', 'extra-4', 'extra-5']
Loaded 247 partition rules from partition.csv

Success! Extracted 4518 images into parsed_dataset_catalog.json
Using device: cuda
GPU: Quadro RTX 8000
VRAM available: 47.3 GB
📁 Initialized new experiment folder: results_task2/run_63
   ├─ 🧠 Models:  results_task2/run_63/models
   ├─ 📊 Graphs:  results_task2/run_63/graphs
   └─ 📝 Results: results_task2/run_63/results.csv
Config loaded ✓
Loaded 4,518 entries
Train: 3,847  |  Val: 651  |  Test: 20
Dataset classes ready ✓
Model                  Parameters
----------------------------------
ResNet18               11,312,209
ResNet50               24,036,945
ConvNeXt_Tiny          28,021,361
Helpers ready ✓
Initializing Datasets and DataLoaders...

============================================================
  Training: ResNet18
============================================================
  [  1/30]  train=1.9139  val=1.3313 ← ✓
  [  2/30]  train=1.3439  val=1.1722 ← ✓
  [  3/30]  train=1.1287  val=0.9115 ← ✓
  [  4/30]  train=0.9828  val=0.8318 ← ✓
  [  5/30]  train=0.8494  val=0.6874 ← ✓
  [  6/30]  train=0.7531  val=0.7306
  [  7/30]  train=0.6773  val=0.6161 ← ✓
  [  8/30]  train=0.5966  val=0.4912 ← ✓
  [  9/30]  train=0.5341  val=0.4927
  [ 10/30]  train=0.4918  val=0.3968 ← ✓
  [ 11/30]  train=0.4450  val=0.4646
  [ 12/30]  train=0.4057  val=0.3974
  [ 13/30]  train=0.3625  val=0.3700 ← ✓
  [ 14/30]  train=0.3175  val=0.3390 ← ✓
  [ 15/30]  train=0.3058  val=0.3321 ← ✓
  [ 16/30]  train=0.2747  val=0.3546
  [ 17/30]  train=0.2452  val=0.3113 ← ✓
  [ 18/30]  train=0.2047  val=0.2793 ← ✓
  [ 19/30]  train=0.1837  val=0.2732 ← ✓
  [ 20/30]  train=0.1888  val=0.2678 ← ✓
  [ 21/30]  train=0.1509  val=0.2458 ← ✓
  [ 22/30]  train=0.1371  val=0.2258 ← ✓
  [ 23/30]  train=0.1267  val=0.2504
  [ 24/30]  train=0.1169  val=0.2396
  [ 25/30]  train=0.1070  val=0.2357
  [ 26/30]  train=0.1125  val=0.2396
  [ 27/30]  train=0.1049  val=0.2313
  [ 28/30]  train=0.0954  val=0.2258 ← ✓
  [ 29/30]  train=0.0972  val=0.2290
  [ 30/30]  train=0.0961  val=0.2257 ← ✓

  Test →  MAE=1.250  RMSE=1.746  Acc@1=0.700  ExactAcc=0.300

============================================================
  Training: ResNet50
============================================================
  [  1/30]  train=2.0759  val=1.4054 ← ✓
  [  2/30]  train=1.3489  val=1.1106 ← ✓
  [  3/30]  train=1.1111  val=0.8856 ← ✓
  [  4/30]  train=0.9262  val=0.7591 ← ✓
  [  5/30]  train=0.7988  val=0.6506 ← ✓
  [  6/30]  train=0.6828  val=0.5703 ← ✓
  [  7/30]  train=0.5809  val=0.5230 ← ✓
  [  8/30]  train=0.4899  val=0.4179 ← ✓
  [  9/30]  train=0.4329  val=0.4825
  [ 10/30]  train=0.3870  val=0.4690
  [ 11/30]  train=0.3481  val=0.3527 ← ✓
  [ 12/30]  train=0.3041  val=0.3598
  [ 13/30]  train=0.2827  val=0.3503 ← ✓
  [ 14/30]  train=0.2272  val=0.3304 ← ✓
  [ 15/30]  train=0.2079  val=0.2949 ← ✓
  [ 16/30]  train=0.1934  val=0.2991
  [ 17/30]  train=0.1543  val=0.2656 ← ✓
  [ 18/30]  train=0.1476  val=0.2299 ← ✓
  [ 19/30]  train=0.1210  val=0.2443
  [ 20/30]  train=0.0968  val=0.2249 ← ✓
  [ 21/30]  train=0.0854  val=0.2221 ← ✓
  [ 22/30]  train=0.0770  val=0.2331
  [ 23/30]  train=0.0706  val=0.2100 ← ✓
  [ 24/30]  train=0.0693  val=0.2011 ← ✓
  [ 25/30]  train=0.0630  val=0.2080
  [ 26/30]  train=0.0609  val=0.1919 ← ✓
  [ 27/30]  train=0.0505  val=0.1968
  [ 28/30]  train=0.0466  val=0.2028
  [ 29/30]  train=0.0481  val=0.1999
  [ 30/30]  train=0.0423  val=0.1980

  Test →  MAE=1.100  RMSE=1.483  Acc@1=0.700  ExactAcc=0.300

============================================================
  Training: ConvNeXt_Tiny
============================================================
  [  1/30]  train=1.8469  val=1.2019 ← ✓
  [  2/30]  train=1.1982  val=0.9459 ← ✓
  [  3/30]  train=0.9554  val=0.7675 ← ✓
  [  4/30]  train=0.7818  val=0.7936
  [  5/30]  train=0.6562  val=0.5552 ← ✓
  [  6/30]  train=0.5461  val=0.4909 ← ✓
  [  7/30]  train=0.4772  val=0.5471
  [  8/30]  train=0.3876  val=0.4132 ← ✓
  [  9/30]  train=0.3301  val=0.3550 ← ✓
  [ 10/30]  train=0.2928  val=0.3542 ← ✓
  [ 11/30]  train=0.2354  val=0.2617 ← ✓
  [ 12/30]  train=0.2111  val=0.2854
  [ 13/30]  train=0.1662  val=0.3265
  [ 14/30]  train=0.1564  val=0.2423 ← ✓
  [ 15/30]  train=0.1346  val=0.2381 ← ✓
  [ 16/30]  train=0.1202  val=0.2001 ← ✓
  [ 17/30]  train=0.0968  val=0.1937 ← ✓
  [ 18/30]  train=0.0855  val=0.2643
  [ 19/30]  train=0.0771  val=0.1981
  [ 20/30]  train=0.0750  val=0.2090
  [ 21/30]  train=0.0620  val=0.1835 ← ✓
  [ 22/30]  train=0.0541  val=0.1728 ← ✓
  [ 23/30]  train=0.0489  val=0.1847
  [ 24/30]  train=0.0467  val=0.1869
  [ 25/30]  train=0.0351  val=0.1912
  [ 26/30]  train=0.0405  val=0.1897
  [ 27/30]  train=0.0390  val=0.1918
  [ 28/30]  train=0.0326  val=0.1924
  [ 29/30]  train=0.0303  val=0.1970
  [ 30/30]  train=0.0318  val=0.1965

  Test →  MAE=1.100  RMSE=1.414  Acc@1=0.650  ExactAcc=0.300


All models done! Results saved to results_task2/run_63/results.csv
Saved: loss_curves.png
Saved: scatter_plots.png
Saved: error_distributions.png
           Model  MAE ↓  RMSE ↓  Acc@1 ↑  Exact ↑
1  ConvNeXt_Tiny   1.10   1.414     0.65      0.3
2       ResNet50   1.10   1.483     0.70      0.3
3       ResNet18   1.25   1.746     0.70      0.3
Saved: model_comparison.png
📊 Final Model Rankings saved to CSV:
 Rank         model                                datasets_used  MAE  MSE    RMSE  Acc@1  ExactAcc
    1 ConvNeXt_Tiny main_dataset,extra-2,extra-3,extra-4,extra-5 1.10 2.00 1.41421   0.65       0.3
    2      ResNet50 main_dataset,extra-2,extra-3,extra-4,extra-5 1.10 2.20 1.48324   0.70       0.3
    3      ResNet18 main_dataset,extra-2,extra-3,extra-4,extra-5 1.25 3.05 1.74642   0.70       0.3
------------------------------------------------------------
🏆 Best model: ConvNeXt_Tiny  (ExactAcc=0.300)
Running full evaluation on 20 test images using ConvNeXt_Tiny...
Evaluating:   0%|          | 0/20 [00:00<?, ?it/s]

========================================
  FINAL TEST SET EVALUATION REPORT
========================================
Model Evaluated        : ConvNeXt_Tiny
Total Images Evaluated : 20
MAE  (avg error)       : 1.100 balls
RMSE (penalty error)   : 1.414
Acc@1 (within ±1)      : 65.00%
Exact Accuracy         : 30.00%
========================================

🔍 Detailed error analysis saved to: results_task2/run_63/ConvNeXt_Tiny_error_breakdown.csv

Top 5 Worst Predictions:
                                     Image_Name  Actual_Balls  Predicted_Balls  Error
115_png.rf.ed51d53dd5c384b1f26a2b6ece52ad69.jpg            11               14      3
185_png.rf.d2a971d3a33d7f290e313be493525277.jpg             4                6      2
 38_png.rf.5f7178d32f8c80830acba72ceaa53c52.jpg             8                6     -2
140_png.rf.6645e10bad5cf3f197b71ddb6b34e6b4.jpg             8               10      2
118_png.rf.3e82e1f3d657302b61a62c113271b753.jpg            10               12      2
🔧 Parser running with datasets: ['main_dataset', 'extra-1', 'extra-2', 'extra-3', 'extra-4', 'extra-5']
Loaded 247 partition rules from partition.csv

Success! Extracted 5006 images into parsed_dataset_catalog.json
Using device: cuda
GPU: Quadro RTX 8000
VRAM available: 47.3 GB
📁 Initialized new experiment folder: results_task2/run_64
   ├─ 🧠 Models:  results_task2/run_64/models
   ├─ 📊 Graphs:  results_task2/run_64/graphs
   └─ 📝 Results: results_task2/run_64/results.csv
Config loaded ✓
Loaded 5,006 entries
Train: 4,244  |  Val: 742  |  Test: 20
Dataset classes ready ✓
Model                  Parameters
----------------------------------
ResNet18               11,312,209
ResNet50               24,036,945
ConvNeXt_Tiny          28,021,361
Helpers ready ✓
Initializing Datasets and DataLoaders...

============================================================
  Training: ResNet18
============================================================
  [  1/30]  train=1.9251  val=1.3878 ← ✓
  [  2/30]  train=1.3358  val=1.1639 ← ✓
  [  3/30]  train=1.1168  val=0.9625 ← ✓
  [  4/30]  train=0.9573  val=0.8365 ← ✓
  [  5/30]  train=0.8314  val=0.7475 ← ✓
  [  6/30]  train=0.7534  val=0.6638 ← ✓
  [  7/30]  train=0.6562  val=0.6077 ← ✓
  [  8/30]  train=0.6121  val=0.5569 ← ✓
  [  9/30]  train=0.5233  val=0.5079 ← ✓
  [ 10/30]  train=0.4859  val=0.4670 ← ✓
  [ 11/30]  train=0.4505  val=0.4592 ← ✓
  [ 12/30]  train=0.4035  val=0.4260 ← ✓
  [ 13/30]  train=0.3555  val=0.3734 ← ✓
  [ 14/30]  train=0.3137  val=0.3594 ← ✓
  [ 15/30]  train=0.2906  val=0.3579 ← ✓
  [ 16/30]  train=0.2751  val=0.3058 ← ✓
  [ 17/30]  train=0.2363  val=0.2967 ← ✓
  [ 18/30]  train=0.2188  val=0.2596 ← ✓
  [ 19/30]  train=0.1902  val=0.2556 ← ✓
  [ 20/30]  train=0.1772  val=0.2734
  [ 21/30]  train=0.1533  val=0.2592
  [ 22/30]  train=0.1450  val=0.2617
  [ 23/30]  train=0.1417  val=0.2579
  [ 24/30]  train=0.1184  val=0.2662
  [ 25/30]  train=0.1086  val=0.2517 ← ✓
  [ 26/30]  train=0.1067  val=0.2480 ← ✓
  [ 27/30]  train=0.1099  val=0.2573
  [ 28/30]  train=0.0992  val=0.2623
  [ 29/30]  train=0.0974  val=0.2487
  [ 30/30]  train=0.1033  val=0.2481

  Test →  MAE=1.600  RMSE=2.345  Acc@1=0.650  ExactAcc=0.250

============================================================
  Training: ResNet50
============================================================
  [  1/30]  train=2.0449  val=1.4929 ← ✓
  [  2/30]  train=1.3349  val=1.0654 ← ✓
  [  3/30]  train=1.0428  val=0.8384 ← ✓
  [  4/30]  train=0.8761  val=0.7416 ← ✓
  [  5/30]  train=0.7551  val=0.6917 ← ✓
  [  6/30]  train=0.6516  val=0.6122 ← ✓
  [  7/30]  train=0.5803  val=0.6774
  [  8/30]  train=0.4919  val=0.4762 ← ✓
  [  9/30]  train=0.4411  val=0.4645 ← ✓
  [ 10/30]  train=0.3866  val=0.4189 ← ✓
  [ 11/30]  train=0.3284  val=0.3934 ← ✓
  [ 12/30]  train=0.2919  val=0.3510 ← ✓
  [ 13/30]  train=0.2495  val=0.3263 ← ✓
  [ 14/30]  train=0.2203  val=0.3490
  [ 15/30]  train=0.1939  val=0.3130 ← ✓
  [ 16/30]  train=0.1608  val=0.2825 ← ✓
  [ 17/30]  train=0.1538  val=0.2898
  [ 18/30]  train=0.1454  val=0.3046
  [ 19/30]  train=0.1082  val=0.2719 ← ✓
  [ 20/30]  train=0.0989  val=0.2931
  [ 21/30]  train=0.0907  val=0.2722
  [ 22/30]  train=0.0772  val=0.2645 ← ✓
  [ 23/30]  train=0.0614  val=0.2684
  [ 24/30]  train=0.0626  val=0.2650
  [ 25/30]  train=0.0580  val=0.2670
  [ 26/30]  train=0.0553  val=0.2601 ← ✓
  [ 27/30]  train=0.0503  val=0.2686
  [ 28/30]  train=0.0461  val=0.2692
  [ 29/30]  train=0.0422  val=0.2812
  [ 30/30]  train=0.0450  val=0.2796

  Test →  MAE=1.200  RMSE=1.703  Acc@1=0.700  ExactAcc=0.300

============================================================
  Training: ConvNeXt_Tiny
============================================================
  [  1/30]  train=1.8046  val=1.2562 ← ✓
  [  2/30]  train=1.1584  val=0.9095 ← ✓
  [  3/30]  train=0.9064  val=0.7626 ← ✓
  [  4/30]  train=0.7308  val=0.6149 ← ✓
  [  5/30]  train=0.6037  val=0.5493 ← ✓
  [  6/30]  train=0.5256  val=0.5678
  [  7/30]  train=0.4207  val=0.4220 ← ✓
  [  8/30]  train=0.3441  val=0.3891 ← ✓
  [  9/30]  train=0.2914  val=0.3836 ← ✓
  [ 10/30]  train=0.2742  val=0.3231 ← ✓
  [ 11/30]  train=0.2098  val=0.3039 ← ✓
  [ 12/30]  train=0.1884  val=0.2727 ← ✓
  [ 13/30]  train=0.1663  val=0.2445 ← ✓
  [ 14/30]  train=0.1473  val=0.2582
  [ 15/30]  train=0.1128  val=0.2413 ← ✓
  [ 16/30]  train=0.1086  val=0.2398 ← ✓
  [ 17/30]  train=0.0936  val=0.2476
  [ 18/30]  train=0.0668  val=0.2376 ← ✓
  [ 19/30]  train=0.0646  val=0.2417
  [ 20/30]  train=0.0593  val=0.2292 ← ✓
  [ 21/30]  train=0.0538  val=0.2286 ← ✓
  [ 22/30]  train=0.0445  val=0.2337
  [ 23/30]  train=0.0368  val=0.2520
  [ 24/30]  train=0.0372  val=0.2389
  [ 25/30]  train=0.0316  val=0.2446
  [ 26/30]  train=0.0352  val=0.2290
  [ 27/30]  train=0.0294  val=0.2311
  [ 28/30]  train=0.0305  val=0.2380
  [ 29/30]  train=0.0270  val=0.2382
  [ 30/30]  train=0.0252  val=0.2375

  Test →  MAE=1.000  RMSE=1.265  Acc@1=0.800  ExactAcc=0.250


All models done! Results saved to results_task2/run_64/results.csv
Saved: loss_curves.png
Saved: scatter_plots.png
Saved: error_distributions.png
           Model  MAE ↓  RMSE ↓  Acc@1 ↑  Exact ↑
1  ConvNeXt_Tiny    1.0   1.265     0.80     0.25
2       ResNet50    1.2   1.703     0.70     0.30
3       ResNet18    1.6   2.345     0.65     0.25
Saved: model_comparison.png
📊 Final Model Rankings saved to CSV:
 Rank         model                                        datasets_used  MAE  MSE    RMSE  Acc@1  ExactAcc
    1      ResNet50 main_dataset,extra-1,extra-2,extra-3,extra-4,extra-5  1.2  2.9 1.70294   0.70      0.30
    2 ConvNeXt_Tiny main_dataset,extra-1,extra-2,extra-3,extra-4,extra-5  1.0  1.6 1.26491   0.80      0.25
    3      ResNet18 main_dataset,extra-1,extra-2,extra-3,extra-4,extra-5  1.6  5.5 2.34521   0.65      0.25
------------------------------------------------------------
🏆 Best model: ResNet50  (ExactAcc=0.300)
Running full evaluation on 20 test images using ResNet50...
Evaluating:   0%|          | 0/20 [00:00<?, ?it/s]

========================================
  FINAL TEST SET EVALUATION REPORT
========================================
Model Evaluated        : ResNet50
Total Images Evaluated : 20
MAE  (avg error)       : 1.200 balls
RMSE (penalty error)   : 1.703
Acc@1 (within ±1)      : 70.00%
Exact Accuracy         : 30.00%
========================================

🔍 Detailed error analysis saved to: results_task2/run_64/ResNet50_error_breakdown.csv

Top 5 Worst Predictions:
                                     Image_Name  Actual_Balls  Predicted_Balls  Error
 94_png.rf.914de818a4ff0d086b7cb41abc8b95fd.jpg             9               14      5
185_png.rf.d2a971d3a33d7f290e313be493525277.jpg             4                7      3
 38_png.rf.5f7178d32f8c80830acba72ceaa53c52.jpg             8                6     -2
118_png.rf.3e82e1f3d657302b61a62c113271b753.jpg            10               12      2
107_png.rf.f31cf99275d8de0c817398bad1fbb98c.jpg            14               16      2

🧪 RUNNING EXPERIMENT [30/32]
📁 DATASETS: main_dataset,extra-1,extra-3,extra-4,extra-5
======================================================================
▶️  Running parser.py...
▶️  Running task2.py...

======================================================================
🧪 RUNNING EXPERIMENT [31/32]
📁 DATASETS: main_dataset,extra-2,extra-3,extra-4,extra-5
======================================================================
▶️  Running parser.py...
▶️  Running task2.py...

======================================================================
🧪 RUNNING EXPERIMENT [32/32]
📁 DATASETS: main_dataset,extra-1,extra-2,extra-3,extra-4,extra-5
======================================================================
▶️  Running parser.py...
▶️  Running task2.py...

✅ ALL 32 EXPERIMENTS COMPLETED! Check your results folders in the morning.
